{
  "attackEffect": {
    "effectName": "g1008_zisepingzi.effect",
    "effectScale": 1,
    "soundData": {
      "soundId": 0,
      "soundType": "2d"
    }
  },
  "checkStrategy": "obbCheck",
  "collisionStrategy": "disappear",
  "damageData": {
    "canKillPlayer": true,
    "damage": 5,
    "damageType": "explosion",
    "enableHurtFormula": true,
    "hitBuffList": [ "17", "3004" ],
    "knockBackDis": 0
  },
  "duration": 3500,
  "explosionRange": 1.5,
  "explosionSpecialEffect": {
    "effectType": "none"
  },
  "extraBounds": {
    "x": 0.8,
    "y": 0.8,
    "z": 0.8
  },
  "hitEffect": {
    "effectName": "",
    "effectScale": 1
  },
  "showEffect": {
    "effectName": "g1008_zisepingzi_01.effect",
    "effectScale": 1
  },
  "speed": 36
}