{
    "frames": {
        "box_open": {
            "frame": {
                "y": 64, 
                "x": 100, 
                "w": 99, 
                "h": 70
            }, 
            "sourceSize": {
                "h": 100, 
                "w": 100
            }, 
            "offset": {
                "y": 20, 
                "x": 1, 
                "w": 99, 
                "h": 70
            }
        }, 
        "tree": {
            "frame": {
                "y": 338, 
                "x": 406, 
                "w": 65, 
                "h": 97
            }, 
            "sourceSize": {
                "h": 100, 
                "w": 100
            }, 
            "offset": {
                "y": 3, 
                "x": 22, 
                "w": 65, 
                "h": 97
            }
        }, 
        "sack": {
            "frame": {
                "y": 243, 
                "x": 73, 
                "w": 90, 
                "h": 94
            }, 
            "sourceSize": {
                "h": 100, 
                "w": 100
            }, 
            "offset": {
                "y": 6, 
                "x": 8, 
                "w": 90, 
                "h": 94
            }
        }, 
        "table": {
            "frame": {
                "y": 149, 
                "x": 95, 
                "w": 91, 
                "h": 92
            }, 
            "sourceSize": {
                "h": 100, 
                "w": 100
            }, 
            "offset": {
                "y": 8, 
                "x": 8, 
                "w": 91, 
                "h": 92
            }
        }, 
        "cask02": {
            "frame": {
                "y": 435, 
                "x": 64, 
                "w": 71, 
                "h": 97
            }, 
            "sourceSize": {
                "h": 100, 
                "w": 100
            }, 
            "offset": {
                "y": 3, 
                "x": 15, 
                "w": 71, 
                "h": 97
            }
        }, 
        "cup01": {
            "frame": {
                "y": 338, 
                "x": 316, 
                "w": 90, 
                "h": 96
            }, 
            "sourceSize": {
                "h": 100, 
                "w": 100
            }, 
            "offset": {
                "y": 4, 
                "x": 10, 
                "w": 90, 
                "h": 96
            }
        }, 
        "box_half_open": {
            "frame": {
                "y": 0, 
                "x": 174, 
                "w": 77, 
                "h": 63
            }, 
            "sourceSize": {
                "h": 100, 
                "w": 100
            }, 
            "offset": {
                "y": 27, 
                "x": 15, 
                "w": 77, 
                "h": 63
            }
        }, 
        "cup": {
            "frame": {
                "y": 243, 
                "x": 231, 
                "w": 92, 
                "h": 94
            }, 
            "sourceSize": {
                "h": 100, 
                "w": 100
            }, 
            "offset": {
                "y": 6, 
                "x": 6, 
                "w": 92, 
                "h": 94
            }
        }, 
        "tv": {
            "frame": {
                "y": 64, 
                "x": 199, 
                "w": 98, 
                "h": 70
            }, 
            "sourceSize": {
                "h": 100, 
                "w": 100
            }, 
            "offset": {
                "y": 17, 
                "x": 2, 
                "w": 98, 
                "h": 70
            }
        }, 
        "bonfire01": {
            "frame": {
                "y": 149, 
                "x": 186, 
                "w": 95, 
                "h": 93
            }, 
            "sourceSize": {
                "h": 100, 
                "w": 100
            }, 
            "offset": {
                "y": 7, 
                "x": 4, 
                "w": 95, 
                "h": 93
            }
        }, 
        "carton01": {
            "frame": {
                "y": 0, 
                "x": 0, 
                "w": 94, 
                "h": 57
            }, 
            "sourceSize": {
                "h": 100, 
                "w": 100
            }, 
            "offset": {
                "y": 25, 
                "x": 5, 
                "w": 94, 
                "h": 57
            }
        }, 
        "tree01": {
            "frame": {
                "y": 243, 
                "x": 396, 
                "w": 59, 
                "h": 95
            }, 
            "sourceSize": {
                "h": 100, 
                "w": 100
            }, 
            "offset": {
                "y": 5, 
                "x": 23, 
                "w": 59, 
                "h": 95
            }
        }, 
        "pc": {
            "frame": {
                "y": 149, 
                "x": 0, 
                "w": 95, 
                "h": 91
            }, 
            "sourceSize": {
                "h": 100, 
                "w": 100
            }, 
            "offset": {
                "y": 8, 
                "x": 5, 
                "w": 95, 
                "h": 91
            }
        }, 
        "coin_machine01": {
            "frame": {
                "y": 149, 
                "x": 281, 
                "w": 68, 
                "h": 93
            }, 
            "sourceSize": {
                "h": 100, 
                "w": 100
            }, 
            "offset": {
                "y": 7, 
                "x": 19, 
                "w": 68, 
                "h": 93
            }
        }, 
        "metal_trash_can01_03": {
            "frame": {
                "y": 338, 
                "x": 72, 
                "w": 89, 
                "h": 95
            }, 
            "sourceSize": {
                "h": 100, 
                "w": 100
            }, 
            "offset": {
                "y": 5, 
                "x": 7, 
                "w": 89, 
                "h": 95
            }
        }, 
        "coin_machine02": {
            "frame": {
                "y": 338, 
                "x": 0, 
                "w": 72, 
                "h": 95
            }, 
            "sourceSize": {
                "h": 100, 
                "w": 100
            }, 
            "offset": {
                "y": 5, 
                "x": 18, 
                "w": 72, 
                "h": 95
            }
        }, 
        "metal_trash_can01_01": {
            "frame": {
                "y": 435, 
                "x": 135, 
                "w": 65, 
                "h": 98
            }, 
            "sourceSize": {
                "h": 100, 
                "w": 100
            }, 
            "offset": {
                "y": 2, 
                "x": 21, 
                "w": 65, 
                "h": 98
            }
        }, 
        "snowmanbattle_red": {
            "frame": {
                "y": 435, 
                "x": 321, 
                "w": 91, 
                "h": 98
            }, 
            "sourceSize": {
                "h": 100, 
                "w": 100
            }, 
            "offset": {
                "y": 2, 
                "x": 8, 
                "w": 91, 
                "h": 98
            }
        }, 
        "metal_trash_can01_02": {
            "frame": {
                "y": 435, 
                "x": 0, 
                "w": 64, 
                "h": 97
            }, 
            "sourceSize": {
                "h": 100, 
                "w": 100
            }, 
            "offset": {
                "y": 3, 
                "x": 16, 
                "w": 64, 
                "h": 97
            }
        }, 
        "streetlight01": {
            "frame": {
                "y": 435, 
                "x": 291, 
                "w": 30, 
                "h": 98
            }, 
            "sourceSize": {
                "h": 100, 
                "w": 100
            }, 
            "offset": {
                "y": 2, 
                "x": 38, 
                "w": 30, 
                "h": 98
            }
        }, 
        "coke": {
            "frame": {
                "y": 338, 
                "x": 161, 
                "w": 61, 
                "h": 96
            }, 
            "sourceSize": {
                "h": 100, 
                "w": 100
            }, 
            "offset": {
                "y": 4, 
                "x": 25, 
                "w": 61, 
                "h": 96
            }
        }, 
        "phone": {
            "frame": {
                "y": 64, 
                "x": 297, 
                "w": 95, 
                "h": 72
            }, 
            "sourceSize": {
                "h": 100, 
                "w": 100
            }, 
            "offset": {
                "y": 19, 
                "x": 5, 
                "w": 95, 
                "h": 72
            }
        }, 
        "box_close": {
            "frame": {
                "y": 0, 
                "x": 94, 
                "w": 80, 
                "h": 60
            }, 
            "sourceSize": {
                "h": 100, 
                "w": 100
            }, 
            "offset": {
                "y": 30, 
                "x": 13, 
                "w": 80, 
                "h": 60
            }
        }, 
        "stick": {
            "frame": {
                "y": 435, 
                "x": 412, 
                "w": 91, 
                "h": 99
            }, 
            "sourceSize": {
                "h": 100, 
                "w": 100
            }, 
            "offset": {
                "y": 1, 
                "x": 7, 
                "w": 91, 
                "h": 99
            }
        }, 
        "desk": {
            "frame": {
                "y": 64, 
                "x": 0, 
                "w": 100, 
                "h": 69
            }, 
            "sourceSize": {
                "h": 100, 
                "w": 100
            }, 
            "offset": {
                "y": 17, 
                "x": 0, 
                "w": 100, 
                "h": 69
            }
        }, 
        "sock_02": {
            "frame": {
                "y": 149, 
                "x": 349, 
                "w": 73, 
                "h": 93
            }, 
            "sourceSize": {
                "h": 100, 
                "w": 100
            }, 
            "offset": {
                "y": 7, 
                "x": 17, 
                "w": 73, 
                "h": 93
            }
        }, 
        "snowmanbattle_blue": {
            "frame": {
                "y": 435, 
                "x": 200, 
                "w": 91, 
                "h": 98
            }, 
            "sourceSize": {
                "h": 100, 
                "w": 100
            }, 
            "offset": {
                "y": 2, 
                "x": 8, 
                "w": 91, 
                "h": 98
            }
        }, 
        "gift": {
            "frame": {
                "y": 64, 
                "x": 392, 
                "w": 98, 
                "h": 85
            }, 
            "sourceSize": {
                "h": 100, 
                "w": 100
            }, 
            "offset": {
                "y": 9, 
                "x": 2, 
                "w": 98, 
                "h": 85
            }
        }, 
        "sofa": {
            "frame": {
                "y": 0, 
                "x": 350, 
                "w": 92, 
                "h": 64
            }, 
            "sourceSize": {
                "h": 100, 
                "w": 100
            }, 
            "offset": {
                "y": 21, 
                "x": 5, 
                "w": 92, 
                "h": 64
            }
        }, 
        "ad_lamp_case01": {
            "frame": {
                "y": 243, 
                "x": 163, 
                "w": 68, 
                "h": 94
            }, 
            "sourceSize": {
                "h": 100, 
                "w": 100
            }, 
            "offset": {
                "y": 6, 
                "x": 18, 
                "w": 68, 
                "h": 94
            }
        }, 
        "dustbin01": {
            "frame": {
                "y": 338, 
                "x": 222, 
                "w": 94, 
                "h": 96
            }, 
            "sourceSize": {
                "h": 100, 
                "w": 100
            }, 
            "offset": {
                "y": 4, 
                "x": 6, 
                "w": 94, 
                "h": 96
            }
        }, 
        "barrel01": {
            "frame": {
                "y": 243, 
                "x": 323, 
                "w": 73, 
                "h": 95
            }, 
            "sourceSize": {
                "h": 100, 
                "w": 100
            }, 
            "offset": {
                "y": 4, 
                "x": 17, 
                "w": 73, 
                "h": 95
            }
        }, 
        "sock_01": {
            "frame": {
                "y": 243, 
                "x": 0, 
                "w": 73, 
                "h": 94
            }, 
            "sourceSize": {
                "h": 100, 
                "w": 100
            }, 
            "offset": {
                "y": 6, 
                "x": 17, 
                "w": 73, 
                "h": 94
            }
        }, 
        "kennel01": {
            "frame": {
                "y": 0, 
                "x": 251, 
                "w": 99, 
                "h": 64
            }, 
            "sourceSize": {
                "h": 100, 
                "w": 100
            }, 
            "offset": {
                "y": 28, 
                "x": 1, 
                "w": 99, 
                "h": 64
            }
        }, 
        "sock_03": {
            "frame": {
                "y": 149, 
                "x": 422, 
                "w": 74, 
                "h": 94
            }, 
            "sourceSize": {
                "h": 100, 
                "w": 100
            }, 
            "offset": {
                "y": 6, 
                "x": 14, 
                "w": 74, 
                "h": 94
            }
        }
    }, 
    "meta": {
        "scale": "1", 
        "format": "RGBA8888", 
        "app": "https://www.codeandweb.com/texturepacker", 
        "version": "1.0", 
        "type": "frame", 
        "image": "hidden.png", 
        "size": {
            "h": 534, 
            "w": 503
        }
    }
}