Id	Type	Name	Actor	ActorBody	ActorBodyId	Image	MatImage	GetFreeTime	RewardCount	NeedKey	AddIntegral	NeedIntegral	PayTip	Unnamed: 13	备注
宝箱ID	宝箱类型(1：银宝箱;2：终极宝箱，3通行证宝箱)	宝箱名称	宝箱模型	宝箱模型组件	宝箱模型组件Id	宝箱图片	宝箱底部图片	获得免费宝箱时间（-1代表不给）	奖励个数(-1表示全部)	开启钥匙数量	开启获得积分	开启所需积分	花费钻石提示语		
Id	Type	Name	Actor	ActorBody	ActorBodyId	Image	MatImage	GetFreeTime	RewardCount	NeedKey	AddIntegral	NeedIntegral	PayTip		
1	1	chest.lv1.name	g1008_chest.actor	body	g1008_chest_01	set:icon_haojiao.json image:huangjinbaoxiang	set:chest_lottery.json image:chest_mat_1	-1	1	10	10	0	open_chest_pay_tip		黄金宝箱
2	2	chest.lv2.name	g1008_chest.actor	body	g1008_chest_02	set:icon_haojiao.json image:zuanshibaoxiang	set:chest_lottery.json image:chest_mat_3	-1	1	0	0	300	open_chest_pay_tip		钻石宝箱
3	3	LicenseReward_Name_60106_1	g1008_chest_purple.actor	body	chest	set:icon_haojiao.json image:zijingbaoxiang	set:chest_lottery.json image:chest_mat_3	-1	1	999999	0	999999	open_chest_pay_tip		紫色宝箱
7	7	LicenseReward_Name_60110	g1008_chest_purple.actor	body	chest	set:bedwar_license_reward_season10.json image:g1008_icon_privilege	set:chest_lottery.json image:chest_mat_3	-1	1	999999	0	999999	open_chest_pay_tip		特权宝箱
8	8	LicenseReward_Name_60111	g1008_chest_purple.actor	body	chest	set:bedwar_license_reward_season10.json image:g1008_icon_rune	set:chest_lottery.json image:chest_mat_3	-1	1	999999	0	999999	open_chest_pay_tip		符文宝箱
9	9	LicenseReward_Name_60115	g1008_chest_purple.actor	body	chest	set:bedwar_license_reward_season10.json image:g1008_icon_props	set:chest_lottery.json image:chest_mat_3	-1	1	999999	0	999999	open_chest_pay_tip		道具宝箱
10	10	LicenseReward_Name_60115	g1008_chest_purple.actor	body	chest	set:bedwar_license_reward_season10.json image:g1008_icon_props	set:chest_lottery.json image:chest_mat_3	-1	-1	999999	0	999999	open_chest_pay_tip		道具宝箱
11	11	LicenseReward_Name_60116	g1008_chest_purple.actor	body	chest	set:bedwar_license_reward_season17.json image:g1008_icon_props_skin	set:chest_lottery.json image:chest_mat_3	-1	1	999999	0	999999	open_chest_pay_tip		皮肤宝箱
