id	Buff类型	持续时间 （单位帧：20帧/秒）	参数（多个参数通过#分割）	参数描述	死亡消失（1-消失，0-不消失）	图片	叠加方式（1-重置时间，2-叠加时间，3-多重Buff，4-同类型唯一， 5-同类型效果叠加）	buff屏幕特效	buff触发音效	Unnamed: 9	Unnamed: 9.1
id	type	duration	param	无	deadDisappear	image	overlayType	screenEffect	triggerSound		
1	1	200	#	无	1	set:bed_war_player_info.json image:effect_ban_cure	1	#	#	巫毒药水Buff	巫毒药水Buff
2	2	120	#	无	1	set:bed_war_player_info.json image:effect-invisibility	3	#	#	回城卷轴	回城卷轴
3	3	200	0.01	减速	1	set:bed_war_player_info.json image:effect_move_speed_down	1	#	#	减速	减速
4	4	300	#	无	0	set:bed_war_player_info.json image:effect_ban_parachute	1	#	#	虚空方块禁用buff	虚空方块禁用buff
5	5	200	2#20	每次加血#加血间隔	0	set:bed_war_player_info.json image:effect_ban_red_apple	1	#	#	红苹果	
6	5	200	4#20	每次加血#加血间隔	0	set:bed_war_player_info.json image:effect_ban_gold_apple	1	#	#	金苹果	
7	6	100	g1008_props_pigment_red.effect#g1008_props_pigment_blue.effect#g1008_props_pigment_green.effect#g1008_props_pigment_yellow.effect	每个队伍的特效名	1	set:bed_war_player_info.json image:effect_colorbomb	1	#	#	颜料炸弹	
8	7	800	1	变化的队伍id	1	set:bed_war_player_info.json image:effect_camouflage_spray	4	#	#	伪装喷雾	
9	7	800	2	变化的队伍id	1	set:bed_war_player_info.json image:effect_camouflage_spray	4	#	#	伪装喷雾	
10	7	800	3	变化的队伍id	1	set:bed_war_player_info.json image:effect_camouflage_spray	4	#	#	伪装喷雾	
11	7	800	4	变化的队伍id	1	set:bed_war_player_info.json image:effect_camouflage_spray	4	#	#	伪装喷雾	
12	8	#	4	反击率#减疗效果	0	#	5	#	#	荆棘buff	
13	8	#	5.5	反击率#减疗效果	0	#	5	#	#	荆棘buff	
14	8	#	7	反击率#减疗效果	0	#	5	#	#	荆棘buff	
15	9	40	#	效果参数由荆棘buff提供	1	set:bed_war_player_info.json image:effect_ban_treatment	4	#	#	荆棘造成的减疗debuff	
16	11	180	-1	旋风斩减速	1	#	4	#	#	旋风斩减速	
17	11	60	-30	减速30%，凋零杖	1	set:bed_war_player_info.json image:effect_move_speed_down	1	#	#	减速	减速
1501	8	#	2	荆棘1级：减疗百分比	1	#	5	#	#	荆棘造成的减疗debuff	
1502	8	#	4	荆棘2级：减疗百分比	1	#	5	#	#	荆棘造成的减疗debuff	
1503	8	#	6	荆棘3级：减疗百分比	1	#	5	#	#	荆棘造成的减疗debuff	
1504	8	#	8	荆棘4级：减疗百分比	1	#	5	#	#	荆棘造成的减疗debuff	
1505	8	#	10	荆棘5级：减疗百分比	1	#	5	#	#	荆棘造成的减疗debuff	
1506	8	#	12	荆棘6级：减疗百分比	1	#	5	#	#	荆棘造成的减疗debuff	
1507	8	#	14	荆棘7级：减疗百分比	1	#	5	#	#	荆棘造成的减疗debuff	
1508	8	#	16	荆棘8级：减疗百分比	1	#	5	#	#	荆棘造成的减疗debuff	
1509	8	#	18	荆棘9级：减疗百分比	1	#	5	#	#	荆棘造成的减疗debuff	
1510	8	#	20	荆棘10级：减疗百分比	1	#	5	#	#	荆棘造成的减疗debuff	
1511	8	#	22	荆棘11级：减疗百分比	1	#	5	#	#	荆棘造成的减疗debuff	
1512	8	#	24	荆棘12级：减疗百分比	1	#	5	#	#	荆棘造成的减疗debuff	
1513	8	#	26	荆棘13级：减疗百分比	1	#	5	#	#	荆棘造成的减疗debuff	
1514	8	#	28	荆棘14级：减疗百分比	1	#	5	#	#	荆棘造成的减疗debuff	
1515	8	#	30	荆棘15级：减疗百分比	1	#	5	#	#	荆棘造成的减疗debuff	
1516	8	#	32	荆棘16级：减疗百分比	1	#	5	#	#	荆棘造成的减疗debuff	
1517	8	#	34	荆棘17级：减疗百分比	1	#	5	#	#	荆棘造成的减疗debuff	
1518	8	#	36	荆棘18级：减疗百分比	1	#	5	#	#	荆棘造成的减疗debuff	
1519	8	#	38	荆棘19级：减疗百分比	1	#	5	#	#	荆棘造成的减疗debuff	
1520	8	#	40	荆棘20级：减疗百分比	1	#	5	#	#	荆棘造成的减疗debuff	
1601	10	60	1#2#20	炽热(近)/烈焰(远)1级：伤害#减疗#伤害间隔	1	#	4	#	#	燃烧debuff	
1602	10	60	1#4#20	炽热(近)/烈焰(远)2级：伤害#减疗#伤害间隔	1	#	4	#	#	燃烧debuff	
1603	10	60	1#6#20	炽热(近)/烈焰(远)3级：伤害#减疗#伤害间隔	1	#	4	#	#	燃烧debuff	
1604	10	60	1#8#20	炽热(近)/烈焰(远)4级：伤害#减疗#伤害间隔	1	#	4	#	#	燃烧debuff	
1605	10	60	1#10#20	炽热(近)/烈焰(远)5级：伤害#减疗#伤害间隔	1	#	4	#	#	燃烧debuff	
1606	10	60	1#12#20	炽热(近)/烈焰(远)6级：伤害#减疗#伤害间隔	1	#	4	#	#	燃烧debuff	
1607	10	60	1#14#20	炽热(近)/烈焰(远)7级：伤害#减疗#伤害间隔	1	#	4	#	#	燃烧debuff	
1608	10	60	1#16#20	炽热(近)/烈焰(远)8级：伤害#减疗#伤害间隔	1	#	4	#	#	燃烧debuff	
1609	10	60	1#18#20	炽热(近)/烈焰(远)9级：伤害#减疗#伤害间隔	1	#	4	#	#	燃烧debuff	
1610	10	60	1#20#20	炽热(近)/烈焰(远)10级：伤害#减疗#伤害间隔	1	#	4	#	#	燃烧debuff	
1611	10	60	1#22#20	炽热(近)/烈焰(远)11级：伤害#减疗#伤害间隔	1	#	4	#	#	燃烧debuff	
1612	10	60	1#24#20	炽热(近)/烈焰(远)12级：伤害#减疗#伤害间隔	1	#	4	#	#	燃烧debuff	
1613	10	60	1#26#20	炽热(近)/烈焰(远)13级：伤害#减疗#伤害间隔	1	#	4	#	#	燃烧debuff	
1614	10	60	1#28#20	炽热(近)/烈焰(远)14级：伤害#减疗#伤害间隔	1	#	4	#	#	燃烧debuff	
1615	10	60	1#30#20	炽热(近)/烈焰(远)15级：伤害#减疗#伤害间隔	1	#	4	#	#	燃烧debuff	
1616	10	60	1#32#20	炽热(近)/烈焰(远)16级：伤害#减疗#伤害间隔	1	#	4	#	#	燃烧debuff	
1617	10	60	1#34#20	炽热(近)/烈焰(远)17级：伤害#减疗#伤害间隔	1	#	4	#	#	燃烧debuff	
1618	10	60	1#36#20	炽热(近)/烈焰(远)18级：伤害#减疗#伤害间隔	1	#	4	#	#	燃烧debuff	
1619	10	60	1#38#20	炽热(近)/烈焰(远)19级：伤害#减疗#伤害间隔	1	#	4	#	#	燃烧debuff	
1620	10	60	1#40#20	炽热(近)/烈焰(远)20级：伤害#减疗#伤害间隔	1	#	4	#	#	燃烧debuff	
1701	11	40	1	风暴1级：速度加成百分比	1	#	4	g1008_genius_speedup.effect	#	风暴加速buff	
1702	11	40	2	风暴2级：速度加成百分比	1	#	4	g1008_genius_speedup.effect	#	风暴加速buff	
1703	11	40	3	风暴3级：速度加成百分比	1	#	4	g1008_genius_speedup.effect	#	风暴加速buff	
1704	11	40	4	风暴4级：速度加成百分比	1	#	4	g1008_genius_speedup.effect	#	风暴加速buff	
1705	11	40	5	风暴5级：速度加成百分比	1	#	4	g1008_genius_speedup.effect	#	风暴加速buff	
1706	11	40	6	风暴6级：速度加成百分比	1	#	4	g1008_genius_speedup.effect	#	风暴加速buff	
1707	11	40	7	风暴7级：速度加成百分比	1	#	4	g1008_genius_speedup.effect	#	风暴加速buff	
1708	11	40	8	风暴8级：速度加成百分比	1	#	4	g1008_genius_speedup.effect	#	风暴加速buff	
1709	11	40	9	风暴9级：速度加成百分比	1	#	4	g1008_genius_speedup.effect	#	风暴加速buff	
1710	11	40	10	风暴10级：速度加成百分比	1	#	4	g1008_genius_speedup.effect	#	风暴加速buff	
1711	11	40	11	风暴11级：速度加成百分比	1	#	4	g1008_genius_speedup.effect	#	风暴加速buff	
1712	11	40	12	风暴12级：速度加成百分比	1	#	4	g1008_genius_speedup.effect	#	风暴加速buff	
1713	11	40	13	风暴13级：速度加成百分比	1	#	4	g1008_genius_speedup.effect	#	风暴加速buff	
1714	11	40	14	风暴14级：速度加成百分比	1	#	4	g1008_genius_speedup.effect	#	风暴加速buff	
1715	11	40	15	风暴15级：速度加成百分比	1	#	4	g1008_genius_speedup.effect	#	风暴加速buff	
1716	11	40	16	风暴16级：速度加成百分比	1	#	4	g1008_genius_speedup.effect	#	风暴加速buff	
1717	11	40	17	风暴17级：速度加成百分比	1	#	4	g1008_genius_speedup.effect	#	风暴加速buff	
1718	11	40	18	风暴18级：速度加成百分比	1	#	4	g1008_genius_speedup.effect	#	风暴加速buff	
1719	11	40	19	风暴19级：速度加成百分比	1	#	4	g1008_genius_speedup.effect	#	风暴加速buff	
1720	11	40	20	风暴20级：速度加成百分比	1	#	4	g1008_genius_speedup.effect	#	风暴加速buff	
1801	11	40	1	极速1级：速度加成百分比	1	#	4	g1008_genius_speedup.effect	#	极速加速buff	
1802	11	40	2	极速2级：速度加成百分比	1	#	4	g1008_genius_speedup.effect	#	极速加速buff	
1803	11	40	3	极速3级：速度加成百分比	1	#	4	g1008_genius_speedup.effect	#	极速加速buff	
1804	11	40	4	极速4级：速度加成百分比	1	#	4	g1008_genius_speedup.effect	#	极速加速buff	
1805	11	40	5	极速5级：速度加成百分比	1	#	4	g1008_genius_speedup.effect	#	极速加速buff	
1806	11	40	6	极速6级：速度加成百分比	1	#	4	g1008_genius_speedup.effect	#	极速加速buff	
1807	11	40	7	极速7级：速度加成百分比	1	#	4	g1008_genius_speedup.effect	#	极速加速buff	
1808	11	40	8	极速8级：速度加成百分比	1	#	4	g1008_genius_speedup.effect	#	极速加速buff	
1809	11	40	9	极速9级：速度加成百分比	1	#	4	g1008_genius_speedup.effect	#	极速加速buff	
1810	11	40	10	极速10级：速度加成百分比	1	#	4	g1008_genius_speedup.effect	#	极速加速buff	
1811	11	40	11	极速11级：速度加成百分比	1	#	4	g1008_genius_speedup.effect	#	极速加速buff	
1812	11	40	12	极速12级：速度加成百分比	1	#	4	g1008_genius_speedup.effect	#	极速加速buff	
1813	11	40	13	极速13级：速度加成百分比	1	#	4	g1008_genius_speedup.effect	#	极速加速buff	
1814	11	40	14	极速14级：速度加成百分比	1	#	4	g1008_genius_speedup.effect	#	极速加速buff	
1815	11	40	15	极速15级：速度加成百分比	1	#	4	g1008_genius_speedup.effect	#	极速加速buff	
1816	11	40	16	极速16级：速度加成百分比	1	#	4	g1008_genius_speedup.effect	#	极速加速buff	
1817	11	40	17	极速17级：速度加成百分比	1	#	4	g1008_genius_speedup.effect	#	极速加速buff	
1818	11	40	18	极速18级：速度加成百分比	1	#	4	g1008_genius_speedup.effect	#	极速加速buff	
1819	11	40	19	极速19级：速度加成百分比	1	#	4	g1008_genius_speedup.effect	#	极速加速buff	
1820	11	40	20	极速20级：速度加成百分比	1	#	4	g1008_genius_speedup.effect	#	极速加速buff	
1901	11	20	-30	寒冰1级：速度加成百分比	1	#	4	#	#	寒冰减速buff	
1902	11	20	-30	寒冰2级：速度加成百分比	1	#	4	#	#	寒冰减速buff	
1903	11	20	-30	寒冰3级：速度加成百分比	1	#	4	#	#	寒冰减速buff	
1904	11	20	-30	寒冰4级：速度加成百分比	1	#	4	#	#	寒冰减速buff	
1905	11	20	-30	寒冰5级：速度加成百分比	1	#	4	#	#	寒冰减速buff	
1906	11	20	-30	寒冰6级：速度加成百分比	1	#	4	#	#	寒冰减速buff	
1907	11	20	-30	寒冰7级：速度加成百分比	1	#	4	#	#	寒冰减速buff	
1908	11	20	-30	寒冰8级：速度加成百分比	1	#	4	#	#	寒冰减速buff	
1909	11	20	-30	寒冰9级：速度加成百分比	1	#	4	#	#	寒冰减速buff	
1910	11	20	-30	寒冰10级：速度加成百分比	1	#	4	#	#	寒冰减速buff	
1911	11	20	-30	寒冰11级：速度加成百分比	1	#	4	#	#	寒冰减速buff	
1912	11	20	-30	寒冰12级：速度加成百分比	1	#	4	#	#	寒冰减速buff	
1913	11	20	-30	寒冰13级：速度加成百分比	1	#	4	#	#	寒冰减速buff	
1914	11	20	-30	寒冰14级：速度加成百分比	1	#	4	#	#	寒冰减速buff	
1915	11	20	-30	寒冰15级：速度加成百分比	1	#	4	#	#	寒冰减速buff	
1916	11	20	-30	寒冰16级：速度加成百分比	1	#	4	#	#	寒冰减速buff	
1917	11	20	-30	寒冰17级：速度加成百分比	1	#	4	#	#	寒冰减速buff	
1918	11	20	-30	寒冰18级：速度加成百分比	1	#	4	#	#	寒冰减速buff	
1919	11	20	-30	寒冰19级：速度加成百分比	1	#	4	#	#	寒冰减速buff	
1920	11	20	-30	寒冰20级：速度加成百分比	1	#	4	#	#	寒冰减速buff	
2001	12	20	#	冻结1级	1	#	4	#	#	冻结buff	
2002	12	20	#	冻结2级	1	#	4	#	#	冻结buff	
2003	12	20	#	冻结3级	1	#	4	#	#	冻结buff	
2004	12	20	#	冻结4级	1	#	4	#	#	冻结buff	
2005	12	20	#	冻结5级	1	#	4	#	#	冻结buff	
2006	12	20	#	冻结6级	1	#	4	#	#	冻结buff	
2007	12	20	#	冻结7级	1	#	4	#	#	冻结buff	
2008	12	20	#	冻结8级	1	#	4	#	#	冻结buff	
2009	12	20	#	冻结9级	1	#	4	#	#	冻结buff	
2010	12	20	#	冻结10级	1	#	4	#	#	冻结buff	
2011	12	20	#	冻结11级	1	#	4	#	#	冻结buff	
2012	12	20	#	冻结12级	1	#	4	#	#	冻结buff	
2013	12	20	#	冻结13级	1	#	4	#	#	冻结buff	
2014	12	20	#	冻结14级	1	#	4	#	#	冻结buff	
2015	12	20	#	冻结15级	1	#	4	#	#	冻结buff	
2016	12	20	#	冻结16级	1	#	4	#	#	冻结buff	
2017	12	20	#	冻结17级	1	#	4	#	#	冻结buff	
2018	12	20	#	冻结18级	1	#	4	#	#	冻结buff	
2019	12	20	#	冻结19级	1	#	4	#	#	冻结buff	
2020	12	20	#	冻结20级	1	#	4	#	#	冻结buff	
2021	13	#	1#0.1#0.4	击杀一个人增加0.1生命值，最多0.4	0	#	5	#	#	杀敌增加最大血量	
2022	13	#	1#0.15#0.6	击杀一个人增加0.15生命值，最多0.6	0	#	5	#	#	杀敌增加最大血量	
2023	13	#	1#0.2#0.8	击杀一个人增加0.2生命值，最多0.8	0	#	5	#	#	杀敌增加最大血量	
2024	14	#	1#0.05#0.2	击杀一个人增加0.05近战伤害，最多0.2	0	#	5	#	#	杀敌增加近战攻击	
2025	14	#	1#0.06#0.3	击杀一个人增加0.06近战伤害，最多0.3	0	#	5	#	#	杀敌增加近战攻击	
2026	14	#	1#0.1#0.4	击杀一个人增加0.1近战伤害，最多0.4	0	#	5	#	#	杀敌增加近战攻击	
2027	15	#	0.01#0.5	每次叠加值百分比(1=100%) # 最大值百分比(1=100%)	0	set:talent_icon.json image:g1008_icon_talent_105400	4	#	#		
2028	15	#	0.012#0.5	每次叠加值百分比(1=100%) # 最大值百分比(1=100%)	0	set:talent_icon.json image:g1008_icon_talent_105400	4	#	#		
2029	15	#	0.013#0.5	每次叠加值百分比(1=100%) # 最大值百分比(1=100%)	0	set:talent_icon.json image:g1008_icon_talent_105400	4	#	#		
2030	15	#	0.014#0.5	每次叠加值百分比(1=100%) # 最大值百分比(1=100%)	0	set:talent_icon.json image:g1008_icon_talent_105400	4	#	#		
2031	15	#	0.015#0.5	每次叠加值百分比(1=100%) # 最大值百分比(1=100%)	0	set:talent_icon.json image:g1008_icon_talent_105400	4	#	#		
2032	15	#	0.016#0.5	每次叠加值百分比(1=100%) # 最大值百分比(1=100%)	0	set:talent_icon.json image:g1008_icon_talent_105400	4	#	#		
2033	15	#	0.017#0.5	每次叠加值百分比(1=100%) # 最大值百分比(1=100%)	0	set:talent_icon.json image:g1008_icon_talent_105400	4	#	#		
2034	15	#	0.018#0.5	每次叠加值百分比(1=100%) # 最大值百分比(1=100%)	0	set:talent_icon.json image:g1008_icon_talent_105400	4	#	#		
2035	15	#	0.019#0.5	每次叠加值百分比(1=100%) # 最大值百分比(1=100%)	0	set:talent_icon.json image:g1008_icon_talent_105400	4	#	#		
2036	15	#	0.02#0.5	每次叠加值百分比(1=100%) # 最大值百分比(1=100%)	0	set:talent_icon.json image:g1008_icon_talent_105400	4	#	#		
2037	15	#	0.021#0.5	每次叠加值百分比(1=100%) # 最大值百分比(1=100%)	0	set:talent_icon.json image:g1008_icon_talent_105400	4	#	#		
2038	15	#	0.022#0.5	每次叠加值百分比(1=100%) # 最大值百分比(1=100%)	0	set:talent_icon.json image:g1008_icon_talent_105400	4	#	#		
2039	15	#	0.023#0.5	每次叠加值百分比(1=100%) # 最大值百分比(1=100%)	0	set:talent_icon.json image:g1008_icon_talent_105400	4	#	#		
2040	15	#	0.024#0.5	每次叠加值百分比(1=100%) # 最大值百分比(1=100%)	0	set:talent_icon.json image:g1008_icon_talent_105400	4	#	#		
2041	15	#	0.025#0.5	每次叠加值百分比(1=100%) # 最大值百分比(1=100%)	0	set:talent_icon.json image:g1008_icon_talent_105400	4	#	#		
2042	15	#	0.026#0.5	每次叠加值百分比(1=100%) # 最大值百分比(1=100%)	0	set:talent_icon.json image:g1008_icon_talent_105400	4	#	#		
2043	15	#	0.027#0.5	每次叠加值百分比(1=100%) # 最大值百分比(1=100%)	0	set:talent_icon.json image:g1008_icon_talent_105400	4	#	#		
2044	15	#	0.028#0.5	每次叠加值百分比(1=100%) # 最大值百分比(1=100%)	0	set:talent_icon.json image:g1008_icon_talent_105400	4	#	#		
2045	15	#	0.029#0.5	每次叠加值百分比(1=100%) # 最大值百分比(1=100%)	0	set:talent_icon.json image:g1008_icon_talent_105400	4	#	#		
2046	15	#	0.03#0.5	每次叠加值百分比(1=100%) # 最大值百分比(1=100%)	0	set:talent_icon.json image:g1008_icon_talent_105400	4	#	#		
2047	16	1200	10#10	速度增加百分比(100=100%)#击退增加百分比(100=100%)	0	#	5	#	#	愤怒buff等级0	
2048	16	1200	11#11	速度增加百分比(100=100%)#击退增加百分比(100=100%)	0	#	5	#	#	愤怒buff等级1	
2049	16	1200	12#12	速度增加百分比(100=100%)#击退增加百分比(100=100%)	0	#	5	#	#	愤怒buff等级2	
2050	16	1200	13#13	速度增加百分比(100=100%)#击退增加百分比(100=100%)	0	#	5	#	#	愤怒buff等级3	
2051	16	1200	14#14	速度增加百分比(100=100%)#击退增加百分比(100=100%)	0	#	5	#	#	愤怒buff等级4	
2052	16	1200	15#15	速度增加百分比(100=100%)#击退增加百分比(100=100%)	0	#	5	#	#	愤怒buff等级5	
2053	16	1200	16#16	速度增加百分比(100=100%)#击退增加百分比(100=100%)	0	#	5	#	#	愤怒buff等级6	
2054	16	1200	17#17	速度增加百分比(100=100%)#击退增加百分比(100=100%)	0	#	5	#	#	愤怒buff等级7	
2055	16	1200	18#18	速度增加百分比(100=100%)#击退增加百分比(100=100%)	0	#	5	#	#	愤怒buff等级8	
2056	16	1200	19#19	速度增加百分比(100=100%)#击退增加百分比(100=100%)	0	#	5	#	#	愤怒buff等级9	
2057	16	1200	20#20	速度增加百分比(100=100%)#击退增加百分比(100=100%)	0	#	5	#	#	愤怒buff等级10	
2058	16	1200	21#21	速度增加百分比(100=100%)#击退增加百分比(100=100%)	0	#	5	#	#	愤怒buff等级11	
2059	16	1200	22#22	速度增加百分比(100=100%)#击退增加百分比(100=100%)	0	#	5	#	#	愤怒buff等级12	
2060	16	1200	23#23	速度增加百分比(100=100%)#击退增加百分比(100=100%)	0	#	5	#	#	愤怒buff等级13	
2061	16	1200	24#24	速度增加百分比(100=100%)#击退增加百分比(100=100%)	0	#	5	#	#	愤怒buff等级14	
2062	16	1200	25#25	速度增加百分比(100=100%)#击退增加百分比(100=100%)	0	#	5	#	#	愤怒buff等级15	
2063	16	1200	26#26	速度增加百分比(100=100%)#击退增加百分比(100=100%)	0	#	5	#	#	愤怒buff等级16	
2064	16	1200	27#27	速度增加百分比(100=100%)#击退增加百分比(100=100%)	0	#	5	#	#	愤怒buff等级17	
2065	16	1200	28#28	速度增加百分比(100=100%)#击退增加百分比(100=100%)	0	#	5	#	#	愤怒buff等级18	
2066	16	1200	29#29	速度增加百分比(100=100%)#击退增加百分比(100=100%)	0	#	5	#	#	愤怒buff等级19	
2067	16	1200	30#30	速度增加百分比(100=100%)#击退增加百分比(100=100%)	0	#	5	#	#	愤怒buff等级20	
3067	17	#	1#1	速度增加百分比(100=100%)#跳跃高度增加百分比(100=100%)	0	#	4	#	#	坐骑移速buff	
2100	18	#	1#0#1#10	优先级#初始冻结时间#结冻范围#初始解冻时间#特殊冻结时间(itemId=帧,itemId=帧)#特殊解冻时间 	0	#	5	#	#	老寒腿等级0	
2101	18	#	2#0#1#20	优先级#初始冻结时间#结冻范围#初始解冻时间#特殊冻结时间(itemId=帧,itemId=帧)#特殊解冻时间 	0	#	5	#	#	老寒腿等级2	
2102	18	#	3#0#1#30	优先级#初始冻结时间#结冻范围#初始解冻时间#特殊冻结时间(itemId=帧,itemId=帧)#特殊解冻时间 	0	#	5	#	#	老寒腿等级3	
2103	18	#	4#0#1#40	优先级#初始冻结时间#结冻范围#初始解冻时间#特殊冻结时间(itemId=帧,itemId=帧)#特殊解冻时间 	0	#	5	#	#	老寒腿等级4	
2104	18	#	5#0#1#50	优先级#初始冻结时间#结冻范围#初始解冻时间#特殊冻结时间(itemId=帧,itemId=帧)#特殊解冻时间 	0	#	5	#	#	老寒腿等级5	
2105	18	#	6#0#1#60	优先级#初始冻结时间#结冻范围#初始解冻时间#特殊冻结时间(itemId=帧,itemId=帧)#特殊解冻时间 	0	#	5	#	#	老寒腿等级6	
2106	18	#	7#0#1#70	优先级#初始冻结时间#结冻范围#初始解冻时间#特殊冻结时间(itemId=帧,itemId=帧)#特殊解冻时间 	0	#	5	#	#	老寒腿等级7	
2107	18	#	8#0#1#80	优先级#初始冻结时间#结冻范围#初始解冻时间#特殊冻结时间(itemId=帧,itemId=帧)#特殊解冻时间 	0	#	5	#	#	老寒腿等级8	
2108	18	#	9#0#1#90	优先级#初始冻结时间#结冻范围#初始解冻时间#特殊冻结时间(itemId=帧,itemId=帧)#特殊解冻时间 	0	#	5	#	#	老寒腿等级9	
2109	18	#	10#0#1#100	优先级#初始冻结时间#结冻范围#初始解冻时间#特殊冻结时间(itemId=帧,itemId=帧)#特殊解冻时间 	0	#	5	#	#	老寒腿等级10	
2110	18	#	11#0#2#110	优先级#初始冻结时间#结冻范围#初始解冻时间#特殊冻结时间(itemId=帧,itemId=帧)#特殊解冻时间 	0	#	5	#	#	老寒腿等级11	
2111	18	#	12#0#2#120	优先级#初始冻结时间#结冻范围#初始解冻时间#特殊冻结时间(itemId=帧,itemId=帧)#特殊解冻时间 	0	#	5	#	#	老寒腿等级12	
2112	18	#	13#0#2#130	优先级#初始冻结时间#结冻范围#初始解冻时间#特殊冻结时间(itemId=帧,itemId=帧)#特殊解冻时间 	0	#	5	#	#	老寒腿等级13	
2113	18	#	14#0#2#140	优先级#初始冻结时间#结冻范围#初始解冻时间#特殊冻结时间(itemId=帧,itemId=帧)#特殊解冻时间 	0	#	5	#	#	老寒腿等级14	
2114	18	#	15#0#2#150	优先级#初始冻结时间#结冻范围#初始解冻时间#特殊冻结时间(itemId=帧,itemId=帧)#特殊解冻时间 	0	#	5	#	#	老寒腿等级15	
2115	18	#	16#0#2#160	优先级#初始冻结时间#结冻范围#初始解冻时间#特殊冻结时间(itemId=帧,itemId=帧)#特殊解冻时间 	0	#	5	#	#	老寒腿等级16	
2116	18	#	17#0#2#170	优先级#初始冻结时间#结冻范围#初始解冻时间#特殊冻结时间(itemId=帧,itemId=帧)#特殊解冻时间 	0	#	5	#	#	老寒腿等级17	
2117	18	#	18#0#2#180	优先级#初始冻结时间#结冻范围#初始解冻时间#特殊冻结时间(itemId=帧,itemId=帧)#特殊解冻时间 	0	#	5	#	#	老寒腿等级18	
2118	18	#	19#0#2#190	优先级#初始冻结时间#结冻范围#初始解冻时间#特殊冻结时间(itemId=帧,itemId=帧)#特殊解冻时间 	0	#	5	#	#	老寒腿等级19	
2119	18	#	20#0#2#200	优先级#初始冻结时间#结冻范围#初始解冻时间#特殊冻结时间(itemId=帧,itemId=帧)#特殊解冻时间 	0	#	5	#	#	老寒腿等级20	
2120	18	#	21#0#2#210	优先级#初始冻结时间#结冻范围#初始解冻时间#特殊冻结时间(itemId=帧,itemId=帧)#特殊解冻时间 	0	#	5	#	#	老寒腿等级21	
2500	21	#	10#10#2300	嗜血buff：距离#血量百分比#加速buffId	0	#	4	#	#	嗜血buff 	
2501	21	#	11#11#2300	嗜血buff：距离#血量百分比#加速buffId	0	#	4	#	#	嗜血buff 	
2502	21	#	12#12#2300	嗜血buff：距离#血量百分比#加速buffId	0	#	4	#	#	嗜血buff 	
2503	21	#	13#13#2300	嗜血buff：距离#血量百分比#加速buffId	0	#	4	#	#	嗜血buff 	
2504	21	#	14#14#2300	嗜血buff：距离#血量百分比#加速buffId	0	#	4	#	#	嗜血buff 	
2505	21	#	15#15#2300	嗜血buff：距离#血量百分比#加速buffId	0	#	4	#	#	嗜血buff 	
2506	21	#	16#16#2300	嗜血buff：距离#血量百分比#加速buffId	0	#	4	#	#	嗜血buff 	
2507	21	#	17#17#2300	嗜血buff：距离#血量百分比#加速buffId	0	#	4	#	#	嗜血buff 	
2508	21	#	18#18#2300	嗜血buff：距离#血量百分比#加速buffId	0	#	4	#	#	嗜血buff 	
2509	21	#	19#19#2300	嗜血buff：距离#血量百分比#加速buffId	0	#	4	#	#	嗜血buff 	
2510	21	#	20#20#2300	嗜血buff：距离#血量百分比#加速buffId	0	#	4	#	#	嗜血buff 	
2511	21	#	21#21#2300	嗜血buff：距离#血量百分比#加速buffId	0	#	4	#	#	嗜血buff 	
2512	21	#	22#22#2300	嗜血buff：距离#血量百分比#加速buffId	0	#	4	#	#	嗜血buff 	
2513	21	#	23#23#2300	嗜血buff：距离#血量百分比#加速buffId	0	#	4	#	#	嗜血buff 	
2514	21	#	24#24#2300	嗜血buff：距离#血量百分比#加速buffId	0	#	4	#	#	嗜血buff 	
2515	21	#	25#25#2300	嗜血buff：距离#血量百分比#加速buffId	0	#	4	#	#	嗜血buff 	
2516	21	#	26#26#2300	嗜血buff：距离#血量百分比#加速buffId	0	#	4	#	#	嗜血buff 	
2517	21	#	27#27#2300	嗜血buff：距离#血量百分比#加速buffId	0	#	4	#	#	嗜血buff 	
2518	21	#	28#28#2300	嗜血buff：距离#血量百分比#加速buffId	0	#	4	#	#	嗜血buff 	
2519	21	#	29#29#2300	嗜血buff：距离#血量百分比#加速buffId	0	#	4	#	#	嗜血buff 	
2520	21	#	30#30#2300	嗜血buff：距离#血量百分比#加速buffId	0	#	4	#	#	嗜血buff 	
2121	19	#	2000#2#100#4	替换方块Id#触发次数#触发爆炸时间(帧)#爆炸强度	0	#	5	#	#	粘土炸弹	
2200	10	60	1#30#20	炽热(近)/烈焰(远)15级：伤害#减疗#伤害间隔	1	#	4	#	#	燃烧debuff	
3000	17	#	5#0	速度增加百分比(100=100%)#跳跃高度增加百分比(100=100%)	0	#	4	#	#	烈焰马移速+5%	
3001	17	#	4#4	速度增加百分比(100=100%)#跳跃高度增加百分比(100=100%)	0	#	4	#	#	坐骑移速+4%，跳跃高度+4%	
3002	20	#	5#1	近战攻击伤害增加百分比	0	#	4	#	#	近战攻击伤害增加百分比	
2400	21	#	5#50#1820	嗜血buff：距离#血量百分比#加速buffId	0	#	4	#	#	嗜血buff 	
2300	11	200	15	嗜血加速百分比0	1	#	4	g1008_genius_speedup.effect	#	极速加速buff	
1621	10	60	1#2#20	炽热(近)/烈焰(远)1级：伤害#减疗#伤害间隔	1	#	4	#	#	燃烧debuff	
3003	22	#	#	警报触发之后去除隐身	1	set:talent_icon.json image:g1008_ban_Invisibility	4	#	#	警报buff	
3004	10	60	2#0#20#g1008_legendary_props_witherstaff_dot.effect	炽热(近)/烈焰(远)1级：伤害#减疗#伤害间隔#特效	1	#	4	#	#	燃烧debuff	
3005	23	#	3#g1008_legendary_props_bubble.effect#g1008_legendary_props_bubble_01.effect	安全泡泡(能抵挡的次数，特效，被攻击的特效2秒）	1	set:talent_icon.json image:g1008_ban_Invisibility	5	#	#	安全泡泡	
3006	6	100	g1008_props_pigment_red.effect	每个队伍的特效名	1	set:bed_war_player_info.json image:effect_colorbomb	1	#	#	颜料炸弹	
3007	6	100	g1008_props_pigment_blue.effec	每个队伍的特效名	1	set:bed_war_player_info.json image:effect_colorbomb	1	#	#	颜料炸弹	
3008	6	100	g1008_props_pigment_green.effect	每个队伍的特效名	1	set:bed_war_player_info.json image:effect_colorbomb	1	#	#	颜料炸弹	
3009	6	100	g1008_props_pigment_yellow.effect	每个队伍的特效名	1	set:bed_war_player_info.json image:effect_colorbomb	1	#	#	颜料炸弹	
3010	6	#	g1008_ui_rune_ink.effect	墨汁符文	1	#	1	#	#	墨汁符文	
3011	17	#	4#0	速度增加百分比(100=100%)#跳跃高度增加百分比(100=100%)	0	#	4	#	#	烈焰马移速+5%	
5001	36	120	2#2#g1048_debuff_poisoned.effect	中毒伤害#伤害间隔(秒)#特效	1	#	4	#	#	中毒	
5002	11	60	-20	减速	1	#	4	#	#	减速	
5003	37	0	5001#5002#5009	buffId	1	set:bed_war_player_info.json image:effect_colorbomb	1	#	#	中毒+减速	
5004	11	60	-20	减速30%持续60帧	1	#	4	#	#	寒冰减速buff	
5005	32	20	g1048_apollo_weapon_skill.effect	控制：特效	1	#	4	#	#	控制技能	
5006	10	60	1#10#20	炽热(近)/烈焰(远)5级：伤害#减疗#伤害间隔	1	#	4	#	#	燃烧debuff	
5007	32	20	g1048_apollo_weapon_skill.effect	控制：特效	1	#	4	#	#	控制技能	
5008	5	80	2#20	每次加血#加血间隔	0	set:bed_war_player_info.json image:effect_food	1	#	#	红苹果	
5009	9	120	50	减疗%	1	set:bed_war_player_info.json image:effect_ban_treatment	4	#	#	荆棘造成的减疗debuff	
100101	24	0	g1071_skill_active_berserker.effect#30#20#2.5#5#5004#1#0#1	创建子弹：子弹特效#距离#速度#大小#伤害#击中添加buffId#碰撞消失#破坏方块#摄像机方向发射	1	#	4	#	#	狂战士技能1	
100102	28	#	5#1	血量减少百分比#吸血增加百分比（100=100%）	1	#	4	#	#	狂战士技能2	
100103	29	100	g1071_skill_violent_troll_1.effect	身体特效	1	#	4	#	#	狂战士技能3	
100104	30	120	addArmorValue#50	增加属性：属性key#属性增加值	1	#	4	#	#	狂战士技能4	
100201	31	0	fireball	创建timeline：timeline名	1	#	4	#	#	火男技能1	
100202	26	0	4#3#5006#g1008_skill_firerange.effect#1	范围攻击：距离#伤害#命中buffId#爆炸特效#特效时间	1	#	4	#	#	火男技能2	
100203	38	0	2	加血：恢复值	1	#	3	#	#	火男技能3
100204	27	0	100201#6	减少cd：技能Id#减少值（秒）	1	#	4	#	#	火男技能4	
100301	33	0	11#0	创建怪物：怪物id#生成距离	1	#	4	#	#	骷髅技能1	
100302	11	60	15	加移速：(50=100%)	1	#	4	g1008_genius_speedup.effect	#	骷髅技能2	
100303	34	#	3#5#8#5007#g1071_skill_passive_skeletonshooter_02.effect#3	定时炸弹:延迟（秒）#爆炸范围#伤害#命中BuffId#特效#特效时间	1	#	4	#	#	骷髅技能3	
100304	35	#	5#commonDamageFixedValue#1#3	物品数量#属性key#增加值#最大增加值	1	#	4	#	#	骷髅技能3	
100401	24	0	g1071_skill_active_hunter.effect#30#20#2.5#6#5003#1#0#1	创建子弹：子弹特效#距离#速度#大小#伤害#击中添加buffId#碰撞消失#破坏方块#摄像机方向发射	1	#	4	#	#	狼人技能1	
100402	33	0	12#0	创建怪物：怪物id#生成距离#攻击动作	1	#	4	#	#	狼人技能2	
100403	37	120	5001#5009	中毒+减疗	1	#	4	#	#	狼人技能3	
100404	5	0	3#1	加血：恢复值#恢复间隔（帧）	1	#	4	#	#	狼人技能3	
