Id	GroupId	TitleImageFile
活动id	物品组	标题图集
Id	GroupId	TitleImageFile
1005	106	game_activity_limit_discount
1013	107	game_activity_limit_discount
1024	108	game_activity_limit_discount
1025	109	game_activity_limit_discount
1026	110	game_activity_limit_discount
1028	111	game_activity_limit_discount
1029	112	game_activity_limit_discount
1031	113	game_activity_limit_discount
1032	114	game_activity_limit_discount
1033	115	game_activity_limit_discount
1036	116	game_activity_limit_discount
1037	117	game_activity_limit_discount
1041	118	game_activity_limit_discount
1042	119	game_activity_limit_discount
1044	120	game_activity_limit_discount
1045	121	game_activity_limit_discount
1047	122	game_activity_limit_discount
1048	123	game_activity_limit_discount
1051	124	game_activity_limit_discount
1053	125	game_activity_limit_discount
1055	126	game_activity_limit_discount
1056	127	game_activity_limit_discount
1060	128	game_activity_limit_discount
1063	129	game_activity_limit_discount
1066	130	game_activity_limit_discount
1069	131	game_activity_limit_discount
1071	132	game_activity_limit_discount
1073	133	game_activity_limit_discount
1076	134	game_activity_limit_discount
