ActionState	Unnamed: 1	Occupation	HoldItemId	Unnamed: 4	SkillName
状态(<1000的是下半身动作，1000及以上是上半身动作)	备注	玩家职业（供有选职业的游戏使用，默认0）	手持物品Id	手持物品Id说明	对应的动作
20	AS_FLY_GLIDE:滑翔降落	0	0	无或者非特定物品	paragliders
19	AS_FLY：飞行	1	0	无或者非特定物品	paragliders
19	跳跃特效	12	0	无或者非特定物品	suit_01_jump_iron
18	跳跃特效	12	0	无或者非特定物品	suit_01_jump_iron
19	跳跃特效	13	0	无或者非特定物品	suit_01_jump_gold
18	跳跃特效	13	0	无或者非特定物品	suit_01_jump_gold
19	跳跃特效	14	0	无或者非特定物品	suit_01_jump_emerald
18	跳跃特效	14	0	无或者非特定物品	suit_01_jump_emerald
14	AS_FLY_03:跳伞降落	0	0	无或者非特定物品	fly03
