ActorName	Width	Length	Height	Scale	Remark
Actor文件名	宽度（>0）	长度（>0）	高度（>0）	缩放	备注信息
g1008_npc_zhuye.actor	1	1	3.2		个人主页
g1008_npc_lvjiangshi.actor	1	1	3.5		宝箱商人
g1008_npc_kulou.actor	1	1	4		荣耀排行榜
g1008_npc_fashi.actor	1	1	3		符文商人
g1008_npc_kaishi.actor	1	1	4		开始游戏
g1008_npc_solo.actor	1	1	3		单人
g1008_npc_dou.actor	1	1	3.2		双人
g1008_npc_rank.actor	1	1	4		排位
g1008_wsj_cj_model_spring.actor	1	1	0.3		万圣节大厅弹簧
g1046_mini_game_03_grass.actor	3.1	3.1	0.2		玻璃
g1046_mini_game_03_platform.actor	10	14	0.3		平台玻璃
g1008_npc_kaishi_halloween.actor	1	1	4		开始游戏(万圣节)
g1008_npc_solo_halloween.actor	1	1	3		单人(万圣节)
g1008_npc_dou_halloween.actor	1	1	3.2		双人(万圣节)
g1008_npc_rank_halloween.actor	1	1	4		排位(万圣节)
g1008_Xmas_lancheyizi.actor	4	4	8		圣诞节大厅缆车座椅
g1008_xmas_npc_fireworks_1.actor	4	4	5		烟花商人
g1008_xmas_npc_divination_1.actor	4	4	5		回溯珍珠商人
g1008_xmas_npc_salute_1.actor	4	4	5		彩炮商人
g1008_npc_kaishi_xmas.actor	1	1	4		开始游戏(圣诞节)
g1008_npc_solo_xmas.actor	1	1	3		单人(圣诞节)
g1008_npc_dou_xmas.actor	1	1	3.2		双人(圣诞节)
g1008_npc_rank_xmas.actor	1	1	4		排位(圣诞节)
g1008_diamond.actor	1	1	2.4		钻石资源点
g1008_radar.actor	0.75	0.75	0.7		雷达
585.item	1	1	0.7		伪装地雷
g1008_traps.actor	1	1	0.7		冰冻夹子
g1008_camouflage_double_red.actor	0.75	0.75	2		替身傀儡1
g1008_camouflage_double_blue.actor	0.75	0.75	2		替身傀儡2
g1008_camouflage_double_green.actor	0.75	0.75	2		替身傀儡3
g1008_camouflage_double_yellow.actor	0.75	0.75	2		替身傀儡4
g1008_camouflage_double_cyan.actor	0.75	0.75	2		替身傀儡5
g1008_camouflage_double_white.actor	0.75	0.75	2		替身傀儡6
g1008_camouflage_double_pink.actor	0.75	0.75	2		替身傀儡7
g1008_camouflage_double_gray.actor	0.75	0.75	2		替身傀儡8
g1008_props_banana.actor	1	1	0.7		香蕉皮
g1008_effigy_01.actor	1	1	2.3		雕像 
g1008_legendary_props_scarecrow.actor	1	1	2		稻草人
