唯一Id	模型资源名	坐骑buff	坐骑buff多语言	第一人称缩放	商店出场动作	个性动作	坐骑idle	玩家骑乘状态下的待机	玩家双持骑乘状态下的待机	坐骑走动作	玩家走动作	玩家双持走动作	坐骑跑动作	玩家跑动作	玩家跑动作	坐骑跳跃	玩家跳跃	坐骑深蹲	玩家深蹲	玩家双持深蹲	玩家深蹲走路	坐骑挥动武器	玩家挥动武器	坐骑射箭蓄力	玩家射箭蓄力	坐骑射箭蓄力	玩家射箭蓄力	坐骑死亡	玩家死亡	玩家钓鱼杆攻击动作	玩家开始吃东西动作	玩家结束吃东西动作
n_id	s_actor_name	n_buff_id	s_buff_desc	n_first_actor_scale	s_show_anim	s_custom_anim	s_mount_idle	s_ride_player_idle1	s_ride_player_idle2	s_mount_walk	s_player_walk	s_player_dual_walk	s_mount_run	s_player_run	s_player_dual_run	s_mount_jump	s_player_jump	s_mount_sneak	s_player_sneak	s_player_dual_sneak	s_player_walk_sneak	s_mount_attack	s_player_attack	s_mount_shoot1	s_player_shoot1	s_mount_shoot2	s_player_shoot2	s_mount_death	s_player_death	s_player_fishing_attack	s_player_eat	s_player_eat_end
101	g1008_mount_01.actor	3000	mount_01_buff	0.85	mount_show	mount_taunt	mount_single_idle	ride_single_idle	ride_dual_idle	mount_walk	ride_single_idle	ride_single_idle	mount_run	ride_single_idle	ride_dual_idle	mount_jump_1#mount_jump_2#mount_single_idle	ride_jump_1#ride_jump_2#ride_jump_3	mount_single_idle	ride_squat_1	ride_squat_1	ride_squat_2	mount_attack	ride_attack	mount_arrow_1	ride_arrow_1	mount_arrow_3	ride_arrow_3	mount_dead	ride_dead	ride_attack	ride_eat	ride_eat
102	g1008_mount_02.actor	3001	mount_02_buff	0.85	mount_show	mount_taunt	mount_single_idle	ride_single_idle	ride_dual_idle	mount_walk	ride_single_idle	ride_single_idle	mount_run	ride_single_idle	ride_dual_idle	mount_jump_1#mount_jump_2#mount_single_idle	ride_jump_1#ride_jump_2#ride_jump_3	mount_single_idle	ride_squat_1	ride_squat_1	ride_squat_2	mount_attack	ride_attack	mount_arrow_1	ride_arrow_1	mount_arrow_3	ride_arrow_3	mount_dead	ride_dead	ride_attack	ride_eat	ride_eat
103	g1008_mount_03.actor	3002	mount_03_buff	0.85	mount_show	mount_taunt	mount_single_idle	ride_single_idle	ride_dual_idle	mount_walk	ride_single_idle	ride_single_idle	mount_run	ride_single_idle	ride_dual_idle	mount_jump_1#mount_jump_2#mount_single_idle	ride_jump_1#ride_jump_2#ride_jump_3	mount_single_idle	ride_squat_1	ride_squat_1	ride_squat_2	mount_attack	ride_attack	mount_arrow_1	ride_arrow_1	mount_arrow_3	ride_arrow_3	mount_dead	ride_dead	ride_attack	ride_eat	ride_eat
104	g1008_mount_04.actor	3001	mount_02_buff	0.85	mount_show	mount_taunt	mount_single_idle	ride_single_idle	ride_dual_idle	mount_walk	ride_single_idle	ride_single_idle	mount_run	ride_single_idle	ride_dual_idle	mount_jump_1#mount_jump_2#mount_single_idle	ride_jump_1#ride_jump_2#ride_jump_3	mount_single_idle	ride_squat_1	ride_squat_1	ride_squat_2	mount_attack	ride_attack	mount_arrow_1	ride_arrow_1	mount_arrow_3	ride_arrow_3	mount_dead	ride_dead	ride_attack	ride_eat	ride_eat
105	g1008_mount_05.actor	3002	mount_03_buff	0.85	mount_show	mount_taunt	mount_single_idle	ride_single_idle	ride_dual_idle	mount_walk	ride_single_idle	ride_single_idle	mount_run	ride_single_idle	ride_dual_idle	mount_jump_2	ride_jump_1#ride_jump_2#ride_jump_3	mount_single_idle	ride_squat_1	ride_squat_1	ride_squat_2	mount_attack	ride_attack	mount_arrow_1	ride_arrow_1	mount_arrow_3	ride_arrow_3	mount_dead	ride_dead	ride_attack	ride_eat	ride_eat
106	g1008_mount_06.actor	3011	mount_04_buff	0.85	mount_show	mount_taunt	mount_single_idle	ride_single_idle	ride_dual_idle	mount_walk	ride_single_idle	ride_single_idle	mount_run	ride_single_idle	ride_dual_idle	mount_jump_1#mount_jump_2#mount_single_idle	ride_jump_1#ride_jump_2#ride_jump_3	mount_single_idle	ride_squat_1	ride_squat_1	ride_squat_2	mount_attack	ride_attack	mount_arrow_1	ride_arrow_1	mount_arrow_3	ride_arrow_3	mount_dead	ride_dead	ride_attack	ride_eat	ride_eat
107	g1008_mount_07.actor	3002	mount_03_buff	0.85	mount_show	mount_taunt	mount_single_idle	ride_single_idle	ride_dual_idle	mount_walk	ride_single_idle	ride_single_idle	mount_run	ride_single_idle	ride_dual_idle	mount_jump_1#mount_jump_2#mount_single_idle	ride_jump_1#ride_jump_2#ride_jump_3	mount_single_idle	ride_squat_1	ride_squat_1	ride_squat_2	mount_attack	ride_attack	mount_arrow_1	ride_arrow_1	mount_arrow_3	ride_arrow_3	mount_dead	ride_dead	ride_attack	ride_eat	ride_eat
108	g1008_mounts_5_1.actor	3067	#	0.85	#	run	idle	ride_5_2	ride_5_4	g1008_mount_01_walk	g1008_mount_02_walk	ride_single_idle	run	ride_5	ride_single_idle	#	jump2	#	sneak	sneak	#	#	attack2	aim2	aim2	aim3	aim3	#	#	ride_attack	#	#
109	g1008_mounts_5_1.actor	3067	#	0.85	#	run	idle	ride_5_2	ride_5_4	g1008_mount_01_walk	g1008_mount_02_walk	ride_single_idle	run	ride_5	ride_single_idle	#	jump2	#	sneak	sneak	#	#	attack2	aim2	aim2	aim3	aim3	#	#	ride_attack	#	#
110	g1008_mounts_5_1.actor	3067	#	0.85	#	run	idle	ride_5_2	ride_5_4	g1008_mount_01_walk	g1008_mount_02_walk	ride_single_idle	run	ride_5	ride_single_idle	#	jump2	#	sneak	sneak	#	#	attack2	aim2	aim2	aim3	aim3	#	#	ride_attack	#	#
111	g1008_mounts_5_1.actor	3067	#	0.85	#	run	idle	ride_5_2	ride_5_4	g1008_mount_01_walk	g1008_mount_02_walk	ride_single_idle	run	ride_5	ride_single_idle	#	jump2	#	sneak	sneak	#	#	attack2	aim2	aim2	aim3	aim3	#	#	ride_attack	#	#
112	g1008_mounts_5_1.actor	3067	#	0.85	#	run	idle	ride_5_2	ride_5_4	g1008_mount_01_walk	g1008_mount_02_walk	ride_single_idle	run	ride_5	ride_single_idle	#	jump2	#	sneak	sneak	#	#	attack2	aim2	aim2	aim3	aim3	#	#	ride_attack	#	#
113	g1008_mounts_5_1.actor	3067	#	0.85	#	run	idle	ride_5_2	ride_5_4	g1008_mount_01_walk	g1008_mount_02_walk	ride_single_idle	run	ride_5	ride_single_idle	#	jump2	#	sneak	sneak	#	#	attack2	aim2	aim2	aim3	aim3	#	#	ride_attack	#	#
