索引	分数区间	等级标志	图标	钥匙加成	经验加成	是否可以参加排位	无挂机加分	无逃跑加分	挂机扣分	逃跑扣分
index	scoreInterval	level	icon	keyBuff	expBuff	isCanQualifying	noNegativeScore	noEscapeScore	negativeScore	escapeScore
1	0#49	C	set:bed_war_credit_score.json image:img_0_lettres_c	-1	0.8	0	2	5	-2	-4
2	50#89	B	set:bed_war_credit_score.json image:img_0_lettres_b	0	1	0	2	5	-4	-8
3	90#199	A	set:bed_war_credit_score.json image:img_0_lettres_a	0	1.1	1	2	5	-5	-10
4	200#399	A+	set:bed_war_credit_score.json image:img_0_lettres_a+	0	1.2	1	2	5	-10	-20
5	400#500	S	set:bed_war_credit_score.json image:img_0_lettres_s	1	1.5	1	2	5	-15	-30
