Id	ItemId	TabType	OldItemId	NewCustomId	Name	Image	LockImage	Actor	BodyId	ModelActorBody	ModelActorBodyId	ChipImg	Icon	PriceType	Price	LockTip	Describe	HasGet	SortWeight	UnlockLevel	备注	备注.2	Unnamed: 23	Unnamed: 24
装扮ID	装扮ItemId	装扮类型	物品ItemId	新定制商店的Id	装扮名称	装扮图片	装扮黑图	装扮模型	BodyId	人物装扮组件	人物装扮组件BodyId	装扮碎片图片	装扮类型图标	价格类型	价格	未解锁提示语	描述	默认拥有	排序权重	解锁等级	装扮名称	描述		
Id	ItemId	TabType	OldItemId	NewCustomId	Name	Image	LockImage	Actor	BodyId	ModelActorBody	ModelActorBodyId	ChipImg	Icon	PriceType	Price	LockTip	Describe	HasGet	SortWeight	UnlockLevel				
2077	2077	1	268	1010001	DressSetting_name_1010001	set:dress_shop.json image:g1008_sword_01_b	set:dress_shop.json image:g1008_sword_01_b_lock	g1008_skin.actor	g1008_sword_01	gun	g1008_sword_01.mesh	set:dress_shop.json image:g1008_sword_01_b_chip	set:dress_shop.json image:sword_groove	4	30	DressSetting_unlock	DressSetting_desc_1010001	0	9899	1	勇士木剑	木剑		皮肤装扮内容
2078	2078	1	268	1010002	DressSetting_name_1010002	set:dress_shop.json image:g1008_sword_02_b	set:dress_shop.json image:g1008_sword_02_b_lock	g1008_skin.actor	g1008_sword_02	gun	g1008_sword_02.mesh	set:dress_shop.json image:g1008_sword_02_b_chip	set:dress_shop.json image:sword_groove	4	30	DressSetting_unlock	DressSetting_desc_1010002	0	9898	1	流浪者之剑	木剑		
2079	2079	1	268	1010003	DressSetting_name_1010003	set:dress_shop.json image:g1008_sword_03_b	set:dress_shop.json image:g1008_sword_03_b_lock	g1008_skin.actor	g1008_sword_03	gun	g1008_sword_03.mesh	set:dress_shop.json image:g1008_sword_03_b_chip	set:dress_shop.json image:sword_groove	4	30	DressSetting_unlock	DressSetting_desc_1010003	0	9897	1	毒刺木剑	木剑		新定制商店ID
2080	2080	1	267	1020001	DressSetting_name_1020001	set:dress_shop.json image:g1008_sword_04_b	set:dress_shop.json image:g1008_sword_04_b_lock	g1008_skin.actor	g1008_sword_04	gun	g1008_sword_04.mesh	set:dress_shop.json image:g1008_sword_04_b_chip	set:dress_shop.json image:sword_groove	4	50	DressSetting_unlock	DressSetting_desc_1020001	0	9896	1	巨刃	铁剑		用于配置通用碎片价格
2081	2081	1	267	1020002	DressSetting_name_1020002	set:dress_shop.json image:g1008_sword_05_b	set:dress_shop.json image:g1008_sword_05_b_lock	g1008_skin.actor	g1008_sword_05	gun	g1008_sword_05.mesh	set:dress_shop.json image:g1008_sword_05_b_chip	set:dress_shop.json image:sword_groove	4	50	DressSetting_unlock	DressSetting_desc_1020002	0	9895	1	锯齿	铁剑		关联配置表
2082	2082	1	267	1020003	DressSetting_name_1020003	set:dress_shop.json image:g1008_sword_06_b	set:dress_shop.json image:g1008_sword_06_b_lock	g1008_skin.actor	g1008_sword_06	gun	g1008_sword_06.mesh	set:dress_shop.json image:g1008_sword_06_b_chip	set:dress_shop.json image:sword_groove	4	50	DressSetting_unlock	DressSetting_desc_1020003	0	9894	1	斩首刀	铁剑		CustomShopGoods
2083	2083	1	283	1030001	DressSetting_name_1030001	set:dress_shop.json image:g1008_sword_07_b	set:dress_shop.json image:g1008_sword_07_b_lock	g1008_skin.actor	g1008_sword_07	gun	g1008_sword_07.mesh	set:dress_shop.json image:g1008_sword_07_b_chip	set:dress_shop.json image:sword_groove	4	80	DressSetting_unlock	DressSetting_desc_1030001	0	9893	1	金色荣耀	黄金剑		
2084	2084	1	283	1030002	DressSetting_name_1030002	set:dress_shop.json image:g1008_sword_08_b	set:dress_shop.json image:g1008_sword_08_b_lock	g1008_skin.actor	g1008_sword_08	gun	g1008_sword_08.mesh	set:dress_shop.json image:g1008_sword_08_b_chip	set:dress_shop.json image:sword_groove	4	80	DressSetting_unlock	DressSetting_desc_1030002	0	9892	1	黄金斩首刀	黄金剑		
2085	2085	1	283	1030003	DressSetting_name_1030003	set:dress_shop.json image:g1008_sword_09_b	set:dress_shop.json image:g1008_sword_09_b_lock	g1008_skin.actor	g1008_sword_09	gun	g1008_sword_09.mesh	set:dress_shop.json image:g1008_sword_09_b_chip	set:dress_shop.json image:sword_groove	4	80	DressSetting_unlock	DressSetting_desc_1030003	0	9891	1	誓约胜利之剑	黄金剑		
2086	2086	1	276	1040001	DressSetting_name_1040001	set:dress_shop.json image:g1008_sword_10_b	set:dress_shop.json image:g1008_sword_10_b_lock	g1008_skin.actor	g1008_sword_10	gun	g1008_sword_10.mesh	set:dress_shop.json image:g1008_sword_10_b_chip	set:dress_shop.json image:sword_groove	4	100	DressSetting_unlock	DressSetting_desc_1040001	0	9890	1	圣骑士枪	钻石剑		
2087	2087	1	276	1040002	DressSetting_name_1040002	set:dress_shop.json image:g1008_sword_11_b	set:dress_shop.json image:g1008_sword_11_b_lock	g1008_skin.actor	g1008_sword_11	gun	g1008_sword_11.mesh	set:dress_shop.json image:g1008_sword_11_b_chip	set:dress_shop.json image:sword_groove	4	100	DressSetting_unlock	DressSetting_desc_1040002	0	9889	1	璀璨水晶	钻石剑		
2088	2088	1	276	1040003	DressSetting_name_1040003	set:dress_shop.json image:g1008_sword_12_b	set:dress_shop.json image:g1008_sword_12_b_lock	g1008_skin.actor	g1008_sword_12	gun	g1008_sword_12.mesh	set:dress_shop.json image:g1008_sword_12_b_chip	set:dress_shop.json image:sword_groove	4	100	DressSetting_unlock	DressSetting_desc_1040003	0	9888	1	钻石星辰剑	钻石剑		
2089	2089	1	268	1010004	DressSetting_name_1010004	set:dress_shop.json image:g1008_sword_13_b	set:dress_shop.json image:g1008_sword_13_b_lock	g1008_skin.actor	g1008_sword_13	gun	g1008_sword_13.mesh	set:dress_shop.json image:g1008_sword_13_b_chip	set:dress_shop.json image:sword_groove	4	80	DressSetting_unlock	DressSetting_desc_1010004	0	9487	1	红缎带木剑	木剑		
2090	2090	1	268	1010005	DressSetting_name_1010005	set:dress_shop.json image:g1008_sword_14_b	set:dress_shop.json image:g1008_sword_14_b_lock	g1008_skin.actor	g1008_sword_14	gun	g1008_sword_14.mesh	set:dress_shop.json image:g1008_sword_14_b_chip	set:dress_shop.json image:sword_groove	4	100	DressSetting_unlock	DressSetting_desc_1010005	0	9286	1	鲨鱼之刃	木剑		
2091	2091	1	268	1010006	DressSetting_name_1010006	set:dress_shop.json image:g1008_sword_15_b	set:dress_shop.json image:g1008_sword_15_b_lock	g1008_skin.actor	g1008_sword_15	gun	g1008_sword_15.mesh	set:dress_shop.json image:g1008_sword_15_b_chip	set:dress_shop.json image:sword_groove	4	120	DressSetting_unlock	DressSetting_desc_1010006	0	9085	1	刺客木刃	木剑		
2092	2092	1	267	1020004	DressSetting_name_1020004	set:dress_shop.json image:g1008_sword_16_b	set:dress_shop.json image:g1008_sword_16_b_lock	g1008_skin.actor	g1008_sword_16	gun	g1008_sword_16.mesh	set:dress_shop.json image:g1008_sword_16_b_chip	set:dress_shop.json image:sword_groove	4	80	DressSetting_unlock	DressSetting_desc_1020004	0	9684	1	合金大剑	铁剑		
2093	2093	1	267	1020005	DressSetting_name_1020005	set:dress_shop.json image:g1008_sword_17_b	set:dress_shop.json image:g1008_sword_17_b_lock	g1008_skin.actor	g1008_sword_17	gun	g1008_sword_17.mesh	set:dress_shop.json image:g1008_sword_17_b_chip	set:dress_shop.json image:sword_groove	4	100	DressSetting_unlock	DressSetting_desc_1020005	0	9483	1	幽灵剑	铁剑		
2094	2094	1	267	1020006	DressSetting_name_1020006	set:dress_shop.json image:g1008_sword_18_b	set:dress_shop.json image:g1008_sword_18_b_lock	g1008_skin.actor	g1008_sword_18	gun	g1008_sword_18.mesh	set:dress_shop.json image:g1008_sword_18_b_chip	set:dress_shop.json image:sword_groove	4	120	DressSetting_unlock	DressSetting_desc_1020006	0	9282	1	蔚蓝陨石剑	铁剑		
2095	2095	1	283	1030004	DressSetting_name_1030004	set:dress_shop.json image:g1008_sword_19_b	set:dress_shop.json image:g1008_sword_19_b_lock	g1008_skin.actor	g1008_sword_19	gun	g1008_sword_19.mesh	set:dress_shop.json image:g1008_sword_19_b_chip	set:dress_shop.json image:sword_groove	4	80	DressSetting_unlock	DressSetting_desc_1030004	0	9281	1	沙皇弯刀	黄金剑		
2096	2096	1	283	1030005	DressSetting_name_1030005	set:dress_shop.json image:g1008_sword_20_b	set:dress_shop.json image:g1008_sword_20_b_lock	g1008_skin.actor	g1008_sword_20	gun	g1008_sword_20.mesh	set:dress_shop.json image:g1008_sword_20_b_chip	set:dress_shop.json image:sword_groove	4	100	DressSetting_unlock	DressSetting_desc_1030005	0	9080	1	充能战刃	黄金剑		
2076	2076	1	283	1030006	DressSetting_name_1030006	set:dress_shop.json image:g1008_sword_21_b	set:dress_shop.json image:g1008_sword_21_b_lock	g1008_skin.actor	g1008_sword_21	gun	g1008_sword_21.mesh	set:dress_shop.json image:g1008_sword_21_b_chip	set:dress_shop.json image:sword_groove	4	120	DressSetting_unlock	DressSetting_desc_1030006	0	8879	1	流氓皇帝	黄金剑		
2282	2282	1	268	1010007	DressSetting_name_1010007	set:dress_shop.json image:g1008_sword_22_b	set:dress_shop.json image:g1008_sword_19_b_lock	g1008_skin.actor	g1008_sword_22	gun	g1008_sword_22.mesh	set:dress_shop.json image:g1008_sword_18_b_chip	set:dress_shop.json image:sword_groove	4	120	DressSetting_unlock	DressSetting_desc_1010007	0	9084	1	剑鱼	木剑		
2283	2283	1	283	1030008	DressSetting_name_1030008	set:dress_shop.json image:g1008_sword_23_b	set:dress_shop.json image:g1008_sword_19_b_lock	g1008_skin.actor	g1008_sword_23	gun	g1008_sword_23.mesh	set:dress_shop.json image:g1008_sword_19_b_chip	set:dress_shop.json image:sword_groove	4	120	DressSetting_unlock	DressSetting_desc_1030008	0	9084	1	教会之枪	铁剑		
2284	2284	1	276	1040004	DressSetting_name_1040004	set:dress_shop.json image:g1008_sword_24_b	set:dress_shop.json image:g1008_sword_20_b_lock	g1008_skin.actor	g1008_sword_24	gun	g1008_sword_24.mesh	set:dress_shop.json image:g1008_sword_20_b_chip	set:dress_shop.json image:sword_groove	4	120	DressSetting_unlock	DressSetting_desc_1040004	0	9887	1	胡萝卜	钻石剑		
2285	2285	1	283	1030007	DressSetting_name_1030007	set:dress_shop.json image:g1008_sword_25_b	set:dress_shop.json image:g1008_sword_21_b_lock	g1008_skin.actor	g1008_sword_25	gun	g1008_sword_25.mesh	set:dress_shop.json image:g1008_sword_21_b_chip	set:dress_shop.json image:sword_groove	4	120	DressSetting_unlock	DressSetting_desc_1030007	0	9079	1	熔岩金剑	金剑		
2299	2299	1	267	1020008	DressSetting_name_1020008	set:dress_shop.json image:g1008_sword_26_b	set:dress_shop.json image:g1008_sword_21_b_lock	g1008_skin.actor	g1008_sword_26	gun	g1008_sword_26.mesh	set:dress_shop.json image:g1008_sword_26_b_chip	set:dress_shop.json image:sword_groove	4	120	DressSetting_unlock	DressSetting_desc_1020008	0	9078	1	像素铁剑	铁剑		
4200	4200	1	276	1040005	DressSetting_name_1040005	set:dress_shop.json image:g1008_sword_27_b	set:dress_shop.json image:g1008_sword_21_b_lock	g1008_skin.actor	g1008_sword_27	gun	g1008_sword_27.mesh	set:dress_shop.json image:g1008_sword_26_b_chip	set:dress_shop.json image:sword_groove	4	120	DressSetting_unlock	DressSetting_desc_1040005	0	9077	1	鲨鱼	钻石剑		
2097	2097	3	271	2010001	DressSetting_name_2010001	set:dress_shop.json image:g1008_axe_01_b	set:dress_shop.json image:g1008_axe_01_b_lock	g1008_skin.actor	g1008_axe_01	gun	g1008_axe_01.mesh	set:dress_shop.json image:g1008_axe_01_b_chip	set:dress_shop.json image:axe_groove	4	60	DressSetting_unlock	DressSetting_desc_2010001	0	9878	1	流浪者之斧	木斧		
2098	2098	3	271	2010002	DressSetting_name_2010002	set:dress_shop.json image:g1008_axe_02_b	set:dress_shop.json image:g1008_axe_02_b_lock	g1008_skin.actor	g1008_axe_02	gun	g1008_axe_02.mesh	set:dress_shop.json image:g1008_axe_02_b_chip	set:dress_shop.json image:axe_groove	4	70	DressSetting_unlock	DressSetting_desc_2010002	0	9877	1	角斗者之斧	木斧		
2099	2099	3	271	2010003	DressSetting_name_2010003	set:dress_shop.json image:g1008_axe_03_b	set:dress_shop.json image:g1008_axe_03_b_lock	g1008_skin.actor	g1008_axe_03	gun	g1008_axe_03.mesh	set:dress_shop.json image:g1008_axe_03_b_chip	set:dress_shop.json image:axe_groove	4	80	DressSetting_unlock	DressSetting_desc_2010003	0	9876	1	双刃斧	木斧		
2100	2100	3	258	2020001	DressSetting_name_2020001	set:dress_shop.json image:g1008_axe_04_b	set:dress_shop.json image:g1008_axe_04_b_lock	g1008_skin.actor	g1008_axe_04	gun	g1008_axe_04.mesh	set:dress_shop.json image:g1008_axe_04_b_chip	set:dress_shop.json image:axe_groove	4	60	DressSetting_unlock	DressSetting_desc_2020001	0	9875	1	铁碎牙	铁斧		
2101	2101	3	258	2020002	DressSetting_name_2020002	set:dress_shop.json image:g1008_axe_05_b	set:dress_shop.json image:g1008_axe_05_b_lock	g1008_skin.actor	g1008_axe_05	gun	g1008_axe_05.mesh	set:dress_shop.json image:g1008_axe_05_b_chip	set:dress_shop.json image:axe_groove	4	70	DressSetting_unlock	DressSetting_desc_2020002	0	9874	1	碎颅者	铁斧		
2102	2102	3	258	2020003	DressSetting_name_2020003	set:dress_shop.json image:g1008_axe_06_b	set:dress_shop.json image:g1008_axe_06_b_lock	g1008_skin.actor	g1008_axe_06	gun	g1008_axe_06.mesh	set:dress_shop.json image:g1008_axe_06_b_chip	set:dress_shop.json image:axe_groove	4	100	DressSetting_unlock	DressSetting_desc_2020003	0	9673	1	豪杰大斧	铁斧		
2103	2103	3	279	2040001	DressSetting_name_2040001	set:dress_shop.json image:g1008_axe_07_b	set:dress_shop.json image:g1008_axe_07_b_lock	g1008_skin.actor	g1008_axe_07	gun	g1008_axe_07.mesh	set:dress_shop.json image:g1008_axe_07_b_chip	set:dress_shop.json image:axe_groove	4	80	DressSetting_unlock	DressSetting_desc_2040001	0	9672	1	女武神之斧	钻石斧		
2104	2104	3	279	2040002	DressSetting_name_2040002	set:dress_shop.json image:g1008_axe_08_b	set:dress_shop.json image:g1008_axe_08_b_lock	g1008_skin.actor	g1008_axe_08	gun	g1008_axe_08.mesh	set:dress_shop.json image:g1008_axe_08_b_chip	set:dress_shop.json image:axe_groove	4	100	DressSetting_unlock	DressSetting_desc_2040002	0	9471	1	巨灵	钻石斧		
2105	2105	3	279	2040003	DressSetting_name_2040003	set:dress_shop.json image:g1008_axe_09_b	set:dress_shop.json image:g1008_axe_09_b_lock	g1008_skin.actor	g1008_axe_09	gun	g1008_axe_09.mesh	set:dress_shop.json image:g1008_axe_09_b_chip	set:dress_shop.json image:axe_groove	4	120	DressSetting_unlock	DressSetting_desc_2040003	0	8870	1	诸神黄昏	钻石斧		
2106	2106	3	286	2030001	DressSetting_name_2030001	set:dress_shop.json image:g1008_axe_10_b	set:dress_shop.json image:g1008_axe_10_b_lock	g1008_skin.actor	g1008_axe_10	gun	g1008_axe_10.mesh	set:dress_shop.json image:g1008_axe_10_b_chip	set:dress_shop.json image:axe_groove	4	120	DressSetting_unlock	DressSetting_desc_2030001	0	9469	1	黄金大赏	黄金斧		
2107	2107	3	286	2030002	DressSetting_name_2030002	set:dress_shop.json image:g1008_axe_11_b	set:dress_shop.json image:g1008_axe_11_b_lock	g1008_skin.actor	g1008_axe_11	gun	g1008_axe_11.mesh	set:dress_shop.json image:g1008_axe_11_b_chip	set:dress_shop.json image:axe_groove	4	60	DressSetting_unlock	DressSetting_desc_2030002	0	9868	1	国王之斧	黄金斧		
2108	2108	3	286	2030003	DressSetting_name_2030003	set:dress_shop.json image:g1008_axe_12_b	set:dress_shop.json image:g1008_axe_12_b_lock	g1008_skin.actor	g1008_axe_12	gun	g1008_axe_12.mesh	set:dress_shop.json image:g1008_axe_12_b_chip	set:dress_shop.json image:axe_groove	4	80	DressSetting_unlock	DressSetting_desc_2030003	0	9667	1	荣耀战斧	黄金斧		
2109	2109	3	258	2020004	DressSetting_name_2020004	set:dress_shop.json image:g1008_axe_16_b	set:dress_shop.json image:g1008_axe_16_b_lock	g1008_skin.actor	g1008_axe_16	gun	g1008_axe_16.mesh	set:dress_shop.json image:g1008_axe_16_b_chip	set:dress_shop.json image:axe_groove	4	100	DressSetting_unlock	DressSetting_desc_2020004	0	9666	1	贵族铁斧	铁斧		
2110	2110	3	258	2020005	DressSetting_name_2020005	set:dress_shop.json image:g1008_axe_17_b	set:dress_shop.json image:g1008_axe_17_b_lock	g1008_skin.actor	g1008_axe_17	gun	g1008_axe_17.mesh	set:dress_shop.json image:g1008_axe_17_b_chip	set:dress_shop.json image:axe_groove	4	120	DressSetting_unlock	DressSetting_desc_2020005	0	9465	1	权杖	铁斧		
2111	2111	3	258	2020006	DressSetting_name_2020006	set:dress_shop.json image:g1008_axe_18_b	set:dress_shop.json image:g1008_axe_18_b_lock	g1008_skin.actor	g1008_axe_18	gun	g1008_axe_18.mesh	set:dress_shop.json image:g1008_axe_18_b_chip	set:dress_shop.json image:axe_groove	4	150	DressSetting_unlock	DressSetting_desc_2020006	0	9264	1	小恶魔之斧	铁斧		
2112	2112	3	279	2040004	DressSetting_name_2040004	set:dress_shop.json image:g1008_axe_19_b	set:dress_shop.json image:g1008_axe_19_b_lock	g1008_skin.actor	g1008_axe_19	gun	g1008_axe_19.mesh	set:dress_shop.json image:g1008_axe_19_b_chip	set:dress_shop.json image:axe_groove	4	150	DressSetting_unlock	DressSetting_desc_2040004	0	9063	1	圣洁大斧	钻石斧		
2113	2113	3	279	2040005	DressSetting_name_2040005	set:dress_shop.json image:g1008_axe_20_b	set:dress_shop.json image:g1008_axe_20_b_lock	g1008_skin.actor	g1008_axe_20	gun	g1008_axe_20.mesh	set:dress_shop.json image:g1008_axe_20_b_chip	set:dress_shop.json image:axe_groove	4	200	DressSetting_unlock	DressSetting_desc_2040005	0	8862	1	神圣独角兽	钻石斧		
2286	2286	3	279	2040006	DressSetting_name_2040006	set:dress_shop.json image:g1008_axe_21_b	set:dress_shop.json image:g1008_axe_16_b_lock	g1008_skin.actor	g1008_axe_21	gun	g1008_axe_21.mesh	set:dress_shop.json image:g1008_axe_16_b_chip	set:dress_shop.json image:axe_groove	4	200	DressSetting_unlock	DressSetting_desc_2040006	0	9470	1	影镰	钻石斧		
2287	2287	3	271	2010004	DressSetting_name_2010004	set:dress_shop.json image:g1008_axe_22_b	set:dress_shop.json image:g1008_axe_17_b_lock	g1008_skin.actor	g1008_axe_22	gun	g1008_axe_22.mesh	set:dress_shop.json image:g1008_axe_17_b_chip	set:dress_shop.json image:axe_groove	4	200	DressSetting_unlock	DressSetting_desc_2010004	0	9876	1	吉他	木斧		
2288	2288	3	286	2030004	DressSetting_name_2030004	set:dress_shop.json image:g1008_axe_23_b	set:dress_shop.json image:g1008_axe_18_b_lock	g1008_skin.actor	g1008_axe_23	gun	g1008_axe_23.mesh	set:dress_shop.json image:g1008_axe_18_b_chip	set:dress_shop.json image:axe_groove	4	200	DressSetting_unlock	DressSetting_desc_2030004	0	9467	1	仙人掌	金斧		
2289	2289	3	271	2010005	DressSetting_name_2010005	set:dress_shop.json image:g1008_axe_24_b	set:dress_shop.json image:g1008_axe_19_b_lock	g1008_skin.actor	g1008_axe_24	gun	g1008_axe_24.mesh	set:dress_shop.json image:g1008_axe_19_b_chip	set:dress_shop.json image:axe_groove	4	200	DressSetting_unlock	DressSetting_desc_2010005	0	9875	1	原始人	木斧		
2290	2290	3	286	2030005	DressSetting_name_2030005	set:dress_shop.json image:g1008_axe_25_b	set:dress_shop.json image:g1008_axe_20_b_lock	g1008_skin.actor	g1008_axe_25	gun	g1008_axe_25.mesh	set:dress_shop.json image:g1008_axe_20_b_chip	set:dress_shop.json image:axe_groove	4	200	DressSetting_unlock	DressSetting_desc_2030005	0	9466	1	熔岩金斧	金斧		
2298	2298	3	258	2020007	DressSetting_name_2020007	set:dress_shop.json image:g1008_axe_26_b	set:dress_shop.json image:g1008_axe_20_b_lock	g1008_skin.actor	g1008_axe_26	gun	g1008_axe_26.mesh	set:dress_shop.json image:g1008_axe_20_b_chip	set:dress_shop.json image:axe_groove	4	200	DressSetting_unlock	DressSetting_desc_2020007	0	9465	1	像素铁斧	铁斧		
2117	2117	4	270	3010001	DressSetting_name_3010001	set:dress_shop.json image:g1008_pickaxe_01_b	set:dress_shop.json image:g1008_pickaxe_01_b_lock	g1008_skin.actor	g1008_pickaxe_01	gun	g1008_pickaxe_01.mesh	set:dress_shop.json image:g1008_pickaxe_01_b_chip	set:dress_shop.json image:pickaxe_groove	4	30	DressSetting_unlock	DressSetting_desc_3010001	0	9861	1	鹤嘴锄	木镐		
2118	2118	4	270	3010002	DressSetting_name_3010002	set:dress_shop.json image:g1008_pickaxe_02_b	set:dress_shop.json image:g1008_pickaxe_02_b_lock	g1008_skin.actor	g1008_pickaxe_02	gun	g1008_pickaxe_02.mesh	set:dress_shop.json image:g1008_pickaxe_02_b_chip	set:dress_shop.json image:pickaxe_groove	4	40	DressSetting_unlock	DressSetting_desc_3010002	0	9860	1	铁柄锄	木镐		
2119	2119	4	270	3010003	DressSetting_name_3010003	set:dress_shop.json image:g1008_pickaxe_03_b	set:dress_shop.json image:g1008_pickaxe_03_b_lock	g1008_skin.actor	g1008_pickaxe_03	gun	g1008_pickaxe_03.mesh	set:dress_shop.json image:g1008_pickaxe_03_b_chip	set:dress_shop.json image:pickaxe_groove	4	40	DressSetting_unlock	DressSetting_desc_3010003	0	9859	1	流浪者之锄	木镐		
2120	2120	4	257	3020001	DressSetting_name_3020001	set:dress_shop.json image:g1008_pickaxe_04_b	set:dress_shop.json image:g1008_pickaxe_04_b_lock	g1008_skin.actor	g1008_pickaxe_04	gun	g1008_pickaxe_04.mesh	set:dress_shop.json image:g1008_pickaxe_04_b_chip	set:dress_shop.json image:pickaxe_groove	4	50	DressSetting_unlock	DressSetting_desc_3020001	0	9858	1	部落铁镐	铁镐		
2121	2121	4	257	3020002	DressSetting_name_3020002	set:dress_shop.json image:g1008_pickaxe_05_b	set:dress_shop.json image:g1008_pickaxe_05_b_lock	g1008_skin.actor	g1008_pickaxe_05	gun	g1008_pickaxe_05.mesh	set:dress_shop.json image:g1008_pickaxe_05_b_chip	set:dress_shop.json image:pickaxe_groove	4	50	DressSetting_unlock	DressSetting_desc_3020002	0	9857	1	铁钩	铁镐		
2122	2122	4	257	3020003	DressSetting_name_3020003	set:dress_shop.json image:g1008_pickaxe_06_b	set:dress_shop.json image:g1008_pickaxe_06_b_lock	g1008_skin.actor	g1008_pickaxe_06	gun	g1008_pickaxe_06.mesh	set:dress_shop.json image:g1008_pickaxe_06_b_chip	set:dress_shop.json image:pickaxe_groove	4	60	DressSetting_unlock	DressSetting_desc_3020003	0	9856	1	噬铁	铁镐		
2123	2123	4	278	3040001	DressSetting_name_3040001	set:dress_shop.json image:g1008_pickaxe_07_b	set:dress_shop.json image:g1008_pickaxe_07_b_lock	g1008_skin.actor	g1008_pickaxe_07	gun	g1008_pickaxe_07.mesh	set:dress_shop.json image:g1008_pickaxe_07_b_chip	set:dress_shop.json image:pickaxe_groove	4	70	DressSetting_unlock	DressSetting_desc_3040001	0	9855	1	圣痕	钻石镐		
2124	2124	4	278	3040002	DressSetting_name_3040002	set:dress_shop.json image:g1008_pickaxe_08_b	set:dress_shop.json image:g1008_pickaxe_08_b_lock	g1008_skin.actor	g1008_pickaxe_08	gun	g1008_pickaxe_08.mesh	set:dress_shop.json image:g1008_pickaxe_08_b_chip	set:dress_shop.json image:pickaxe_groove	4	70	DressSetting_unlock	DressSetting_desc_3040002	0	9854	1	流光	钻石镐		
2125	2125	4	278	3040003	DressSetting_name_3040003	set:dress_shop.json image:g1008_pickaxe_09_b	set:dress_shop.json image:g1008_pickaxe_09_b_lock	g1008_skin.actor	g1008_pickaxe_09	gun	g1008_pickaxe_09.mesh	set:dress_shop.json image:g1008_pickaxe_09_b_chip	set:dress_shop.json image:pickaxe_groove	4	70	DressSetting_unlock	DressSetting_desc_3040003	0	9653	1	逐月	钻石镐		
2126	2126	4	285	3030001	DressSetting_name_3030001	set:dress_shop.json image:g1008_pickaxe_10_b	set:dress_shop.json image:g1008_pickaxe_10_b_lock	g1008_skin.actor	g1008_pickaxe_10	gun	g1008_pickaxe_10.mesh	set:dress_shop.json image:g1008_pickaxe_10_b_chip	set:dress_shop.json image:pickaxe_groove	4	60	DressSetting_unlock	DressSetting_desc_3030001	0	9852	1	黄金矿工	黄金镐		
2127	2127	4	285	3030002	DressSetting_name_3030002	set:dress_shop.json image:g1008_pickaxe_11_b	set:dress_shop.json image:g1008_pickaxe_11_b_lock	g1008_skin.actor	g1008_pickaxe_11	gun	g1008_pickaxe_11.mesh	set:dress_shop.json image:g1008_pickaxe_11_b_chip	set:dress_shop.json image:pickaxe_groove	4	60	DressSetting_unlock	DressSetting_desc_3030002	0	9851	1	粉碎者	黄金镐		
2128	2128	4	285	3030003	DressSetting_name_3030003	set:dress_shop.json image:g1008_pickaxe_12_b	set:dress_shop.json image:g1008_pickaxe_12_b_lock	g1008_skin.actor	g1008_pickaxe_12	gun	g1008_pickaxe_12.mesh	set:dress_shop.json image:g1008_pickaxe_12_b_chip	set:dress_shop.json image:pickaxe_groove	4	60	DressSetting_unlock	DressSetting_desc_3030003	0	9850	1	破坏者	黄金镐		
2129	2129	4	270	3010004	DressSetting_name_3010004	set:dress_shop.json image:g1008_pickaxe_13_b	set:dress_shop.json image:g1008_pickaxe_13_b_lock	g1008_skin.actor	g1008_pickaxe_13	gun	g1008_pickaxe_13.mesh	set:dress_shop.json image:g1008_pickaxe_13_b_chip	set:dress_shop.json image:pickaxe_groove	4	60	DressSetting_unlock	DressSetting_desc_3010004	0	9649	1	啄木鸟	木镐		
2130	2130	4	270	3010005	DressSetting_name_3010005	set:dress_shop.json image:g1008_pickaxe_14_b	set:dress_shop.json image:g1008_pickaxe_14_b_lock	g1008_skin.actor	g1008_pickaxe_14	gun	g1008_pickaxe_14.mesh	set:dress_shop.json image:g1008_pickaxe_14_b_chip	set:dress_shop.json image:pickaxe_groove	4	80	DressSetting_unlock	DressSetting_desc_3010005	0	9648	1	指路者	木镐		
2131	2131	4	270	3010006	DressSetting_name_3010006	set:dress_shop.json image:g1008_pickaxe_15_b	set:dress_shop.json image:g1008_pickaxe_15_b_lock	g1008_skin.actor	g1008_pickaxe_15	gun	g1008_pickaxe_15.mesh	set:dress_shop.json image:g1008_pickaxe_15_b_chip	set:dress_shop.json image:pickaxe_groove	4	80	DressSetting_unlock	DressSetting_desc_3010006	0	9447	1	木锚	木镐		
2132	2132	4	257	3020004	DressSetting_name_3020004	set:dress_shop.json image:g1008_pickaxe_16_b	set:dress_shop.json image:g1008_pickaxe_16_b_lock	g1008_skin.actor	g1008_pickaxe_16	gun	g1008_pickaxe_16.mesh	set:dress_shop.json image:g1008_pickaxe_16_b_chip	set:dress_shop.json image:pickaxe_groove	4	70	DressSetting_unlock	DressSetting_desc_3020004	0	9646	1	铁制啄木鸟	铁镐		
2133	2133	4	257	3020005	DressSetting_name_3020005	set:dress_shop.json image:g1008_pickaxe_17_b	set:dress_shop.json image:g1008_pickaxe_17_b_lock	g1008_skin.actor	g1008_pickaxe_17	gun	g1008_pickaxe_17.mesh	set:dress_shop.json image:g1008_pickaxe_17_b_chip	set:dress_shop.json image:pickaxe_groove	4	90	DressSetting_unlock	DressSetting_desc_3020005	0	9445	1	绿嘴铁镐	铁镐		
2134	2134	4	257	3020006	DressSetting_name_3020006	set:dress_shop.json image:g1008_pickaxe_18_b	set:dress_shop.json image:g1008_pickaxe_18_b_lock	g1008_skin.actor	g1008_pickaxe_18	gun	g1008_pickaxe_18.mesh	set:dress_shop.json image:g1008_pickaxe_18_b_chip	set:dress_shop.json image:pickaxe_groove	4	120	DressSetting_unlock	DressSetting_desc_3020006	0	9244	1	铁镰刀	铁镐		
2135	2135	4	278	3040004	DressSetting_name_3040004	set:dress_shop.json image:g1008_pickaxe_19_b	set:dress_shop.json image:g1008_pickaxe_19_b_lock	g1008_skin.actor	g1008_pickaxe_19	gun	g1008_pickaxe_19.mesh	set:dress_shop.json image:g1008_pickaxe_19_b_chip	set:dress_shop.json image:pickaxe_groove	4	150	DressSetting_unlock	DressSetting_desc_3040004	0	9443	1	水晶组合剑	钻石镐		
2291	2291	4	257	3020007	DressSetting_name_3020007	set:dress_shop.json image:g1008_pickaxe_20_b	set:dress_shop.json image:g1008_pickaxe_16_b_lock	g1008_skin.actor	g1008_pickaxe_20	gun	g1008_pickaxe_20.mesh	set:dress_shop.json image:g1008_pickaxe_20_b_chip	set:dress_shop.json image:pickaxe_groove	4	150	DressSetting_unlock	DressSetting_desc_3020007	0	9243	1	机械镐	铁镐		
2292	2292	4	270	3010007	DressSetting_name_3010007	set:dress_shop.json image:g1008_pickaxe_21_b	set:dress_shop.json image:g1008_pickaxe_16_b_lock	g1008_skin.actor	g1008_pickaxe_21	gun	g1008_pickaxe_21.mesh	set:dress_shop.json image:g1008_pickaxe_21_b_chip	set:dress_shop.json image:pickaxe_groove	4	150	DressSetting_unlock	DressSetting_desc_3010007	0	9446	1	马桶塞	木镐		
2293	2293	4	278	3040005	DressSetting_name_3040005	set:dress_shop.json image:g1008_pickaxe_22_b	set:dress_shop.json image:g1008_pickaxe_16_b_lock	g1008_skin.actor	g1008_pickaxe_22	gun	g1008_pickaxe_22.mesh	set:dress_shop.json image:g1008_pickaxe_22_b_chip	set:dress_shop.json image:pickaxe_groove	4	150	DressSetting_unlock	DressSetting_desc_3040005	0	9442	1	心翼	钻石镐		
2294	2294	4	285	3030004	DressSetting_name_3030004	set:dress_shop.json image:g1008_pickaxe_23_b	set:dress_shop.json image:g1008_pickaxe_19_b_lock	g1008_skin.actor	g1008_pickaxe_24	gun	g1008_pickaxe_24.mesh	set:dress_shop.json image:g1008_pickaxe_24_b_chip	set:dress_shop.json image:pickaxe_groove	4	150	DressSetting_unlock	DressSetting_desc_3030004	0	9849	1	熔岩金镐	金镐		
2297	2297	4	257	3020008	DressSetting_name_3020008	set:dress_shop.json image:g1008_pickaxe_24_b	set:dress_shop.json image:g1008_pickaxe_19_b_lock	g1008_skin.actor	g1008_pickaxe_25	gun	g1008_pickaxe_25.mesh	set:dress_shop.json image:g1008_pickaxe_24_b_chip	set:dress_shop.json image:pickaxe_groove	4	150	DressSetting_unlock	DressSetting_desc_3020008	0	9848	1	像素铁镐	铁镐		
2137	2137	2	261	4010001	DressSetting_name_4010001	set:dress_shop.json image:g1008_bow_01_b	set:dress_shop.json image:g1008_bow_01_b_lock	g1008_skin.actor	g1008_bow_01	gun	g1008_bow_01.mesh	set:dress_shop.json image:g1008_bow_01_b_chip	set:dress_shop.json image:bow_groove	4	150	DressSetting_unlock	DressSetting_desc_4010001	0	9842	1	黄金战弓	初级弓		
2138	2138	2	261	4010002	DressSetting_name_4010002	set:dress_shop.json image:g1008_bow_02_b	set:dress_shop.json image:g1008_bow_02_b_lock	g1008_skin.actor	g1008_bow_02	gun	g1008_bow_02.mesh	set:dress_shop.json image:g1008_bow_02_b_chip	set:dress_shop.json image:bow_groove	4	150	DressSetting_unlock	DressSetting_desc_4010002	0	9641	1	钻石圣弓	中级弓		
2139	2139	2	261	4010003	DressSetting_name_4010003	set:dress_shop.json image:g1008_bow_03_b	set:dress_shop.json image:g1008_bow_03_b_lock	g1008_skin.actor	g1008_bow_03	gun	g1008_bow_03.mesh	set:dress_shop.json image:g1008_bow_03_b_chip	set:dress_shop.json image:bow_groove	4	150	DressSetting_unlock	DressSetting_desc_4010003	0	9440	1	地狱烈焰弓	高级弓		
2296	2296	2	261	4010004	DressSetting_name_4010004	set:dress_shop.json image:g1008_bow_04_b	set:dress_shop.json image:g1008_bow_04_b_lock	g1008_skin.actor	g1008_bow_04	gun	g1008_bow_04.mesh	set:dress_shop.json image:g1008_bow_04_b_chip	set:dress_shop.json image:bow_groove	4	150	DressSetting_unlock	DressSetting_desc_4010004	0	9439	1	熔岩圣弓			
2300	2300	2	261	4010005	DressSetting_name_4010005	set:dress_shop.json image:g1008_bow_05_b	set:dress_shop.json image:g1008_bow_05_b_lock	g1008_skin.actor	g1008_bow_05	gun	g1008_bow_05.mesh	set:dress_shop.json image:g1008_bow_05_b_chip	set:dress_shop.json image:bow_groove	4	150	DressSetting_unlock	DressSetting_desc_4010005	0	9438	1	像素弓			
2265	2265	5	298	5010001	DressSetting_name_5010001	set:dress_shop.json image:g1008_helmet_1_rainbow_b	set:dress_shop.json image:g1008_helmet_1_rainbow_b_lock	g1008_skin.actor	g1008_helmet_1_rainbow	armor_head	g1008_helmet_1_rainbow.mesh	set:dress_shop.json image:g1008_helmet_1_rainbow_b_chip	set:dress_shop.json image:helmet_groove	4	50	DressSetting_unlock	DressSetting_desc_5010001	0	9839	1	七彩铁盔	头盔		
2266	2266	5	298	5010002	DressSetting_name_5010002	set:dress_shop.json image:g1008_helmet_2_rainbow_b	set:dress_shop.json image:g1008_helmet_2_rainbow_b_lock	g1008_skin.actor	g1008_helmet_2_rainbow	armor_head	g1008_helmet_2_rainbow.mesh	set:dress_shop.json image:g1008_helmet_2_rainbow_b_chip	set:dress_shop.json image:helmet_groove	4	80	DressSetting_unlock	DressSetting_desc_5010002	0	9838	1	彩虹兽	头盔		
2271	2271	5	298	5010003	DressSetting_name_5010003	set:dress_shop.json image:g1008_helmet_3_rainbow_b	set:dress_shop.json image:g1008_helmet_3_rainbow_b_lock	g1008_skin.actor	g1008_helmet_3_rainbow	armor_head	g1008_helmet_3_rainbow.mesh	set:dress_shop.json image:g1008_helmet_3_rainbow_b_chip	set:dress_shop.json image:helmet_groove	4	80	DressSetting_unlock	DressSetting_desc_5010003	0	9637	1	机器战士	头盔		
2276	2276	5	298	5010004	DressSetting_name_5010004	set:dress_shop.json image:g1008_helmet_5_rainbow_b	set:dress_shop.json image:g1008_helmet_5_rainbow_b_lock	g1008_skin.actor	g1008_helmet_5_rainbow	armor_head	g1008_helmet_5_rainbow.mesh	set:dress_shop.json image:g1008_helmet_5_rainbow_b_chip	set:dress_shop.json image:helmet_groove	4	100	DressSetting_unlock	DressSetting_desc_5010004	0	9636	1	恐惧头盔	头盔		
2281	2281	5	298	5010005	DressSetting_name_5010005	set:dress_shop.json image:g1008_helmet_6_rainbow_b	set:dress_shop.json image:g1008_helmet_6_rainbow_b_lock	g1008_skin.actor	g1008_helmet_6_rainbow	armor_head	g1008_helmet_6_rainbow.mesh	set:dress_shop.json image:g1008_helmet_6_rainbow_b_chip	set:dress_shop.json image:helmet_groove	4	120	DressSetting_unlock	DressSetting_desc_5010005	0	9435	1	部落勇士	头盔		
901	901	5	298	5010006	DressSetting_name_5010006	set:bedwar_license_reward.json image:g1008_helmet_7_rainbow_b	set:dress_shop.json image:g1008_helmet_6_rainbow_b_lock	g1008_skin.actor	g1008_helmet_7_rainbow	armor_head	g1008_helmet_7_rainbow.mesh	set:bedwar_license_reward.json image:g1008_helmet_7_rainbow_b_chip	set:dress_shop.json image:helmet_groove	4	500	DressSetting_unlock	DressSetting_desc_5010006	0	9999	1	电视机头盔	头盔		
902	902	5	298	5010007	DressSetting_name_5010007	set:bedwar_license_reward.json image:g1008_helmet_8_rainbow_b	set:dress_shop.json image:g1008_helmet_6_rainbow_b_lock	g1008_skin.actor	g1008_helmet_8_rainbow	armor_head	g1008_helmet_8_rainbow.mesh	set:bedwar_license_reward.json image:g1008_helmet_8_rainbow_b_chip	set:dress_shop.json image:helmet_groove	4	700	DressSetting_unlock	DressSetting_desc_5010007	0	9998	1	床霸头盔	头盔		
903	903	5	298	5010008	DressSetting_name_5010008	set:bedwar_license_reward.json image:g1008_helmet_9_rainbow_b	set:dress_shop.json image:g1008_helmet_6_rainbow_b_lock	g1008_skin.actor	g1008_helmet_9_rainbow	armor_head	g1008_helmet_9_rainbow.mesh	set:bedwar_license_reward.json image:g1008_helmet_9_rainbow_b_chip	set:dress_shop.json image:helmet_groove	4	900	DressSetting_unlock	DressSetting_desc_5010008	0	9997	1	食人花头盔	头盔		
904	904	5	298	5010009	DressSetting_name_5010009	set:bedwar_license_reward_season5.json image:g1008_helmet_10_rainbow_b	set:dress_shop.json image:g1008_helmet_6_rainbow_b_lock	g1008_skin.actor	g1008_helmet_10_rainbow	armor_head	g1008_helmet_10_rainbow.mesh	set:bedwar_license_reward.json image:g1008_helmet_10_rainbow_b_chip	set:dress_shop.json image:helmet_groove	4	1000	DressSetting_unlock	DressSetting_desc_5010009	0	9996	1	圣诞头盔	头盔		
905	905	5	298	5010010	DressSetting_name_5010010	set:bedwar_license_reward_season5.json image:g1008_helmet_11_rainbow_b	set:dress_shop.json image:g1008_helmet_6_rainbow_b_lock	g1008_skin.actor	g1008_helmet_11_rainbow	armor_head	g1008_helmet_11_rainbow.mesh	set:bedwar_license_reward.json image:g1008_helmet_11_rainbow_b_chip	set:dress_shop.json image:helmet_groove	4	1000	DressSetting_unlock	DressSetting_desc_5010010	0	9995	1	鲨鱼头盔	头盔		
906	906	5	298	5010011	DressSetting_name_5010011	set:bedwar_license_reward_season5.json image:g1008_helmet_12_rainbow_b	set:dress_shop.json image:g1008_helmet_6_rainbow_b_lock	g1008_skin.actor	g1008_helmet_12_rainbow	armor_head	g1008_helmet_12_rainbow.mesh	set:bedwar_license_reward.json image:g1008_helmet_12_rainbow_b_chip	set:dress_shop.json image:helmet_groove	4	1000	DressSetting_unlock	DressSetting_desc_5010011	0	9994	1	法老头盔	头盔		
907	907	5	298	5010012	DressSetting_name_5010012	set:bedwar_license_reward_season9.json image:g1008_helmet_14_rainbow_b	set:dress_shop.json image:g1008_helmet_6_rainbow_b_lock	g1008_skin.actor	g1008_helmet_14_rainbow	armor_head	g1008_helmet_14_rainbow.mesh	set:bedwar_license_reward.json image:g1008_helmet_14_rainbow_b_chip	set:dress_shop.json image:helmet_groove	4	1200	DressSetting_unlock	DressSetting_desc_5010012	0	9993	1	气泡头盔	头盔		
908	908	5	298	5010013	DressSetting_name_5010013	set:bedwar_license_reward_season10.json image:g1008_helmet_15_rainbow_b	set:dress_shop.json image:g1008_helmet_7_rainbow_b_lock	g1008_skin.actor	g1008_helmet_15_rainbow	armor_head	g1008_helmet_15_rainbow.mesh	set:bedwar_license_reward_season10.json image:g1008_helmet_15_rainbow_b_chip	set:dress_shop.json image:helmet_groove	4	700	DressSetting_unlock	DressSetting_desc_5010013	0	9992	1	蒲公英头盔	头盔		
910	910	5	298	5010015	DressSetting_name_5010015	set:bedwar_license_reward_season10.json image:g1008_helmet_17_rainbow_b	set:dress_shop.json image:g1008_helmet_9_rainbow_b_lock	g1008_skin.actor	g1008_helmet_17_rainbow	armor_head	g1008_helmet_17_rainbow.mesh	set:bedwar_license_reward_season10.json image:g1008_helmet_16_rainbow_b_chip	set:dress_shop.json image:helmet_groove	4	1200	DressSetting_unlock	DressSetting_desc_5010015	0	9990	1	羽箭头盔	头盔		
911	911	5	298	5010016	DressSetting_name_5010016	set:bedwar_license_reward_season10.json image:g1008_helmet_18_rainbow_b	set:dress_shop.json image:g1008_helmet_10_rainbow_b_lock	g1008_skin.actor	g1008_helmet_18_rainbow	armor_head	g1008_helmet_18_rainbow.mesh	set:bedwar_license_reward_season10.json image:g1008_helmet_17_rainbow_b_chip	set:dress_shop.json image:helmet_groove	4	900	DressSetting_unlock	DressSetting_desc_5010016	0	9989	1	斧头头盔	头盔		
912	912	5	298	5010017	DressSetting_name_5010017	set:bedwar_license_reward_season10.json image:g1008_helmet_19_rainbow_b	set:dress_shop.json image:g1008_helmet_11_rainbow_b_lock	g1008_skin.actor	g1008_helmet_19_rainbow	armor_head	g1008_helmet_19_rainbow.mesh	set:bedwar_license_reward_season10.json image:g1008_helmet_18_rainbow_b_chip	set:dress_shop.json image:helmet_groove	4	1200	DressSetting_unlock	DressSetting_desc_5010017	0	9988	1	变色龙	头盔		
913	913	5	298	5010018	DressSetting_name_5010018	set:bedwar_license_reward_season10.json image:g1008_helmet_20_rainbow_b	set:dress_shop.json image:g1008_helmet_6_rainbow_b_lock	g1008_skin.actor	g1008_helmet_20_rainbow	armor_head	g1008_helmet_20_rainbow.mesh	set:bedwar_license_reward_season10.json image:g1008_helmet_18_rainbow_b_chip	set:dress_shop.json image:helmet_groove	4	1200	DressSetting_unlock	DressSetting_desc_5010018	0	9987	1	薯条头盔	头盔		
914	914	5	298	5010019	DressSetting_name_5010019	set:bedwar_license_reward_season10.json image:g1008_helmet_21_rainbow_b	set:dress_shop.json image:g1008_helmet_6_rainbow_b_lock	g1008_skin.actor	g1008_helmet_21_rainbow	armor_head	g1008_helmet_21_rainbow.mesh	set:bedwar_license_reward_season10.json image:g1008_helmet_18_rainbow_b_chip	set:dress_shop.json image:helmet_groove	4	1200	DressSetting_unlock	DressSetting_desc_5010019	0	9986	1	小丑头盔	头盔		
915	915	5	298	5010020	DressSetting_name_5010020	set:bedwar_license_reward_season10.json image:g1008_helmet_22_rainbow_b	set:dress_shop.json image:g1008_helmet_6_rainbow_b_lock	g1008_skin.actor	g1008_helmet_22_rainbow	armor_head	g1008_helmet_22_rainbow.mesh	set:bedwar_license_reward_season10.json image:g1008_helmet_18_rainbow_b_chip	set:dress_shop.json image:helmet_groove	4	1200	DressSetting_unlock	DressSetting_desc_5010020	0	9985	1	飞行头盔	头盔		
916	916	5	298	5010021	DressSetting_name_5010021	set:bedwar_license_reward_season10.json image:g1008_helmet_23_rainbow_b	set:dress_shop.json image:g1008_helmet_7_rainbow_b_lock	g1008_skin.actor	g1008_helmet_23_rainbow	armor_head	g1008_helmet_23_rainbow.mesh	set:bedwar_license_reward_season10.json image:g1008_helmet_18_rainbow_b_chip	set:dress_shop.json image:helmet_groove	4	1200	DressSetting_unlock	DressSetting_desc_5010021	0	9984	1	IQ头盔	头盔		
917	917	5	298	5010022	DressSetting_name_5010022	set:bedwar_license_reward_season10.json image:g1008_helmet_24_rainbow_b	set:dress_shop.json image:g1008_helmet_9_rainbow_b_lock	g1008_skin.actor	g1008_helmet_24_rainbow	armor_head	g1008_helmet_24_rainbow.mesh	set:bedwar_license_reward_season10.json image:g1008_helmet_18_rainbow_b_chip	set:dress_shop.json image:helmet_groove	4	1200	DressSetting_unlock	DressSetting_desc_5010022	0	9983	1	喷气式头盔	头盔		
918	918	5	298	5010023	DressSetting_name_5010023	set:bedwar_license_reward_season10.json image:g1008_helmet_25_rainbow_b	set:dress_shop.json image:g1008_helmet_10_rainbow_b_lock	g1008_skin.actor	g1008_helmet_25_rainbow	armor_head	g1008_helmet_25_rainbow.mesh	set:bedwar_license_reward_season10.json image:g1008_helmet_18_rainbow_b_chip	set:dress_shop.json image:helmet_groove	4	1200	DressSetting_unlock	DressSetting_desc_5010023	0	9982	1	皇冠头盔	头盔		
919	919	5	298	5010024	DressSetting_name_5010024	set:bedwar_license_reward_season10.json image:g1008_helmet_26_rainbow_b	set:dress_shop.json image:g1008_helmet_11_rainbow_b_lock	g1008_skin.actor	g1008_helmet_26_rainbow	armor_head	g1008_helmet_26_rainbow.mesh	set:bedwar_license_reward_season10.json image:g1008_helmet_18_rainbow_b_chip	set:dress_shop.json image:helmet_groove	4	1200	DressSetting_unlock	DressSetting_desc_5010024	0	9981	1	雪糕头盔	头盔		
920	920	5	298	5010025	DressSetting_name_5010025	set:bedwar_license_reward_season12.json image:g1008_helmet_27_rainbow_b	set:dress_shop.json image:g1008_helmet_11_rainbow_b_lock	g1008_skin.actor	g1008_helmet_27_rainbow	armor_head	g1008_helmet_27_rainbow.mesh	set:bedwar_license_reward_season10.json image:g1008_helmet_18_rainbow_b_chip	set:dress_shop.json image:helmet_groove	4	1200	DressSetting_unlock	DressSetting_desc_5010025	0	9980	1	黄金勇士	头盔		
921	921	5	298	5010026	DressSetting_name_5010026	set:bedwar_license_reward_season13.json image:g1008_helmet_28_rainbow_b	set:dress_shop.json image:g1008_helmet_10_rainbow_b_lock	g1008_skin.actor	g1008_helmet_28_rainbow	armor_head	g1008_helmet_28_rainbow.mesh	set:bedwar_license_reward_season10.json image:g1008_helmet_18_rainbow_b_chip	set:dress_shop.json image:helmet_groove	4	1200	DressSetting_unlock	DressSetting_desc_5010026	0	9979	1	test_28	头盔		
922	922	5	298	5010027	DressSetting_name_5010027	set:bedwar_license_reward_season13.json image:g1008_helmet_29_rainbow_b	set:dress_shop.json image:g1008_helmet_11_rainbow_b_lock	g1008_skin.actor	g1008_helmet_29_rainbow	armor_head	g1008_helmet_29_rainbow.mesh	set:bedwar_license_reward_season10.json image:g1008_helmet_18_rainbow_b_chip	set:dress_shop.json image:helmet_groove	4	1200	DressSetting_unlock	DressSetting_desc_5010027	0	9978	1	BM-17	头盔		
923	923	5	298	5010028	DressSetting_name_5010028	set:bedwar_license_reward_season13.json image:g1008_helmet_30_rainbow_b	set:dress_shop.json image:g1008_helmet_11_rainbow_b_lock	g1008_skin.actor	g1008_helmet_30_rainbow	armor_head	g1008_helmet_30_rainbow.mesh	set:bedwar_license_reward_season10.json image:g1008_helmet_18_rainbow_b_chip	set:dress_shop.json image:helmet_groove	4	1200	DressSetting_unlock	DressSetting_desc_5010028	0	9977	1	test_30	头盔		
