ItemId	Icon	Name	MeshName	EffectName	MaxStackSize	ClassName	Params	Unnamed: 8	Unnamed: 9
手持道具Id	对应Item图标	多语言名称	模型	手持特效	堆叠数(不填为默认值)	类型	自定义参数	ch	
270	g1008_props_pickaxe_1	item.item_pickaxe_1	g1008_pickaxe_101.mesh	#		ItemPickaxe	wood	木镐	
257	g1008_props_pickaxe_2	item.item_pickaxe_2	g1008_pickaxe_102.mesh	#		ItemPickaxe	iron	铁镐	
285	g1008_props_pickaxe_3	item.item_pickaxe_3	g1008_pickaxe_103.mesh	#		ItemPickaxe	gold	金镐	
278	g1008_props_pickaxe_4	item.item_pickaxe_4	g1008_pickaxe_104.mesh	#		ItemPickaxe	emerald	钻石镐	
271	g1008_props_ax_1	item.item_axe_1	g1008_axe_101.mesh	#		ItemAxe	wood	木斧	
258	g1008_props_ax_2	item.item_axe_2	g1008_axe_102.mesh	#		ItemAxe	iron	铁斧	
286	g1008_props_ax_3	item.item_axe_3	g1008_axe_103.mesh	#		ItemAxe	gold	金斧	
279	g1008_props_ax_4	item.item_axe_4	g1008_axe_104.mesh	#		ItemAxe	emerald	钻石斧	
359	g1008_props_scissors	item.item_scissors_1	g1008_scissors_101.mesh	#		ItemShears		剪刀	
298	helmet_rainbow	item.helmetCloth	#	#		ItemArmor	cloth&0&helmet_rainbow.mesh&none&true	皮-帽子	
299	chest_rainbow	item.chestplateCloth	#	#		ItemArmor	cloth&1&chest_rainbow.mesh&none&true	皮-甲	
300	leg_rainbow	item.leggingsCloth	#	#		ItemArmor	cloth&2&leg_rainbow.mesh&none&true	皮-腿	
301	shoe_rainbow	item.bootsCloth	#	#		ItemArmor	cloth&3&shoe_rainbow.mesh&none&true	皮-鞋	
268	g1008_props_wepaon_1	item.item_weapon_1	g1008_sword_101.mesh	#		ItemSword	wood	木剑	
267	g1008_props_wepaon_2	item.item_weapon_2	g1008_sword_102.mesh	#		ItemSword	iron	铁剑	
283	g1008_props_wepaon_3	item.item_weapon_3	g1008_sword_103.mesh	#		ItemSword	gold	金剑	
276	g1008_props_wepaon_4	item.item_weapon_4	g1008_sword_104.mesh	#		ItemSword	emerald	钻石剑	
506	g1008_props_flameBomb	item.flareBomb	g1008_props_flameBomb.mesh	#		ItemCustom		火焰弹	
507	jiuyuanpingtai_small	item.rescue	bed_slime.mesh	#		ItemCustom		火焰弹	
326	g1008_props_bucket	item.bucket	g1008_props_bucket.mesh	#		ItemBucket	8&true	水桶	
514	g1008_props_jumpPotion	item.potion_jump	g1008_props_quickPotion.mesh	#		ItemPotion	0	跳跃药水	
512	g1008_props_fadePotion	item.potion_invisibility	g1008_props_jumpPotion.mesh	#		ItemPotion	0	隐身药水	
519	g1008_props_quickPotion	item.potion_move_speed	g1008_props_fadePotion.mesh	#		ItemPotion	0	加速药水	
369	g1008_props_stick	item.stick	g1008_props_stick.mesh	#		ItemClient		击退棒	
368	g1008_props_pearl	item.pearl	g1008_props_pearl.mesh	#		ItemCustom		闪现珍珠	
467	g1008_props_bridgeEgg	item.bridgeEgg	g1008_props_bridgeEgg.mesh	#		ItemCreateBridge		搭桥蛋	
1000	g1008_roller_skates_32	item.CommodityMechant_name_5_62	#	#		ItemArmor	glod&3&g1008_roller_skates	寒冰鞋	
1001	g1008_ninja_shoes_32	item.CommodityMechant_name_5_63	#	#		ItemArmor	chain&3&g1008_ninja_shoes	忍者鞋	
559	g1008_props_bone	item.g1008_props_bone	#	#		ItemFood	0&0&false&true	骨头	
558	g1008_props_barbecue	item.g1008_props_barbecue	#	#		ItemFood	0&0&false&true	烤肉	
557	g1008_props_meat	item.g1008_props_meat	#	#		ItemFood	0&0&false&true	肉块	
595	g1008_shuiqiu_32	item.CommodityMechant_name_5_64	#	#		ItemCustom		水球	
594	g1008_daqiaodan_32	item.CommodityMechant_name_5_65	#	#		ItemCustom		搭桥蛋（新）	
593	g1008_dragon_knight_32	item.CommodityMechant_name_5_66	g1008_dragon_knight.mesh	#	1	ItemCustom		末影龙卷轴	
592	g1008_magicbook_32	item.CommodityMechant_name_5_67	#	#	1	ItemCustom		凋零卷轴	
591	g1008_shuiqingqiu_32	item.CommodityMechant_name_5_68	g1008_shuijingqiu.mesh	#		ItemCustom		回溯珍珠	
590	g1008_paragliders_32	item.CommodityMechant_name_5_69	g1008_paragliders2.mesh	#		ItemCustom		滑翔伞	
586	g1008_puppetbutton32	item.CommodityMechant_name_5_73_2	g1008_puppetbutton.mesh	#	1	ItemCustom		传送按钮	
585	g1008_diamond_mines_32	item.CommodityMechant_name_5_70	#	#		ItemCustom		伪装地雷	
584	g1008_traps_32	item.CommodityMechant_name_5_71	g1008_traps.mesh	#		ItemCustom		冰冻夹子	
583	g1008_radar_32	item.CommodityMechant_name_5_72	g1008_radar.mesh	#	1	ItemCustom		报警器	
582	g1008_camouflage_double_rainbow32	item.CommodityMechant_name_5_73	#	#	1	ItemCustom		替身傀儡	
581	g1008_camouflage_double_red32	item.CommodityMechant_name_5_73	g1008_camouflage_double_red.mesh	#	1	ItemCustom		替身傀儡1	
580	g1008_camouflage_double_blue32	item.CommodityMechant_name_5_73	g1008_camouflage_double_blue.mesh	#	1	ItemCustom		替身傀儡2	
579	g1008_camouflage_double_green32	item.CommodityMechant_name_5_73	g1008_camouflage_double_green.mesh	#	1	ItemCustom		替身傀儡3	
578	g1008_camouflage_double_yellow32	item.CommodityMechant_name_5_73	g1008_camouflage_double_yellow.mesh	#	1	ItemCustom		替身傀儡4	
577	g1008_camouflage_double_bluegray32	item.CommodityMechant_name_5_73	g1008_camouflage_double_cyan.mesh	#	1	ItemCustom		替身傀儡5	
576	g1008_camouflage_double_ricewhite32	item.CommodityMechant_name_5_73	g1008_camouflage_double_white.mesh	#	1	ItemCustom		替身傀儡6	
575	g1008_camouflage_double_pink32	item.CommodityMechant_name_5_73	g1008_camouflage_double_pink.mesh	#	1	ItemCustom		替身傀儡7	
574	g1008_camouflage_double_darkgrey32	item.CommodityMechant_name_5_73	g1008_camouflage_double_gray.mesh	#	1	ItemCustom		替身傀儡8	
572	g1008_props_compass_32	item.CommodityMechant_name_5_75	#	#	1	ItemCustom		罗盘	
571	g1008_Xmas_fireworks	item.g1008_Xmas_fireworks	g1008_xmas_fireworks.mesh	#	1	ItemCustom		烟花	
570	g1008_Xmas_parachute	item.g1008_Xmas_parachute	g1008_xmas_parachute_2.mesh	#	1	ItemCustom		降落伞	
565	g1008_props_flameBomb	item.flareBomb	g1008_props_flameBomb.mesh	#	1	ItemClient		末影龙火焰弹	
555	g1008_props_apple	item.g1008_props_apple	#	#	1	ItemFood	0&0&false&true	红苹果	
556	g1008_props_goldenApple	item.goldApple	#	#	1	ItemFood	0&0&false&true	金苹果（1064）	
554	g1008_props_cuttlefish	item.g1008_props_cuttlefish	#	#	1	ItemCustom		墨鱼手雷	
553	g1008_props_spray	item.g1008_props_spray	g1008_props_spray.mesh	#		ItemCustom		伪装喷雾	
552	g1008_props_pigment	item.g1008_props_pigment	g1008_props_pigment.mesh	#		ItemCustom		颜料弹	
551	g1008_props_banana	item.g1008_props_banana	g1008_props_banana.mesh	#		ItemCustom		香蕉皮	
546	g1008_props_springboard	item.g1008_props_springboard	#	#		ItemCustom		跳板	
547	g1008_props_luckyEgg	item.g1008_props_luckyEgg	#	#	1	ItemCustom		幸运龙蛋	
650	g1008_props_suit_01	item.g1008_suit_iron	#	#		ItemCustom		铁防具套装	
651	g1008_props_suit_02	item.g1008_suit_gold	#	#		ItemCustom		金防具套装	
652	g1008_props_suit_03	item.g1008_suit_emerald	#	#		ItemCustom		钻石防具套装	
653	g1008_props_farmland	item.g1008_props_farm	g1008_props_farmland.mesh	#		ItemCustom		绿宝石农田	
654	g1008_props_fan	item.g1008_props_fan	g1008_props_fan.mesh	#		ItemCustom		电风扇	
661	g1008_legendary_props_dragonbook	item.g1008_legendary_props_dragonbook	g1008_legendary_props_dragonbook.mesh	g1008_legendary_props_dragonbook.effect	1	ItemCustom		末影龙卷轴	
662	g1008_legendary_props_thunderbook	item.g1008_legendary_props_thunderbook	g1008_legendary_props_thunderbook.mesh	g1008_legendary_props_thunderbook.effect	1	ItemCustom		雷电魔法书	
663	g1008_legendary_props_witherstaff	item.g1008_legendary_props_witherstaff	g1008_legendary_props_witherstaff.mesh	g1008_legendary_props_witherstaff.effect	1	ItemCustom		凋零之杖 	
664	g1008_legendary_props_cross	item.g1008_legendary_props_cross	g1008_legendary_props_cross.mesh	g1008_legendary_props_cross.effect	1	ItemCustom		复活十字架	
665	g1008_legendary_props_Vulcan	item.g1008_legendary_props_Vulcan	g1008_legendary_props_Vulcan.mesh	g1008_legendary_props_Vulcan.effect	1	ItemCustom		熔岩法杖	
666	g1008_legendary_props_teammateball	item.g1008_legendary_props_teammateball	g1008_legendary_props_teammateball.mesh	g1008_legendary_props_teammateball.effect	1	ItemCustom		传送珍珠	
667	g1008_legendary_props_bubble	item.g1008_legendary_props_bubble	g1008_legendary_props_bubble.mesh	#	1	ItemCustom		安全泡泡	
668	g1008_legendary_props_scarecrow	item.g1008_legendary_props_scarecrow	g1008_legendary_props_scarecrow.mesh	#	1	ItemCustom		小丑	
669	g1008_legendary_props_greatsword	item.g1008_legendary_props_greatsword	g1008_legendary_props_greatsword.mesh	g1008_legendary_props_greatsword.effect	1	ItemSword	emerald	大剑	
670	g1008_legendary_props_trident	item.g1008_legendary_props_trident	g1008_legendary_props_trident.mesh	g1008_legendary_props_trident.effect	1	ItemSword	emerald	爆炸三叉戟	
601	arrow	item.g1008_arrow_effect_1	effect_arrow_1.mesh	g1008_arrow_1.effect		ItemArrow	true&g1008_arrow_1.effect	冰晶箭	
602	arrow	item.g1008_arrow_effect_2	effect_arrow_2.mesh	g1008_arrow_2.effect		ItemArrow	true&g1008_arrow_2.effect	飞剑	
603	arrow	item.g1008_arrow_effect_3	effect_arrow_3.mesh	g1008_arrow_3.effect		ItemArrow	true&g1008_arrow_3.effect	光箭	
604	arrow	item.g1008_arrow_effect_4	effect_arrow_4.mesh	g1008_arrow_4.effect		ItemArrow	true&g1008_arrow_4.effect	火箭	
605	arrow	item.g1008_arrow_effect_5	effect_arrow_5.mesh	g1008_arrow_5.effect		ItemArrow	true&g1008_arrow_5.effect	幽火箭	
606	arrow	item.g1008_arrow_effect_6	effect_arrow_6.mesh	g1008_arrow_6.effect		ItemArrow	true&g1008_arrow_6.effect	绿箭	
607	arrow	item.g1008_arrow_effect_7	effect_arrow_7.mesh	g1008_arrow_7.effect		ItemArrow	true&g1008_arrow_7.effect	魔法箭	
608	arrow	item.g1008_arrow_effect_8	effect_arrow_8.mesh	g1008_arrow_8.effect		ItemArrow	true&g1008_arrow_8.effect	雷电箭	
609	arrow	item.g1008_arrow_effect_9	effect_arrow_9.mesh	g1008_arrow_9.effect		ItemArrow	true&g1008_arrow_9.effect	能量箭	
610	arrow	item.g1008_arrow_effect_10	effect_arrow_10.mesh	g1008_arrow_10.effect		ItemArrow	true&g1008_arrow_10.effect	蔷薇箭	
611	arrow	item.g1008_arrow_effect_11	effect_arrow_11.mesh	g1008_arrow_11.effect		ItemArrow	true&g1008_arrow_11.effect	星辰箭	
612	arrow	item.g1008_arrow_effect_12	effect_arrow_12.mesh	g1008_arrow_12.effect		ItemArrow	true&g1008_arrow_12.effect	心箭	
613	arrow	item.g1008_arrow_effect_13	effect_arrow_13.mesh	g1008_arrow_13.effect		ItemArrow	true&g1008_arrow_13.effect	螺旋箭	
614	arrow	item.g1008_arrow_effect_14	effect_arrow_14.mesh	g1008_arrow_14.effect		ItemArrow	true&g1008_arrow_14.effect	闪电箭	
615	arrow	item.g1008_arrow_effect_15	effect_arrow_15.mesh	g1008_arrow_15.effect		ItemArrow	true&g1008_arrow_15.effect	红外箭	
616	arrow	item.g1008_arrow_effect_16	effect_arrow_16.mesh	g1008_arrow_16.effect		ItemArrow	true&g1008_arrow_16.effect	圣诞箭	
617	arrow	item.g1008_arrow_effect_17	effect_arrow_17.mesh	g1008_arrow_21_1.effect		ItemArrow	true&g1008_arrow_21_2.effect	暗星	
618	arrow	item.g1008_arrow_effect_18	effect_arrow_18.mesh	g1008_arrow_18.effect		ItemArrow	true&g1008_arrow_18.effect	等离子	
619	arrow	item.g1008_arrow_effect_19	g1008_arrow_19.mesh	g1008_arrow_19.effect		ItemArrow	true&g1008_arrow_19.effect	导弹	
620	arrow	item.g1008_arrow_effect_20	g1008_arrow_20.mesh	g1008_arrow_20.effect		ItemArrow	true&g1008_arrow_20.effect	风眼	
622	arrow	item.g1008_arrow_effect_22	g1008_arrow_22.mesh	g1008_arrow_22.effect		ItemArrow	true&g1008_arrow_22.effect	烟花	
623	arrow	item.g1008_arrow_effect_23	g1008_arrow_23.mesh	g1008_arrow_23_2.effect		ItemArrow	true&g1008_arrow_23.effect	像素箭	
624	arrow	item.g1008_arrow_effect_24	g1008_arrow_24.mesh	g1008_arrow_24.effect		ItemArrow	true&g1008_arrow_24.effect	扫帚	
625	arrow	item.g1008_arrow_effect_25	g1008_arrow_25.mesh	g1008_arrow_25_2.effect		ItemArrow	true&g1008_arrow_25.effect	烛火	
626	arrow	item.g1008_arrow_effect_26	g1008_arrow_26.mesh	g1008_arrow_26.effect		ItemArrow	true&g1008_arrow_26.effect	爱神	
627	arrow	item.g1008_arrow_effect_27	g1008_arrow_27.mesh	g1008_arrow_27.effect		ItemArrow	true&g1008_arrow_27.effect	圣诞树	
628	arrow	item.g1008_arrow_effect_28	g1008_arrow_28.mesh	g1008_arrow_28.effect		ItemArrow	true&g1008_arrow_28.effect	纸飞机	
629	arrow	item.g1008_arrow_effect_29	g1008_arrow_29.mesh	g1008_arrow_29.effect		ItemArrow	true&g1008_arrow_29_1.effect	标记	
630	arrow	item.g1008_arrow_effect_30	g1008_arrow_30.mesh	g1008_arrow_30_1.effect		ItemArrow	true&g1008_arrow_30.effect	6030	
631	arrow	item.g1008_arrow_effect_31	g1008_arrow_31.mesh	g1008_arrow_31.effect		ItemArrow	true&g1008_arrow_31.effect	6031	
632	arrow	item.g1008_arrow_effect_32	g1008_arrow_32.mesh	g1008_arrow_32.effect		ItemArrow	true&g1008_arrow_32.effect	6032	
633	arrow	item.g1008_arrow_effect_33	g1008_arrow_33.mesh	g1008_arrow_33.effect		ItemArrow	true&g1008_arrow_33.effect	6033	season20
634	arrow	item.g1008_arrow_effect_34	g1008_arrow_34.mesh	g1008_arrow_34.effect		ItemArrow	true&g1008_arrow_34.effect	6034	season21
635	arrow	item.g1008_arrow_effect_35	g1008_arrow_35.mesh	g1008_arrow_35.effect		ItemArrow	true&g1008_arrow_35.effect	6035	season22
636	arrow	item.g1008_arrow_effect_36	g1008_arrow_36.mesh	g1008_arrow_36.effect		ItemArrow	true&g1008_arrow_36.effect	6036	season23
637	arrow	item.g1008_arrow_effect_37	g1008_arrow_37.mesh	g1008_arrow_37.effect		ItemArrow	true&g1008_arrow_37.effect	6037	season24
638	arrow	item.g1008_arrow_effect_38	g1008_arrow_38.mesh	g1008_arrow_38.effect		ItemArrow	true&g1008_arrow_38.effect	6038	
639	arrow	item.g1008_arrow_effect_39	g1008_arrow_39.mesh	g1008_arrow_39.effect		ItemArrow	true&g1008_arrow_39.effect	6039	season25
640	arrow	item.g1008_arrow_effect_40	g1008_arrow_40.mesh	g1008_arrow_40.effect		ItemArrow	true&g1008_arrow_40.effect	6040	season26
641	arrow	item.g1008_arrow_effect_41	g1008_arrow_41.mesh	g1008_arrow_41.effect		ItemArrow	true&g1008_arrow_41.effect	6041	
642	arrow	item.g1008_arrow_effect_42	g1008_arrow_42.mesh	g1008_arrow_42.effect		ItemArrow	true&g1008_arrow_42.effect	6042	season27
643	arrow	item.g1008_arrow_effect_43	g1008_arrow_43.mesh	g1008_arrow_43.effect		ItemArrow	true&g1008_arrow_43.effect	6043	season29
644	arrow	item.g1008_arrow_effect_44	g1008_arrow_44.mesh	g1008_arrow_44.effect		ItemArrow	true&g1008_arrow_44.effect	6044	season28
645	arrow	item.g1008_arrow_effect_45	g1008_arrow_45.mesh	g1008_arrow_45.effect		ItemArrow	true&g1008_arrow_45.effect	榭寄生	season28
646	arrow	item.g1008_arrow_effect_46	g1008_arrow_46.mesh	g1008_arrow_46.effect		ItemArrow	true&g1008_arrow_46.effect	6046	season28
1200	g1008_head_01_rainbow_wood	item.g1008_head_01_rainbow_wood	#	#	1	ItemArmor	cloth&0&g1008_head_01_rainbow_wood.mesh&none&true	战争-头（皮）	
1201	g1008_head_02_rainbow_wood	item.g1008_head_02_rainbow_wood	#	#	1	ItemArmor	cloth&0&g1008_head_02_rainbow_wood.mesh&none&true	末影-头（皮）	
1202	g1008_head_03_rainbow_wood	item.g1008_head_03_rainbow_wood	#	#	1	ItemArmor	cloth&0&g1008_head_03_rainbow_wood.mesh&none&true	6010103	
1203	g1008_head_04_rainbow_wood	item.g1008_head_04_rainbow_wood	#	#	1	ItemArmor	cloth&0&g1008_head_04_rainbow_wood.mesh&none&false	流浪骑士-头(皮)	
1204	g1008_head_05_rainbow_wood	item.g1008_head_05_rainbow_wood	#	#	1	ItemArmor	cloth&0&g1008_head_05_rainbow_wood.mesh&none&true	6010105	
1205	g1008_head_06_rainbow_wood	item.g1008_head_06_rainbow_wood	#	#	1	ItemArmor	cloth&0&g1008_head_06_rainbow_wood.mesh&none&false	恶魔-头(皮)	
1206	g1008_head_07_rainbow_wood	item.g1008_head_07_rainbow_wood	#	#	1	ItemArmor	cloth&0&g1008_head_07_rainbow_wood.mesh&none&false	宫庭骑士-头(皮)	
1207	g1008_head_08_rainbow_wood	item.g1008_head_08_rainbow_wood	#	#	1	ItemArmor	cloth&0&g1008_head_08_rainbow_wood.mesh&none&false	武士铠甲-头(皮)	
1208	g1008_head_09_rainbow_wood	item.g1008_head_09_rainbow_wood	#	#	1	ItemArmor	cloth&0&g1008_head_09_rainbow_wood.mesh&none&false	赛博铠甲-头(皮)	
1209	g1008_head_10_rainbow_wood	item.g1008_head_10_rainbow_wood	#	#	1	ItemArmor	cloth&0&g1008_head_10_rainbow_wood.mesh&none&false	斋月铠甲-头(皮)	
1210	g1008_head_11_rainbow_wood	item.g1008_head_11_rainbow_wood	#	#	1	ItemArmor	cloth&0&g1008_head_11_rainbow_wood.mesh&none&false	小丑铠甲-头(皮)	
1211	g1008_head_12_rainbow_wood	item.g1008_head_12_rainbow_wood	#	#	1	ItemArmor	cloth&0&g1008_head_12_rainbow_wood.mesh&none&false	洛基铠甲-头(皮)	
1212	g1008_head_13_rainbow_wood	item.g1008_head_13_rainbow_wood	#	#	1	ItemArmor	cloth&0&g1008_head_13_rainbow_wood.mesh&none&false	奥丁铠甲-头(皮)	
1213	g1008_head_14_rainbow_wood	item.g1008_head_14_rainbow_wood	#	#	1	ItemArmor	cloth&0&g1008_head_14_rainbow_wood.mesh&none&false	狂战士铠甲-头(皮)	
1214	g1008_head_15_rainbow_wood	item.g1008_head_15_rainbow_wood	#	#	1	ItemArmor	cloth&0&g1008_head_15_rainbow_wood.mesh&none&false	妖狐铠甲-头(皮)	
1215	g1008_head_16_rainbow_wood	item.g1008_head_16_rainbow_wood	#	#	1	ItemArmor	cloth&0&g1008_head_16_rainbow_wood.mesh&none&false	火男铠甲-头(皮)	
1216	g1008_head_17_rainbow_wood	item.g1008_head_17_rainbow_wood	#	#	1	ItemArmor	cloth&0&g1008_head_17_rainbow_wood.mesh&none&false	海龙铠甲-头(皮)	
1225	g1008_chest_01_rainbow_wood	item.g1008_chest_01_rainbow_wood	#	#	1	ItemArmor	cloth&1&g1008_chest_01_rainbow_wood.mesh&none&true	战争-胸甲（皮）	
1226	g1008_chest_02_rainbow_wood	item.g1008_chest_02_rainbow_wood	#	#	1	ItemArmor	cloth&1&g1008_chest_02_rainbow_wood.mesh&none&true	末影-胸甲（皮）	
1227	g1008_chest_03_rainbow_wood	item.g1008_chest_03_rainbow_wood	#	#	1	ItemArmor	cloth&1&g1008_chest_03_rainbow_wood.mesh&none&true	6010203	
1228	g1008_chest_04_rainbow_wood	item.g1008_chest_04_rainbow_wood	#	#	1	ItemArmor	cloth&1&g1008_chest_04_rainbow_wood.mesh&none&false	流浪骑士-胸甲(皮)	
1229	g1008_chest_05_rainbow_wood	item.g1008_chest_05_rainbow_wood	#	#	1	ItemArmor	cloth&1&g1008_chest_05_rainbow_wood.mesh&none&true	6010205	
1230	g1008_chest_06_rainbow_wood	item.g1008_chest_06_rainbow_wood	#	#	1	ItemArmor	cloth&1&g1008_chest_06_rainbow_wood.mesh&none&false	恶魔-胸甲(皮)	
1231	g1008_chest_07_rainbow_wood	item.g1008_chest_07_rainbow_wood	#	#	1	ItemArmor	cloth&1&g1008_chest_07_rainbow_wood.mesh&none&false	宫庭骑士-胸甲(皮)	
1232	g1008_chest_08_rainbow_wood	item.g1008_chest_08_rainbow_wood	#	#	1	ItemArmor	cloth&1&g1008_chest_08_rainbow_wood.mesh&none&false	武士铠甲-胸甲(皮)	
1233	g1008_chest_09_rainbow_wood	item.g1008_chest_09_rainbow_wood	#	#	1	ItemArmor	cloth&1&g1008_chest_09_rainbow_wood.mesh&none&false	赛博铠甲-胸甲(皮)	
1234	g1008_chest_10_rainbow_wood	item.g1008_chest_10_rainbow_wood	#	#	1	ItemArmor	cloth&1&g1008_chest_10_rainbow_wood.mesh&none&false	斋月铠甲-胸甲(皮)	
1235	g1008_chest_11_rainbow_wood	item.g1008_chest_11_rainbow_wood	#	#	1	ItemArmor	cloth&1&g1008_chest_11_rainbow_wood.mesh&none&false	小丑铠甲-胸甲(皮)	
1236	g1008_chest_12_rainbow_wood	item.g1008_chest_12_rainbow_wood	#	#	1	ItemArmor	cloth&1&g1008_chest_12_rainbow_wood.mesh&none&false	洛基铠甲-胸甲(皮)	
1237	g1008_chest_13_rainbow_wood	item.g1008_chest_13_rainbow_wood	#	#	1	ItemArmor	cloth&1&g1008_chest_13_rainbow_wood.mesh&none&false	奥丁铠甲-胸甲(皮)	
1238	g1008_chest_14_rainbow_wood	item.g1008_chest_14_rainbow_wood	#	#	1	ItemArmor	cloth&1&g1008_chest_14_rainbow_wood.mesh&none&false	狂战士铠甲-胸甲(皮)	
1239	g1008_chest_15_rainbow_wood	item.g1008_chest_15_rainbow_wood	#	#	1	ItemArmor	cloth&1&g1008_chest_15_rainbow_wood.mesh&none&false	妖狐铠甲-胸甲(皮)	
1240	g1008_chest_16_rainbow_wood	item.g1008_chest_16_rainbow_wood	#	#	1	ItemArmor	cloth&1&g1008_chest_16_rainbow_wood.mesh&none&false	火男铠甲-胸甲(皮)	
1241	g1008_chest_16_rainbow_wood	item.g1008_chest_17_rainbow_wood	#	#	1	ItemArmor	cloth&1&g1008_chest_17_rainbow_wood.mesh&none&false	海龙铠甲-胸甲(皮)	
1250	g1008_thigh_01_rainbow_wood	item.g1008_thigh_01_rainbow_wood	#	#	1	ItemArmor	cloth&2&g1008_thigh_01_rainbow_wood.mesh&none&true	战争-裤子（皮）	
1251	g1008_thigh_02_rainbow_wood	item.g1008_thigh_02_rainbow_wood	#	#	1	ItemArmor	cloth&2&g1008_thigh_02_rainbow_wood.mesh&none&true	末影-裤子（皮）	
1252	g1008_thigh_03_rainbow_wood	item.g1008_thigh_03_rainbow_wood	#	#	1	ItemArmor	cloth&2&g1008_thigh_03_rainbow_wood.mesh&none&true	6010303	
1253	g1008_thigh_04_rainbow_wood	item.g1008_thigh_04_rainbow_wood	#	#	1	ItemArmor	cloth&2&g1008_thigh_04_rainbow_wood.mesh&none&false	流浪骑士-裤子(皮)	
1254	g1008_thigh_05_rainbow_wood	item.g1008_thigh_05_rainbow_wood	#	#	1	ItemArmor	cloth&2&g1008_thigh_05_rainbow_wood.mesh&none&true	6010305	
1255	g1008_thigh_06_rainbow_wood	item.g1008_thigh_06_rainbow_wood	#	#	1	ItemArmor	cloth&2&g1008_thigh_06_rainbow_wood.mesh&none&false	恶魔-裤子(皮)	
1256	g1008_thigh_07_rainbow_wood	item.g1008_thigh_07_rainbow_wood	#	#	1	ItemArmor	cloth&2&g1008_thigh_07_rainbow_wood.mesh&none&false	宫庭骑士-裤子(皮)	
1257	g1008_thigh_08_rainbow_wood	item.g1008_thigh_08_rainbow_wood	#	#	1	ItemArmor	cloth&2&g1008_thigh_08_rainbow_wood.mesh&none&false	武士铠甲-裤子(皮)	
1258	g1008_thigh_09_rainbow_wood	item.g1008_thigh_09_rainbow_wood	#	#	1	ItemArmor	cloth&2&g1008_thigh_09_rainbow_wood.mesh&none&false	赛博铠甲-裤子(皮)	
1259	g1008_thigh_10_rainbow_wood	item.g1008_thigh_10_rainbow_wood	#	#	1	ItemArmor	cloth&2&g1008_thigh_10_rainbow_wood.mesh&none&false	斋月铠甲-裤子(皮)	
1260	g1008_thigh_11_rainbow_wood	item.g1008_thigh_11_rainbow_wood	#	#	1	ItemArmor	cloth&2&g1008_thigh_11_rainbow_wood.mesh&none&false	小丑铠甲-裤子(皮)	
1261	g1008_thigh_12_rainbow_wood	item.g1008_thigh_12_rainbow_wood	#	#	1	ItemArmor	cloth&2&g1008_thigh_12_rainbow_wood.mesh&none&false	洛基铠甲-裤子(皮)	
1262	g1008_thigh_13_rainbow_wood	item.g1008_thigh_13_rainbow_wood	#	#	1	ItemArmor	cloth&2&g1008_thigh_13_rainbow_wood.mesh&none&false	奥丁铠甲-裤子(皮)	
1263	g1008_thigh_14_rainbow_wood	item.g1008_thigh_14_rainbow_wood	#	#	1	ItemArmor	cloth&2&g1008_thigh_14_rainbow_wood.mesh&none&false	狂战士铠甲-裤子(皮)	
1264	g1008_thigh_15_rainbow_wood	item.g1008_thigh_15_rainbow_wood	#	#	1	ItemArmor	cloth&2&g1008_thigh_15_rainbow_wood.mesh&none&false	妖狐铠甲-裤子(皮)	
1265	g1008_thigh_16_rainbow_wood	item.g1008_thigh_16_rainbow_wood	#	#	1	ItemArmor	cloth&2&g1008_thigh_16_rainbow_wood.mesh&none&false	火男铠甲-裤子(皮)	
1266	g1008_thigh_17_rainbow_wood	item.g1008_thigh_17_rainbow_wood	#	#	1	ItemArmor	cloth&2&g1008_thigh_17_rainbow_wood.mesh&none&false	海龙铠甲-裤子(皮)	
1275	g1008_foot_01_rainbow_wood	item.g1008_foot_01_rainbow_wood	#	#	1	ItemArmor	cloth&3&g1008_foot_01_rainbow_wood.mesh&none&true	战争-鞋子（皮）	
1276	g1008_foot_02_rainbow_wood	item.g1008_foot_02_rainbow_wood	#	#	1	ItemArmor	cloth&3&g1008_foot_02_rainbow_wood.mesh&none&true	末影-鞋子（皮）	
1277	g1008_foot_03_rainbow_wood	item.g1008_foot_03_rainbow_wood	#	#	1	ItemArmor	cloth&3&g1008_foot_03_rainbow_wood.mesh&none&true	6010403	
1278	g1008_foot_04_rainbow_wood	item.g1008_foot_04_rainbow_wood	#	#	1	ItemArmor	cloth&3&g1008_foot_04_rainbow_wood.mesh&none&false	流浪骑士-鞋子(皮)	
1279	g1008_foot_05_rainbow_wood	item.g1008_foot_05_rainbow_wood	#	#	1	ItemArmor	cloth&3&g1008_foot_05_rainbow_wood.mesh&none&true	6010405	
1280	g1008_foot_06_rainbow_wood	item.g1008_foot_06_rainbow_wood	#	#	1	ItemArmor	cloth&3&g1008_foot_06_rainbow_wood.mesh&none&false	恶魔-鞋子(皮)	
1281	g1008_foot_07_rainbow_wood	item.g1008_foot_07_rainbow_wood	#	#	1	ItemArmor	cloth&3&g1008_foot_07_rainbow_wood.mesh&none&false	宫庭骑士-鞋子(皮)	
1282	g1008_foot_08_rainbow_wood	item.g1008_foot_08_rainbow_wood	#	#	1	ItemArmor	cloth&3&g1008_foot_08_rainbow_wood.mesh&none&false	武士铠甲-鞋子(皮)	
1283	g1008_foot_09_rainbow_wood	item.g1008_foot_09_rainbow_wood	#	#	1	ItemArmor	cloth&3&g1008_foot_09_rainbow_wood.mesh&none&false	赛博铠甲-鞋子(皮)	
1284	g1008_foot_10_rainbow_wood	item.g1008_foot_10_rainbow_wood	#	#	1	ItemArmor	cloth&3&g1008_foot_10_rainbow_wood.mesh&none&false	斋月铠甲-鞋子(皮)	
1285	g1008_foot_11_rainbow_wood	item.g1008_foot_11_rainbow_wood	#	#	1	ItemArmor	cloth&3&g1008_foot_11_rainbow_wood.mesh&none&false	小丑铠甲-鞋子(皮)	
1286	g1008_foot_12_rainbow_wood	item.g1008_foot_12_rainbow_wood	#	#	1	ItemArmor	cloth&3&g1008_foot_12_rainbow_wood.mesh&none&false	洛基铠甲-鞋子(皮)	
1287	g1008_foot_13_rainbow_wood	item.g1008_foot_13_rainbow_wood	#	#	1	ItemArmor	cloth&3&g1008_foot_13_rainbow_wood.mesh&none&false	奥丁铠甲-鞋子(皮)	
1288	g1008_foot_14_rainbow_wood	item.g1008_foot_14_rainbow_wood	#	#	1	ItemArmor	cloth&3&g1008_foot_14_rainbow_wood.mesh&none&false	狂战士铠甲-鞋子(皮)	
1289	g1008_foot_15_rainbow_wood	item.g1008_foot_15_rainbow_wood	#	#	1	ItemArmor	cloth&3&g1008_foot_15_rainbow_wood.mesh&none&false	狐妖铠甲-鞋子(皮)	
1290	g1008_foot_16_rainbow_wood	item.g1008_foot_16_rainbow_wood	#	#	1	ItemArmor	cloth&3&g1008_foot_16_rainbow_wood.mesh&none&false	火男铠甲-鞋子(皮)	
1291	g1008_foot_17_rainbow_wood	item.g1008_foot_17_rainbow_wood	#	#	1	ItemArmor	cloth&3&g1008_foot_17_rainbow_wood.mesh&none&false	海龙铠甲-鞋子(皮)	
1300	g1008_head_01_rainbow_iron	item.g1008_head_01_rainbow_iron	#	#	1	ItemArmor	cloth&0&g1008_head_01_rainbow_iron.mesh	战争-头（铁）	
1301	g1008_head_02_rainbow_iron	item.g1008_head_02_rainbow_iron	#	#	1	ItemArmor	cloth&0&g1008_head_02_rainbow_iron.mesh	末影-头（铁）	
1302	g1008_head_03_rainbow_iron	item.g1008_head_03_rainbow_iron	#	#	1	ItemArmor	cloth&0&g1008_head_03_rainbow_iron.mesh	末日-头（铁）	
1303	g1008_head_04_rainbow_iron	item.g1008_head_04_rainbow_iron	#	#	1	ItemArmor	cloth&0&g1008_head_04_rainbow_iron.mesh	6020104	
1304	g1008_head_05_rainbow_iron	item.g1008_head_05_rainbow_iron	#	#	1	ItemArmor	cloth&0&g1008_head_05_rainbow_iron.mesh	6020105	
1305	g1008_head_06_rainbow_iron	item.g1008_head_06_rainbow_iron	#	#	1	ItemArmor	cloth&0&g1008_head_06_rainbow_iron.mesh	6020106	
1306	g1008_head_07_rainbow_iron	item.g1008_head_07_rainbow_iron	#	#	1	ItemArmor	cloth&0&g1008_head_07_rainbow_iron.mesh	恶魔-头（铁）	
1307	g1008_head_08_rainbow_iron	item.g1008_head_08_rainbow_iron	#	#	1	ItemArmor	cloth&0&g1008_head_08_rainbow_iron.mesh	宫庭骑士-头（铁）	
1308	g1008_head_09_rainbow_iron	item.g1008_head_09_rainbow_iron	#	#	1	ItemArmor	cloth&0&g1008_head_09_rainbow_iron.mesh	武士铠甲-头（铁）	
1309	g1008_head_10_rainbow_iron	item.g1008_head_10_rainbow_iron	#	#	1	ItemArmor	cloth&0&g1008_head_10_rainbow_iron.mesh	圣诞铠甲-头（铁）	
1310	g1008_head_11_rainbow_iron	item.g1008_head_11_rainbow_iron	#	#	1	ItemArmor	cloth&0&g1008_head_11_rainbow_iron.mesh	赛博铠甲-头（铁）	
1311	g1008_head_12_rainbow_iron	item.g1008_head_12_rainbow_iron	#	#	1	ItemArmor	cloth&0&g1008_head_12_rainbow_iron.mesh	斋月铠甲-头（铁）	
1312	g1008_head_13_rainbow_iron	item.g1008_head_13_rainbow_iron	#	#	1	ItemArmor	cloth&0&g1008_head_13_rainbow_iron.mesh	洛基铠甲-头（铁）	
1313	g1008_head_14_rainbow_iron	item.g1008_head_14_rainbow_iron	#	#	1	ItemArmor	cloth&0&g1008_head_14_rainbow_iron.mesh	奥丁铠甲-头（铁）	
1314	g1008_head_15_rainbow_iron	item.g1008_head_15_rainbow_iron	#	#	1	ItemArmor	cloth&0&g1008_head_15_rainbow_iron.mesh	妖狐铠甲-头（铁）	
1315	g1008_head_16_rainbow_iron	item.g1008_head_16_rainbow_iron	#	#	1	ItemArmor	cloth&0&g1008_head_16_rainbow_iron.mesh	矿工-头（铁）	
1316	g1008_head_17_rainbow_iron	item.g1008_head_17_rainbow_iron	#	#	1	ItemArmor	cloth&0&g1008_head_17_rainbow_iron.mesh	海龙铠甲-头（铁）	
1325	g1008_chest_01_rainbow_iron	item.g1008_chest_01_rainbow_iron	#	#	1	ItemArmor	iron&1&g1008_chest_01_rainbow_iron	战争-胸甲（铁）	
1326	g1008_chest_02_rainbow_iron	item.g1008_chest_02_rainbow_iron	#	#	1	ItemArmor	iron&1&g1008_chest_02_rainbow_iron	末影-胸甲（铁）	
1327	g1008_chest_03_rainbow_iron	item.g1008_chest_03_rainbow_iron	#	#	1	ItemArmor	iron&1&g1008_chest_03_rainbow_iron	末日-胸甲（铁）	
1328	g1008_chest_04_rainbow_iron	item.g1008_chest_04_rainbow_iron	#	#	1	ItemArmor	iron&1&g1008_chest_04_rainbow_iron	6020204	
1329	g1008_chest_05_rainbow_iron	item.g1008_chest_05_rainbow_iron	#	#	1	ItemArmor	iron&1&g1008_chest_05_rainbow_iron	6020205	
1330	g1008_chest_06_rainbow_iron	item.g1008_chest_06_rainbow_iron	#	#	1	ItemArmor	iron&1&g1008_chest_06_rainbow_iron	6020206	
1331	g1008_chest_07_rainbow_iron	item.g1008_chest_07_rainbow_iron	#	#	1	ItemArmor	iron&1&g1008_chest_07_rainbow_iron	恶魔-胸甲（铁）	
1332	g1008_chest_08_rainbow_iron	item.g1008_chest_08_rainbow_iron	#	#	1	ItemArmor	iron&1&g1008_chest_08_rainbow_iron	宫庭骑士-胸甲（铁）	
1333	g1008_chest_09_rainbow_iron	item.g1008_chest_09_rainbow_iron	#	#	1	ItemArmor	iron&1&g1008_chest_09_rainbow_iron	武士铠甲-胸甲（铁）	
1334	g1008_chest_10_rainbow_iron	item.g1008_chest_10_rainbow_iron	#	#	1	ItemArmor	iron&1&g1008_chest_10_rainbow_iron	圣诞铠甲-胸甲（铁）	
1335	g1008_chest_11_rainbow_iron	item.g1008_chest_11_rainbow_iron	#	#	1	ItemArmor	iron&1&g1008_chest_11_rainbow_iron	赛博铠甲-胸甲（铁）	
1336	g1008_chest_12_rainbow_iron	item.g1008_chest_12_rainbow_iron	#	#	1	ItemArmor	iron&1&g1008_chest_12_rainbow_iron	斋月铠甲-胸甲（铁）	
1337	g1008_chest_13_rainbow_iron	item.g1008_chest_13_rainbow_iron	#	#	1	ItemArmor	iron&1&g1008_chest_13_rainbow_iron	洛基铠甲-胸甲（铁）	
1338	g1008_chest_14_rainbow_iron	item.g1008_chest_14_rainbow_iron	#	#	1	ItemArmor	iron&1&g1008_chest_14_rainbow_iron	奥丁铠甲-胸甲（铁）	
1339	g1008_chest_15_rainbow_iron	item.g1008_chest_15_rainbow_iron	#	#	1	ItemArmor	iron&1&g1008_chest_15_rainbow_iron	妖狐铠甲-胸甲（铁）	
1340	g1008_chest_16_rainbow_iron	item.g1008_chest_16_rainbow_iron	#	#	1	ItemArmor	iron&1&g1008_chest_16_rainbow_iron	矿工-胸甲（铁）	
1341	g1008_chest_17_rainbow_iron	item.g1008_chest_17_rainbow_iron	#	#	1	ItemArmor	iron&1&g1008_chest_17_rainbow_iron	海龙铠甲-胸甲（铁）	
1350	g1008_thigh_01_rainbow_iron	item.g1008_thigh_01_rainbow_iron	#	#	1	ItemArmor	iron&2&g1008_thigh_01_rainbow_iron	战争-裤子（铁）	
1351	g1008_thigh_02_rainbow_iron	item.g1008_thigh_02_rainbow_iron	#	#	1	ItemArmor	iron&2&g1008_thigh_02_rainbow_iron	末影-裤子（铁）	
1352	g1008_thigh_03_rainbow_iron	item.g1008_thigh_03_rainbow_iron	#	#	1	ItemArmor	iron&2&g1008_thigh_03_rainbow_iron	末日-裤子（铁）	
1353	g1008_thigh_04_rainbow_iron	item.g1008_thigh_04_rainbow_iron	#	#	1	ItemArmor	iron&2&g1008_thigh_04_rainbow_iron	6020304	
1354	g1008_thigh_05_rainbow_iron	item.g1008_thigh_05_rainbow_iron	#	#	1	ItemArmor	iron&2&g1008_thigh_05_rainbow_iron	6020305	
1355	g1008_thigh_06_rainbow_iron	item.g1008_thigh_06_rainbow_iron	#	#	1	ItemArmor	iron&2&g1008_thigh_06_rainbow_iron	6020306	
1356	g1008_thigh_07_rainbow_iron	item.g1008_thigh_07_rainbow_iron	#	#	1	ItemArmor	iron&2&g1008_thigh_07_rainbow_iron	恶魔-裤子（铁）	
1357	g1008_thigh_08_rainbow_iron	item.g1008_thigh_08_rainbow_iron	#	#	1	ItemArmor	iron&2&g1008_thigh_08_rainbow_iron	宫庭骑士-裤子（铁）	
1358	g1008_thigh_09_rainbow_iron	item.g1008_thigh_09_rainbow_iron	#	#	1	ItemArmor	iron&2&g1008_thigh_09_rainbow_iron	武士铠甲-裤子（铁）	
1359	g1008_thigh_10_rainbow_iron	item.g1008_thigh_10_rainbow_iron	#	#	1	ItemArmor	iron&2&g1008_thigh_10_rainbow_iron	圣诞铠甲-裤子（铁）	
1360	g1008_thigh_11_rainbow_iron	item.g1008_thigh_11_rainbow_iron	#	#	1	ItemArmor	iron&2&g1008_thigh_11_rainbow_iron	赛博铠甲-裤子（铁）	
1361	g1008_thigh_12_rainbow_iron	item.g1008_thigh_12_rainbow_iron	#	#	1	ItemArmor	iron&2&g1008_thigh_12_rainbow_iron	斋月铠甲-裤子（铁）	
1362	g1008_thigh_13_rainbow_iron	item.g1008_thigh_13_rainbow_iron	#	#	1	ItemArmor	iron&2&g1008_thigh_13_rainbow_iron	洛基铠甲-裤子（铁）	
1363	g1008_thigh_14_rainbow_iron	item.g1008_thigh_14_rainbow_iron	#	#	1	ItemArmor	iron&2&g1008_thigh_14_rainbow_iron	奥丁铠甲-裤子（铁）	
1364	g1008_thigh_15_rainbow_iron	item.g1008_thigh_15_rainbow_iron	#	#	1	ItemArmor	iron&2&g1008_thigh_15_rainbow_iron	妖狐铠甲-裤子（铁）	
1365	g1008_thigh_16_rainbow_iron	item.g1008_thigh_16_rainbow_iron	#	#	1	ItemArmor	iron&2&g1008_thigh_16_rainbow_iron	矿工-裤子（铁）	
1366	g1008_thigh_17_rainbow_iron	item.g1008_thigh_17_rainbow_iron	#	#	1	ItemArmor	iron&2&g1008_thigh_17_rainbow_iron	海龙铠甲-裤子（铁）	
1375	g1008_foot_01_rainbow_iron	item.g1008_foot_01_rainbow_iron	#	#	1	ItemArmor	iron&3&g1008_foot_01_rainbow_iron.mesh	战争-鞋子（铁）	
1376	g1008_foot_02_rainbow_iron	item.g1008_foot_02_rainbow_iron	#	#	1	ItemArmor	iron&3&g1008_foot_02_rainbow_iron.mesh	末影-鞋子（铁）	
1377	g1008_foot_03_rainbow_iron	item.g1008_foot_03_rainbow_iron	#	#	1	ItemArmor	iron&3&g1008_foot_03_rainbow_iron.mesh	末日-鞋子（铁）	
1378	g1008_foot_04_rainbow_iron	item.g1008_foot_04_rainbow_iron	#	#	1	ItemArmor	iron&3&g1008_foot_04_rainbow_iron.mesh	6020404	
1379	g1008_foot_05_rainbow_iron	item.g1008_foot_05_rainbow_iron	#	#	1	ItemArmor	iron&3&g1008_foot_05_rainbow_iron.mesh	6020405	
1380	g1008_foot_06_rainbow_iron	item.g1008_foot_06_rainbow_iron	#	#	1	ItemArmor	iron&3&g1008_foot_06_rainbow_iron.mesh	6020406	
1381	g1008_foot_07_rainbow_iron	item.g1008_foot_07_rainbow_iron	#	#	1	ItemArmor	iron&3&g1008_foot_07_rainbow_iron.mesh	恶魔-鞋子（铁）	
1382	g1008_foot_08_rainbow_iron	item.g1008_foot_08_rainbow_iron	#	#	1	ItemArmor	iron&3&g1008_foot_08_rainbow_iron.mesh	宫庭骑士-鞋子（铁）	
1383	g1008_foot_09_rainbow_iron	item.g1008_foot_09_rainbow_iron	#	#	1	ItemArmor	iron&3&g1008_foot_09_rainbow_iron.mesh	武士铠甲-鞋子（铁）	
1384	g1008_foot_10_rainbow_iron	item.g1008_foot_10_rainbow_iron	#	#	1	ItemArmor	iron&3&g1008_foot_10_rainbow_iron.mesh	圣诞铠甲-鞋子（铁）	
1385	g1008_foot_11_rainbow_iron	item.g1008_foot_11_rainbow_iron	#	#	1	ItemArmor	iron&3&g1008_foot_11_rainbow_iron.mesh	赛博铠甲-鞋子（铁）	
1386	g1008_foot_12_rainbow_iron	item.g1008_foot_12_rainbow_iron	#	#	1	ItemArmor	iron&3&g1008_foot_12_rainbow_iron.mesh	斋月铠甲-鞋子（铁）	
1387	g1008_foot_13_rainbow_iron	item.g1008_foot_13_rainbow_iron	#	#	1	ItemArmor	iron&3&g1008_foot_13_rainbow_iron.mesh	洛基铠甲-鞋子（铁）	
1388	g1008_foot_14_rainbow_iron	item.g1008_foot_14_rainbow_iron	#	#	1	ItemArmor	iron&3&g1008_foot_14_rainbow_iron.mesh	奥丁铠甲-鞋子（铁）	
1389	g1008_foot_15_rainbow_iron	item.g1008_foot_15_rainbow_iron	#	#	1	ItemArmor	iron&3&g1008_foot_15_rainbow_iron.mesh	妖狐铠甲-鞋子（铁）	
1390	g1008_foot_16_rainbow_iron	item.g1008_foot_16_rainbow_iron	#	#	1	ItemArmor	iron&3&g1008_foot_16_rainbow_iron.mesh	矿工-鞋子（铁）	
1391	g1008_foot_17_rainbow_iron	item.g1008_foot_17_rainbow_iron	#	#	1	ItemArmor	iron&3&g1008_foot_17_rainbow_iron.mesh	海龙铠甲-鞋子（铁）	
1400	g1008_head_01_rainbow_gold	item.g1008_head_01_rainbow_gold	#	#	1	ItemArmor	cloth&0&g1008_head_01_rainbow_gold.mesh	战争-头（金）	
1401	g1008_head_02_rainbow_gold	item.g1008_head_02_rainbow_gold	#	#	1	ItemArmor	cloth&0&g1008_head_02_rainbow_gold.mesh	末影-头（金）	
1403	g1008_head_04_rainbow_gold	item.g1008_head_04_rainbow_gold	#	#	1	ItemArmor	cloth&0&g1008_head_04_rainbow_gold.mesh	6030104	
1404	g1008_head_05_rainbow_gold	item.g1008_head_05_rainbow_gold	#	#	1	ItemArmor	cloth&0&g1008_head_05_rainbow_gold.mesh	6030105	
1405	g1008_head_06_rainbow_gold	item.g1008_head_06_rainbow_gold	#	#	1	ItemArmor	cloth&0&g1008_head_06_rainbow_gold.mesh	6030106	
1406	g1008_head_07_rainbow_gold	item.g1008_head_07_rainbow_gold	#	#	1	ItemArmor	cloth&0&g1008_head_07_rainbow_gold.mesh	6030107	
1407	g1008_head_08_rainbow_gold	item.g1008_head_08_rainbow_gold	#	#	1	ItemArmor	cloth&0&g1008_head_08_rainbow_gold.mesh	恶魔-头（金）	
1408	g1008_head_09_rainbow_gold	item.g1008_head_09_rainbow_gold	#	#	1	ItemArmor	cloth&0&g1008_head_09_rainbow_gold.mesh	宫庭骑士-头（金）	
1409	g1008_head_10_rainbow_gold	item.g1008_head_10_rainbow_gold	#	#	1	ItemArmor	cloth&0&g1008_head_10_rainbow_gold.mesh	武士铠甲-头（金）	
1410	g1008_head_11_rainbow_gold	item.g1008_head_11_rainbow_gold	#	#	1	ItemArmor	cloth&0&g1008_head_11_rainbow_gold.mesh	摇滚铠甲-头（金）	
1411	g1008_head_12_rainbow_gold	item.g1008_head_12_rainbow_gold	#	#	1	ItemArmor	cloth&0&g1008_head_12_rainbow_gold.mesh	赛博铠甲-头（金）	
1412	g1008_head_13_rainbow_gold	item.g1008_head_13_rainbow_gold	#	#	1	ItemArmor	cloth&0&g1008_head_13_rainbow_gold.mesh	斋月铠甲-头（金）	
1413	g1008_head_14_rainbow_gold	item.g1008_head_14_rainbow_gold	#	#	1	ItemArmor	cloth&0&g1008_head_14_rainbow_gold.mesh	洛基铠甲-头（金）	
1414	g1008_head_15_rainbow_gold	item.g1008_head_15_rainbow_gold	#	#	1	ItemArmor	cloth&0&g1008_head_15_rainbow_gold.mesh	奥丁铠甲-头（金）	
1415	g1008_head_16_rainbow_gold	item.g1008_head_16_rainbow_gold	#	#	1	ItemArmor	cloth&0&g1008_head_16_rainbow_gold.mesh	妖狐铠甲-头（金）	
1416	g1008_head_17_rainbow_gold	item.g1008_head_17_rainbow_gold	#	#	1	ItemArmor	cloth&0&g1008_head_17_rainbow_gold.mesh	海龙铠甲-头（金）	
1425	g1008_chest_01_rainbow_gold	item.g1008_chest_01_rainbow_gold	#	#	1	ItemArmor	gold&1&g1008_chest_01_rainbow_gold	战争-胸甲（金）	
1426	g1008_chest_02_rainbow_gold	item.g1008_chest_02_rainbow_gold	#	#	1	ItemArmor	gold&1&g1008_chest_02_rainbow_gold	末影-胸甲（金）	
1428	g1008_chest_04_rainbow_gold	item.g1008_chest_04_rainbow_gold	#	#	1	ItemArmor	gold&1&g1008_chest_04_rainbow_gold	6030204	
1429	g1008_chest_05_rainbow_gold	item.g1008_chest_05_rainbow_gold	#	#	1	ItemArmor	gold&1&g1008_chest_05_rainbow_gold	6030205	
1430	g1008_chest_06_rainbow_gold	item.g1008_chest_06_rainbow_gold	#	#	1	ItemArmor	gold&1&g1008_chest_06_rainbow_gold	6030206	
1431	g1008_chest_07_rainbow_gold	item.g1008_chest_07_rainbow_gold	#	#	1	ItemArmor	gold&1&g1008_chest_07_rainbow_gold	6030207	
1432	g1008_chest_08_rainbow_gold	item.g1008_chest_08_rainbow_gold	#	#	1	ItemArmor	gold&1&g1008_chest_08_rainbow_gold	恶魔-胸甲（金）	
1433	g1008_chest_09_rainbow_gold	item.g1008_chest_09_rainbow_gold	#	#	1	ItemArmor	gold&1&g1008_chest_09_rainbow_gold	宫庭骑士-胸甲（金）	
1434	g1008_chest_10_rainbow_gold	item.g1008_chest_10_rainbow_gold	#	#	1	ItemArmor	gold&1&g1008_chest_10_rainbow_gold	武士铠甲-胸甲（金）	
1435	g1008_chest_11_rainbow_gold	item.g1008_chest_11_rainbow_gold	#	#	1	ItemArmor	gold&1&g1008_chest_11_rainbow_gold	摇滚铠甲-胸甲（金）	
1436	g1008_chest_12_rainbow_gold	item.g1008_chest_12_rainbow_gold	#	#	1	ItemArmor	gold&1&g1008_chest_12_rainbow_gold	赛博铠甲-胸甲（金）	
1437	g1008_chest_13_rainbow_gold	item.g1008_chest_13_rainbow_gold	#	#	1	ItemArmor	gold&1&g1008_chest_13_rainbow_gold	斋月铠甲-胸甲（金）	
1438	g1008_chest_14_rainbow_gold	item.g1008_chest_14_rainbow_gold	#	#	1	ItemArmor	gold&1&g1008_chest_14_rainbow_gold	洛基铠甲-胸甲（金）	
1439	g1008_chest_15_rainbow_gold	item.g1008_chest_15_rainbow_gold	#	#	1	ItemArmor	gold&1&g1008_chest_15_rainbow_gold	奥丁铠甲-胸甲（金）	
1440	g1008_chest_16_rainbow_gold	item.g1008_chest_16_rainbow_gold	#	#	1	ItemArmor	gold&1&g1008_chest_16_rainbow_gold	妖狐铠甲-胸甲（金）	
5441	g1008_chest_17_rainbow_gold	item.g1008_chest_17_rainbow_gold	#	#	1	ItemArmor	gold&1&g1008_chest_17_rainbow_gold	海龙铠甲-胸甲（金）	
1450	g1008_thigh_01_rainbow_gold	item.g1008_thigh_01_rainbow_gold	#	#	1	ItemArmor	gold&2&g1008_thigh_01_rainbow_gold	战争-裤子（金）	
1451	g1008_thigh_02_rainbow_gold	item.g1008_thigh_02_rainbow_gold	#	#	1	ItemArmor	gold&2&g1008_thigh_02_rainbow_gold	末影-裤子（金）	
1453	g1008_thigh_04_rainbow_gold	item.g1008_thigh_04_rainbow_gold	#	#	1	ItemArmor	gold&2&g1008_thigh_04_rainbow_gold	6030304	
1454	g1008_thigh_05_rainbow_gold	item.g1008_thigh_05_rainbow_gold	#	#	1	ItemArmor	gold&2&g1008_thigh_05_rainbow_gold	6030305	
1455	g1008_thigh_06_rainbow_gold	item.g1008_thigh_06_rainbow_gold	#	#	1	ItemArmor	gold&2&g1008_thigh_06_rainbow_gold	6030306	
1456	g1008_thigh_07_rainbow_gold	item.g1008_thigh_07_rainbow_gold	#	#	1	ItemArmor	gold&2&g1008_thigh_07_rainbow_gold	6030307	
1457	g1008_thigh_08_rainbow_gold	item.g1008_thigh_08_rainbow_gold	#	#	1	ItemArmor	gold&2&g1008_thigh_08_rainbow_gold	恶魔-裤子（金）	
1458	g1008_thigh_09_rainbow_gold	item.g1008_thigh_09_rainbow_gold	#	#	1	ItemArmor	gold&2&g1008_thigh_09_rainbow_gold	宫庭骑士-裤子（金）	
1459	g1008_thigh_10_rainbow_gold	item.g1008_thigh_10_rainbow_gold	#	#	1	ItemArmor	gold&2&g1008_thigh_10_rainbow_gold	武士铠甲-裤子（金）	
1460	g1008_thigh_11_rainbow_gold	item.g1008_thigh_11_rainbow_gold	#	#	1	ItemArmor	gold&2&g1008_thigh_11_rainbow_gold	摇滚铠甲-裤子（金）	
1461	g1008_thigh_12_rainbow_gold	item.g1008_thigh_12_rainbow_gold	#	#	1	ItemArmor	gold&2&g1008_thigh_12_rainbow_gold	赛博铠甲-裤子（金）	
1462	g1008_thigh_13_rainbow_gold	item.g1008_thigh_13_rainbow_gold	#	#	1	ItemArmor	gold&2&g1008_thigh_13_rainbow_gold	斋月铠甲-裤子（金）	
1463	g1008_thigh_14_rainbow_gold	item.g1008_thigh_14_rainbow_gold	#	#	1	ItemArmor	gold&2&g1008_thigh_14_rainbow_gold	洛基铠甲-裤子（金）	
1464	g1008_thigh_15_rainbow_gold	item.g1008_thigh_15_rainbow_gold	#	#	1	ItemArmor	gold&2&g1008_thigh_15_rainbow_gold	奥丁铠甲-裤子（金）	
1465	g1008_thigh_16_rainbow_gold	item.g1008_thigh_16_rainbow_gold	#	#	1	ItemArmor	gold&2&g1008_thigh_16_rainbow_gold	妖狐铠甲-裤子（金）	
1466	g1008_thigh_17_rainbow_gold	item.g1008_thigh_17_rainbow_gold	#	#	1	ItemArmor	gold&2&g1008_thigh_17_rainbow_gold	海龙铠甲-裤子（金）	
1475	g1008_foot_01_rainbow_gold	item.g1008_foot_01_rainbow_gold	#	#	1	ItemArmor	gold&3&g1008_foot_01_rainbow_gold.mesh	战争-鞋子（金）	
1476	g1008_foot_02_rainbow_gold	item.g1008_foot_02_rainbow_gold	#	#	1	ItemArmor	gold&3&g1008_foot_02_rainbow_gold.mesh	末影-鞋子（金）	
1478	g1008_foot_04_rainbow_gold	item.g1008_foot_04_rainbow_gold	#	#	1	ItemArmor	gold&3&g1008_foot_04_rainbow_gold.mesh	6030404	
1479	g1008_foot_05_rainbow_gold	item.g1008_foot_05_rainbow_gold	#	#	1	ItemArmor	gold&3&g1008_foot_05_rainbow_gold.mesh	6030405	
1480	g1008_foot_06_rainbow_gold	item.g1008_foot_06_rainbow_gold	#	#	1	ItemArmor	gold&3&g1008_foot_06_rainbow_gold.mesh	6030406	
1481	g1008_foot_07_rainbow_gold	item.g1008_foot_07_rainbow_gold	#	#	1	ItemArmor	gold&3&g1008_foot_07_rainbow_gold.mesh	6030407	
1482	g1008_foot_08_rainbow_gold	item.g1008_foot_08_rainbow_gold	#	#	1	ItemArmor	gold&3&g1008_foot_08_rainbow_gold.mesh	恶魔-鞋子（金）	
1483	g1008_foot_09_rainbow_gold	item.g1008_foot_09_rainbow_gold	#	#	1	ItemArmor	gold&3&g1008_foot_09_rainbow_gold.mesh	宫庭骑士-鞋子（金）	
1484	g1008_foot_10_rainbow_gold	item.g1008_foot_10_rainbow_gold	#	#	1	ItemArmor	gold&3&g1008_foot_10_rainbow_gold.mesh	武士铠甲-鞋子（金）	
1485	g1008_foot_11_rainbow_gold	item.g1008_foot_11_rainbow_gold	#	#	1	ItemArmor	gold&3&g1008_foot_11_rainbow_gold.mesh	摇滚铠甲-鞋子（金）	
1486	g1008_foot_12_rainbow_gold	item.g1008_foot_12_rainbow_gold	#	#	1	ItemArmor	gold&3&g1008_foot_12_rainbow_gold.mesh	赛博铠甲-鞋子（金）	
1487	g1008_foot_13_rainbow_gold	item.g1008_foot_13_rainbow_gold	#	#	1	ItemArmor	gold&3&g1008_foot_13_rainbow_gold.mesh	斋月铠甲-鞋子（金）	
1488	g1008_foot_14_rainbow_gold	item.g1008_foot_14_rainbow_gold	#	#	1	ItemArmor	gold&3&g1008_foot_14_rainbow_gold.mesh	洛基铠甲-鞋子（金）	
1489	g1008_foot_15_rainbow_gold	item.g1008_foot_15_rainbow_gold	#	#	1	ItemArmor	gold&3&g1008_foot_15_rainbow_gold.mesh	奥丁铠甲-鞋子（金）	
1490	g1008_foot_16_rainbow_gold	item.g1008_foot_16_rainbow_gold	#	#	1	ItemArmor	gold&3&g1008_foot_16_rainbow_gold.mesh	妖狐铠甲-鞋子（金）	
1491	g1008_foot_17_rainbow_gold	item.g1008_foot_17_rainbow_gold	#	#	1	ItemArmor	gold&3&g1008_foot_17_rainbow_gold.mesh	海龙铠甲-鞋子（金）	
1500	g1008_head_01_rainbow_emerald	item.g1008_head_01_rainbow_emerald	#	#	1	ItemArmor	cloth&0&g1008_head_01_rainbow_emerald.mesh	战争-头（钻）	
1501	g1008_head_02_rainbow_emerald	item.g1008_head_02_rainbow_emerald	#	#	1	ItemArmor	cloth&0&g1008_head_02_rainbow_emerald.mesh	末影-头（钻）	
1502	g1008_head_03_rainbow_emerald	item.g1008_head_03_rainbow_emerald	#	#	1	ItemArmor	cloth&0&g1008_head_03_rainbow_emerald.mesh	6040103	
1503	g1008_head_04_rainbow_emerald	item.g1008_head_04_rainbow_emerald	#	#	1	ItemArmor	cloth&0&g1008_head_04_rainbow_emerald.mesh	6040104	
1504	g1008_head_05_rainbow_emerald	item.g1008_head_05_rainbow_emerald	#	#	1	ItemArmor	cloth&0&g1008_head_05_rainbow_emerald.mesh	6040105	
1505	g1008_head_06_rainbow_emerald	item.g1008_head_06_rainbow_emerald	#	#	1	ItemArmor	cloth&0&g1008_head_06_rainbow_emerald.mesh	6040106	
1506	g1008_head_07_rainbow_emerald	item.g1008_head_07_rainbow_emerald	#	#	1	ItemArmor	cloth&0&g1008_head_07_rainbow_emerald.mesh	恶魔-头（钻）	
1507	g1008_head_08_rainbow_emerald	item.g1008_head_08_rainbow_emerald	#	#	1	ItemArmor	cloth&0&g1008_head_08_rainbow_emerald.mesh	宫庭骑士-头（钻）	
1508	g1008_head_09_rainbow_emerald	item.g1008_head_09_rainbow_emerald	#	#	1	ItemArmor	cloth&0&g1008_head_09_rainbow_emerald.mesh	武士铠甲-头（钻）	
1509	g1008_head_10_rainbow_emerald	item.g1008_head_10_rainbow_emerald	#	#	1	ItemArmor	cloth&0&g1008_head_10_rainbow_emerald.mesh	赛博铠甲-头（钻）	
1510	g1008_head_11_rainbow_emerald	item.g1008_head_11_rainbow_emerald	#	#	1	ItemArmor	cloth&0&g1008_head_11_rainbow_emerald.mesh	斋月凯甲-头（钻）	
1511	g1008_head_12_rainbow_emerald	item.g1008_head_12_rainbow_emerald	#	#	1	ItemArmor	cloth&0&g1008_head_12_rainbow_emerald.mesh	洛基凯甲-头（钻）	
1512	g1008_head_13_rainbow_emerald	item.g1008_head_13_rainbow_emerald	#	#	1	ItemArmor	cloth&0&g1008_head_13_rainbow_emerald.mesh	奥丁凯甲-头（钻）	
1513	g1008_head_14_rainbow_emerald	item.g1008_head_14_rainbow_emerald	#	#	1	ItemArmor	cloth&0&g1008_head_14_rainbow_emerald.mesh	妖狐凯甲-头（钻）	
1514	g1008_head_15_rainbow_emerald	item.g1008_head_15_rainbow_emerald	#	#	1	ItemArmor	cloth&0&g1008_head_15_rainbow_emerald.mesh	海龙凯甲-头（钻）	
1525	g1008_chest_01_rainbow_emerald	item.g1008_chest_01_rainbow_emerald	#	#	1	ItemArmor	diamond&1&g1008_chest_01_rainbow_emerald	战争-胸甲（钻）	
1526	g1008_chest_02_rainbow_emerald	item.g1008_chest_02_rainbow_emerald	#	#	1	ItemArmor	diamond&1&g1008_chest_02_rainbow_emerald	末影-胸甲（钻）	
1527	g1008_chest_03_rainbow_emerald	item.g1008_chest_03_rainbow_emerald	#	#	1	ItemArmor	diamond&1&g1008_chest_03_rainbow_emerald	6040203	
1528	g1008_chest_04_rainbow_emerald	item.g1008_chest_04_rainbow_emerald	#	#	1	ItemArmor	diamond&1&g1008_chest_04_rainbow_emerald	6040204	
1529	g1008_chest_05_rainbow_emerald	item.g1008_chest_05_rainbow_emerald	#	#	1	ItemArmor	diamond&1&g1008_chest_05_rainbow_emerald	6040205	
1530	g1008_chest_06_rainbow_emerald	item.g1008_chest_06_rainbow_emerald	#	#	1	ItemArmor	diamond&1&g1008_chest_06_rainbow_emerald	6040206	
1531	g1008_chest_07_rainbow_emerald	item.g1008_chest_07_rainbow_emerald	#	#	1	ItemArmor	diamond&1&g1008_chest_07_rainbow_emerald	恶魔-胸甲（钻）	
1532	g1008_chest_08_rainbow_emerald	item.g1008_chest_08_rainbow_emerald	#	#	1	ItemArmor	diamond&1&g1008_chest_08_rainbow_emerald	宫庭骑士-胸甲（钻）	
1533	g1008_chest_09_rainbow_emerald	item.g1008_chest_09_rainbow_emerald	#	#	1	ItemArmor	diamond&1&g1008_chest_09_rainbow_emerald	武士铠甲-胸甲（钻）	
1534	g1008_chest_10_rainbow_emerald	item.g1008_chest_10_rainbow_emerald	#	#	1	ItemArmor	diamond&1&g1008_chest_10_rainbow_emerald	赛博铠甲-胸甲（钻）	
1535	g1008_chest_11_rainbow_emerald	item.g1008_chest_11_rainbow_emerald	#	#	1	ItemArmor	diamond&1&g1008_chest_11_rainbow_emerald	斋月铠甲-胸甲（钻）	
1536	g1008_chest_12_rainbow_emerald	item.g1008_chest_12_rainbow_emerald	#	#	1	ItemArmor	diamond&1&g1008_chest_12_rainbow_emerald	洛基铠甲-胸甲（钻）	
1537	g1008_chest_13_rainbow_emerald	item.g1008_chest_13_rainbow_emerald	#	#	1	ItemArmor	diamond&1&g1008_chest_13_rainbow_emerald	奥丁铠甲-胸甲（钻）	
1538	g1008_chest_14_rainbow_emerald	item.g1008_chest_14_rainbow_emerald	#	#	1	ItemArmor	diamond&1&g1008_chest_14_rainbow_emerald	妖狐铠甲-胸甲（钻）	
1539	g1008_chest_15_rainbow_emerald	item.g1008_chest_15_rainbow_emerald	#	#	1	ItemArmor	diamond&1&g1008_chest_15_rainbow_emerald	海龙铠甲-胸甲（钻）	
1550	g1008_thigh_01_rainbow_emerald	item.g1008_thigh_01_rainbow_emerald	#	#	1	ItemArmor	diamond&2&g1008_thigh_01_rainbow_emerald	战争-裤子（钻）	
1551	g1008_thigh_02_rainbow_emerald	item.g1008_thigh_02_rainbow_emerald	#	#	1	ItemArmor	diamond&2&g1008_thigh_02_rainbow_emerald	末影-裤子（钻）	
1552	g1008_thigh_03_rainbow_emerald	item.g1008_thigh_03_rainbow_emerald	#	#	1	ItemArmor	diamond&2&g1008_thigh_03_rainbow_emerald	6040303	
1553	g1008_thigh_04_rainbow_emerald	item.g1008_thigh_04_rainbow_emerald	#	#	1	ItemArmor	diamond&2&g1008_thigh_04_rainbow_emerald	6040304	
1554	g1008_thigh_05_rainbow_emerald	item.g1008_thigh_05_rainbow_emerald	#	#	1	ItemArmor	diamond&2&g1008_thigh_05_rainbow_emerald	6040305	
1555	g1008_thigh_06_rainbow_emerald	item.g1008_thigh_06_rainbow_emerald	#	#	1	ItemArmor	diamond&2&g1008_thigh_06_rainbow_emerald	6040306	
1556	g1008_thigh_07_rainbow_emerald	item.g1008_thigh_07_rainbow_emerald	#	#	1	ItemArmor	diamond&2&g1008_thigh_07_rainbow_emerald	恶魔-裤子（钻）	
1557	g1008_thigh_08_rainbow_emerald	item.g1008_thigh_08_rainbow_emerald	#	#	1	ItemArmor	diamond&2&g1008_thigh_08_rainbow_emerald	宫庭骑士-裤子（钻）	
1558	g1008_thigh_09_rainbow_emerald	item.g1008_thigh_09_rainbow_emerald	#	#	1	ItemArmor	diamond&2&g1008_thigh_09_rainbow_emerald	武士铠甲-裤子（钻）	
1559	g1008_thigh_10_rainbow_emerald	item.g1008_thigh_10_rainbow_emerald	#	#	1	ItemArmor	diamond&2&g1008_thigh_10_rainbow_emerald	赛博铠甲-裤子（钻）	
1560	g1008_thigh_11_rainbow_emerald	item.g1008_thigh_11_rainbow_emerald	#	#	1	ItemArmor	diamond&2&g1008_thigh_11_rainbow_emerald	斋月铠甲-裤子（钻）	
1561	g1008_thigh_12_rainbow_emerald	item.g1008_thigh_12_rainbow_emerald	#	#	1	ItemArmor	diamond&2&g1008_thigh_12_rainbow_emerald	洛基铠甲-裤子（钻）	
1562	g1008_thigh_13_rainbow_emerald	item.g1008_thigh_13_rainbow_emerald	#	#	1	ItemArmor	diamond&2&g1008_thigh_13_rainbow_emerald	奥丁铠甲-裤子（钻）	
1563	g1008_thigh_14_rainbow_emerald	item.g1008_thigh_14_rainbow_emerald	#	#	1	ItemArmor	diamond&2&g1008_thigh_14_rainbow_emerald	妖狐铠甲-裤子（钻）	
1564	g1008_thigh_15_rainbow_emerald	item.g1008_thigh_15_rainbow_emerald	#	#	1	ItemArmor	diamond&2&g1008_thigh_15_rainbow_emerald	海龙铠甲-裤子（钻）	
1575	g1008_foot_01_rainbow_emerald	item.g1008_foot_01_rainbow_emerald	#	#	1	ItemArmor	diamond&3&g1008_foot_01_rainbow_emerald.mesh	战争-鞋子（钻）	
1576	g1008_foot_02_rainbow_emerald	item.g1008_foot_02_rainbow_emerald	#	#	1	ItemArmor	diamond&3&g1008_foot_02_rainbow_emerald.mesh	末影-鞋子（钻）	
1577	g1008_foot_03_rainbow_emerald	item.g1008_foot_03_rainbow_emerald	#	#	1	ItemArmor	diamond&3&g1008_foot_03_rainbow_emerald.mesh	6040403	
1578	g1008_foot_04_rainbow_emerald	item.g1008_foot_04_rainbow_emerald	#	#	1	ItemArmor	diamond&3&g1008_foot_04_rainbow_emerald.mesh	6040404	
1579	g1008_foot_05_rainbow_emerald	item.g1008_foot_05_rainbow_emerald	#	#	1	ItemArmor	diamond&3&g1008_foot_05_rainbow_emerald.mesh	6040405	
1580	g1008_foot_06_rainbow_emerald	item.g1008_foot_06_rainbow_emerald	#	#	1	ItemArmor	diamond&3&g1008_foot_06_rainbow_emerald.mesh	6040406	
1581	g1008_foot_07_rainbow_emerald	item.g1008_foot_07_rainbow_emerald	#	#	1	ItemArmor	diamond&3&g1008_foot_07_rainbow_emerald.mesh	恶魔-鞋子（钻）	
1582	g1008_foot_08_rainbow_emerald	item.g1008_foot_08_rainbow_emerald	#	#	1	ItemArmor	diamond&3&g1008_foot_08_rainbow_emerald.mesh	宫庭骑士-鞋子（钻）	
1583	g1008_foot_09_rainbow_emerald	item.g1008_foot_09_rainbow_emerald	#	#	1	ItemArmor	diamond&3&g1008_foot_09_rainbow_emerald.mesh	武士铠甲-鞋子（钻）	
1584	g1008_foot_10_rainbow_emerald	item.g1008_foot_10_rainbow_emerald	#	#	1	ItemArmor	diamond&3&g1008_foot_10_rainbow_emerald.mesh	赛博铠甲-鞋子（钻）	
1585	g1008_foot_11_rainbow_emerald	item.g1008_foot_11_rainbow_emerald	#	#	1	ItemArmor	diamond&3&g1008_foot_11_rainbow_emerald.mesh	斋月铠甲-鞋子（钻）	
1586	g1008_foot_12_rainbow_emerald	item.g1008_foot_12_rainbow_emerald	#	#	1	ItemArmor	diamond&3&g1008_foot_12_rainbow_emerald.mesh	洛基铠甲-鞋子（钻）	
1587	g1008_foot_13_rainbow_emerald	item.g1008_foot_13_rainbow_emerald	#	#	1	ItemArmor	diamond&3&g1008_foot_13_rainbow_emerald.mesh	奥丁铠甲-鞋子（钻）	
1588	g1008_foot_14_rainbow_emerald	item.g1008_foot_14_rainbow_emerald	#	#	1	ItemArmor	diamond&3&g1008_foot_14_rainbow_emerald.mesh	妖狐铠甲-鞋子（钻）	
1589	g1008_foot_15_rainbow_emerald	item.g1008_foot_15_rainbow_emerald	#	#	1	ItemArmor	diamond&3&g1008_foot_15_rainbow_emerald.mesh	海龙铠甲-鞋子（钻）	
2265	g1008_helmet_1_rainbow	item.g1008_helmet_1_rainbow	g1008_helmet_1_rainbow.mesh	#		ItemArmor	cloth&0&g1008_helmet_1_rainbow.mesh&none&true	#	
2266	g1008_helmet_2_rainbow	item.g1008_helmet_2_rainbow	g1008_helmet_2_rainbow.mesh	#		ItemArmor	cloth&0&g1008_helmet_2_rainbow.mesh&none&true	#	
2271	g1008_helmet_3_rainbow	item.g1008_helmet_3_rainbow	g1008_helmet_3_rainbow.mesh	#		ItemArmor	cloth&0&g1008_helmet_3_rainbow.mesh&none&true	#	
2276	g1008_helmet_5_rainbow	item.g1008_helmet_5_rainbow	g1008_helmet_5_rainbow.mesh	#		ItemArmor	cloth&0&g1008_helmet_5_rainbow.mesh&none&true	#	
2281	g1008_helmet_6_rainbow	item.g1008_helmet_6_rainbow	g1008_helmet_6_rainbow.mesh	#		ItemArmor	cloth&0&g1008_helmet_6_rainbow.mesh&none&true	#	
901	g1008_helmet_7_rainbow	item.g1008_helmet_7_rainbow	g1008_helmet_7_rainbow.mesh	#		ItemArmor	cloth&0&g1008_helmet_7_rainbow.mesh&none&true	电视机	
902	g1008_helmet_8_rainbow	item.g1008_helmet_8_rainbow	g1008_helmet_8_rainbow.mesh	#		ItemArmor	cloth&0&g1008_helmet_8_rainbow.mesh&none&true	床霸	
903	g1008_helmet_9_rainbow	item.g1008_helmet_9_rainbow	g1008_helmet_9_rainbow.mesh	#		ItemArmor	cloth&0&g1008_helmet_9_rainbow.mesh&none&true	食人花	
904	g1008_helmet_10_rainbow	item.g1008_helmet_10_rainbow	g1008_helmet_10_rainbow.mesh	#		ItemArmor	cloth&0&g1008_helmet_10_rainbow.mesh&none&true	圣诞	
905	g1008_helmet_11_rainbow	item.g1008_helmet_11_rainbow	g1008_helmet_11_rainbow.mesh	#		ItemArmor	cloth&0&g1008_helmet_11_rainbow.mesh&none&true	鲨鱼	
906	g1008_helmet_12_rainbow	item.g1008_helmet_12_rainbow	g1008_helmet_12_rainbow.mesh	#		ItemArmor	cloth&0&g1008_helmet_12_rainbow.mesh&none&true	法老头盔	
907	g1008_helmet_14_rainbow	item.g1008_helmet_14_rainbow	g1008_helmet_14_rainbow.mesh	#		ItemArmor	cloth&0&g1008_helmet_14_rainbow.mesh&none&true	气泡头盔	
908	g1008_helmet_15_rainbow	item.g1008_helmet_15_rainbow	g1008_helmet_15_rainbow.mesh	#		ItemArmor	cloth&0&g1008_helmet_15_rainbow.mesh&none&true	蒲公英	
909	g1008_helmet_16_rainbow	item.g1008_helmet_16_rainbow	g1008_helmet_16_rainbow.mesh	#		ItemArmor	cloth&0&g1008_helmet_16_rainbow.mesh&none&true	UFO	
910	g1008_helmet_17_rainbow	item.g1008_helmet_17_rainbow	g1008_helmet_17_rainbow.mesh	#		ItemArmor	cloth&0&g1008_helmet_17_rainbow.mesh&none&true	羽箭	
911	g1008_helmet_18_rainbow	item.g1008_helmet_18_rainbow	g1008_helmet_18_rainbow.mesh	#		ItemArmor	cloth&0&g1008_helmet_18_rainbow.mesh&none&true	斧头	
912	g1008_helmet_19_rainbow	item.g1008_helmet_19_rainbow	g1008_helmet_19_rainbow.mesh	#		ItemArmor	cloth&0&g1008_helmet_19_rainbow.mesh&none&true	变色龙	
913	g1008_helmet_20_rainbow	item.g1008_helmet_20_rainbow	g1008_helmet_20_rainbow.mesh	#		ItemArmor	cloth&0&g1008_helmet_20_rainbow.mesh&none&true	薯条	
914	g1008_helmet_21_rainbow	item.g1008_helmet_21_rainbow	g1008_helmet_21_rainbow.mesh	#		ItemArmor	cloth&0&g1008_helmet_21_rainbow.mesh&none&true	小丑	
915	g1008_helmet_22_rainbow	item.g1008_helmet_22_rainbow	g1008_helmet_22_rainbow.mesh	#		ItemArmor	cloth&0&g1008_helmet_22_rainbow.mesh&none&true	飞行帽	
916	g1008_helmet_23_rainbow	item.g1008_helmet_23_rainbow	g1008_helmet_23_rainbow.mesh	#		ItemArmor	cloth&0&g1008_helmet_23_rainbow.mesh&none&true	IQ	
917	g1008_helmet_24_rainbow	item.g1008_helmet_24_rainbow	g1008_helmet_24_rainbow.mesh	#		ItemArmor	cloth&0&g1008_helmet_24_rainbow.mesh&none&true	喷气式	
918	g1008_helmet_25_rainbow	item.g1008_helmet_25_rainbow	g1008_helmet_25_rainbow.mesh	#		ItemArmor	cloth&0&g1008_helmet_25_rainbow.mesh&none&true	皇冠	
919	g1008_helmet_26_rainbow	item.g1008_helmet_26_rainbow	g1008_helmet_26_rainbow.mesh	#		ItemArmor	cloth&0&g1008_helmet_26_rainbow.mesh&none&true	雪糕	
920	g1008_helmet_27_rainbow	item.g1008_helmet_27_rainbow	g1008_helmet_27_rainbow.mesh	#		ItemArmor	cloth&0&g1008_helmet_27_rainbow.mesh&none&true	黄金勇士	
922	g1008_helmet_29_rainbow	item.g1008_helmet_29_rainbow	g1008_helmet_29_rainbow.mesh	#		ItemArmor	cloth&0&g1008_helmet_29_rainbow.mesh&none&true	BM-17	
924	g1008_helmet_31_rainbow	item.g1008_helmet_31_rainbow	g1008_helmet_31_rainbow.mesh	#		ItemArmor	cloth&0&g1008_helmet_31_rainbow.mesh&none&true	南瓜	
925	g1008_helmet_32_rainbow	item.g1008_helmet_32_rainbow	g1008_helmet_32_rainbow.mesh	#		ItemArmor	cloth&0&g1008_helmet_32_rainbow.mesh&none&true	圆形守卫	
926	g1008_helmet_33_rainbow	item.g1008_helmet_33_rainbow	g1008_helmet_33_rainbow.mesh	#		ItemArmor	cloth&0&g1008_helmet_33_rainbow.mesh&none&true	四角守卫	
927	g1008_helmet_34_rainbow	item.g1008_helmet_34_rainbow	g1008_helmet_34_rainbow.mesh	#		ItemArmor	cloth&0&g1008_helmet_34_rainbow.mesh&none&true	守卫长	
928	g1008_helmet_35_rainbow	item.g1008_helmet_35_rainbow	g1008_helmet_35_rainbow.mesh	#		ItemArmor	cloth&0&g1008_helmet_35_rainbow.mesh&none&true	三角守卫	
930	g1008_helmet_37_rainbow	item.g1008_helmet_37_rainbow	g1008_helmet_37_rainbow.mesh	#		ItemArmor	cloth&0&g1008_helmet_37_rainbow.mesh&none&true	战术目镜	
931	g1008_helmet_38_rainbow	item.g1008_helmet_38_rainbow	g1008_helmet_38_rainbow.mesh	#		ItemArmor	cloth&0&g1008_helmet_38_rainbow.mesh&none&true	房子	
933	g1008_helmet_40_rainbow	item.g1008_helmet_40_rainbow	g1008_helmet_40_rainbow.mesh	#		ItemArmor	cloth&0&g1008_helmet_40_rainbow.mesh&none&true	灯笼鱼	
934	g1008_helmet_41_rainbow	item.g1008_helmet_41_rainbow	g1008_helmet_41_rainbow.mesh	#		ItemArmor	cloth&0&g1008_helmet_41_rainbow.mesh&none&true	5010039	
935	g1008_helmet_42_rainbow	item.g1008_helmet_42_rainbow	g1008_helmet_42_rainbow.mesh	#		ItemArmor	cloth&0&g1008_helmet_42_rainbow.mesh&none&true	5010042	
936	g1008_helmet_43_rainbow	item.g1008_helmet_43_rainbow	g1008_helmet_43_rainbow.mesh	#		ItemArmor	cloth&0&g1008_helmet_43_rainbow.mesh&none&true	5010043	
937	g1008_helmet_44_rainbow	item.g1008_helmet_44_rainbow	g1008_helmet_44_rainbow.mesh	#		ItemArmor	cloth&0&g1008_helmet_44_rainbow.mesh&none&true	5010044	
938	g1008_helmet_45_rainbow	item.g1008_helmet_45_rainbow	g1008_helmet_45_rainbow.mesh	#		ItemArmor	cloth&0&g1008_helmet_45_rainbow.mesh&none&true	5010045	season21
939	g1008_helmet_46_rainbow	item.g1008_helmet_46_rainbow	g1008_helmet_46_rainbow.mesh	#		ItemArmor	cloth&0&g1008_helmet_46_rainbow.mesh&none&true	5010046	season22
940	g1008_helmet_47_rainbow	item.g1008_helmet_47_rainbow	g1008_helmet_47_rainbow.mesh	#		ItemArmor	cloth&0&g1008_helmet_47_rainbow.mesh&none&true	5010047	活动获得
941	g1008_helmet_48_rainbow	item.g1008_helmet_48_rainbow	g1008_helmet_48_rainbow.mesh	#		ItemArmor	cloth&0&g1008_helmet_48_rainbow.mesh&none&true	5010048	season24
942	g1008_helmet_49_rainbow	item.g1008_helmet_49_rainbow	g1008_helmet_49_rainbow.mesh	#		ItemArmor	cloth&0&g1008_helmet_49_rainbow.mesh&none&true	5010049	season25
943	g1008_helmet_50_rainbow	item.g1008_helmet_50_rainbow	g1008_helmet_50_rainbow.mesh	#		ItemArmor	cloth&0&g1008_helmet_50_rainbow.mesh&none&true	5010050	season26
944	g1008_helmet_51_rainbow	item.g1008_helmet_51_rainbow	g1008_helmet_51_rainbow.mesh	#		ItemArmor	cloth&0&g1008_helmet_51_rainbow.mesh&none&true	5010051	万圣节皮肤
945	g1008_helmet_52_rainbow	item.g1008_helmet_52_rainbow	g1008_helmet_52_rainbow.mesh	#		ItemArmor	cloth&0&g1008_helmet_52_rainbow.mesh&none&true	5010052	
947	g1008_helmet_54_rainbow	item.g1008_helmet_54_rainbow	g1008_helmet_54_rainbow.mesh	#		ItemArmor	cloth&0&g1008_helmet_54_rainbow.mesh&none&true	5010054	
948	g1008_helmet_55_rainbow	item.g1008_helmet_55_rainbow	g1008_helmet_55_rainbow.mesh	#		ItemArmor	cloth&0&g1008_helmet_55_rainbow.mesh&none&true	5010055	
949	g1008_helmet_56_rainbow	item.g1008_helmet_56_rainbow	g1008_helmet_56_rainbow.mesh	#		ItemArmor	cloth&0&g1008_helmet_56_rainbow.mesh&none&true	5010056	
950	g1008_helmet_57_rainbow	item.g1008_helmet_57_rainbow	g1008_helmet_57_rainbow.mesh	#		ItemArmor	cloth&0&g1008_helmet_57_rainbow.mesh&none&true	撒亚人头盔	
951	g1008_helmet_58_rainbow	item.g1008_helmet_58_rainbow	g1008_helmet_58_rainbow.mesh	#		ItemArmor	cloth&0&g1008_helmet_58_rainbow.mesh&none&true	5010058	
952	g1008_helmet_59_rainbow	item.g1008_helmet_59_rainbow	g1008_helmet_59_rainbow.mesh	#		ItemArmor	cloth&0&g1008_helmet_59_rainbow.mesh&none&true	电锯人头盔	
953	g1008_helmet_60_rainbow	item.g1008_helmet_60_rainbow	g1008_helmet_60_rainbow.mesh	#		ItemArmor	cloth&0&g1008_helmet_60_rainbow.mesh&none&true	5010060	
954	g1008_helmet_61_rainbow	item.g1008_helmet_61_rainbow	g1008_helmet_61_rainbow.mesh	#		ItemArmor	cloth&0&g1008_helmet_61_rainbow.mesh&none&true	米奇达斯	
955	g1008_helmet_62_rainbow	item.g1008_helmet_62_rainbow	g1008_helmet_62_rainbow.mesh	#		ItemArmor	cloth&0&g1008_helmet_62_rainbow.mesh&none&true	士官长	
956	g1008_helmet_63_rainbow	item.g1008_helmet_63_rainbow	g1008_helmet_63_rainbow.mesh	#		ItemArmor	cloth&0&g1008_helmet_63_rainbow.mesh&none&true	钢炼头盔	
957	g1008_helmet_64_rainbow	item.g1008_helmet_64_rainbow	g1008_helmet_64_rainbow.mesh	#		ItemArmor	cloth&0&g1008_helmet_64_rainbow.mesh&none&true	狼王头盔	
958	g1008_helmet_65_rainbow	item.g1008_helmet_65_rainbow	g1008_helmet_65_rainbow.mesh	#		ItemArmor	cloth&0&g1008_helmet_65_rainbow.mesh&none&true	艾娃头盔	
959	g1008_helmet_66_rainbow	item.g1008_helmet_66_rainbow	g1008_helmet_66_rainbow.mesh	#		ItemArmor	cloth&0&g1008_helmet_66_rainbow.mesh&none&true	猫女头盔	
960	g1008_helmet_67_rainbow	item.g1008_helmet_67_rainbow	g1008_helmet_67_rainbow.mesh	#		ItemArmor	cloth&0&g1008_helmet_67_rainbow.mesh&none&true	高达	
961	g1008_helmet_68_rainbow	item.g1008_helmet_68_rainbow	g1008_helmet_68_rainbow.mesh	#		ItemArmor	cloth&0&g1008_helmet_68_rainbow.mesh&none&true	哥布林杀手	
962	g1008_helmet_69_rainbow	item.g1008_helmet_69_rainbow	g1008_helmet_69_rainbow.mesh	#		ItemArmor	cloth&0&g1008_helmet_69_rainbow.mesh&none&true	黎明	
963	g1008_helmet_70_rainbow	item.g1008_helmet_70_rainbow	g1008_helmet_70_rainbow.mesh	#		ItemArmor	cloth&0&g1008_helmet_70_rainbow.mesh&none&true	鬼火	
964	g1008_helmet_71_rainbow	item.g1008_helmet_71_rainbow	g1008_helmet_71_rainbow.mesh	#		ItemArmor	cloth&0&g1008_helmet_71_rainbow.mesh&none&true	西部牛仔头盔	
965	g1008_helmet_72_rainbow	item.g1008_helmet_72_rainbow	g1008_helmet_72_rainbow.mesh	#		ItemArmor	cloth&0&g1008_helmet_72_rainbow.mesh&none&true	黑崎一护头盔	
966	g1008_helmet_73_rainbow	item.g1008_helmet_73_rainbow	g1008_helmet_73_rainbow.mesh	#		ItemArmor	cloth&0&g1008_helmet_73_rainbow.mesh&none&true	刺客	
967	g1008_helmet_74_rainbow	item.g1008_helmet_74_rainbow	g1008_helmet_74_rainbow.mesh	#		ItemArmor	cloth&0&g1008_helmet_74_rainbow.mesh&none&true	蒙面超人	
968	g1008_helmet_75_rainbow	item.g1008_helmet_75_rainbow	g1008_helmet_75_rainbow.mesh	#		ItemArmor	cloth&0&g1008_helmet_75_rainbow.mesh&none&true	五条悟	
969	g1008_helmet_76_rainbow	item.g1008_helmet_76_rainbow	g1008_helmet_76_rainbow.mesh	#		ItemArmor	cloth&0&g1008_helmet_76_rainbow.mesh&none&true	猫猫	
970	g1008_helmet_77_rainbow	item.g1008_helmet_77_rainbow	g1008_helmet_77_rainbow.mesh	#		ItemArmor	cloth&0&g1008_helmet_77_rainbow.mesh&none&true	TV-man	
971	g1008_helmet_78_rainbow	item.g1008_helmet_78_rainbow	g1008_helmet_78_rainbow.mesh	#		ItemArmor	cloth&0&g1008_helmet_78_rainbow.mesh&none&true	火麒麟	
972	g1008_helmet_79_rainbow	item.g1008_helmet_79_rainbow	g1008_helmet_79_rainbow.mesh	#		ItemArmor	cloth&0&g1008_helmet_79_rainbow.mesh&none&true	兔子	
973	g1008_helmet_80_rainbow	item.g1008_helmet_80_rainbow	g1008_helmet_80_rainbow.mesh	#		ItemArmor	cloth&0&g1008_helmet_80_rainbow.mesh&none&true	女武神头盔	
974	g1008_helmet_81_rainbow	item.g1008_helmet_81_rainbow	g1008_helmet_81_rainbow.mesh	#		ItemArmor	cloth&0&g1008_helmet_81_rainbow.mesh&none&true	X	
975	g1008_helmet_82_rainbow	item.g1008_helmet_82_rainbow	g1008_helmet_82_rainbow.mesh	#		ItemArmor	cloth&0&g1008_helmet_82_rainbow.mesh&none&true	白虎头盔	
976	g1008_helmet_83_rainbow	item.g1008_helmet_83_rainbow	g1008_helmet_83_rainbow.mesh	#		ItemArmor	cloth&0&g1008_helmet_83_rainbow.mesh&none&true	舞狮头盔	
977	g1008_helmet_84_rainbow	item.g1008_helmet_84_rainbow	g1008_helmet_84_rainbow.mesh	#		ItemArmor	cloth&0&g1008_helmet_84_rainbow.mesh&none&true	追猎面具	
978	g1008_helmet_85_rainbow	item.g1008_helmet_85_rainbow	g1008_helmet_85_rainbow.mesh	#		ItemArmor	cloth&0&g1008_helmet_85_rainbow.mesh&none&true	蓝发头盔	
979	g1008_helmet_86_rainbow	item.g1008_helmet_86_rainbow	g1008_helmet_86_rainbow.mesh	#		ItemArmor	cloth&0&g1008_helmet_86_rainbow.mesh&none&true	科技牛角	
980	g1008_helmet_87_rainbow	item.g1008_helmet_87_rainbow	g1008_helmet_87_rainbow.mesh	#		ItemArmor	cloth&0&g1008_helmet_87_rainbow.mesh&none&true	伊斯兰头巾	
981	g1008_helmet_88_rainbow	item.g1008_helmet_88_rainbow	g1008_helmet_88_rainbow.mesh	#		ItemArmor	cloth&0&g1008_helmet_88_rainbow.mesh&none&true	刺客头盔	
982	g1008_helmet_89_rainbow	item.g1008_helmet_89_rainbow	g1008_helmet_89_rainbow.mesh	#		ItemArmor	cloth&0&g1008_helmet_89_rainbow.mesh&none&true	魔法师帽	
983	g1008_helmet_90_rainbow	item.g1008_helmet_90_rainbow	g1008_helmet_90_rainbow.mesh	#		ItemArmor	cloth&0&g1008_helmet_90_rainbow.mesh&none&true	潜水头盔	
984	g1008_helmet_91_rainbow	item.g1008_helmet_91_rainbow	g1008_helmet_91_rainbow.mesh	#		ItemArmor	cloth&0&g1008_helmet_91_rainbow.mesh&none&true	骷髅法师头盔	
3051	g1008_shears_01	item.g1008_shears_01	g1008_shears_01.mesh	#		ItemShears		7010001	
3052	g1008_shears_02	item.g1008_shears_02	g1008_shears_02.mesh	#		ItemShears		7010002	
3053	g1008_shears_03	item.g1008_shears_03	g1008_shears_03.mesh	#		ItemShears		7010003	
3054	g1008_shears_04	item.g1008_shears_04	g1008_shears_04.mesh	g1008_shears_04.effect		ItemShears		7010004	
3055	g1008_shears_05	item.g1008_shears_05	g1008_shears_05.mesh	g1008_shears_05.effect		ItemShears		7010005	
3056	g1008_shears_06	item.g1008_shears_06	g1008_shears_06.mesh	g1008_shears_06.effect		ItemShears		7010006	
3057	g1008_shears_07	item.g1008_shears_07	g1008_shears_07.mesh	g1008_shears_07.effect		ItemShears		7010007	
3058	g1008_shears_08	item.g1008_shears_08	g1008_shears_08.mesh	g1008_shears_08.effect		ItemShears		7010008	
3059	g1008_shears_09	item.g1008_shears_09	g1008_shears_09.mesh	g1008_shears_09.effect		ItemShears		蝴蝶	
3060	g1008_shears_10	item.g1008_shears_10	g1008_shears_10.mesh	g1008_shears_10.effect		ItemShears		7010010	
3061	g1008_shears_11	item.g1008_shears_11	g1008_shears_11.mesh	g1008_shears_11.effect		ItemShears		童话	
3062	g1008_shears_12	item.g1008_shears_12	g1008_shears_12.mesh	g1008_shears_12.effect		ItemShears		银翼剪刀	
3063	g1008_shears_13	item.g1008_shears_13	g1008_shears_13.mesh	g1008_shears_13.effect		ItemShears		紫·初号	
3064	g1008_shears_14	item.g1008_shears_14	g1008_shears_14.mesh	g1008_shears_14.effect		ItemShears		女巫	
3065	g1008_shears_15	item.g1008_shears_15	g1008_shears_15.mesh	g1008_shears_15.effect		ItemShears		植物符文	
3067	g1008_shears_17	item.g1008_shears_17	g1008_shears_17.mesh	g1008_shears_17.effect		ItemShears		蝎尾剪	
3068	g1008_shears_18	item.g1008_shears_18	g1008_shears_18.mesh	g1008_shears_18.effect		ItemShears		剪刀手	
3069	g1008_shears_19	item.g1008_shears_19	g1008_shears_19.mesh	g1008_shears_19.effect		ItemShears		鸟眼	
3070	g1008_shears_20	item.g1008_shears_20	g1008_shears_20.mesh	g1008_shears_20.effect		ItemShears		光能武器/剪刀	
2076	g1008_sword_21	item.g1008_sword_21	g1008_sword_21.mesh	#		ItemSword	gold	流氓皇帝	
2077	g1008_sword_01	item.g1008_sword_01	g1008_sword_01.mesh	#		ItemSword	wood	勇士木剑	
2078	g1008_sword_02	item.g1008_sword_02	g1008_sword_02.mesh	#		ItemSword	wood	流浪者之剑	
2079	g1008_sword_03	item.g1008_sword_03	g1008_sword_03.mesh	#		ItemSword	wood	毒刺木剑	
2080	g1008_sword_04	item.g1008_sword_04	g1008_sword_04.mesh	#		ItemSword	iron	巨刃	
2081	g1008_sword_05	item.g1008_sword_05	g1008_sword_05.mesh	#		ItemSword	iron	锯齿	
2082	g1008_sword_06	item.g1008_sword_06	g1008_sword_06.mesh	#		ItemSword	iron	斩首刀	
2083	g1008_sword_07	item.g1008_sword_07	g1008_sword_07.mesh	#		ItemSword	gold	金色荣耀	
2084	g1008_sword_08	item.g1008_sword_08	g1008_sword_08.mesh	#		ItemSword	gold	黄金斩首刀	
2085	g1008_sword_09	item.g1008_sword_09	g1008_sword_09.mesh	#		ItemSword	gold	誓约胜利之剑	
2086	g1008_sword_10	item.g1008_sword_10	g1008_sword_10.mesh	#		ItemSword	emerald	圣骑士枪	
2087	g1008_sword_11	item.g1008_sword_11	g1008_sword_11.mesh	#		ItemSword	emerald	璀璨水晶	
2088	g1008_sword_12	item.g1008_sword_12	g1008_sword_12.mesh	#		ItemSword	emerald	钻石星辰剑	
2089	g1008_sword_13	item.g1008_sword_13	g1008_sword_13.mesh	#		ItemSword	wood	红缎带木剑	
2090	g1008_sword_14	item.g1008_sword_14	g1008_sword_14.mesh	#		ItemSword	wood	鲨鱼之刃	
2091	g1008_sword_15	item.g1008_sword_15	g1008_sword_15.mesh	#		ItemSword	wood	刺客木刃	
2092	g1008_sword_16	item.g1008_sword_16	g1008_sword_16.mesh	#		ItemSword	iron	合金大剑	
2093	g1008_sword_17	item.g1008_sword_17	g1008_sword_17.mesh	#		ItemSword	iron	幽灵剑	
2094	g1008_sword_18	item.g1008_sword_18	g1008_sword_18.mesh	#		ItemSword	iron	蔚蓝陨石剑	
2095	g1008_sword_19	item.g1008_sword_19	g1008_sword_19.mesh	#		ItemSword	gold	沙皇弯刀	
2096	g1008_sword_20	item.g1008_sword_20	g1008_sword_20.mesh	#		ItemSword	gold	充能战刃	
2282	g1008_sword_22	item.g1008_sword_22	g1008_sword_22.mesh	#		ItemSword	wood	剑鱼	
2283	g1008_sword_23	item.g1008_sword_23	g1008_sword_23.mesh	#		ItemSword	gold	教会之枪	
2284	g1008_sword_24	item.g1008_sword_24	g1008_sword_24.mesh	#		ItemSword	emerald	胡萝卜	
2285	g1008_sword_25	item.g1008_sword_25	g1008_sword_25.mesh	#		ItemSword	gold	熔岩金剑	
2299	g1008_sword_26	item.g1008_sword_26	g1008_sword_26.mesh	#		ItemSword	iron	像素铁剑	
3900	g1008_sword_35	item.g1008_sword_35	g1008_sword_35.mesh	#		ItemSword	wood	姜饼	
3901	g1008_sword_36	item.g1008_sword_36	g1008_sword_36.mesh	#		ItemSword	wood	水气球	
3902	g1008_sword_37	item.g1008_sword_37	g1008_sword_37.mesh	#		ItemSword	wood	烧烤	
3906	g1008_sword_41	item.g1008_sword_41	g1008_sword_41.mesh	g1008_sword_41.effect		ItemSword	wood	血夜木剑	
3907	g1008_sword_42	item.g1008_sword_42	g1008_sword_42.mesh	g1008_sword_42.effect		ItemSword	wood	飞叶	
3908	g1008_sword_43	item.g1008_sword_43	g1008_sword_43.mesh	#		ItemSword	wood	1010016	
3909	g1008_sword_44	item.g1008_sword_44	g1008_sword_44.mesh	g1008_sword_44.effect		ItemSword	wood	猎户座	
3910	g1008_sword_45	item.g1008_sword_45	g1008_sword_45.mesh	#		ItemSword	wood	求道玉	
3911	g1008_sword_46	item.g1008_sword_46	g1008_sword_46.mesh	g1008_sword_46.effect		ItemSword	wood	飞段镰刀	
3913	g1008_sword_48	item.g1008_sword_48	g1008_sword_48.mesh	g1008_sword_48.effect		ItemSword	wood	木妖	
3914	g1008_sword_49	item.g1008_sword_49	g1008_sword_49.mesh	g1008_sword_49.effect		ItemSword	wood	黄刺	
3916	g1008_sword_51	item.g1008_sword_51	g1008_sword_51.mesh	g1008_sword_51.effect		ItemSword	wood	龙翼	
3917	g1008_sword_52	item.g1008_sword_52	g1008_sword_52.mesh	g1008_sword_51.effect		ItemSword	wood	圣诞木剑	
3918	g1008_sword_53	item.g1008_sword_53	g1008_sword_53.mesh	g1008_sword_53.effect		ItemSword	wood	毛笔木剑	
3919	g1008_sword_169	item.g1008_sword_169	g1008_sword_169.mesh	g1008_sword_169.effect		ItemSword	wood	水枪木剑	
3920	g1008_sword_168	item.g1008_sword_168	g1008_sword_168.mesh	g1008_sword_168.effect		ItemSword	wood	棒球棍	
3921	g1008_sword_170	item.g1008_sword_170	g1008_sword_170.mesh	g1008_sword_170.effect		ItemSword	wood	雷电法杖	
3922	g1008_sword_171	item.g1008_sword_171	g1008_sword_171.mesh	g1008_sword_171.effect		ItemSword	wood	狼牙棒	
4000	g1008_sword_30	item.g1008_sword_30	g1008_sword_30.mesh	g1008_sword_30.effect		ItemSword	iron	光剑	
4009	g1008_sword_54	item.g1008_sword_54	g1008_sword_54.mesh	g1008_sword_54.effect		ItemSword	iron	1020010	
4010	g1008_sword_55	item.g1008_sword_55	g1008_sword_55.mesh	g1008_sword_55.effect		ItemSword	iron	1020011	
4011	g1008_sword_56	item.g1008_sword_56	g1008_sword_56.mesh	g1008_sword_56.effect		ItemSword	iron	1020012	
4012	g1008_sword_57	item.g1008_sword_57	g1008_sword_57.mesh	g1008_sword_57.effect		ItemSword	iron	DIY铁剑	
4013	g1008_sword_58	item.g1008_sword_58	g1008_sword_58.mesh	#		ItemSword	iron	1020014	
4015	g1008_sword_60	item.g1008_sword_60	g1008_sword_60.mesh	g1008_sword_60.effect		ItemSword	iron	斩月铁剑	
4016	g1008_sword_61	item.g1008_sword_61	g1008_sword_61.mesh	g1008_sword_61.effect		ItemSword	iron	干将莫邪	
4017	g1008_sword_62	item.g1008_sword_62	g1008_sword_62.mesh	g1008_sword_62.effect		ItemSword	iron	1020018	
4018	g1008_sword_63	item.g1008_sword_63	g1008_sword_63.mesh	g1008_sword_63.effect		ItemSword	iron	恶魔之子	
4019	g1008_sword_64	item.g1008_sword_64	g1008_sword_64.mesh	g1008_sword_64.effect		ItemSword	iron	星光	
4020	g1008_sword_65	item.g1008_sword_65	g1008_sword_65.mesh	g1008_sword_65.effect		ItemSword	iron	魔瞳	
4021	g1008_sword_66	item.g1008_sword_66	g1008_sword_66.mesh	g1008_sword_66.effect		ItemSword	iron	邪能剑	
4022	g1008_sword_67	item.g1008_sword_67	g1008_sword_67.mesh	g1008_sword_67.effect		ItemSword	iron	西部左轮枪刃	
4023	g1008_sword_68	item.g1008_sword_68	g1008_sword_68.mesh	g1008_sword_68.effect		ItemSword	iron	居合	
4024	g1008_sword_69	item.g1008_sword_69	g1008_sword_69.mesh	g1008_sword_69.effect		ItemSword	iron	银针	
4025	g1008_sword_126	item.g1008_sword_126	g1008_sword_126.mesh	g1008_sword_126.effect		ItemSword	iron	黑钢剑	
4026	g1008_sword_127	item.g1008_sword_127	g1008_sword_127.mesh	g1008_sword_127.effect		ItemSword	iron	羽毛	
4027	g1008_sword_128	item.g1008_sword_128	g1008_sword_128.mesh	g1008_sword_128.effect		ItemSword	iron	电锯	
4028	g1008_sword_129	item.g1008_sword_129	g1008_sword_129.mesh	g1008_sword_129.effect		ItemSword	iron	青蔷薇	
4029	g1008_sword_130	item.g1008_sword_130	g1008_sword_130.mesh	g1008_sword_130.effect		ItemSword	iron	白虎	
4030	g1008_sword_131	item.g1008_sword_131	g1008_sword_131.mesh	g1008_sword_131.effect		ItemSword	iron	裁决	
4031	g1008_sword_132	item.g1008_sword_132	g1008_sword_132.mesh	g1008_sword_132.effect		ItemSword	iron	春雨u	
4032	g1008_sword_133	item.g1008_sword_133	g1008_sword_133.mesh	g1008_sword_133.effect		ItemSword	iron	酋长	
4033	g1008_sword_134	item.g1008_sword_134	g1008_sword_134.mesh	g1008_sword_134.effect		ItemSword	iron	鱼鳍	
4100	g1008_sword_34	item.g1008_sword_34	g1008_sword_34.mesh	#		ItemSword	gold	日冕	
4101	g1008_sword_70	item.g1008_sword_70	g1008_sword_70.mesh	g1008_sword_70.effect		ItemSword	gold	1030010	
4102	g1008_sword_71	item.g1008_sword_71	g1008_sword_71.mesh	g1008_sword_71.effect		ItemSword	gold	1030011	
4103	g1008_sword_72	item.g1008_sword_72	g1008_sword_72.mesh	g1008_sword_72.effect		ItemSword	gold	1030012	
4104	g1008_sword_73	item.g1008_sword_73	g1008_sword_73.mesh	g1008_sword_73.effect		ItemSword	gold	1030013	
4105	g1008_sword_74	item.g1008_sword_74	g1008_sword_74.mesh	g1008_sword_74.effect		ItemSword	gold	1030014	
4108	g1008_sword_77	item.g1008_sword_77	g1008_sword_77.mesh	g1008_sword_77_2.effect		ItemSword	gold	土星	
4110	g1008_sword_79	item.g1008_sword_79	g1008_sword_79.mesh	g1008_sword_79.effect		ItemSword	gold	1030019	
4111	g1008_sword_80	item.g1008_sword_80	g1008_sword_80.mesh	g1008_sword_80.effect		ItemSword	gold	1030020	
4112	g1008_sword_81	item.g1008_sword_81	g1008_sword_81.mesh	g1008_sword_81.effect		ItemSword	gold	1030021	
4113	g1008_sword_82	item.g1008_sword_82	g1008_sword_82.mesh	g1008_sword_82.effect		ItemSword	gold	闪光	
4114	g1008_sword_83	item.g1008_sword_83	g1008_sword_83.mesh	g1008_sword_83.effect		ItemSword	gold	乖离剑	
4115	g1008_sword_84	item.g1008_sword_84	g1008_sword_84.mesh	g1008_sword_84.effect		ItemSword	gold	科学光剑	
4116	g1008_sword_85	item.g1008_sword_85	g1008_sword_85.mesh	g1008_sword_85.effect		ItemSword	gold	妖刀村正	
4117	g1008_sword_86	item.g1008_sword_86	g1008_sword_86.mesh	g1008_sword_86.effect		ItemSword	gold	炽热大剑	
4118	g1008_sword_111	item.g1008_sword_111	g1008_sword_111.mesh	g1008_sword_111.effect		ItemSword	gold	王者权杖	
4119	g1008_sword_112	item.g1008_sword_112	g1008_sword_112.mesh	g1008_sword_112.effect		ItemSword	gold	黄金乡	
4120	g1008_sword_113	item.g1008_sword_113	g1008_sword_113.mesh	g1008_sword_113.effect		ItemSword	gold	太阳风	
4122	g1008_sword_115	item.g1008_sword_115	g1008_sword_115.mesh	g1008_sword_115.effect		ItemSword	gold	橄榄枝	
4123	g1008_sword_116	item.g1008_sword_116	g1008_sword_116_r.mesh	g1008_sword_116_r.effect		ItemSword	gold	月牙	
4124	g1008_sword_117	item.g1008_sword_117	g1008_sword_117.mesh	g1008_sword_117.effect		ItemSword	gold	圣光	
4125	g1008_sword_118	item.g1008_sword_118	g1008_sword_118.mesh	g1008_sword_118.effect		ItemSword	gold	凤凰	
4126	g1008_sword_119	item.g1008_sword_119	g1008_sword_119.mesh	g1008_sword_119.effect		ItemSword	gold	猎头者·改	
4127	g1008_sword_120	item.g1008_sword_120	g1008_sword_120.mesh	g1008_sword_120.effect		ItemSword	gold	封魔剑	
4128	g1008_sword_121	item.g1008_sword_121	g1008_sword_121.mesh	g1008_sword_121.effect		ItemSword	gold	斋月弯刀	
4129	g1008_sword_122	item.g1008_sword_122	g1008_sword_122.mesh	g1008_sword_122.effect		ItemSword	gold	倒吊者	
4130	g1008_sword_123	item.g1008_sword_123	g1008_sword_123.mesh	g1008_sword_123.effect		ItemSword	gold	心灵权杖	
4131	g1008_sword_124	item.g1008_sword_124	g1008_sword_124.mesh	g1008_sword_124.effect		ItemSword	gold	妖狐金剑	
4132	g1008_sword_125	item.g1008_sword_125	g1008_sword_125.mesh	g1008_sword_125.effect		ItemSword	gold	光能武器/剑	
4200	g1008_sword_27	item.g1008_sword_27	g1008_sword_27.mesh	#		ItemSword	emerald	鲨鱼	
4201	g1008_sword_29	item.g1008_sword_29	g1008_sword_29.mesh	#		ItemSword	emerald	冰息	
4202	g1008_sword_31	item.g1008_sword_31	g1008_sword_31.mesh	g1008_sword_31_1.effect		ItemSword	emerald	雷切	
4203	g1008_sword_33	item.g1008_sword_33	g1008_sword_33.mesh	g1008_sword_33.effect		ItemSword	emerald	龙魂	
4204	g1008_sword_38	item.g1008_sword_38	g1008_sword_38.mesh	g1008_sword_38.effect		ItemSword	emerald	1040010	
4205	g1008_sword_87	item.g1008_sword_87	g1008_sword_87.mesh	g1008_sword_87.effect		ItemSword	emerald	1040011	
4206	g1008_sword_88	item.g1008_sword_88	g1008_sword_88.mesh	g1008_sword_88.effect		ItemSword	emerald	1040012	
4207	g1008_sword_89	item.g1008_sword_89	g1008_sword_89.mesh	g1008_sword_89.effect		ItemSword	emerald	1040013	
4208	g1008_sword_90	item.g1008_sword_90	g1008_sword_90.mesh	g1008_sword_90.effect		ItemSword	emerald	1040014	
4209	g1008_sword_91	item.g1008_sword_91	g1008_sword_91.mesh	g1008_sword_91.effect		ItemSword	emerald	宝库钥匙	
4210	g1008_sword_92	item.g1008_sword_92	g1008_sword_92.mesh	g1008_sword_92.effect		ItemSword	emerald	1040016	
4211	g1008_sword_93	item.g1008_sword_93	g1008_sword_93.mesh	g1008_sword_93.effect		ItemSword	emerald	1040017	
4212	g1008_sword_94	item.g1008_sword_94	g1008_sword_94.mesh	g1008_sword_94.effect		ItemSword	emerald	1040018	
4213	g1008_sword_95	item.g1008_sword_95	g1008_sword_95.mesh	g1008_sword_95.effect		ItemSword	emerald	1040019	
4214	g1008_sword_96	item.g1008_sword_96	g1008_sword_96.mesh	g1008_sword_96.effect		ItemSword	emerald	契约之剑	
4215	g1008_sword_97	item.g1008_sword_97	g1008_sword_97.mesh	g1008_sword_97.effect		ItemSword	emerald	冥王星	
4216	g1008_sword_98	item.g1008_sword_98	g1008_sword_98.mesh	g1008_sword_98.effect		ItemSword	emerald	水晶剑	
4217	g1008_sword_99	item.g1008_sword_99	g1008_sword_99.mesh	g1008_sword_99.effect		ItemSword	emerald	冰晶大剑	
4218	g1008_sword_100	item.g1008_sword_100	g1008_sword_100.mesh	g1008_sword_100.effect		ItemSword	emerald	腐化之刃	
4219	g1008_sword_148	item.g1008_sword_148	g1008_sword_148.mesh	g1008_sword_148.effect		ItemSword	emerald	深海	
4221	g1008_sword_150	item.g1008_sword_150	g1008_sword_150.mesh	g1008_sword_150.effect		ItemSword	emerald	蓝色穿梭	
4222	g1008_sword_151	item.g1008_sword_151	g1008_sword_151.mesh	g1008_sword_151.effect		ItemSword	emerald	魔眼钻剑	
4223	g1008_sword_152	item.g1008_sword_152	g1008_sword_152.mesh	g1008_sword_152.effect		ItemSword	emerald	电光剑	
4224	g1008_sword_153	item.g1008_sword_153	g1008_sword_153.mesh	g1008_sword_153.effect		ItemSword	emerald	永恒之枪	
4225	g1008_sword_154	item.g1008_sword_154	g1008_sword_154.mesh	g1008_sword_154.effect		ItemSword	emerald	精粹钻剑	
4226	g1008_sword_155	item.g1008_sword_155	g1008_sword_155.mesh	g1008_sword_155.effect		ItemSword	emerald	三叉钻石剑	
2296	g1008_bow_04	item.g1008_bow_04	g1008_bow_04.mesh	#		ItemBow		熔岩圣弓	
2300	g1008_bow_05	item.g1008_bow_05	g1008_bow_05.mesh	#		ItemBow		像素弓	
3000	g1008_bow_06	item.g1008_bow_06	g1008_bow_06.mesh	g1008_bow_06.effect		ItemBow		光弓	
3002	g1008_bow_08	item.g1008_bow_08	g1008_bow_08.mesh	#		ItemBow		4010008	
3009	g1008_bow_09	item.g1008_bow_09	g1008_bow_09.mesh	g1008_bow_09.effect		ItemBow		4010009	
3010	g1008_bow_10	item.g1008_bow_10	g1008_bow_10.mesh	g1008_bow_10.effect		ItemBow		4010010	
3012	g1008_bow_12	item.g1008_bow_12	g1008_bow_12.mesh	g1008_bow_12.effect		ItemBow		4010012	
3013	g1008_bow_13	item.g1008_bow_13	g1008_bow_13.mesh	g1008_bow_13.effect		ItemBow		4010013	
3015	g1008_bow_15	item.g1008_bow_15	g1008_bow_15.mesh	g1008_bow_15.effect		ItemBow		荣耀弓	
3016	g1008_bow_16	item.g1008_bow_16	g1008_bow_16.mesh	g1008_bow_16.effect		ItemBow		日轮弓	
3018	g1008_bow_18	item.g1008_bow_18	g1008_bow_18.mesh	g1008_bow_18.effect		ItemBow		冰晶大弓	
3019	g1008_bow_19	item.g1008_bow_19	g1008_bow_19.mesh	g1008_bow_19.effect		ItemBow		冰晶大弓	
3020	g1008_bow_20	item.g1008_bow_20	g1008_bow_20.mesh	g1008_bow_20.effect		ItemBow		龙骨弓	
3022	g1008_bow_22	item.g1008_bow_22	g1008_bow_22.mesh	g1008_bow_22.effect		ItemBow		羽毛弓	
3023	g1008_bow_23	item.g1008_bow_23	g1008_bow_23.mesh	g1008_bow_23.effect		ItemBow		白虎弓	
3024	g1008_bow_24	item.g1008_bow_24	g1008_bow_24.mesh	g1008_bow_24.effect		ItemBow		教廷圣弓	
3025	g1008_bow_25	item.g1008_bow_25	g1008_bow_25.mesh	g1008_bow_25.effect		ItemBow		封魔轮	
3026	g1008_bow_26	item.g1008_bow_26	g1008_bow_26.mesh	g1008_bow_26.effect		ItemBow		魔眼弓	
3027	g1008_bow_27	item.g1008_bow_27	g1008_bow_27.mesh	g1008_bow_27.effect		ItemBow		电光镐	
2117	g1008_pickaxe_01	item.g1008_pickaxe_01	g1008_pickaxe_01.mesh	#		ItemPickaxe	wood	鹤嘴锄	
2118	g1008_pickaxe_02	item.g1008_pickaxe_02	g1008_pickaxe_02.mesh	#		ItemPickaxe	wood	铁柄锄	
2119	g1008_pickaxe_03	item.g1008_pickaxe_03	g1008_pickaxe_03.mesh	#		ItemPickaxe	wood	流浪者之锄	
2120	g1008_pickaxe_04	item.g1008_pickaxe_04	g1008_pickaxe_04.mesh	#		ItemPickaxe	iron	部落铁镐	
2121	g1008_pickaxe_05	item.g1008_pickaxe_05	g1008_pickaxe_05.mesh	#		ItemPickaxe	iron	铁钩	
2122	g1008_pickaxe_06	item.g1008_pickaxe_06	g1008_pickaxe_06.mesh	#		ItemPickaxe	iron	噬铁	
2123	g1008_pickaxe_07	item.g1008_pickaxe_07	g1008_pickaxe_07.mesh	#		ItemPickaxe	emerald	圣痕	
2124	g1008_pickaxe_08	item.g1008_pickaxe_08	g1008_pickaxe_08.mesh	#		ItemPickaxe	emerald	流光	
2125	g1008_pickaxe_09	item.g1008_pickaxe_09	g1008_pickaxe_09.mesh	#		ItemPickaxe	emerald	逐月	
2126	g1008_pickaxe_10	item.g1008_pickaxe_10	g1008_pickaxe_10.mesh	#		ItemPickaxe	gold	黄金矿工	
2127	g1008_pickaxe_11	item.g1008_pickaxe_11	g1008_pickaxe_11.mesh	#		ItemPickaxe	gold	粉碎者	
2128	g1008_pickaxe_12	item.g1008_pickaxe_12	g1008_pickaxe_12.mesh	#		ItemPickaxe	gold	破坏者	
2129	g1008_pickaxe_13	item.g1008_pickaxe_13	g1008_pickaxe_13.mesh	#		ItemPickaxe	wood	啄木鸟	
2130	g1008_pickaxe_14	item.g1008_pickaxe_14	g1008_pickaxe_14.mesh	#		ItemPickaxe	wood	指路者	
2131	g1008_pickaxe_15	item.g1008_pickaxe_15	g1008_pickaxe_15.mesh	#		ItemPickaxe	wood	木锚	
2132	g1008_pickaxe_16	item.g1008_pickaxe_16	g1008_pickaxe_16.mesh	#		ItemPickaxe	iron	铁制啄木鸟	
2133	g1008_pickaxe_17	item.g1008_pickaxe_17	g1008_pickaxe_17.mesh	#		ItemPickaxe	iron	绿嘴铁镐	
2134	g1008_pickaxe_18	item.g1008_pickaxe_18	g1008_pickaxe_18.mesh	#		ItemPickaxe	iron	铁镰刀	
2135	g1008_pickaxe_19	item.g1008_pickaxe_19	g1008_pickaxe_19.mesh	#		ItemPickaxe	emerald	水晶组合剑	
2291	g1008_pickaxe_20	item.g1008_pickaxe_20	g1008_pickaxe_20.mesh	#		ItemPickaxe	iron	机械镐	
2292	g1008_pickaxe_21	item.g1008_pickaxe_21	g1008_pickaxe_21.mesh	#		ItemPickaxe	wood	马桶塞	
2293	g1008_pickaxe_22	item.g1008_pickaxe_22	g1008_pickaxe_22.mesh	#		ItemPickaxe	emerald	心翼	
2294	g1008_pickaxe_23	item.g1008_pickaxe_23	g1008_pickaxe_23.mesh	#		ItemPickaxe	gold	熔岩金镐	
2297	g1008_pickaxe_24	item.g1008_pickaxe_24	g1008_pickaxe_24.mesh	#		ItemPickaxe	iron	像素铁镐	
3100	g1008_pickaxe_31	item.g1008_pickaxe_31	g1008_pickaxe_31.mesh	#		ItemPickaxe	wood	糖果	
3101	g1008_pickaxe_33	item.g1008_pickaxe_33	g1008_pickaxe_33.mesh	#		ItemPickaxe	wood	海螺镐	
3102	g1008_pickaxe_34	item.g1008_pickaxe_34	g1008_pickaxe_34.mesh	#		ItemPickaxe	wood	3010010	
3104	g1008_pickaxe_36	item.g1008_pickaxe_36	g1008_pickaxe_36.mesh	g1008_pickaxe_36.effect		ItemPickaxe	wood	3010012	
3105	g1008_pickaxe_37	item.g1008_pickaxe_37	g1008_pickaxe_37.mesh	g1008_pickaxe_37.effect		ItemPickaxe	wood	3010013	
3106	g1008_pickaxe_38	item.g1008_pickaxe_38	g1008_pickaxe_38.mesh	#		ItemPickaxe	wood	棒棒糖	
3107	g1008_pickaxe_39	item.g1008_pickaxe_39	g1008_pickaxe_39.mesh	#		ItemPickaxe	wood	圣诞镐	
3108	g1008_pickaxe_40	item.g1008_pickaxe_40	g1008_pickaxe_40.mesh	#		ItemPickaxe	wood	化石镐	
3200	g1008_pickaxe_30	item.g1008_pickaxe_30	g1008_pickaxe_30.mesh	g1008_pickaxe_30.effect		ItemPickaxe	iron	3020009	
3202	g1008_pickaxe_32	item.g1008_pickaxe_32	g1008_pickaxe_32.mesh	g1008_pickaxe_32.effect		ItemPickaxe	iron	3020010	
3203	g1008_pickaxe_52	item.g1008_pickaxe_52	g1008_pickaxe_52.mesh	g1008_pickaxe_52.effect		ItemPickaxe	iron	3020011	
3204	g1008_pickaxe_55	item.g1008_pickaxe_55	g1008_pickaxe_55.mesh	g1008_pickaxe_55.effect		ItemPickaxe	iron	3020012	
3205	g1008_pickaxe_56	item.g1008_pickaxe_56	g1008_pickaxe_56.mesh	g1008_pickaxe_56.effect		ItemPickaxe	iron	独角兽	
3206	g1008_pickaxe_57	item.g1008_pickaxe_57	g1008_pickaxe_57.mesh	g1008_pickaxe_57.effect		ItemPickaxe	iron	骷髅铁镐	
3207	g1008_pickaxe_58	item.g1008_pickaxe_58	g1008_pickaxe_58.mesh	g1008_pickaxe_58.effect		ItemPickaxe	iron	奉献	
3208	g1008_pickaxe_59	item.g1008_pickaxe_59	g1008_pickaxe_59.mesh	g1008_pickaxe_59.effect		ItemPickaxe	iron	先驱者铁镐	
3209	g1008_pickaxe_60	item.g1008_pickaxe_60	g1008_pickaxe_60.mesh	g1008_pickaxe_60.effect		ItemPickaxe	iron	卡南之眼	
3300	g1008_pickaxe_69	item.g1008_pickaxe_69	g1008_pickaxe_69.mesh	g1008_pickaxe_69.effect		ItemPickaxe	gold	3030006	
3301	g1008_pickaxe_70	item.g1008_pickaxe_70	g1008_pickaxe_70.mesh	g1008_pickaxe_70.effect		ItemPickaxe	gold	3030007	
3302	g1008_pickaxe_71	item.g1008_pickaxe_71	g1008_pickaxe_71.mesh	g1008_pickaxe_71.effect		ItemPickaxe	gold	3030008	
3303	g1008_pickaxe_72	item.g1008_pickaxe_72	g1008_pickaxe_72.mesh	g1008_pickaxe_72.effect		ItemPickaxe	gold	3030009	
3304	g1008_pickaxe_73	item.g1008_pickaxe_73	g1008_pickaxe_73.mesh	g1008_pickaxe_73.effect		ItemPickaxe	gold	黄金机械龙	
3305	g1008_pickaxe_74	item.g1008_pickaxe_74	g1008_pickaxe_74.mesh	g1008_pickaxe_74.effect		ItemPickaxe	gold	霓虹灯球	
3306	g1008_pickaxe_75	item.g1008_pickaxe_75	g1008_pickaxe_75.mesh	g1008_pickaxe_75.effect		ItemPickaxe	gold	金鳍	
3307	g1008_pickaxe_76	item.g1008_pickaxe_76	g1008_pickaxe_76.mesh	g1008_pickaxe_76.effect		ItemPickaxe	gold	石林镐	
3308	g1008_pickaxe_77	item.g1008_pickaxe_77	g1008_pickaxe_77.mesh	g1008_pickaxe_77.effect		ItemPickaxe	gold	提灯镐	
3309	g1008_pickaxe_78	item.g1008_pickaxe_78	g1008_pickaxe_78.mesh	g1008_pickaxe_78.effect		ItemPickaxe	gold	光能武器/镐	
3400	g1008_pickaxe_25	item.g1008_pickaxe_25	g1008_pickaxe_25.mesh	#		ItemPickaxe	emerald	晶鲨	
3401	g1008_pickaxe_89	item.g1008_pickaxe_89	g1008_pickaxe_89.mesh	#		ItemPickaxe	emerald	3040007	
3402	g1008_pickaxe_90	item.g1008_pickaxe_90	g1008_pickaxe_90.mesh	g1008_pickaxe_90.effect		ItemPickaxe	emerald	3040008	
3403	g1008_pickaxe_91	item.g1008_pickaxe_91	g1008_pickaxe_91.mesh	g1008_pickaxe_91.effect		ItemPickaxe	emerald	3040009	
3404	g1008_pickaxe_92	item.g1008_pickaxe_92	g1008_pickaxe_92.mesh	g1008_pickaxe_92.effect		ItemPickaxe	emerald	3040010	
3405	g1008_pickaxe_93	item.g1008_pickaxe_93	g1008_pickaxe_93.mesh	g1008_pickaxe_93.effect		ItemPickaxe	emerald	3040011	
3407	g1008_pickaxe_95	item.g1008_pickaxe_95	g1008_pickaxe_95.mesh	g1008_pickaxe_95.effect		ItemPickaxe	emerald	黑狼	
3408	g1008_pickaxe_96	item.g1008_pickaxe_96	g1008_pickaxe_96.mesh	g1008_pickaxe_96.effect		ItemPickaxe	emerald	魔眼镐	
3409	g1008_pickaxe_97	item.g1008_pickaxe_97	g1008_pickaxe_97.mesh	g1008_pickaxe_97.effect		ItemPickaxe	emerald	电光镐	
2097	g1008_axe_01	item.g1008_axe_01	g1008_axe_01.mesh	#		ItemAxe	wood	流浪者之斧	
2098	g1008_axe_02	item.g1008_axe_02	g1008_axe_02.mesh	#		ItemAxe	wood	角斗者之斧	
2099	g1008_axe_03	item.g1008_axe_03	g1008_axe_03.mesh	#		ItemAxe	wood	双刃斧	
2100	g1008_axe_04	item.g1008_axe_04	g1008_axe_04.mesh	#		ItemAxe	iron	铁碎牙	
2101	g1008_axe_05	item.g1008_axe_05	g1008_axe_05.mesh	#		ItemAxe	iron	碎颅者	
2102	g1008_axe_06	item.g1008_axe_06	g1008_axe_06.mesh	#		ItemAxe	iron	豪杰大斧	
2103	g1008_axe_07	item.g1008_axe_07	g1008_axe_07.mesh	#		ItemAxe	emerald	女武神之斧	
2104	g1008_axe_08	item.g1008_axe_08	g1008_axe_08.mesh	#		ItemAxe	emerald	巨灵	
2105	g1008_axe_09	item.g1008_axe_09	g1008_axe_09.mesh	#		ItemAxe	emerald	诸神黄昏	
2106	g1008_axe_10	item.g1008_axe_10	g1008_axe_10.mesh	#		ItemAxe	gold	黄金大赏	
2107	g1008_axe_11	item.g1008_axe_11	g1008_axe_11.mesh	#		ItemAxe	gold	国王之斧	
2108	g1008_axe_12	item.g1008_axe_12	g1008_axe_12.mesh	#		ItemAxe	gold	荣耀战斧	
2109	g1008_axe_16	item.g1008_axe_16	g1008_axe_16.mesh	#		ItemAxe	iron	贵族铁斧	
2110	g1008_axe_17	item.g1008_axe_17	g1008_axe_17.mesh	#		ItemAxe	iron	权杖	
2111	g1008_axe_18	item.g1008_axe_18	g1008_axe_18.mesh	#		ItemAxe	iron	小恶魔之斧	
2112	g1008_axe_19	item.g1008_axe_19	g1008_axe_19.mesh	#		ItemAxe	emerald	圣洁大斧	
2113	g1008_axe_20	item.g1008_axe_20	g1008_axe_20.mesh	#		ItemAxe	emerald	神圣独角兽	
2286	g1008_axe_21	item.g1008_axe_21	g1008_axe_21.mesh	#		ItemAxe	emerald	幽镰	
2287	g1008_axe_22	item.g1008_axe_22	g1008_axe_22.mesh	#		ItemAxe	wood	吉他	
2288	g1008_axe_23	item.g1008_axe_23	g1008_axe_23.mesh	#		ItemAxe	gold	仙人掌	
2289	g1008_axe_24	item.g1008_axe_24	g1008_axe_24.mesh	#		ItemAxe	wood	原始人	
2290	g1008_axe_25	item.g1008_axe_25	g1008_axe_25.mesh	#		ItemAxe	gold	熔岩金斧	
2298	g1008_axe_26	item.g1008_axe_26	g1008_axe_26.mesh	#		ItemAxe	iron	像素铁斧	
3500	g1008_axe_29	item.g1008_axe_29	g1008_axe_29.mesh	#		ItemAxe	wood	古纹	
3501	g1008_axe_32	item.g1008_axe_32	g1008_axe_32.mesh	#		ItemAxe	wood	篮球框	
3503	g1008_axe_33	item.g1008_axe_33	g1008_axe_33.mesh	#		ItemAxe	wood	木吉他	
3505	g1008_axe_35	item.g1008_axe_35	g1008_axe_35.mesh	#		ItemAxe	wood	旗帜斧	
3600	g1008_axe_30	item.g1008_axe_30	g1008_axe_30.mesh	g1008_axe_30.effect		ItemAxe	iron	光斧	
3601	g1008_axe_51	item.g1008_axe_51	g1008_axe_51.mesh	g1008_axe_51.effect		ItemAxe	iron	2020009	
3602	g1008_axe_52	item.g1008_axe_52	g1008_axe_52.mesh	g1008_axe_52.effect		ItemAxe	iron	2020010	
3603	g1008_axe_53	item.g1008_axe_53	g1008_axe_53.mesh	g1008_axe_53.effect		ItemAxe	iron	2020011	
3604	g1008_axe_54	item.g1008_axe_54	g1008_axe_54.mesh	g1008_axe_54.effect		ItemAxe	iron	2020012	
3605	g1008_axe_55	item.g1008_axe_55	g1008_axe_55.mesh	g1008_axe_55.effect		ItemAxe	iron	符文斧	
3606	g1008_axe_56	item.g1008_axe_56	g1008_axe_56.mesh	g1008_axe_56.effect		ItemAxe	iron	狂战斧	
3607	g1008_axe_57	item.g1008_axe_57	g1008_axe_57.mesh	g1008_axe_57.effect		ItemAxe	iron	骸骨	
3608	g1008_axe_58	item.g1008_axe_58	g1008_axe_58.mesh	g1008_axe_58.effect		ItemAxe	iron	制裁	
3609	g1008_axe_59	item.g1008_axe_59	g1008_axe_59.mesh	g1008_axe_59.effect		ItemAxe	iron	民族	
3700	g1008_axe_68	item.g1008_axe_68	g1008_axe_68.mesh	g1008_axe_68.effect		ItemAxe	gold	2030006	
3701	g1008_axe_69	item.g1008_axe_69	g1008_axe_69.mesh	g1008_axe_69.effect		ItemAxe	gold	2030007	
3702	g1008_axe_70	item.g1008_axe_70	g1008_axe_70.mesh	g1008_axe_70.effect		ItemAxe	gold	2030008	
3703	g1008_axe_71	item.g1008_axe_71	g1008_axe_71.mesh	g1008_axe_71.effect		ItemAxe	gold	2030009	
3704	g1008_axe_72	item.g1008_axe_72	g1008_axe_72.mesh	g1008_axe_72.effect		ItemAxe	gold	矿场	
3705	g1008_axe_73	item.g1008_axe_73	g1008_axe_73.mesh	g1008_axe_73.effect		ItemAxe	gold	冠军斧	
3706	g1008_axe_74	item.g1008_axe_74	g1008_axe_74.mesh	g1008_axe_74.effect		ItemAxe	gold	圣诞斧	
3707	g1008_axe_75	item.g1008_axe_75	g1008_axe_75.mesh	g1008_axe_75.effect		ItemAxe	gold	巨神斧	
3708	g1008_axe_76	item.g1008_axe_76	g1008_axe_76.mesh	g1008_axe_76.effect		ItemAxe	gold	光能武器/斧	
3800	g1008_axe_88	item.g1008_axe_88	g1008_axe_88.mesh	g1008_axe_88.effect		ItemAxe	emerald	2040007	
3801	g1008_axe_89	item.g1008_axe_89	g1008_axe_89.mesh	g1008_axe_89.effect		ItemAxe	emerald	2040008	
3802	g1008_axe_90	item.g1008_axe_90	g1008_axe_90.mesh	g1008_axe_90.effect		ItemAxe	emerald	2040009	
3803	g1008_axe_91	item.g1008_axe_91	g1008_axe_91.mesh	g1008_axe_91.effect		ItemAxe	emerald	冰河	
3804	g1008_axe_92	item.g1008_axe_92	g1008_axe_92.mesh	g1008_axe_92.effect		ItemAxe	emerald	蓝宝石	
3805	g1008_axe_93	item.g1008_axe_93	g1008_axe_93.mesh	g1008_axe_93.effect		ItemAxe	emerald	龙纹斧	
3806	g1008_axe_94	item.g1008_axe_94	g1008_axe_94.mesh	g1008_axe_94.effect		ItemAxe	emerald	魔眼斧	
3807	g1008_axe_95	item.g1008_axe_95	g1008_axe_95.mesh	g1008_axe_95.effect		ItemAxe	emerald	电光斧	
5999	g1008_axe_93	item.g1008_axe_93	g1008_axe_93.mesh	g1008_axe_93.effect		ItemSword	emerald	大剑	
5001	g1008_job_hunter_head	item.g1008_head_job_hunter	#	#	1	ItemArmor	cloth&0&g1008_head_job_hunter.mesh&none&false	猎人铠甲-头(皮)	
5002	g1008_job_hunter_chest	item.g1008_chest_job_hunter	#	#	1	ItemArmor	cloth&1&g1008_chest_job_hunter.mesh&none&false	猎人铠甲-胸甲(皮)	
5003	g1008_job_hunter_thigh	item.g1008_thigh_job_hunter	#	#	1	ItemArmor	cloth&2&g1008_thigh_job_hunter.mesh&none&false	猎人铠甲-裤子(皮)	
5004	g1008_job_hunter_foot	item.g1008_foot_job_hunter	#	#	1	ItemArmor	cloth&3&g1008_foot_job_hunter.mesh&none&false	猎人铠甲-鞋子(皮)	
5005	g1008_job_archer_head	item.g1008_head_job_archer	#	#	1	ItemArmor	cloth&0&g1008_head_job_archer.mesh&none&false	骷髅射手铠甲-头(皮)	
5006	g1008_job_archer_chest	item.g1008_chest_job_archer	#	#	1	ItemArmor	cloth&1&g1008_chest_job_archer.mesh&none&false	骷髅射手铠甲-胸甲(皮)	
5007	g1008_job_archer_thigh	item.g1008_thigh_job_archer	#	#	1	ItemArmor	cloth&2&g1008_thigh_job_archer.mesh&none&false	骷髅射手铠甲-裤子(皮)	
5008	g1008_job_archer_foot	item.g1008_foot_job_archer	#	#	1	ItemArmor	cloth&3&g1008_foot_job_archer.mesh&none&false	骷髅射手铠甲-鞋子(皮)	
5009	g1008_head_14_rainbow_wood	item.g1008_head_14_rainbow_wood	#	#	1	ItemArmor	cloth&0&g1008_head_14_rainbow_wood.mesh&none&false	狂战士铠甲-头(皮)	
5010	g1008_chest_14_rainbow_wood	item.g1008_chest_14_rainbow_wood	#	#	1	ItemArmor	cloth&1&g1008_chest_14_rainbow_wood.mesh&none&false	狂战士铠甲-胸甲(皮)	
5011	g1008_thigh_14_rainbow_wood	item.g1008_thigh_14_rainbow_wood	#	#	1	ItemArmor	cloth&2&g1008_thigh_14_rainbow_wood.mesh&none&false	狂战士铠甲-裤子(皮)	
5012	g1008_foot_14_rainbow_wood	item.g1008_foot_14_rainbow_wood	#	#	1	ItemArmor	cloth&3&g1008_foot_14_rainbow_wood.mesh&none&false	狂战士铠甲-鞋子(皮)	
5013	g1008_head_16_rainbow_wood	item.g1008_head_16_rainbow_wood	#	#	1	ItemArmor	cloth&0&g1008_head_16_rainbow_wood.mesh&none&false	火男铠甲-头(皮)	
5014	g1008_chest_16_rainbow_wood	item.g1008_chest_16_rainbow_wood	#	#	1	ItemArmor	cloth&1&g1008_chest_16_rainbow_wood.mesh&none&false	火男铠甲-胸甲(皮)	
5015	g1008_thigh_16_rainbow_wood	item.g1008_thigh_16_rainbow_wood	#	#	1	ItemArmor	cloth&2&g1008_thigh_16_rainbow_wood.mesh&none&false	火男铠甲-裤子(皮)	
5016	g1008_foot_16_rainbow_wood	item.g1008_foot_16_rainbow_wood	#	#	1	ItemArmor	cloth&3&g1008_foot_16_rainbow_wood.mesh&none&false	火男铠甲-鞋子(皮)	
