皮肤id	一杀播报内容	二杀播报内容	三杀播报内容	四杀播报内容	五杀播报	播报背景	Unnamed: 7	Unnamed: 8	Unnamed: 9	Unnamed: 10	Unnamed: 11
id	oneKill	twoKill	threeKill	fourKill	FiveKill	bg					
	KillBroadCast_oneKill_1	KillBroadCast_twoKill_1	KillBroadCast_threeKill_1	KillBroadCast_fourKill_1	KillBroadCast_fiveKill_1	set:bedwar_broadcast_skin.json image:g1008_broadcast_1					击杀播报内容表
	KillBroadCast_oneKill_1	KillBroadCast_twoKill_1	KillBroadCast_threeKill_1	KillBroadCast_fourKill_1	KillBroadCast_fiveKill_1	set:bedwar_broadcast_skin.json image:g1008_broadcast_2					付费内容需联表使用，皮肤ID需相同
3	KillBroadCast_oneKill_1	KillBroadCast_twoKill_1	KillBroadCast_threeKill_1	KillBroadCast_fourKill_1	KillBroadCast_fiveKill_1	set:bedwar_broadcast_skin.json image:g1008_broadcast_3					CustomShopKillBroadCast
