索引	背景	背景特效	图标特效	击杀特效	Unnamed: 5	Unnamed: 6	Unnamed: 7
Id	Bg	BgEffect	IconEffect	KillEffect			
1	set:kill_broad_cast.json image:img_0_broadcast_36	g1008_effect_ui_killtips_border.effect	g1008_effect_ui_killtips_light.effect	g1008_effect_ui_killtips_daoguang.effect			宠物的击杀播报表
2	set:kill_broad_cast.json image:img_0_broadcast_36	g1008_effect_ui_killtips_border.effect	g1008_effect_ui_killtips_light.effect	g1008_effect_ui_killtips_daoguang.effect			
3	set:kill_broad_cast.json image:img_0_broadcast_36	g1008_effect_ui_killtips_border.effect	g1008_effect_ui_killtips_light.effect	g1008_effect_ui_killtips_daoguang.effect			
4	set:kill_broad_cast.json image:img_0_broadcast_36	g1008_effect_ui_killtips_border.effect	g1008_effect_ui_killtips_light.effect	g1008_effect_ui_killtips_daoguang.effect			
5	set:kill_broad_cast.json image:img_0_broadcast_36	g1008_effect_ui_killtips_border.effect	g1008_effect_ui_killtips_light.effect	g1008_effect_ui_killtips_daoguang.effect			
