Id	Title	Name	Image	Desc	RewardId	RewardType	Count	IsCore(1为普通，2为核心)	CountText	Weight	SortWeight	Isenchant	qualify				
奖品ID	奖品标题	名称多语言	图片	描述多语言	奖品Id	奖品类型（6钥匙，9宝箱，100商店）	物品数量	是否为核心物品	数量多语言	抽奖权重	排序权重（越小越考前）	是否附魔	品质		备注	品质	名字
Id	Title	Name	Image	Desc	RewardId	RewardType	Count	IsCore	CountText	Weight	SortWeight	Isenchant	qualify				
4	#	CommodityMechant_name_1_4	set:bedwar_item.json image:g1008_props_pickaxe_4	#	131	100	1	1	1	0	12004	0	3		90000	3	钻石镐
8	#	CommodityMechant_name_1_8	set:bedwar_item.json image:g1008_props_ax_4	#	130	100	1	1	1	0	12005	0	3		90000	3	钻石斧
9	#	CommodityMechant_name_1_9	set:bedwar_item.json image:g1008_props_scissors	#	114	100	1	1	1	0	27006	0	2		160000	2	剪刀
72	#	CommodityMechant_name_2_29	set:bedwar_item.json image:g1008_props_coat_2	LotteryRewardSetting_desc9_72	83	100	1	1	1	0	12007	0	3		90000	3	金甲身
73	#	CommodityMechant_name_2_30	set:bedwar_item.json image:g1008_props_pants_2	LotteryRewardSetting_desc9_73	84	100	1	1	1	0	12008	0	3		90000	3	金甲腿
74	#	CommodityMechant_name_2_31	set:bedwar_item.json image:g1008_props_shoes_2	LotteryRewardSetting_desc9_74	85	100	1	1	1	0	12009	0	3		90000	3	金甲鞋
75	#	CommodityMechant_name_2_32	set:bedwar_item.json image:g1008_props_coat_3	LotteryRewardSetting_desc9_75	86	100	1	2	1	0	2010	0	4		40	4	钻石甲身
76	#	CommodityMechant_name_2_33	set:bedwar_item.json image:g1008_props_pants_3	LotteryRewardSetting_desc9_76	87	100	1	2	1	0	2011	0	4		40	4	钻石甲腿
77	#	CommodityMechant_name_2_34	set:bedwar_item.json image:g1008_props_shoes_3	LotteryRewardSetting_desc9_77	88	100	1	2	1	0	2012	0	4		40	4	钻石甲鞋
78	#	CommodityMechant_name_3_37	set:bedwar_item.json image:g1008_props_wepaon_3	LotteryRewardSetting_desc9_78	89	100	1	1	1	0	12013	0	3		90000	3	金剑
79	#	CommodityMechant_name_3_38	set:bedwar_item.json image:g1008_props_wepaon_4	LotteryRewardSetting_desc9_79	90	100	1	2	1	0	2014	0	4		40	4	钻石剑
39	#	CommodityMechant_name_3_39	set:bedwar_item.json image:g1008_props_bow_1	#	124	100	1	1	1	160000	27015	0	2		160000	2	普通弓
40	#	CommodityMechant_name_3_40	set:bedwar_item.json image:g1008_props_bow_1	LotteryRewardSetting_desc3_40	129	100	1	1	1	90000	12016	0	3		90000	3	中级弓
41	#	CommodityMechant_name_3_41	set:bedwar_item.json image:g1008_props_bow_1	LotteryRewardSetting_desc3_41	112	100	1	2	1	40	2017	0	4		40	4	高级弓
43	#	CommodityMechant_name_4_43	set:bedwaritem.json image:yangmao	#	127	100	16	1	16	250000	37019	0	1		250000	1	羊毛
44	#	CommodityMechant_name_4_44	set:bedwaritem.json image:modishi	#	123	100	8	1	8	160000	27020	0	2		160000	2	末地石
45	#	CommodityMechant_name_4_45	set:bedwaritem.json image:ranseboli	#	125	100	8	1	8	160000	27021	0	2		160000	2	染色玻璃
46	#	CommodityMechant_name_4_46	set:bedwaritem.json image:xiangmuban	#	126	100	16	1	16	160000	27022	0	2		160000	2	橡木板
47	#	CommodityMechant_name_4_47	set:bedwaritem.json image:heiyaoshi	#	113	100	4	2	4	10	1023	0	5		10	5	黑曜石
48	#	CommodityMechant_name_4_48	set:bedwaritem.json image:tizi	#	134	100	16	1	16	250000	37024	0	1		250000	1	梯子
49	#	CommodityMechant_name_5_49	set:bedwar_item.json image:g1008_props_flameBomb	#	99	100	1	1	1	160000	27025	0	2		160000	2	火焰弹
50	#	CommodityMechant_name_5_50	set:bedwar_item.json image:g1008_props_bucket	#	100	100	1	1	1	90000	12026	0	3		90000	3	水桶
52	#	CommodityMechant_name_5_52	set:bedwaritem.json image:tower	#	102	100	1	1	1	90000	12027	0	3		90000	3	防御塔
53	#	CommodityMechant_name_5_53	set:bedwaritem.json image:wall	#	103	100	1	1	1	250000	37028	0	1		250000	1	保护墙
54	#	CommodityMechant_name_5_54	set:bedwaritem.json image:jiuyuanpingtai_big	#	104	100	1	1	1	160000	27029	0	2		160000	2	救援平台
55	#	CommodityMechant_name_5_55	set:bedwar_item.json image:g1008_props_goldenApple	#	105	100	1	1	1	160000	27030	0	2		160000	2	金苹果
56	#	CommodityMechant_name_5_56	set:bedwaritem.json image:haimian	#	106	100	2	1	2	250000	37031	0	1		250000	1	海绵
57	#	CommodityMechant_name_5_57	set:bedwar_item.json image:g1008_props_jumpPotion	#	107	100	1	1	1	90000	12032	0	3		90000	3	跳跃药水
58	#	CommodityMechant_name_5_58	set:bedwar_item.json image:g1008_props_fadePotion	#	108	100	1	2	1	40	2033	0	4		40	4	隐身药水
59	#	CommodityMechant_name_5_59	set:bedwar_item.json image:g1008_props_quickPotion	#	109	100	1	1	1	90000	12034	0	3		90000	3	加速药水
60	#	ShopConfig_name_1	set:bedwar_item.json image:g1008_props_gold	#	116	100	4	1	4	250000	37035	0	1		250000	1	立刻获得4个金锭
64	#	ShopConfig_name_5	set:bedwaritem.json image:TNT	#	118	100	3	2	3	40	2038	0	4		40	4	立刻获得3个TNT
65	#	ShopConfig_name_6	set:bedwar_item.json image:g1008_props_pearl	#	120	100	5	2	5	40	2039	0	4		40	4	立刻获得5个闪现珍珠
66	#	ShopConfig_name_7	set:bedwar_item.json image:g1008_props_bridgeEgg	#	117	100	2	2	2	40	2040	0	4		40	4	立刻获得2个搭桥蛋
