序号	怪物类型	模型	逻辑帧间隔（100ms）	最大存在数量	生命值	回血属性 /s	存活时间(s)  无限:-1	自定义参数	参数描述	巡逻速度	巡逻间隔时间	巡逻半径	追击速度	追击半径	攻击力	攻击半径	攻击间隔	击退距离	击飞高度	死亡后模型消失延迟(ms)	字体显示目标 1：自己，2：队友，3：敌人	模型显示的目标	禁止点击	禁止碰撞检测	自动旋转类型(0不旋转 1面对创建者 2创建位置减去创建者方向	Unnamed: 17	怪物名
id	Type	Actor	FrameTime	MaxNum	Hp	recoveryHp	LifeTime	param		PatrolSpeed	PatrolInterval	PatrolRadius	FollowSpeed	FollowRadius	Attack	AttackRadius	AttackInterval	Repelled	Knock	dieDelay	textShowTarget	actorShowTarget	banClicked	banAABBCheck	rotateType		
1	1	g1008_tiekuilei.actor	100	5	100	0	1000	#	无	2	5	4	5	15	5	2	1	1	3	2000	1#2#3	1#2#3	0	0	1		铁傀儡
2	2	g1008_nangchong.actor	100	10	10	0	20	#	无	5	5	5	10	20	2	2	1	1	1	2000	1#2#3	1#2#3	0	0	1		囊虫
3	3	g1008_radar.actor	100	999	20	-0.1666	120	15#2	检测范围#警报屏幕持续时间	0	0	0	0	0	0	0	0	0	0	800	1#2#3	1#2#3	0	0	1		报警器
4	5	585.item	100	999	-1	0	90	1#5#1	触发范围#爆炸伤害#爆炸范围	0	0	0	0	0	0	0	0	0	0	0	1#2	1#2	1	1	1		钻石地雷
5	6	g1008_traps.actor	100	999	-1	0	90	0.6#0.1#0.8	触发范围#伤害#冰冻时间	0	0	0	0	0	0	0	0	0	0	0	1#2	1#2	1	1	1		冰冻陷阱
6	4	g1008_camouflage_double_red.actor	100	1	20	-0.2222	90	1#1#1#1	队伍#检查范围x#y#z	0	0	0	0	0	0	0	0	0	0	1500	1#2#3	1#2#3	0	0	1		傀儡(红)
7	4	g1008_camouflage_double_blue.actor	100	1	20	-0.2222	90	2#1#1#1	队伍#检查范围x#y#z	0	0	0	0	0	0	0	0	0	0	1500	1#2#3	1#2#3	0	0	1		傀儡(蓝)
8	4	g1008_camouflage_double_green.actor	100	1	20	-0.2222	90	3#1#1#1	队伍#检查范围x#y#z	0	0	0	0	0	0	0	0	0	0	1500	1#2#3	1#2#3	0	0	1		傀儡(绿)
9	4	g1008_camouflage_double_yellow.actor	100	1	20	-0.2222	90	4#1#1#1	队伍#检查范围x#y#z	0	0	0	0	0	0	0	0	0	0	1500	1#2#3	1#2#3	0	0	1		傀儡(黄)
10	4	g1008_camouflage_double_cyan.actor	100	1	20	-0.2222	90	5#1#1#1	队伍#检查范围x#y#z	0	0	0	0	0	0	0	0	0	0	1500	1#2#3	1#2#3	0	0	1		傀儡(青)
11	4	g1008_camouflage_double_white.actor	100	1	20	-0.2222	90	6#1#1#1	队伍#检查范围x#y#z	0	0	0	0	0	0	0	0	0	0	1500	1#2#3	1#2#3	0	0	1		傀儡(白)
12	4	g1008_camouflage_double_pink.actor	100	1	20	-0.2222	90	7#1#1#1	队伍#检查范围x#y#z	0	0	0	0	0	0	0	0	0	0	1500	1#2#3	1#2#3	0	0	1		傀儡(粉)
13	4	g1008_camouflage_double_gray.actor	100	1	20	-0.2222	90	8#1#1#1	队伍#检查范围x#y#z	0	0	0	0	0	0	0	0	0	0	1500	1#2#3	1#2#3	0	0	1		傀儡(灰)
14	7	g1008_radar.actor	100	999	-1	0	120	15#2	检测范围#起跳垂直速度#起跳水平速度	0	0	0	0	0	0	0	0	0	0	0	1#2#3	1#2#3	1	1	1		跳板
15	8	g1008_props_banana.actor	100	999	-1	0	60	1#0.5#2	检测范围#生效缓冲时间#水平速度	0	0	0	0	0	0	0	0	0	0	0	1#2	1#2#3	1	1	1		香蕉皮
16	9	g1008_radar1.actor	100	999	-1	0	180	#	无	0	0	0	0	0	0	0	0	0	0	0	1#2#3	1#2#3	1	1	0		绿宝石农田
17	10	g1008_legendary_props_scarecrow.actor	4000	1	50	0	180	#	#	0	0	0	0	0	0	0	0	0	0	2000	1#2#3	1#2#3	0	0	2		箭塔
18	11	g1071_skill_skeletonshooter_boom.actor	100	1	-1	0	30	0.6#15#5007#explosion.effect#0.5	触发范围#伤害#目标添加BuffId#爆炸特效#特效时间	0	0	0	0	0	0	0	0	0	0	0	1#2	1#2	0	1	1		炸弹
19	12	g1071_skill_hunter_bear.actor	100	1	200	0	8	5005#15#attack	命中触发buffId#触发概率#攻击动作	0	0	0	0	3	1	3	1	0	0	0	1#2#3	1#2#3	0	0	0		熊
