Id	碰撞盒尺寸X	碰撞盒尺寸Y	碰撞盒尺寸Z	屏幕滑动灵敏度	坐骑转向速度	坐骑朝向回正速度	坐骑移动速度	坐骑等待回正时间	摄像头位移X	摄像头位移Y	摄像头位移Z	乘骑人渲染位移X	乘骑人渲染位移Y	乘骑人渲染位移Z	乘骑人渲染朝向W	乘骑人渲染朝向X	乘骑人渲染朝向Y	乘骑人渲染朝向Z	模型名字	绑定骨骼名	头顶文字的位置	摄像头和坐骑的朝向最大夹角	缩放比例	乘骑动画	摄像头旋转中心位移X	摄像头旋转中心位移Y	摄像头旋转中心位移Z	摄像头穿透方块	出生音效	死亡音效(没有配-1）	骑乘音效(带间隔)	碰撞盒偏移（正数往上，负数往下）
Id	SizeX	SizeY	SizeZ	Sensitivity	TurnSpeed	StraightenSpeed	MoveSpeed	WaitStraightenTime	CameraOffsetX	CameraOffsetY	CameraOffsetZ	RiderRenderOffsetX	RiderRenderOffsetY	RiderRenderOffsetZ	RiderRenderOrientationW	RiderRenderOrientationX	RiderRenderOrientationY	RiderRenderOrientationZ	ModelName	MountBone	HeadTextOffset	MaxCameraBodyAngle	Scale	RideAnimation	CameraRotCenterOffsetX	CameraRotCenterOffsetY	CameraRotCenterOffsetZ	PenetrateBlocks	SpawnSoundId	DeadSoundId	TakingSoundId	Yoffset
1	3	1.5	3	0.003	0.03	0.08	0.2	0.009	0	4	-9	0	0.5	0	0.5	0.5	0.5	0.5	long.actor	Bip001_Head	4	60	1	ride_dragon	0	0	0	1	902	-1	903	0
2	1.5	2.3	1.5	0.003	0.03	0.08	0.2	0.009	0	2	-12	0	1	0	0.0920248479	-0.701189339	-0.701189339	-0.0920248479	diaoling.actor	Bip001_Head	4	60	2	ride_wither	0	4	0	1	904	-1	901	1.5
3	3	1.5	3	0.003	0.03	0.08	0.2	0.009	0	4	-9	0	0.5	0	0.5	0.5	0.5	0.5	long_cicus.actor	Bip001_Head	4	60	1	ride_dragon	0	0	0	1	902	-1	903	0
