称号Id	图片	名称	特效	描述	排序	来源(原始#；活动送Activity；任务Task#）		
n_id	s_image	s_name	s_effect	s_desc	n_sort	s_from	Unnamed: 18	Unnamed: 19
200001	xianfeng	PersonlaTitle_name_1	g1008_title_effect_01.effect	TaskSetting_desc_1	1	Task#13	BedWar先锋	默认获得
200002	chuangba	PersonlaTitle_name_2	g1008_title_effect_02.effect	TaskSetting_desc_2	2	Task#1	床霸	累计拆床达到30张
200003	tangying	PersonlaTitle_name_3	g1008_title_effect_03.effect	TaskSetting_desc_3	3	Task#2	躺赢专业户	非MVP获得游戏胜利100场
200004	xunlonggaoshou	PersonlaTitle_name_4	g1008_title_effect_05.effect	TaskSetting_desc_4	4	Task#3	驯龙高手	在同一局游戏中，使用末影龙卷轴击杀15名敌人
200005	dashige	PersonlaTitle_name_5	g1008_title_effect_06.effect	TaskSetting_desc_5	5	Task#4	我要打10个	在同一局游戏中击杀20个以上敌人
200006	fuwendashi	PersonlaTitle_name_6	g1008_title_effect_12.effect	TaskSetting_desc_6	6	Task#5	符文大师	符文总等级达到84
200007	lielongwangzhe	PersonlaTitle_name_7	g1008_title_effect_08.effect	TaskSetting_desc_7	7	Task#6	猎龙王者	达到猎龙王者段位
200008	mingrentang	PersonlaTitle_name_8	g1008_title_effect_07.effect	TaskSetting_desc_8	8	Task#7	荣耀名人堂	赛季结算时处于荣耀排行榜前20
200009	fangkuaiyishujia	PersonlaTitle_name_9	g1008_title_effect_09.effect	TaskSetting_desc_9	9	Task#8	方块艺术家	累计收集30个方块皮肤
200011	wuqidashi	PersonlaTitle_name_11	g1008_title_pic_11.effect	TaskSetting_desc_11	11	Task#10	武器大师	累计收集100把武器
200012	xuanwudaren	PersonlaTitle_name_12	g1008_title_effect_13.effect	TaskSetting_desc_12	12	Task#11	炫舞达人	累计收集30个动作
200013	qichuangdawang	PersonlaTitle_name_13	g1008_title_effect_14.effect	TaskSetting_desc_13	13	Task#12	起床天王	累计收集12个成就称号
200014	haiyangbazhu	PersonlaTitle_name_14	g1008_title_effect_16.effect	TaskSetting_desc_14	14	Task#14	海洋霸主	海洋霸主幸运抽奖获得
