index	mapId	公共资源点Id	资源点ID	actor头顶信息	资源点模型	资源点body	资源点body索引	actor位置	Unnamed: 9	备注	放setting
index	mapId	id	resourcePointId	headInfo	actor	actorBody	actorBodyId	actorPos			
1	1	1	1	dmm_actor_gift	g1008_diamond.actor	body	1	459.5,51,11.5		钻石1	沙漠
2	1	2	1	dmm_actor_gift	g1008_diamond.actor	body	1	505.5,51,59.5		钻石2	沙漠
3	1	3	1	dmm_actor_gift	g1008_diamond.actor	body	1	457.5,51,105.5		钻石3	沙漠
4	1	4	1	dmm_actor_gift	g1008_diamond.actor	body	1	411.5,51,57.5		钻石4	沙漠
5	1	5	2	dmm_actor_desk	g1008_diamond.actor	body	2	447.5,51,58.5		绿宝石1	沙漠
6	1	6	2	dmm_actor_desk	g1008_diamond.actor	body	2	469.5,51,58.5		绿宝石2	沙漠
7	2	1	1	dmm_actor_gift	g1008_diamond.actor	body	1	914.5,51,114.5		钻石1	现代
8	2	2	1	dmm_actor_gift	g1008_diamond.actor	body	1	856.5,51,114.5		钻石2	现代
9	2	3	1	dmm_actor_gift	g1008_diamond.actor	body	1	856.5,51,56.5		钻石3	现代
10	2	4	1	dmm_actor_gift	g1008_diamond.actor	body	1	914.5,51,56.5		钻石4	现代
11	2	5	2	dmm_actor_desk	g1008_diamond.actor	body	2	886.5,55,85.5		绿宝石1	现代
12	2	6	2	dmm_actor_desk	g1008_diamond.actor	body	2	886.5,49,85.5		绿宝石2	现代
13	3	1	1	dmm_actor_gift	g1008_diamond.actor	body	1	1260.5,50.5,123.5		钻石1	小屋
14	3	2	1	dmm_actor_gift	g1008_diamond.actor	body	1	1260.5,50.5,51.5		钻石2	小屋
15	3	3	1	dmm_actor_gift	g1008_diamond.actor	body	1	1332.5,50.5,51.5		钻石3	小屋
16	3	4	1	dmm_actor_gift	g1008_diamond.actor	body	1	1332.5,50.5,123.5		钻石4	小屋
17	3	5	2	dmm_actor_desk	g1008_diamond.actor	body	2	1303.5,46.5,94.5		绿宝石1	小屋
18	3	6	2	dmm_actor_desk	g1008_diamond.actor	body	2	1287.5,43.5,80.5		绿宝石2	小屋
19	4	1	1	dmm_actor_gift	g1008_diamond.actor	body	1	1664.5,99,116.5		钻石1	中式
20	4	2	1	dmm_actor_gift	g1008_diamond.actor	body	1	1613.5,99,65.5		钻石2	中式
21	4	3	1	dmm_actor_gift	g1008_diamond.actor	body	1	1664.5,99,14.5		钻石3	中式
22	4	4	1	dmm_actor_gift	g1008_diamond.actor	body	1	1715.5,99,65.5		钻石4	中式
23	4	5	2	dmm_actor_desk	g1008_diamond.actor	body	2	1670.5,100,61.5		绿宝石1	中式
24	4	6	2	dmm_actor_desk	g1008_diamond.actor	body	2	1663.5,104,62.5		绿宝石2	中式
25	5	1	1	dmm_actor_gift	g1008_diamond.actor	body	1	2175.5,81,176.5		钻石1	海盗
26	5	2	1	dmm_actor_gift	g1008_diamond.actor	body	1	2275.5,81,174.5		钻石2	海盗
27	5	3	1	dmm_actor_gift	g1008_diamond.actor	body	1	2273.5,81,74.5		钻石3	海盗
28	5	4	1	dmm_actor_gift	g1008_diamond.actor	body	1	2173.5,81,76.5		钻石4	海盗
29	5	5	2	dmm_actor_desk	g1008_diamond.actor	body	2	2215.5,84,134.5		绿宝石1	海盗
30	5	6	2	dmm_actor_desk	g1008_diamond.actor	body	2	2230.5,82,119.5		绿宝石2	海盗
31	6	1	1	dmm_actor_gift	g1008_diamond.actor	body	1	2924.5,87,123.5		钻石1	圣诞节
32	6	2	1	dmm_actor_gift	g1008_diamond.actor	body	1	2847.5,87,124.5		钻石2	圣诞节
33	6	3	1	dmm_actor_gift	g1008_diamond.actor	body	1	2846.5,87,47.5		钻石3	圣诞节
34	6	4	1	dmm_actor_gift	g1008_diamond.actor	body	1	2923.5,87,46.5		钻石4	圣诞节
35	6	5	2	dmm_actor_desk	g1008_diamond.actor	body	2	2895.5,86,78.5		绿宝石1	圣诞节
36	6	6	2	dmm_actor_desk	g1008_diamond.actor	body	2	2876.5,86,92.5		绿宝石2	圣诞节
37	7	1	1	dmm_actor_gift	g1008_diamond.actor	body	1	519.5,61,526.5		钻石1	圣殿
38	7	2	1	dmm_actor_gift	g1008_diamond.actor	body	1	437.5,61,526.5		钻石2	圣殿
39	7	3	1	dmm_actor_gift	g1008_diamond.actor	body	1	437.5,61,444.5		钻石3	圣殿
40	7	4	1	dmm_actor_gift	g1008_diamond.actor	body	1	519.5,61,444.5		钻石4	圣殿
41	7	5	2	dmm_actor_desk	g1008_diamond.actor	body	2	497.5,57,466.5		绿宝石1	圣殿
42	7	6	2	dmm_actor_desk	g1008_diamond.actor	body	2	459.5,57,466.5		绿宝石2	圣殿
43	7	7	2	dmm_actor_desk	g1008_diamond.actor	body	2	459.5,57,504.5		绿宝石3	圣殿
44	7	8	2	dmm_actor_desk	g1008_diamond.actor	body	2	497.5,57,504.5		绿宝石4	圣殿
45	8	1	1	dmm_actor_gift	g1008_diamond.actor	body	1	96.5,61.5,459.5		钻石1	气球
46	8	2	1	dmm_actor_gift	g1008_diamond.actor	body	1	59.5,61.5,496.5		钻石2	气球
47	8	3	1	dmm_actor_gift	g1008_diamond.actor	body	1	96.5,61.5,533.5		钻石3	气球
48	8	4	1	dmm_actor_gift	g1008_diamond.actor	body	1	133.5,61.5,496.5		钻石4	气球
49	8	5	2	dmm_actor_desk	g1008_diamond.actor	body	2	96.5,61.5,480.5		绿宝石1	气球
50	8	6	2	dmm_actor_desk	g1008_diamond.actor	body	2	80.5,61.5,496.5		绿宝石2	气球
51	8	7	2	dmm_actor_desk	g1008_diamond.actor	body	2	96.5,61.5,512.5		绿宝石3	气球
52	8	8	2	dmm_actor_desk	g1008_diamond.actor	body	2	112.5,61.5,496.5		绿宝石4	气球
53	9	1	1	dmm_actor_gift	g1008_diamond.actor	body	1	874.5,97.5,509.5		钻石1	精灵
54	9	2	1	dmm_actor_gift	g1008_diamond.actor	body	1	908.5,97.5,475.5		钻石2	精灵
55	9	3	1	dmm_actor_gift	g1008_diamond.actor	body	1	874.5,96.5,441.5		钻石3	精灵
56	9	4	1	dmm_actor_gift	g1008_diamond.actor	body	1	840.5,97.5,475.5		钻石4	精灵
57	9	5	2	dmm_actor_desk	g1008_diamond.actor	body	2	886.5,97.5,491.5		绿宝石1	精灵
58	9	6	2	dmm_actor_desk	g1008_diamond.actor	body	2	891.5,97.5,464.5		绿宝石2	精灵
59	9	7	2	dmm_actor_desk	g1008_diamond.actor	body	2	861.5,97.5,459.5		绿宝石3	精灵
60	9	8	2	dmm_actor_desk	g1008_diamond.actor	body	2	856.5,97.5,485.5		绿宝石4	精灵
61	10	1	1	dmm_actor_gift	g1008_diamond.actor	body	1	1321.5,83,477.5		钻石1	8队圣诞节
62	10	2	1	dmm_actor_gift	g1008_diamond.actor	body	1	1277.5,83,521.5		钻石2	8队圣诞节
63	10	3	1	dmm_actor_gift	g1008_diamond.actor	body	1	1233.5,83,477.5		钻石3	8队圣诞节
64	10	4	1	dmm_actor_gift	g1008_diamond.actor	body	1	1277.5,83,433.5		钻石4	8队圣诞节
65	10	5	2	dmm_actor_desk	g1008_diamond.actor	body	2	1293.5,83,464.5		绿宝石1	8队圣诞节
66	10	6	2	dmm_actor_desk	g1008_diamond.actor	body	2	1288.5,83,494.5		绿宝石2	8队圣诞节
67	10	7	2	dmm_actor_desk	g1008_diamond.actor	body	2	1261.5,83,489.5		绿宝石3	8队圣诞节
68	10	8	2	dmm_actor_desk	g1008_diamond.actor	body	2	1267.5,83,459.5		绿宝石4	8队圣诞节
69	11	1	1	dmm_actor_gift	g1008_diamond.actor	body	1	3465.5,79,56.5		钻石1	太空
70	11	2	1	dmm_actor_gift	g1008_diamond.actor	body	1	3466.5,79,165.5		钻石2	太空
71	11	3	1	dmm_actor_gift	g1008_diamond.actor	body	1	3357.5,79,166.5		钻石3	太空
72	11	4	1	dmm_actor_gift	g1008_diamond.actor	body	1	3356.5,79,57.5		钻石4	太空
73	11	5	2	dmm_actor_desk	g1008_diamond.actor	body	2	3415.5,85,107.5		绿宝石1	太空
74	11	6	2	dmm_actor_desk	g1008_diamond.actor	body	2	3407.5,85,115.5		绿宝石2	太空
75	12	1	1	dmm_actor_gift	g1008_diamond.actor	body	1	4000.5,81,44.5		钻石1	风车
76	12	2	1	dmm_actor_gift	g1008_diamond.actor	body	1	4000.5,81,100.5		钻石2	风车
77	12	3	1	dmm_actor_gift	g1008_diamond.actor	body	1	3944.5,81,100.5		钻石3	风车
78	12	4	1	dmm_actor_gift	g1008_diamond.actor	body	1	3944.5,81,44.5		钻石4	风车
79	12	5	2	dmm_actor_desk	g1008_diamond.actor	body	2	3972.5,80,72.5		绿宝石1	风车
80	12	6	2	dmm_actor_desk	g1008_diamond.actor	body	2	3972.5,86,72.5		绿宝石2	风车
81	13	1	1	dmm_actor_gift	g1008_diamond.actor	body	1	4607.5,80,49.5		钻石1	城堡
82	13	2	1	dmm_actor_gift	g1008_diamond.actor	body	1	4665.5,80,107.5		钻石2	城堡
83	13	3	1	dmm_actor_gift	g1008_diamond.actor	body	1	4607.5,80,165.5		钻石3	城堡
84	13	4	1	dmm_actor_gift	g1008_diamond.actor	body	1	4549.5,80,107.5		钻石4	城堡
85	13	5	2	dmm_actor_desk	g1008_diamond.actor	body	2	4607.5,79,107.5		绿宝石1	城堡
86	13	6	2	dmm_actor_desk	g1008_diamond.actor	body	2	4607.5,92,107.5		绿宝石2	城堡
87	14	1	1	dmm_actor_gift	g1008_diamond.actor	body	1	5127.5,80,45.5		钻石1	儿童节
88	14	2	1	dmm_actor_gift	g1008_diamond.actor	body	1	5127.5,80,127.5		钻石2	儿童节
89	14	3	1	dmm_actor_gift	g1008_diamond.actor	body	1	5045.5,80,127.5		钻石3	儿童节
90	14	4	1	dmm_actor_gift	g1008_diamond.actor	body	1	5045.5,80,45.5		钻石4	儿童节
91	14	5	2	dmm_actor_desk	g1008_diamond.actor	body	2	5093.5,80,80.5		绿宝石1	儿童节
92	14	6	2	dmm_actor_desk	g1008_diamond.actor	body	2	5081.5,80,91.5		绿宝石2	儿童节
93	15	1	1	dmm_actor_gift	g1008_diamond.actor	body	1	1656.5,89,456.5		钻石1	糖果世界
94	15	2	1	dmm_actor_gift	g1008_diamond.actor	body	1	1750.5,89,456.5		钻石2	糖果世界
95	15	3	1	dmm_actor_gift	g1008_diamond.actor	body	1	1750.5,89,550.5		钻石3	糖果世界
96	15	4	1	dmm_actor_gift	g1008_diamond.actor	body	1	1656.5,89,550.5		钻石4	糖果世界
97	15	5	1	dmm_actor_gift	g1008_diamond.actor	body	1	1703.5,83,503.5		钻石5	糖果世界
98	15	6	2	dmm_actor_desk	g1008_diamond.actor	body	2	1703.5,82,453.5		绿宝石1	糖果世界
99	15	7	2	dmm_actor_desk	g1008_diamond.actor	body	2	1753.5,82,503.5		绿宝石2	糖果世界
100	15	8	2	dmm_actor_desk	g1008_diamond.actor	body	2	1703.5,82,553.5		绿宝石3	糖果世界
101	15	9	2	dmm_actor_desk	g1008_diamond.actor	body	2	1653.5,82,503.5		绿宝石4	糖果世界
102	15	10	2	dmm_actor_desk	g1008_diamond.actor	body	2	1703.5,89,503.5		绿宝石5	糖果世界
103	16	1	1	dmm_actor_gift	g1008_diamond.actor	body	1	5547.5,80,47.5		钻石1	天空神殿
104	16	2	1	dmm_actor_gift	g1008_diamond.actor	body	1	5547.5,80,147.5		钻石2	天空神殿
105	16	3	1	dmm_actor_gift	g1008_diamond.actor	body	1	5447.5,80,147.5		钻石3	天空神殿
106	16	4	1	dmm_actor_gift	g1008_diamond.actor	body	1	5447.5,80,47.5		钻石4	天空神殿
107	16	5	2	dmm_actor_desk	g1008_diamond.actor	body	2	5497.5,81,97.5		绿宝石1	天空神殿
108	16	6	2	dmm_actor_desk	g1008_diamond.actor	body	2	5497.5,90,97.5		绿宝石2	天空神殿
109	19	1	1	dmm_actor_gift	g1008_diamond.actor	body	1	5935.5,82,33.5		钻石1	像素王国
110	19	2	1	dmm_actor_gift	g1008_diamond.actor	body	1	5935.5,82,135.5		钻石2	像素王国
111	19	3	1	dmm_actor_gift	g1008_diamond.actor	body	1	5833.5,82,135.5		钻石3	像素王国
112	19	4	1	dmm_actor_gift	g1008_diamond.actor	body	1	5833.5,82,33.5		钻石4	像素王国
113	19	5	2	dmm_actor_desk	g1008_diamond.actor	body	2	5884.5,85,84.5		绿宝石1	像素王国
114	19	6	2	dmm_actor_desk	g1008_diamond.actor	body	2	5884.5,93,84.5		绿宝石2	像素王国
115	20	1	1	dmm_actor_gift	g1008_diamond.actor	body	1	6304.5,79,162.5		钻石1	高楼
116	20	2	1	dmm_actor_gift	g1008_diamond.actor	body	1	6246.5,79,104.5		钻石2	高楼
117	20	3	1	dmm_actor_gift	g1008_diamond.actor	body	1	6304.5,79,46.5		钻石3	高楼
118	20	4	1	dmm_actor_gift	g1008_diamond.actor	body	1	6362.5,79,104.5		钻石4	高楼
119	20	5	2	dmm_actor_desk	g1008_diamond.actor	body	2	6304.5,80,104.5		绿宝石1	高楼
120	20	6	2	dmm_actor_desk	g1008_diamond.actor	body	2	6304.5,86,104.5		绿宝石2	高楼
121	21	1	1	dmm_actor_gift	g1008_diamond.actor	body	1	6807.5,80,48.5		钻石1	迪士尼
122	21	2	1	dmm_actor_gift	g1008_diamond.actor	body	1	6866.5,80,107.5		钻石2	迪士尼
123	21	3	1	dmm_actor_gift	g1008_diamond.actor	body	1	6807.5,80,166.5		钻石3	迪士尼
124	21	4	1	dmm_actor_gift	g1008_diamond.actor	body	1	6748.5,80,107.5		钻石4	迪士尼
125	21	5	2	dmm_actor_desk	g1008_diamond.actor	body	2	6807.5,79,107.5		绿宝石1	迪士尼
126	21	6	2	dmm_actor_desk	g1008_diamond.actor	body	2	6807.5,89,107.5		绿宝石2	迪士尼
127	22	1	1	dmm_actor_gift	g1008_diamond.actor	body	1	7220.5,79,48.5		钻石1	现代2
128	22	2	1	dmm_actor_gift	g1008_diamond.actor	body	1	7220.5,79,66.5		钻石2	现代2
129	22	3	1	dmm_actor_gift	g1008_diamond.actor	body	1	7318.5,79,48.5		钻石3	现代2
130	22	4	1	dmm_actor_gift	g1008_diamond.actor	body	1	7318.5,79,66.5		钻石4	现代2
131	22	5	2	dmm_actor_desk	g1008_diamond.actor	body	2	7269.5,79,50.5		绿宝石1	现代2
132	22	6	2	dmm_actor_desk	g1008_diamond.actor	body	2	7269.5,79,64.5		绿宝石2	现代2
133	23	1	1	dmm_actor_gift	g1008_diamond.actor	body	1	36.5,83,4641.5		钻石1	沙滩10v10
134	23	2	1	dmm_actor_gift	g1008_diamond.actor	body	1	58.5,83,4641.5		钻石2	沙滩10v10
135	23	3	1	dmm_actor_gift	g1008_diamond.actor	body	1	14.5,83,4607.5		钻石3	沙滩10v10
136	23	4	1	dmm_actor_gift	g1008_diamond.actor	body	1	80.5,83,4608.5		钻石4	沙滩10v10
137	23	5	1	dmm_actor_gift	g1008_diamond.actor	body	1	14.5,83,4584.5		钻石5	沙滩10v10
138	23	6	1	dmm_actor_gift	g1008_diamond.actor	body	1	80.5,83,4585.5		钻石6	沙滩10v10
139	23	7	1	dmm_actor_gift	g1008_diamond.actor	body	1	36.5,83,4551.5		钻石7	沙滩10v10
140	23	8	1	dmm_actor_gift	g1008_diamond.actor	body	1	58.5,83,4551.5		钻石8	沙滩10v10
141	23	9	2	dmm_actor_desk	g1008_diamond.actor	body	2	47.5,85,4607.5		绿宝石1	沙滩10v10
142	23	10	2	dmm_actor_desk	g1008_diamond.actor	body	2	28.5,84,4596.5		绿宝石2	沙滩10v10
143	23	11	2	dmm_actor_desk	g1008_diamond.actor	body	2	47.5,85,4596.5		绿宝石3	沙滩10v10
144	23	12	2	dmm_actor_desk	g1008_diamond.actor	body	2	47.5,105,4596.5		绿宝石4	沙滩10v10
145	23	13	2	dmm_actor_desk	g1008_diamond.actor	body	2	66.5,84,4596.5		绿宝石5	沙滩10v10
146	23	14	2	dmm_actor_desk	g1008_diamond.actor	body	2	47.5,85,4585.5		绿宝石6	沙滩10v10
147	24	1	1	dmm_actor_gift	g1008_diamond.actor	body	1	486.5,81,4526.5		钻石1	王国10v10
148	24	2	1	dmm_actor_gift	g1008_diamond.actor	body	1	537.5,80,4539.5		钻石2	王国10v10
149	24	3	1	dmm_actor_gift	g1008_diamond.actor	body	1	550.5,81,4590.5		钻石3	王国10v10
150	24	4	1	dmm_actor_gift	g1008_diamond.actor	body	1	490.5,81,4650.5		钻石4	王国10v10
151	24	5	1	dmm_actor_gift	g1008_diamond.actor	body	1	439.5,80,4637.5		钻石5	王国10v10
152	24	6	1	dmm_actor_gift	g1008_diamond.actor	body	1	426.5,81,4586.5		钻石6	王国10v10
155	24	7	2	dmm_actor_desk	g1008_diamond.actor	body	2	501.5,79,4601.5		绿宝石1	王国10v10
156	24	8	2	dmm_actor_desk	g1008_diamond.actor	body	2	475.5,79,4601.5		绿宝石2	王国10v10
157	24	9	2	dmm_actor_desk	g1008_diamond.actor	body	2	475.5,79,4575.5		绿宝石3	王国10v10
158	24	10	2	dmm_actor_desk	g1008_diamond.actor	body	2	501.5,79,4575.5		绿宝石4	王国10v10
159	24	11	2	dmm_actor_desk	g1008_diamond.actor	body	2	488.5,79,4588.5		绿宝石5	王国10v10
160	24	12	2	dmm_actor_desk	g1008_diamond.actor	body	2	488.5,79,4588.5		绿宝石6	王国10v10
