序号	上报key(任意值),不能重复	显示图片	多语言	多语言.1	多语言.2	Unnamed: 6	Unnamed: 7	Unnamed: 8	Unnamed: 9
id	reportKey	showImage	mainLang	goodLang	badLang				
1	15	set:bedwar_questionnaire.json image:img_0_questionnaire06	gui.questionnaire.content.text	gui.questionnaire.choice.good.text	gui.questionnaire.choice.not.good.text				搭桥按键
2	14	set:bedwar_questionnaire.json image:img_0_questionnaire05	gui.questionnaire.content.text	gui.questionnaire.choice.good.text	gui.questionnaire.choice.not.good.text				优化方块搭建
3	13	set:bedwar_questionnaire.json image:img_0_questionnaire04	gui.questionnaire.content.text	gui.questionnaire.choice.good.text	gui.questionnaire.choice.not.good.text				跳跃方向控件
4	12	set:bedwar_questionnaire.json image:img_0_questionnaire03	gui.questionnaire.content.text	gui.questionnaire.choice.good.text	gui.questionnaire.choice.not.good.text				第三视角快速切换
