Index	Icon	Key	ViewType	Title	ScoreDesc	ScoreIcon	Rule	
标示	排行榜按钮图片	排行榜Key	榜单类型	标题	分数描述	分数图标	排行榜规则	
Index	Icon	Key	ViewType	Title	ScoreDesc	ScoreIcon	Rule	
1	set:bed_war_3_rank.json image:img_0_change_ranking	qualifyingRank	2	gui_qualifyingRank_title	111	#	gui_qualifyingRank_rule	排位榜
2	set:bed_war_3_rank.json image:img_0_change_win_rate	winRank	3	gui_winRank_title	111	#	gui_winRank_rule	大神榜
3	set:bed_war_3_rank.json image:img_0_change_skin	skinRank	2	gui_skinRank_title	gui_skinRank_ScoreDesc	set:bed_war_3_rank.json image:img_0_change_mini_skin	gui_skinRank_rule	皮肤榜
4	set:bed_war_3_rank.json image:img_0_change_individuality	customRank	2	gui_customRank_title	gui_customRank_ScoreDesc	set:bed_war_3_rank.json image:img_0_change_mini_individuality	gui_customRank_rule	个性榜
5	set:bed_war_3_rank.json image:img_0_change_rune	runeRank	2	gui_runeRank_title	gui_runeRank_ScoreDesc	set:bed_war_3_rank.json image:img_0_change_mini_rune	gui_runeRank_rule	符文榜
6	set:bed_war_3_rank.json image:img_0_change_win	winTimesRank	3	gui_winTimesRank_title	gui_winTimesRank_ScoreDesc	set:bed_war_3_rank.json image:img_0_change_mini_win	gui_winTimesRank_rule	胜场榜
7	set:bed_war_3_rank.json image:img_0_change_duo	winningRank	3	gui_winningRank_title	gui_winningRank_ScoreDesc	set:bed_war_3_rank.json image:img_0_change_mini_duo	gui_winningRank_rule	连胜榜
8	set:bed_war_3_rank.json image:img_0_change_popularity	popularRank	2	gui_popularRank_title	gui_popularRank_ScoreDesc	set:bed_war_3_rank.json image:img_0_change_mini_popularity	gui_popularRank_rule	人气榜
9	set:bed_war_3_rank.json image:img_0_change_horn	hornLvRank	2	gui_hornLvRank_title	gui_hornLvRank_ScoreDesc	set:bed_war_3_rank.json image:img_0_change_mini_horn	gui_hornLvRank_rule	号角榜
10	set:bed_war_3_rank.json image:img_0_change_damgae_bed	destroyBedRank	3	gui_destroyBedRank_title	gui_destroyBedRank_ScoreDesc	set:bed_war_3_rank.json image:img_0_change_mini_damgae_bed	gui_destroyBedRank_rule	拆床榜
11	set:bed_war_3_rank.json image:img_0_change_kill	killRank	3	gui_killRank_title	gui_killRank_ScoreDesc	set:bed_war_3_rank.json image:img_0_change_mini_kill	gui_killRank_rule	击杀榜
12	set:bed_war_3_rank.json image:img_0_change_key_shopping	keyConsumeRank	2	gui_keyConsumeRank_title	gui_keyConsumeRank_ScoreDesc	set:bed_war_3_rank.json image:img_0_change_mini_key_shopping	gui_keyConsumeRank_rule	钥匙消费榜
13	set:bed_war_3_rank.json image:img_0_change_rich	diamondConsumeRank	2	gui_diamondConsumeRank_title	gui_diamondConsumeRank_ScoreDesc	set:bed_war_3_rank.json image:img_0_change_mini_rich	gui_diamondConsumeRank_rule	魔方消费榜
14	set:bed_war_3_rank.json image:img_0_change_key_shopping	keyRank	2	gui_keyConsumeRank_title	gui_keyConsumeRank_ScoreDesc	set:bed_war_3_rank.json image:img_0_change_mini_key_shopping	gui_keyConsumeRank_rule	钥匙榜
15	set:bed_war_3_rank.json image:img_0_change_rune	negativeRuneRank	2	负分符文榜	gui_runeRank_ScoreDesc	set:bed_war_3_rank.json image:img_0_change_mini_rune	gui_runeRank_rule	负分符文榜
16	set:bed_war_3_rank.json image:img_0_change_rich	propPacketRank	2	道具背包榜	道具背包榜	set:bed_war_3_rank.json image:img_0_change_rich	gui_diamondConsumeRank_rule	道具背包榜
17	set:bed_war_3_rank.json image:img_0_change_horn	hornNumRank	2	号角数量榜	号角数量榜	set:bed_war_3_rank.json image:img_0_change_mini_horn	gui_hornLvRank_rule	号角数量榜
18	set:bed_war_3_rank.json image:img_0_change_skin	chipNumRank	2	碎片数量榜	碎片数量榜	set:bed_war_3_rank.json image:img_0_change_mini_skin	gui_skinRank_rule	碎片数量榜
19	set:bed_war_3_rank.json image:img_0_change_skin	chestNumRank	2	宝箱数量榜	宝箱数量榜	set:bed_war_3_rank.json image:img_0_change_mini_skin	gui_skinRank_rule	宝箱数量榜
