Type	Switch	Name	GroupId	StartIn	EndIn	StartOut	EndOut	Mode	RotateAngle	AxisX	AxisY	AxisZ	isTwinkle	twinkleBrightMax	twinkleDarkMax	twinkleAlphaMin	Unnamed: 17	Unnamed: 18	Unnamed: 19
类型	开关	资源名称	天空分组Id	淡入开始时间点	淡入结束时间点	淡出开始时间点	淡出结束时间点	混合模式	旋转角度	旋转X轴	旋转Y轴	旋转Z轴	是否闪烁	闪烁明亮时间(1.0~100.0)	闪烁黑暗时间(1.0~100.0)	闪烁幅度(0.0~1.0)			
Sky	2	cloud1	1	0	0	24	24	3	-0.008	0	1	0	0	1	1	1			天空盒配置,一般不改
Sun	1	sun_1.png																	美术给到贴图替换即可
Moon	1	moon_phases_1.png																	
Cloud	0																		
