{
  "plugins": [
    "lua_inventory",
    "buff",
    "item_skill",
    "racing_game",
    "red_dot",
    "chat_bubble",
    "activity",
    "trigger_gift",
    "check_in",
    "mini_game",
    "cable_car",
    "fishing",
    "scene_item",
    "christmas_gifts",
    "xmas_dragon_gift",
    "hall_player_gift",
    "parachute",
    "chicken_box",
    "poison_circle",
    "weapon",
    "module_block",
    "survival_packet",
    "game_msg",
    "mini_map",
    "block_break",
    "mounts",
    "block_tools",
    "guide_pos",
    "easter_egg",
    "video"
  ],
  "?ShowQueueLayoutLevelMap": "自动弹出窗口, 配置对应UI的等级限制 , 无配置则默认等级1",
  "ShowQueueLayoutLevelMap": {
    "ActivityPage.json": 3,
    "CommunitySharing.json": 2,
    "BedWarActivity.json": 2,
    "BWSumRechargeLayout.json": 2
  },
  "disableVIPNameEffect": true,
  "disableHeadImagePendant": true,
  "?lang_list": "语言频道",
  "lang_list": [
    {
      "name": "en",
      "lang": "English"
    },
    {
      "name": "zh",
      "lang": "简体中文"
    },
    {
      "name": "vi",
      "lang": "Tiếng Việt"
    },
    {
      "name": "in",
      "lang": "Indonesia"
    },
    {
      "name": "pt",
      "lang": "Português"
    },
    {
      "name": "ru",
      "lang": "русский"
    },
    {
      "name": "th",
      "lang": "ภาษาไทย"
    },
    {
      "name": "de",
      "lang": "Deutsch"
    },
    {
      "name": "ja",
      "lang": "日本語"
    },
    {
      "name": "ko",
      "lang": "한국어"
    },
    {
      "name": "es",
      "lang": "Español"
    },
    {
      "name": "fr",
      "lang": "Français"
    },
    {
      "name": "it",
      "lang": "Italiano"
    },
    {
      "name": "tr",
      "lang": "Türkiye"
    },
    {
      "name": "pl",
      "lang": "Polski"
    }
  ],
  "?check_insert_screen_ad_ui": "分包需要弹出插屏广告的UI",
  "check_insert_screen_ad_ui": [
  ],
  "disableFamilyName": true,
  "?report_items": "举报选项列表",
  "report_items": [
    1,
    2,
    3,
    4,
    5,
    6,
    7,
    8
  ],
  "?reported_credit_score_rule": "被举报扣除信誉分规则（24小时内）， GameRounds：第一次被举报后玩家玩的游戏局数， ReportedTimes：被举报次数，SubCreditScore：扣除信誉分",
  "reported_credit_score_rule": [
    {
      "RuleId": "1",
      "GameRounds": [
        1,
        3
      ],
      "ReportedTimes": 6,
      "SubCreditScore": 3
    },
    {
      "RuleId": "2",
      "GameRounds": [
        4,
        6
      ],
      "ReportedTimes": 10,
      "SubCreditScore": 5
    },
    {
      "RuleId": "3",
      "GameRounds": [
        7,
        10
      ],
      "ReportedTimes": 20,
      "SubCreditScore": 15
    },
    {
      "RuleId": "4",
      "GameRounds": [
        11,
        15
      ],
      "ReportedTimes": 30,
      "SubCreditScore": 30
    },
    {
      "RuleId": "5",
      "GameRounds": [
        16,
        20
      ],
      "ReportedTimes": 50,
      "SubCreditScore": 50
    }
  ],
  "?qualifying": "排位赛配置",
  "qualifying": {
    "?brave_point_add_rule": "勇者积分加分规则",
    "brave_point_add_rule": {
      "BasePoint": 3,
      "GoldPoint": 3,
      "SilverPoint": 2,
      "MvpPoint": 0,
      "MaxWinnerStreakPoint": 5,
      "ActivePoint": 2,
      "?ActivePointRule": "积极对抗分加分规则(解释：0-1000区间分数差值大于100，可以增加积极对抗)",
      "ActivePointRule": [
        [
          0,
          100
        ],
        [
          4000,
          1200
        ],
        [
          4800,
          800
        ],
        [
          6000,
          720
        ],
        [
          7200,
          600
        ],
        [
          8000,
          520
        ],
        [
          8800,
          480
        ],
        [
          9600,
          440
        ],
        [
          10400,
          800
        ],
        [
          11600,
          960
        ],
        [
          12800,
          1120
        ],
        [
          13600,
          1120
        ],
        [
          14800,
          1280
        ],
        [
          16000,
          1280
        ],
        [
          40000,
          1600
        ]
      ]
    },
    "?qualifying_challenge_score_rule": "赛季挑战排位加分规则",
    "qualifying_challenge_score_rule": {
      "BasePoint": 5,
      "GoldPoint": 5,
      "SilverPoint": 3,
      "WinPoint": 5
    },
    "?qualifying_auto_sub_star_rule": "排位赛自动掉星规则，连续X天没打过排位赛之后，会开始掉星星，每Y天掉1颗",
    "qualifying_auto_sub_star_rule": {
      "MinSegment": 7,
      "NoMatchDayX": 7,
      "NoMatchDayY": 7
    },
    "?brave_point_sub_star_setting": "勇者积分掉星保护配置，1_1=青铜I",
    "brave_point_sub_star_setting": {
      "1_1": [
        30,
        60
      ],
      "1_2": [
        30,
        60
      ],
      "1_3": [
        30,
        60
      ],
      "2_1": [
        30,
        60
      ],
      "2_2": [
        30,
        60
      ],
      "2_3": [
        30,
        60
      ],
      "2_4": [
        30,
        60
      ],
      "3_1": [
        50,
        100
      ],
      "3_2": [
        50,
        100
      ],
      "3_3": [
        50,
        100
      ],
      "3_4": [
        50,
        100
      ],
      "4_1": [
        80,
        240
      ],
      "4_2": [
        80,
        240
      ],
      "4_3": [
        80,
        240
      ],
      "4_4": [
        80,
        240
      ],
      "4_5": [
        80,
        240
      ],
      "5_1": [
        120,
        360
      ],
      "5_2": [
        120,
        360
      ],
      "5_3": [
        120,
        360
      ],
      "5_4": [
        120,
        360
      ],
      "5_5": [
        120,
        360
      ],
      "6_1": [
        180,
        720
      ],
      "6_2": [
        180,
        720
      ],
      "6_3": [
        180,
        720
      ],
      "6_4": [
        180,
        720
      ],
      "6_5": [
        180,
        720
      ],
      "7_1": [
        200,
        800
      ]
    },
    "?qualifying_pos_star_rule": "排位定位赛星星规则",
    "qualifying_pos_star_rule": {
      "?GameTimes": "定位赛场次",
      "GameTimes": 10,
      "?WinStarSetting": "胜利星星配置",
      "WinStarSetting": [
        0,
        1,
        3,
        5,
        7,
        10,
        13,
        16,
        19,
        22,
        25
      ],
      "?MvpStarSetting": "MVP星星配置",
      "MvpStarSetting": [
        0,
        0,
        0,
        0,
        0,
        0,
        0,
        0,
        0,
        0,
        0
      ],
      "?OldSegmentStarSetting": "旧段位转换的星星数",
      "OldSegmentStarSetting": [
        1,
        8,
        20,
        30,
        41
      ]
    },
    "?qualifying_match_score_rule": "排位赛匹配分数计算规则（综合分=排位分+等级分+隐藏分+临时分）",
    "qualifying_match_score_rule": {
      "?LevelA": "等级*系数A",
      "LevelA": 10,
      "?SegmentStarScore": "排位分计算配置表（根据段位和星星数计算）",
      "SegmentStarScore": {
        "0_0": [
          0,
          0
        ],
        "1_1": [
          800,
          10
        ],
        "1_2": [
          830,
          10
        ],
        "1_3": [
          860,
          10
        ],
        "2_1": [
          890,
          10
        ],
        "2_2": [
          930,
          10
        ],
        "2_3": [
          970,
          10
        ],
        "3_1": [
          1010,
          10
        ],
        "3_2": [
          1050,
          10
        ],
        "3_3": [
          1090,
          10
        ],
        "3_4": [
          1130,
          10
        ],
        "4_1": [
          1170,
          10
        ],
        "4_2": [
          1220,
          10
        ],
        "4_3": [
          1270,
          10
        ],
        "4_4": [
          1320,
          10
        ],
        "4_5": [
          1370,
          10
        ],
        "5_1": [
          1420,
          20
        ],
        "5_2": [
          1520,
          20
        ],
        "5_3": [
          1620,
          20
        ],
        "5_4": [
          1720,
          20
        ],
        "5_5": [
          1820,
          20
        ],
        "6_1": [
          1920,
          20
        ],
        "6_2": [
          2020,
          20
        ],
        "6_3": [
          2120,
          20
        ],
        "6_4": [
          2220,
          20
        ],
        "6_5": [
          2320,
          20
        ],
        "7_1": [
          2420,
          20
        ],
        "8_1": [
          2420,
          20
        ]
      },
      "?WinnerSteakScore": "连胜积分规则",
      "WinnerSteakScore": [
        10,
        20,
        30,
        40,
        60,
        80
      ],
      "?LoserSteakScore": "连败积分规则",
      "LoserSteakScore": [
        -10,
        -20,
        -30,
        -40,
        -60,
        -80
      ],
      "?HiddenScoreAdditionK": "隐藏分加成系数",
      "HiddenScoreAdditionK": [
        30,
        30,
        30,
        20,
        20,
        20,
        20
      ],
      "?HiddenScoreWinW": "W是玩家实际对局结果得分（赢=1，输=0）",
      "HiddenScoreWinW": 1,
      "?HiddenScoreLoseW": "W是玩家实际对局结果得分（赢=1，输=0）",
      "HiddenScoreLoseW": 0,
      "?HiddenScoreWinnerSteakA": "隐藏分连胜系数(A)",
      "HiddenScoreWinnerSteakA": [
        1,
        1,
        1,
        1,
        1
      ],
      "?HiddenScoreLoserSteakA": "隐藏分连败系数(A)",
      "HiddenScoreLoserSteakA": [
        1,
        1,
        1,
        1,
        1
      ],
      "?HiddenScoreModeB": "游戏模式系数(B)",
      "HiddenScoreModeB": {
        "?normal": "娱乐模式",
        "normal": 0.2,
        "?qualifying": "排位赛",
        "qualifying": 1,
        "?pinnacle": "巅峰赛",
        "pinnacle": 1.3
      },
      "?MinMatchHiddenScore": "最小隐藏分(Rn)",
      "MinMatchHiddenScore": -300,
      "?MaxMatchHiddenScore": "最大隐藏分(Rn)",
      "MaxMatchHiddenScore": 300,
      "?MinHiddenScoreTime": "比赛时间少于X秒就开始挂机/掉线的玩家不进行隐藏分的修正",
      "MinHiddenScoreTime": 10,
      "?HiddenScorePD_X": "P(D)=1/(1+X^(-D/Y)) D=自己分数-（自己分数/己方队伍分）*（敌方3队总分/3）",
      "HiddenScorePD_X": 10,
      "?HiddenScorePD_Y": "P(D)=1/(1+X^(-D/Y)) D=自己分数-（自己分数/己方队伍分）*（敌方3队总分/3）",
      "HiddenScorePD_Y": 800,
      "?PosMatchInitScore": "定位赛初始分数",
      "PosMatchInitScore": 800,
      "?PosMatchWinScore": "定位赛赢增加分数",
      "PosMatchWinScore": 10,
      "?PosMatchLoseScore": "定位赛输增加分数",
      "PosMatchLoseScore": -10,
      "?MinMatchScore": "最小综合匹配分",
      "MinMatchScore": 0,
      "?CheckHiddenScoreMinGameTime": "纠正隐藏分最少游戏时间，在这个时间内挂机/掉线的玩家不进行隐藏分的修正(秒)",
      "CheckHiddenScoreMinGameTime": 120
    }
  }
}