排序,从1开始递增	所属时间段	商品商店id	对应物品id	前置物品（物品id,数量 用#隔开)	互斥物品 （#隔开）	单局推荐购买数量（所有阶段一起计算）	推荐权重（越大越靠前）	Unnamed: 8	Unnamed: 9
index	groupId	goodsId	itemId	preItem	excludeItem	maxNum	weights		
1	1	1037	359	266,3	359,1	9999	1300	工具	剪刀
2	1	1002	267	266,10#359,1	267,1#283,1#276,1	9999	140	武器	铁剑
3	1	1019	308	266,2	308,1#316,1#312,1	9999	220	防具	铁甲腿
4	1	1023	309	266,2	309,1#317,1#313,1#1000,1#1001,1	9999	210	防具	铁甲鞋
5	1	1039	35	266,4	35,50#2441,50#2442,50#2443,50#2444,50#2445,50#2446,50#2447,50#2448,50#2806,50	9999	10000	方块	羊毛
