索引	消息ID	展示位置	价格	Unnamed: 4	Unnamed: 5	Unnamed: 6	Unnamed: 7	Unnamed: 8	Unnamed: 9
index	id	type	isFree						
1	1	1#2	1		攻击指令1	前9个是快捷指令			
2	2	1	0		攻击指令2				
3	3	1	0		攻击指令3				快捷指令ID表
4	4	1	1		撤退指令1				这里配了ID才会显示出来
5	5	1	0		撤退指令2				
6	6	1	0		撤退指令3				
7	7	1	1		指挥指令1				
8	8	1	0		指挥指令2				
9	9	1	0		指挥指令3				
10	10	1	0						
11	11	1	0						
12	12	1	0						
13	13	2	1						
14	14	2	1						
15	15	2	1						
16	16	2	1						
17	17	2	1						
