SoundId	IsRepeat	RepeatInterval_min	RepeatInterval_max	SoundFile	SoundVolume	Type	SubType	Desc	Unnamed: 9	Unnamed: 10
#	0	0	0	#	1			点击确定按钮		
#	0	0	0	#	1			点击取消按钮		
2	0	0	0	Media/Sound/ui/error	1			错误操作		
3	0	0	0	Media/Sound/ui/result_c	1			无效操作		
#	0	0	0	#	1			打开一级面板		
#	0	0	0	#	1			关闭一级面板		
#	0	0	0	#	1			打开二级或更低级面板		
#	0	0	0	#	1			关闭二级或更低级面板		
8	0	0	0	Media/Sound/random/successful_hit	1			弹出提示窗		
9	0	0	0	Media/Sound/random/successful_hit	1			邮件		
10	0	0	0	Media/Sound/note/bass	1			私聊		
11	0	0	0	Media/Sound/ui/count_down_normal	1			倒计时，普通		
12	0	0	0	Media/Sound/ui/count_down_special	1			倒计时，急迫		
13	0	0	0	Media/Sound/ui/gold_buy_01	1			获得物品		
14	0	0	0	Media/Sound/ui/gold_buy_02	1			获得金币		
15	0	0	0	Media/Sound/note/bass	1			获得钻石		
16	0	0	0	Media/Scripts/Game/g1008/res/hotupdate/sound/props/attackHurt	2.5			男玩家受击		
17	0	0	0	Media/Scripts/Game/g1008/res/hotupdate/sound/props/attackHurt	2.5			女玩家受击		
18	0	0	0	Media/Scripts/Game/g1008/res/hotupdate/sound/props/attackHurt	2.5			玩家受击3		
19	0	0	0	Media/Sound/random/bow 	1			拉弓		
20	0	0	0	Media/Sound/random/bowhit	1			发射		
21	0	0	0	Media/Sound/random/bowhit	1			发射火箭		
22	0	0	0	Media/Sound/random/bowhit	1			发射特殊箭		
23	0	0	0	Media/Sound/mob/zombie/hurt	1			僵尸受伤		
24	0	0	0	Media/Sound/mob/zombie/death	1			僵尸死亡		
25	0	0	0	Media/Sound/dig/lay	1			放置草方块		
26	0	0	0	Media/Sound/dig/grass_dig	1			破坏草方块		
27	0	0	0	Media/Sound/dig/lay	1			放置泥方块		
28	0	0	0	Media/Sound/dig/earth_dig	1			破坏泥方块		
29	0	0	0	Media/Scripts/Game/g1008/res/hotupdate/sound/block/makeWood	1			放置木方块		
30	0	0	0	Media/Scripts/Game/g1008/res/hotupdate/sound/block/digWood	1			破坏木方块		
31	0	0	0	Media/Sound/dig/lay	1			放置软质方块		
32	0	0	0	Media/Sound/dig/sand_dig	1			破坏软质方块		
33	0	0	0	Media/Sound/dig/lay	1			放置沙子方块		
34	0	0	0	Media/Sound/dig/sand_dig	1			破坏沙子方块		
35	0	0	0	Media/Sound/dig/lay	1			放置雪方块		
36	0	0	0	Media/Sound/dig/snow_dig	1			破坏雪方块		
37	0	0	0	Media/Scripts/Game/g1008/res/hotupdate/sound/block/makeStone	1			放置石方块		
38	0	0	0	Media/Scripts/Game/g1008/res/hotupdate/sound/block/digStone	1			破坏石方块		
39	0	0	0	Media/Sound/dig/lay	1			放置铁方块		
40	0	0	0	Media/Sound/dig/gold_dig	1			破坏铁方块		
41	0	0	0	Media/Sound/dig/lay	1			放置金方块		
42	0	0	0	Media/Sound/dig/gold_dig	1			破坏金方块		
43	0	0	0	Media/Sound/dig/lay	1			放置钻石方块		
44	0	0	0	Media/Sound/dig/gold_dig	1			破坏钻石方块		
45	0	0	0	Media/Sound/step/cloth	1.5			行走布质地面		
46	0	0	0	Media/Sound/step/grass	1			行走草地		
47	0	0	0	Media/Sound/step/sand	1			行走沙地		
48	0	0	0	Media/Sound/step/gravel	1			行走碎石地		
49	0	0	0	Media/Sound/step/ladder	1			行走梯子		
50	0	0	0	Media/Sound/step/stone	1			行走石地板、金属		
51	0	0	0	Media/Sound/step/wood	1			行走木地板		
52	0	0	0	Media/Sound/step/snow	1			引信		
53	0	0	0	Media/Sound/random/glass	1			碎玻璃		
54	0	0	0	Media/Sound/random/click	1			木按钮		
55	0	0	0	Media/Sound/random/wooden_door/open	1			开木门		
56	0	0	0	Media/Sound/random/wooden_door/close 	1			关木门		
57	0	0	0	Media/Sound/random/iron_door/open	1			开铁门		
58	0	0	0	Media/Sound/random/iron_door/close	1			关铁门		
59	0	0	0	Media/Sound/step/snow	1			传送门		
60	0	0	0	Media/Sound/random/fuse	1			发出嘶嘶声		
61	0	0	0	Media/Sound/random/explode	0.8			爆炸		
62	0	0	0	Media/Sound/step/snow	1			隐身状态		
63	0	0	0	Media/Sound/step/snow	1			加速状态		
64	0	0	0	Media/Sound/step/snow	1			跳跃状态		
65	0	0	0	Media/Sound/step/snow	1			夜视状态		
66	1	0	0	Media/Sound/ambient/weather/rain	1			下雨		
67	0	0	0	Media/Sound/ambient/weather/thunder	1			打雷		
68	0	0	0	Media/Sound/liquid/lava	1			熔岩		
69	0	0	0	Media/Sound/liquid/water	1			流水		
-1	0	0	0	#	1			点击		
71	0	0	0	Media/Sound/random/door_open	1			开门		
72	0	0	0	Media/Sound/random/door_close	1			关门		
73	0	0	0	Media/Sound/random/anvil_break 	1			random.anvil_break		
74	0	0	0	Media/Sound/random/anvil_use 	1			random.anvil_use		
75	0	0	0	Media/Sound/random/anvil_land 	1			random.anvil_land		
76	0	0	0	Media/Sound/random/glass	1			random.glass		
77	0	0	0	Media/Sound/liquid/swim	1			liquid.swim		
78	0	0	0	Media/Sound/enchant/thorns/hit	1			damage.thorns		
79	0	0	0	Media/Sound/liquid/splash	1			liquid.splash		
80	0	0	0	Media/Sound/random/bowhit	1			random.bowhit		
81	0	0	0	Media/Sound/random/pop 	1			random.pop		
82	0	0	0	Media/Sound/random/break 	1			random.break		
83	0	0	0	Media/Sound/damage/fallbig	1			damage.fallbig		
84	0	0	0	Media/Sound/damage/fallsmall	1			damage.fallsmall		
85	0	0	0	Media/Sound/random/orb 	1			random.orb		
86	0	0	0	Media/Sound/random/levelup 	1			random.levelup		
87	0	0	0	Media/Sound/random/burp 	1			random.burp		
88	0	0	0	Media/Sound/fire/ignite 	1			fire.ignite		
89	0	0	0	Media/Sound/random/chestopen	1			random.chestopen		
90	0	0	0	Media/Sound/random/chestclosed	1			random.chestclosed		
91	0	0	0	Media/Sound/tile/piston/out 	1			tile.piston.out		
92	0	0	0	Media/Sound/tile/piston/in 	1			tile.piston.in		
93	0	0	0	Media/Sound/liquid/lavapop 	1			liquid.lavapop		
94	0	0	0	Media/Sound/fire/fire 	1			fire.fire		
95	0	0	0	Media/Sound/step/snow	1					
97	0	0	0	Media/Sound/random/glass	1			放置玻璃		
98	0	0	0	Media/Sound/random/glass	1			破坏玻璃		
99	0	0	0	Media/Sound/random/glass_walk	1			玻璃上行走		
100	0	0	0	Media/Scripts/Game/g1008/res/hotupdate/sound/block/makeWool	1			放置布制方块（羊毛）		
101	0	0	0	Media/Sound/dig/sand_dig	1			破坏布制方块过程（羊毛）		
102	0	0	0	Media/Sound/step/snow	1			step on snow		
103	0	0	0	Media/Sound/step/ladder	1			place ladder block		
104	0	0	0	Media/Sound/step/ladder	1			break ladder block		
105	0	0	0	Media/Sound/random/anvil_land 	1			place anvil block		
106	0	0	0	Media/Sound/step/snow	1			step on anvil		
107	0	0	0	Media/Scripts/Game/g1008/res/hotupdate/sound/props/drinkWater	1			random.drink		
108	0	0	0	Media/Sound/random/eat	1			random.eat		
109	0	0	0	Media/Sound/step/snow	1			mob.wither.spawn		
110	0	0	0	Media/Sound/step/snow	1			mob.enddragon.end		
120	0	0	0	Media/Sound/random/Shoot_Pistol	1		枪械	手枪枪声		
121	0	0	0	Media/Sound/random/Shoot_AK	1		枪械	AK枪声		
122	0	0	0	Media/Sound/random/Shoot_Submachine	1		枪械	冲锋枪		
123	0	0	0	Media/Sound/random/Shoot_Shotguns	1		枪械	散弹枪		
124	0	0	0	Media/Sound/random/Shoot_Sniper	1		枪械	狙击枪		
125	0	0	0	Media/Sound/random/No_Bullet	1			空发音效		
126	0	0	0	Media/Sound/random/Load_Pistol	1			手枪换弹夹		
127	0	0	0	Media/Sound/random/Load_AK	1			步枪换弹夹		
128	0	0	0	Media/Sound/mob/zombie/say	1			僵尸音效		
130	0	0	0	Media/Sound/random/Gatling_Shot	1		枪械	加特林音效		
131	0	0	0	Media/Sound/random/reload_light	1			换弹夹		
132	0	0	0	Media/Sound/random/98k	1		枪械	98k		
133	0	0	0	Media/Sound/random/baleite	1		枪械	巴雷特		
134	0	0	0	Media/Sound/random/m4a1	1		枪械	m4a1		
135	0	0	0	Media/Sound/note/grade1	1			建筑战争打分1		
136	0	0	0	Media/Sound/note/grade2	1			建筑战争打分2		
137	0	0	0	Media/Sound/note/grade3	1			建筑战争打分3		
138	0	0	0	Media/Sound/note/grade4	1			建筑战争打分4		
139	0	0	0	Media/Sound/note/grade5	1			建筑战争打分5		
140	0	0	0	Media/Sound/note/grade6	1			建筑战争打分6		
141	0	0	0	Media/Sound/note/telepos	1			建筑战争传送		
142	0	0	0	Media/Sound/note/trans	1			建筑战争环节切换		
143	0	0	0	Media/Sound/note/fire	1			建筑战争烟花		
201	0	0	0	Media/Sound/random/gun_SD	1			散弹		
202	0	0	0	Media/Sound/random/gun_jiguangju	1			激光狙击		
203	0	0	0	Media/Sound/random/gun_jiguangbu	1			激光步枪		
204	0	0	0	Media/Sound/random/gun_jiguang	1			激光长按		
205	0	0	0	Media/Sound/random/gun_huojiantong	1			火箭筒		
206	0	0	0	Media/Sound/random/iceshoot	1			冰封法典		
207	0	0	0	Media/Sound/random/watershoot	1			水炮		
300	0	0	0	Media/Sound/ThrowPot/dark_skill	1			黑暗技能		
301	0	0	0	Media/Sound/ThrowPot/equip_title	1			装备称号		
302	0	0	0	Media/Sound/ThrowPot/flash_skill	1			闪现技能		
303	0	0	0	Media/Sound/ThrowPot/fly_skill	1			飞行技能		
304	0	0	0	Media/Sound/ThrowPot/get_TNT	1			获得TNT		
305	0	0	0	Media/Sound/ThrowPot/invincible_skill	1			无敌技能		
306	0	0	0	Media/Sound/ThrowPot/invisibility_skill	1			隐身技能		
307	0	0	0	Media/Sound/ThrowPot/speed_skill	1			加速技能		
308	0	0	0	Media/Sound/ThrowPot/teleport_skill	1			传送技能		
309	0	0	0	Media/Sound/ThrowPot/throw_TNT	1			传递别人TNT		
310	0	0	0	Media/Sound/ThrowPot/TNT_boom	1			TNT爆炸		
311	0	0	0	Media/Sound/dig/air_dig	1			空挥拳		
312	0	0	0	Media/Sound/damage/kill_person	1			击杀玩家		
313	0	0	0	Media/Sound/ui/cannon	1			大炮		
314	0	0	0	Media/Sound/ui/convert	1			小鸟转换		
315	0	0	0	Media/Sound/ui/get_item_1057_1066	1			获得物品		
316	0	0	0	Media/Sound/ui/get_item_1067_1084	1			获得物品		
317	0	0	0	Media/Sound/ui/kill_spider	1			杀死怪物		
318	0	0	0	Media/Sound/ui/task_done	1			完成任务		
319	0	0	0	Media/Sound/ui/tree_die	1			果树移除		
320	0	0	0	Media/Sound/ui/tree_up_level	1			果树升级		
321	0	0	0	Media/Sound/ui/buyDress	1			购买皮肤		
322	0	0	0	Media/Sound/ui/openBox	1			打开宝箱		
323	0	0	0	Media/Sound/game/g1047/clear_manor	1			一键清理		
324	0	0	0	Media/Sound/game/g1047/friend_invite	1			收到邀请		
325	0	0	0	Media/Sound/game/g1047/glide_wing	1			打开滑行翅膀		
326	0	0	0	Media/Sound/game/g1047/go_home	1			回家		
327	0	0	0	Media/Sound/game/g1047/open_fly	1			打开飞行		
328	0	0	0	Media/Sound/game/g1047/place_template	1			放置模板		
329	0	0	0	Media/Sound/game/g1047/rotate_click	1			旋转		
330	0	0	0	Media/Sound/game/g1047/rotate_done	1			旋转完成		
331	0	0	0	Media/Sound/game/g1047/sit_down	1			坐下		
332	0	0	0	Media/Sound/game/g1047/take_car	1			上车		
333	0	0	0	Media/Sound/game/g1047/tiger_machine	1			开始抽奖		
334	0	0	0	Media/Sound/ui/game_complete_add	1			游戏结束，增加分数特效		
335	0	0	0	Media/Sound/ui/game_complete_hide	1			游戏结束，隐藏奖杯		
336	0	0	0	Media/Sound/ui/pixel_duan_wei	1			像素射击段位升级		
337	0	0	0	Media/Sound/game/g1051/bailing1	1			行尸走肉白领的低吼声		
338	0	0	0	Media/Sound/game/g1051/bailing2	1			行尸走肉白领的攻击音效		
339	0	0	0	Media/Sound/game/g1051/bailing3	1			行尸走肉白领的死亡音效		
340	0	0	0	Media/Sound/game/g1051/gou1	1			行尸走肉丧尸狗的低吼声		
341	0	0	0	Media/Sound/game/g1051/gou2	1			行尸走肉丧尸狗的攻击音效		
342	0	0	0	Media/Sound/game/g1051/gou3	1			行尸走肉丧尸狗的死亡音效		
343	0	0	0	Media/Sound/game/g1051/hushi1	1			行尸走肉女护士的低吼声		
344	0	0	0	Media/Sound/game/g1051/hushi2	1			行尸走肉女护士的攻击音效		
345	0	0	0	Media/Sound/game/g1051/hushi3	1			行尸走肉女护士的死亡音效		
346	0	0	0	Media/Sound/game/g1051/shimin1	1			行尸走肉市民的低吼声		
347	0	0	0	Media/Sound/game/g1051/shimin2	1			行尸走肉市民的攻击音效		
348	0	0	0	Media/Sound/game/g1051/shimin3	1			行尸走肉市民的死亡音效		
349	0	0	0	Media/Sound/game/g1051/ertong1	1			行尸走肉儿童的低吼声		
350	0	0	0	Media/Sound/game/g1051/ertong2	1			行尸走肉儿童的攻击音效		
351	0	0	0	Media/Sound/game/g1051/ertong3	1			行尸走肉儿童的死亡音效		
352	0	0	0	Media/Sound/game/g1051/dama1	1			行尸走肉超市大妈的低吼声		
353	0	0	0	Media/Sound/game/g1051/dama2	1			行尸走肉超市大妈的攻击音效		
354	0	0	0	Media/Sound/game/g1051/dama3	1			行尸走肉超市大妈的死亡音效		
355	0	0	0	Media/Sound/game/g1051/laoban1	1			行尸走肉超市老板的低吼声		
356	0	0	0	Media/Sound/game/g1051/laoban2	1			行尸走肉超市老板的攻击音效		
357	0	0	0	Media/Sound/game/g1051/laoban3	1			行尸走肉超市老板的死亡音效		
358	0	0	0	Media/Sound/game/g1051/zonghuo1	1			行尸走肉纵火丧尸的低吼声		
359	0	0	0	Media/Sound/game/g1051/zonghuo2	1			行尸走肉纵火丧尸的攻击音效		
360	0	0	0	Media/Sound/game/g1051/zonghuo3	1			行尸走肉纵火丧尸的死亡音效		
361	0	0	0	Media/Sound/game/g1051/bingxiang1	1			行尸走肉冰箱丧尸的低吼声		
362	0	0	0	Media/Sound/game/g1051/bingxiang2	1			行尸走肉冰箱丧尸的攻击音效		
363	0	0	0	Media/Sound/game/g1051/bingxiang3	1			行尸走肉冰箱丧尸的死亡音效		
364	0	0	0	Media/Sound/game/g1051/zhizhu1	1			行尸走肉丧尸蜘蛛的低吼声		
365	0	0	0	Media/Sound/game/g1051/zhizhu2	1			行尸走肉丧尸蜘蛛的攻击音效		
366	0	0	0	Media/Sound/game/g1051/zhizhu3	1			行尸走肉丧尸蜘蛛的死亡音效		
367	0	0	0	Media/Sound/game/g1051/dazhizhu1	1			行尸走肉巨大丧尸蜘蛛的低吼声		
368	0	0	0	Media/Sound/game/g1051/dazhizhu2	1			行尸走肉巨大丧尸蜘蛛的攻击音效		
369	0	0	0	Media/Sound/game/g1051/dazhizhu3	1			行尸走肉巨大丧尸蜘蛛的死亡音效		
370	0	0	0	Media/Sound/game/g1051/baoyan1	1			行尸走肉爆炎丧尸的低吼声		
371	0	0	0	Media/Sound/game/g1051/baoyan2	1			行尸走肉爆炎丧尸的攻击音效		
372	0	0	0	Media/Sound/game/g1051/baoyan3	1			行尸走肉爆炎丧尸的死亡音效		
373	0	0	0	Media/Sound/game/g1051/dabing1	1			行尸走肉大冰箱丧尸的低吼声		
374	0	0	0	Media/Sound/game/g1051/dabing2	1			行尸走肉大冰箱丧尸的攻击音效		
375	0	0	0	Media/Sound/game/g1051/dabing3	1			行尸走肉大冰箱丧尸的死亡音效		
376	0	0	0	Media/Sound/game/g1051/shouyinji	1			行尸走肉收音机		
377	0	0	0	Media/Sound/game/g1047/race_ready	1			家园赛车准备时的音效		
378	0	0	0	Media/Sound/game/g1047/race_fail	1			家园赛车竞赛失败时的音效		
379	0	0	0	Media/Sound/game/g1047/race_win	1			家园赛车竞赛胜利时的音效		
380	0	0	0	Media/Scripts/Game/g1008/res/apk/lobby/iterate02/sound/fireworks_1	1			礼花爆开的音效		
381	0	0	0	Media/Scripts/Game/g1008/res/apk/lobby/iterate02/sound/dig	1			挖矿		
382	0	0	0	Media/Scripts/Game/g1008/res/apk/lobby/iterate02/sound/fireworks_1	1			礼花爆开的音效		
9001	0	0	0	Media/Scripts/Game/g1008/res/hotupdate/sound/ui/buttonClick3	1			起床-打开界面1		
9002	0	0	0	Media/Scripts/Game/g1008/res/hotupdate/sound/ui/buttonClick3	1			起床-关闭界面1		
9003	0	0	0	Media/Scripts/Game/g1008/res/hotupdate/sound/ui/buttonClick3	1			起床-切换标签		
9004	0	0	0	Media/Scripts/Game/g1008/res/hotupdate/sound/ui/buttonClick1	1			起床-确认按钮		
9005	0	0	0	Media/Scripts/Game/g1008/res/hotupdate/sound/ui/selectItem	1			起床-选择项目		
9006	0	0	0	Media/Scripts/Game/g1008/res/hotupdate/sound/ui/buttonClick2	1			起床-触发按钮		
9010	0	0	0	Media/Scripts/Game/g1008/res/hotupdate/sound/ui/levelUpStore	1			起床-商店升级		
9011	0	0	0	Media/Scripts/Game/g1008/res/hotupdate/sound/ui/startLottery	1			起床-开始抽奖		
9012	0	0	0	Media/Scripts/Game/g1008/res/hotupdate/sound/ui/getLotteryReward	1			起床-得到奖品		
9020	0	0	0	Media/Scripts/Game/g1008/res/hotupdate/sound/ui/attackCommand	0.8			起床-进攻信号		
9021	0	0	0	Media/Scripts/Game/g1008/res/hotupdate/sound/ui/defenseCommand	0.8			起床-防守信号		
9022	0	0	0	Media/Scripts/Game/g1008/res/hotupdate/sound/ui/togetherCommand	0.8			起床-集合信号		
9023	0	0	0	Media/Scripts/Game/g1008/res/hotupdate/sound/ui/callHelpCommand	0.6			起床-救援信号		
9040	0	0	0	Media/Scripts/Game/g1008/res/hotupdate/sound/props/shootSignal	0.7			起床-信号弹发射		
9041	0	0	0	Media/Scripts/Game/g1008/res/hotupdate/sound/props/boomSignal	3			起床-信号弹爆开		
9024	0	0	0	Media/Scripts/Game/g1008/res/hotupdate/sound/ui/buttonClick2	1			起床-收到信号		
9030	0	0	0	Media/Scripts/Game/g1008/res/hotupdate/sound/ui/selfBedBreak	1			起床-床被拆通告		
9031	0	0	0	Media/Scripts/Game/g1008/res/hotupdate/sound/ui/breakOtherBed	1			起床-拆敌方床通告		
9032	0	0	0	Media/Scripts/Game/g1008/res/hotupdate/sound/ui/teamMateKillOther	1.2			起床-我方击杀播报		
9033	0	0	0	Media/Scripts/Game/g1008/res/hotupdate/sound/ui/otherKillTeamMate	0.8			起床-我方被杀播报		
9034	0	0	0	Media/Scripts/Game/g1008/res/hotupdate/sound/ui/otherKillTeamMate	0			起床-敌方被杀播报		
9035	0	0	0	Media/Scripts/Game/g1008/res/hotupdate/sound/game/wooden1	0					
9036	0	0	0	Media/Scripts/Game/g1008/res/hotupdate/sound/game/wooden2	0					
9037	0	0	0	Media/Scripts/Game/g1008/res/hotupdate/sound/game/wooden3	0					
9038	0	0	0	Media/Scripts/Game/g1008/res/apk/lobby/iterate02/sound/Sparkler_Launch_1	1			烟花发射音效1		
9039	0	0	0	Media/Scripts/Game/g1008/res/apk/lobby/iterate02/sound/Sparkler_Liftoff_1	1			烟花飞行音效1		
9040	0	0	0	Media/Scripts/Game/g1008/res/apk/lobby/iterate02/sound/Sparkler_explode_1	10			烟花爆炸音效1		
9041	0	0	0	Media/Scripts/Game/g1008/res/apk/lobby/iterate02/sound/Sparkler_Liftoff_2	1			烟花发射音效2		
9042	0	0	0	Media/Scripts/Game/g1008/res/apk/lobby/iterate02/sound/Sparkler_explode_2	10			烟花爆炸音效2		
9043	1	0	0	Media/Scripts/Game/g1008/res/apk/lobby/iterate02/sound/dancebgm_1	1			圣诞场景舞蹈音乐		
10000	1	35	10	Media/Scripts/Game/g1008/res/hotupdate/sound/bgm/lobby/lobby	0.8			起床大厅BGM		
10001	1	35	10	Media/Sound/bgm/theme_home	1			主题音乐2		
10002	0	0	0	Media/Sound/bgm/theme_dead	1			死亡		
10003	0	0	0	Media/Sound/ui/game_complete	1			游戏结束	可删除	
10004	0	0	0	Media/Sound/ambient/plane	1		plane	飞机音效		
10005	1	35	10	Media/Scripts/Game/g1008/res/hotupdate/sound/bgm/loading	1			加载界面音乐		
10006	1	35	10	Media/Sound/bgm/theme_snowballbattle	1			主题音乐		
10007	1	35	10	Media/Sound/bgm/theme_snowballbattle_waiting	1			等待进入音乐		
10008	1	35	10	Media/Sound/bgm/theme_zombie	1			主题音乐		
10009	1	35	10	Media/Sound/bgm/theme_zombie_waiting	1			等待进入音乐		
10010	1	0	0	Media/Sound/bgm/theme_skywar	1			主题音乐		
10011	1	35	10	Media/Sound/bgm/theme_skywar_waiting	1			等待进入音乐		
10012	1	35	10	Media/Sound/bgm/theme_TNTrun	1			主题音乐		
10013	1	35	10	Media/Sound/bgm/theme_sanddigger	1			主题音乐		
10014	1	35	10	Media/Sound/bgm/theme_sanddigger_waiting	1			等待进入音乐		
10015	1	35	10	Media/Sound/bgm/theme_jailbreak	1			主题音乐		
10016	1	35	10	Media/Sound/bgm/theme_jailbreak_waiting	1			等待进入音乐		
10017	1	35	10	Media/Sound/bgm/theme_hungergame	1			主题音乐		
10018	1	35	10	Media/Sound/bgm/theme_hungergame_waiting	1			等待进入音乐		
10019	1	35	10	Media/Sound/bgm/theme_hideandseek	1			主题音乐		
10020	1	35	10	Media/Sound/bgm/theme_hideandseek_waiting	1			等待进入音乐		
10021	1	35	10	Media/Sound/bgm/theme_clanwar	1			主题音乐	可删除	
10022	1	35	10	Media/Sound/bgm/theme_murdermystery	1			主题音乐		
10023	0	0	0	Media/Sound/ui/game_complete_win	1			游戏结束，胜利		
10024	0	0	0	Media/Sound/ui/game_complete_lose	1			游戏结束，失败		
10025	0	0	0	Media/Sound/bgm/turntozombie	1			变僵尸		
10026	0	0	0	Media/Sound/random/landing	1			降落		
10027	0	0	0	Media/Sound/random/hit	1			攻击音效	需要替换	
10028	0	0	0	Media/Sound/bgm/crash	1			塌方	TNT跑酷独有	
10029	1	0	0	Media/Sound/bgm/theme_parkour	1			主题音乐	彩虹跑酷	
10030	1	0	0	Media/Sound/bgm/theme_buildbattle	1			主题音乐	建筑战争	
10031	1	35	10	Media/Sound/ThrowPot/theme_ThrowPot_waiting	1			等待进入音乐	丢锅大战	
10032	1	0	0	Media/Sound/bgm/ranchers	1			主题音乐	农场	
10033	0	0	0	Media/Sound/ui/game_complete_lose	1			游戏结束，平局		
10034	0	0	0	Media/Sound/bgm/chase_sneer	1			嘲讽音效		
10035	1	0	0	Media/Sound/bgm/bird_simulator_bg	1			主题音乐	小鸟模拟器	
10036	1	0	0	Media/Sound/bgm/pixelgunhall	1			像素射击背景音乐		
10037	1	0	0	Media/Sound/bgm/pixelgunmode	1			像素射击游戏音乐		
10038	1	0	0	Media/Sound/ui/convert	1			小鸟转换		
10039	1	0	0	Media/Sound/bgm/lobby/lobby	1			起床大厅背景音乐		
10040	1	0	0	Media/Sound/game/g1047/block_city_bgm	1			方块城市背景音乐		
10041	1	0	0	Media/Sound/bgm/skyblock_island	1			空岛生存主岛		
10042	1	0	0	Media/Sound/bgm/skyblock_pvp_mine	1			空岛生存矿洞		
10043	1	0	0	Media/Sound/bgm/skyblock_mine	1			空岛生存自动化坑		
10044	1	0	0	Media/Sound/bgm/walkingdead_bgm	1			行尸背景音乐		
10045	0	0	0	Media/Sound/bgm/g1055-door	1			锦标赛开笼		
10046	1	0	0	Media/Sound/bgm/jinbiaosai	1			锦标赛对战		
10047	1	0	0	Media/Scripts/Game/g1056/res/sound/g1056_waiting	1			游戏loading音乐		
10048	1	0	0	Media/Scripts/Game/g1056/res/sound/g1057_waiting	1			大厅loading音乐		96000
10049	1	0	0	Media/Scripts/Game/g1008/res/apk/lobby/iterate02/sound/bedwarhallbgm_1	1			起床大厅圣诞背景音乐		
10050	1	0	0	Media/Scripts/Game/g1008/res/apk/lobby/iterate02/sound/fishingFieldbgm	1			钓鱼场景音乐		
10051	1	0	0	Media/Scripts/Game/g1008/res/apk/lobby/iterate02/sound/skiResortbgm	1			滑雪场景音乐		
10052	1	35	0	Media/Scripts/Game/g1008/res/hotupdate/sound/bgm/battle/bgm2	1			起床对战默认BGM		
10053	1	35	0	Media/Scripts/Game/g1008/res/hotupdate/sound/bgm/battle/rishi	1			起床对战日式地图BGM		
10054	1	35	0	Media/Scripts/Game/g1008/res/hotupdate/sound/bgm/battle/shengdan	1			起床对战圣诞地图BGM		
10055	1	35	0	Media/Scripts/Game/g1008/res/hotupdate/sound/bgm/battle/shamo	1			起床对战沙漠地图BGM		
10056	1	35	0	Media/Scripts/Game/g1008/res/hotupdate/sound/bgm/battle/xiandai	1			起床对战现代地图BGM		
10057	1	35	0	Media/Scripts/Game/g1008/res/hotupdate/sound/bgm/battle/yunzhongxiaowu	1			起床对战云中小屋地图BGM		
10058	1	35	0	Media/Scripts/Game/g1008/res/hotupdate/sound/bgm/battle/haidao	1			起床对战海盗地图BGM		
10059	1	35	0	Media/Scripts/Game/g1008/res/hotupdate/sound/bgm/battle/taikong	1			起床对战太空地图BGM		
10060	1	35	0	Media/Scripts/Game/g1008/res/hotupdate/sound/bgm/battle/xiandai	1			起床对战风车地图BGM		
10061	1	35	0	Media/Scripts/Game/g1008/res/hotupdate/sound/bgm/battle/xiandai	1			起床对战城堡地图BGM		
10062	1	35	0	Media/Scripts/Game/g1008/res/hotupdate/sound/bgm/battle/yunzhongxiaowu	1			起床对战儿童节地图BGM		
10063	1	35	0	Media/Scripts/Game/g1008/res/hotupdate/sound/bgm/battle/taikong	1			起床对战天空神殿地图BGM		
10064	1	35	0	Media/Scripts/Game/g1008/res/hotupdate/sound/bgm/battle/wangguo	1			起床对战王国地图BGM		
10065	1	35	0	Media/Scripts/Game/g1008/res/hotupdate/sound/bgm/battle/yunzhongxiaowu	1			起床对战迪士尼地图BGM		
10066	1	35	0	Media/Scripts/Game/g1008/res/hotupdate/sound/bgm/battle/xiandai	1			起床对战现代2地图BGM		
405	0	0	0	Media/Scripts/Game/g1008/res/hotupdate/sound/voice_pack/1_SrPedro	1					
406	0	0	0	Media/Scripts/Game/g1008/res/hotupdate/sound/voice_pack/2_TylerBanks	1					
407	0	0	0	Media/Scripts/Game/g1008/res/hotupdate/sound/voice_pack/5_PuteriPo	1					
408	0	0	0	Media/Scripts/Game/g1008/res/hotupdate/sound/voice_pack/6_Yummy	1					
409	0	0	0	Media/Scripts/Game/g1008/res/hotupdate/sound/voice_pack/7_Kh4ngg	1					
410	0	0	0	Media/Scripts/Game/g1008/res/hotupdate/sound/voice_pack/8_AmaanBG	1					
411	0	0	0	Media/Scripts/Game/g1008/res/hotupdate/sound/voice_pack/9_MIUMA	1					
412	0	0	0	Media/Scripts/Game/g1008/res/hotupdate/sound/voice_pack/10_MissaSinfonia	1					
413	0	0	0	Media/Scripts/Game/g1008/res/hotupdate/sound/voice_pack/12_MaferRocha	1					
414	0	0	0	Media/Scripts/Game/g1008/res/hotupdate/sound/voice_pack/14_MIB	1					
415	0	0	0	Media/Scripts/Game/g1008/res/hotupdate/sound/voice_pack/16_LAZLO	1					
416	0	0	0	Media/Scripts/Game/g1008/res/hotupdate/sound/voice_pack/19_SiroBMG	1					
417	0	0	0	Media/Scripts/Game/g1008/res/hotupdate/sound/voice_pack/20_RifBG	1					
418	0	0	0	Media/Scripts/Game/g1008/res/hotupdate/sound/voice_pack/23_FiawKungChannel	1					
419	0	0	0	Media/Scripts/Game/g1008/res/hotupdate/sound/voice_pack/24_KristianPH	1					
420	0	0	0	Media/Scripts/Game/g1008/res/hotupdate/sound/ui/levelUpStore	1			宠物升级		
421	0	0	0	Media/Scripts/Game/g1008/res/hotupdate/sound/ui/g1008_genius_unlock	2			天赋解锁		
422	0	0	0	Media/Scripts/Game/g1008/res/hotupdate/sound/ui/g1008_genius_up	2			天赋升级		
501	0	0	0	Media/Scripts/Game/g1008/res/hotupdate/sound/ui/pet/pet_69_show	2			星野爱show		
502	0	0	0	Media/Scripts/Game/g1008/res/hotupdate/sound/ui/pet/pet_69_taunt	2			星野爱taunt		
503	0	0	0	Media/Scripts/Game/g1008/res/hotupdate/sound/ui/killeffects_01	2.3			击杀播报1		
504	0	0	0	Media/Scripts/Game/g1008/res/hotupdate/sound/ui/killeffects_02	2.3			击杀播报2		
505	0	0	0	Media/Scripts/Game/g1008/res/hotupdate/sound/ui/killeffects_03	2.3			击杀播报3		
506	0	0	0	Media/Scripts/Game/g1008/res/hotupdate/sound/ui/killeffects_04	2.3			击杀播报4		
507	0	0	0	Media/Scripts/Game/g1008/res/hotupdate/sound/ui/killeffects_05	2.3			击杀播报5		
508	0	0	0	Media/Scripts/Game/g1008/res/hotupdate/sound/ui/killeffects_06	2.3			击杀播报6		
509	0	0	0	Media/Scripts/Game/g1008/res/hotupdate/sound/ui/killeffects_07	2.3			击杀播报7		
510	0	0	0	Media/Scripts/Game/g1008/res/hotupdate/sound/ui/killeffects_08	2.3			击杀播报8		
4101	0	0	0	Media/Scripts/Game/g1008/res/apk/survival/sound/gunshots/pistol_1	1			手枪	M1911	1064101
4102	0	0	0	Media/Scripts/Game/g1008/res/apk/survival/sound/gunshots/pistol_2	0.5			手枪	流星	1064102
4103	0	0	0	Media/Scripts/Game/g1008/res/apk/survival/sound/gunshots/pistol_3	0.9			手枪	西部正义	1064103
4104	0	0	0	Media/Scripts/Game/g1008/res/apk/survival/sound/gunshots/pistol_4	1.4			手枪	粒子炮	1064104
4105	0	0	0	Media/Scripts/Game/g1008/res/apk/survival/sound/gunshots/pistol_5	0.75			手枪	绝对零度	1064105
4201	0	0	0	Media/Scripts/Game/g1008/res/apk/survival/sound/gunshots/sniper_1	1.2			狙击	侵蚀之眼	1064201
4202	0	0	0	Media/Scripts/Game/g1008/res/apk/survival/sound/gunshots/sniper_2	1			狙击	金翅雀	1064202
4203	0	0	0	Media/Scripts/Game/g1008/res/apk/survival/sound/gunshots/sniper_3	1			狙击	奥丁重拳	1064203
4204	0	0	0	Media/Scripts/Game/g1008/res/apk/survival/sound/gunshots/sniper_4	0.9			狙击	炙热光线	1064204
4205	0	0	0	Media/Scripts/Game/g1008/res/apk/survival/sound/gunshots/sniper_5	0.75			狙击	自由之翼	1064205
4301	0	0	0	Media/Scripts/Game/g1008/res/apk/survival/sound/gunshots/rifle_1	0.7			步枪	斗牛犬	1064301
4302	0	0	0	Media/Scripts/Game/g1008/res/apk/survival/sound/gunshots/rifle_2	0.5			步枪	推土机	1064302
4303	0	0	0	Media/Scripts/Game/g1008/res/apk/survival/sound/gunshots/rifle_3	0.9			步枪	AN94	1064303
4304	0	0	0	Media/Scripts/Game/g1008/res/apk/survival/sound/gunshots/rifle_4	0.8			步枪	救赎	1064304
4305	0	0	0	Media/Scripts/Game/g1008/res/apk/survival/sound/gunshots/rifle_5	1			步枪	暴雨	1064305
4306	0	0	0	Media/Scripts/Game/g1008/res/apk/survival/sound/gunshots/rifle_6	0.9			步枪	AK	1064306
4307	0	0	0	Media/Scripts/Game/g1008/res/apk/survival/sound/gunshots/rifle_7	0.85			步枪	高斯步枪	1064307
4308	0	0	0	Media/Scripts/Game/g1008/res/apk/survival/sound/gunshots/rifle_8	1			步枪	M4	1064308
4401	0	0	0	Media/Scripts/Game/g1008/res/apk/survival/sound/gunshots/shotgun_1	0.9			霰弹	大喇叭	1064401
4402	0	0	0	Media/Scripts/Game/g1008/res/apk/survival/sound/gunshots/shotgun_2	1.3			霰弹	地狱之风	1064402
4403	0	0	0	Media/Scripts/Game/g1008/res/apk/survival/sound/gunshots/machinegun_1	0.7			冲锋	沙漠突击者	1064403
4501	0	0	0	Media/Scripts/Game/g1008/res/apk/survival/sound/gunshots/machinegun_2	1			冲锋	疯兔	1064501
4502	0	0	0	Media/Scripts/Game/g1008/res/apk/survival/sound/gunshots/machinegun_3	1			冲锋	伐罪者	1064502
4601	0	0	0	Media/Scripts/Game/g1008/res/apk/survival/sound/gunshots/rocket_1	1			火箭筒	和平行者	1064601
4602	0	0	0	Media/Scripts/Game/g1008/res/apk/survival/sound/gunshots/rocket_2	1			火箭筒	大黑牛	1064602
4603	0	0	0	Media/Scripts/Game/g1008/res/apk/survival/sound/gunshots/rocket_3	1			火箭筒	炙焰	1064603
4701	0	0	0	Media/Scripts/Game/g1008/res/apk/survival/sound/gunshots/bow_1	0.8			弩		1064701
