版本号(字符串即可)	tab栏多语言	标题多语言	内容多语言	排序(从小到大)	是否显示(0/1)	是否当前版本(0/1)
version_code	tab_lang	title_lang	detail_lang	sort	is_show	is_current
1	gui.version.tab.text1	gui.version.title.text1	gui.version.content.text1	10	0	0
2	gui.version.tab.text2	gui.version.title.text2	gui.version.content.text2	9	0	0
5	gui.version.tab.text5	gui.version.title.text5	gui.version.content.text5	8	0	0
6	gui.version.tab.text6	gui.version.title.text6	gui.version.content.text6	7	0	0
7	gui.version.tab.text7	gui.version.title.text7	gui.version.content.text7	6	0	0
8	gui.version.tab.text8	gui.version.title.text8	gui.version.content.text8	5	0	0
9	gui.version.tab.text9	gui.version.title.text9	gui.version.content.text9	4	0	0
10	gui.version.tab.text10	gui.version.title.text10	gui.version.content.text10	3	0	0
11	gui.version.tab.text11	gui.version.title.text11	gui.version.content.text11	2	1	1
