{
	"?配置说明": {
		"weekDayStartTimeOffset": "活动开始时间 = 每周日0点开始 累加的时间偏移（秒）",
		"weekDayEndTimeOffset": "活动结束时间 = 每周日0点开始 累加的时间偏移（秒）",
		"dailyTimePeriod": "活动开始时间内，每天双倍的时间区间 每天0点开始 + 时间偏移（秒）： [开始时间偏移，结束时间偏移]",
		"additionalMultiplier": "附加倍率（1=增加1倍）"
	},
	"103":{
		"weekDayStartTimeOffset" : 0,
		"weekDayEndTimeOffset" : 691200,
		"dailyTimePeriod": [
			[25200, 32400],
			[50400, 57600],
			[79200, 86400]			
		],
		"additionalMultiplier": 1
	}
}