{
	"?配置说明": {
		"collectId": "收集的道具Id",
		"collectCount": "收集道具数量",
		"rewardId": "终极奖励Id",
		"rewardCount": "终极奖励数量(时间)",
		"currency": "每次缴纳获得的金币"
	},
	"1001": {
		"collectId": 1308,
		"collectCount": 2000000,
        "rewardId": 62001,
        "rewardCount": 2592000,
		"currency": 1000,
		"actorPart": [
			{
				"pro": 0,
				"masterName": "body",
				"slaveName": "1"
			},
			{
				"pro": 0.1,
				"masterName": "body",
				"slaveName": "2"
			},
			{
				"pro": 0.2,
				"masterName": "body",
				"slaveName": "3"
			},
			{
				"pro": 0.3,
				"masterName": "body",
				"slaveName": "4"
			},
			{
				"pro": 0.4,
				"masterName": "body",
				"slaveName": "5"
			},
			{
				"pro": 0.5,
				"masterName": "body",
				"slaveName": "6"
			},
			{
				"pro": 0.6,
				"masterName": "body",
				"slaveName": "7"
			},
			{
				"pro": 0.7,
				"masterName": "body",
				"slaveName": "8"
			},
			{
				"pro": 0.8,
				"masterName": "body",
				"slaveName": "9"
			},
			{
				"pro": 0.9,
				"masterName": "body",
				"slaveName": "10"
			},
			{
				"pro": 1,
				"masterName": "body",
				"slaveName": "11"
			}
		]
	}
}