{
	"8": {
		"cycleTime": 604800,
		"products": [
			{
				"productId": 1001,
                "coinType": 3,
                "onceCount": 100,
                "rest": 0.04,
                "saveTimes": 10,
                "monthCardTimes": 10,
                "saveTip": "gui.piggy.bank.save.tip1"
			},
            {
              "productId": 1002,
              "coinType": 3,
              "onceCount": 200,
              "rest": 0.04,
              "saveTimes": 10,
              "monthCardTimes": 10,
              "saveTip": "gui.piggy.bank.save.tip1"
            }
		]
	}
}