ID	名称	图片	模型	是否稀有(1:稀有  0：普通)	描述	权重	
id	name	image	actor_name	rare	desc	weights	
1	actor_box_half_open	set:hidden.json image:box_half_open	box1.actor	0	actor_box_half_open	100	打开的箱子
2	actor_box_close	set:hidden.json image:box_close	box2.actor	0	actor_box_close	100	半开的箱子
3	actor_box_open	set:hidden.json image:box_open	box3.actor	0	actor_box_open	100	箱子
4	actor_stick	set:hidden.json image:stick	cane1.actor	0	actor_stick	100	圣诞棍
5	actor_stick	set:hidden.json image:stick	cane2.actor	0	actor_stick	100	圣诞棍
6	actor_desk	set:hidden.json image:desk	desk04.actor	0	actor_desk	100	工作台
7	actor_table	set:hidden.json image:table	drawer.actor	0	actor_table	50	床头柜
8	actor_gift	set:hidden.json image:gift	gift.actor	0	actor_gift	30	圣诞礼物
9	actor_sack	set:hidden.json image:sack	sack.actor	0	actor_sack	20	礼物袋
10	actor_sofa	set:hidden.json image:sofa	sofa.actor	0	actor_sofa	100	沙发
11	actor_tv	set:hidden.json image:tv	television.actor	0	actor_tv	100	电视
12	actor_ad_lamp_case01	set:hidden.json image:ad_lamp_case01	ad_lamp_case01.actor	0	actor_ad_lamp_case01	100	广告牌
13	actor_barrel01	set:hidden.json image:barrel01	barrel01.actor	0	actor_barrel01	20	木桶
14	actor_bonfire01	set:hidden.json image:bonfire01	bonfire01.actor	0	actor_bonfire01	20	火堆
15	actor_carton01	set:hidden.json image:carton01	carton01.actor	0	actor_carton01	100	小箱子
16	actor_cask02	set:hidden.json image:cask02	cask02.actor	1	actor_cask02	10	酒桶
17	actor_coin_machine01	set:hidden.json image:coin_machine01	coin_machine01.actor	0	actor_coin_machine01	100	黄色贩卖机
18	actor_coin_machine02	set:hidden.json image:coin_machine02	coin_machine02.actor	0	actor_coin_machine02	100	蓝色贩卖机
19	actor_dustbin01	set:hidden.json image:dustbin01	dustbin01.actor	0	actor_dustbin01	100	垃圾箱
20	actor_kennel01	set:hidden.json image:kennel01	kennel01.actor	0	actor_kennel01	10	狗屋
21	actor_metal_trash_can01_01	set:hidden.json image:metal_trash_can01_01	metal_trash_can01_01.actor	0	actor_metal_trash_can01_01	100	垃圾桶关
22	actor_metal_trash_can01_02	set:hidden.json image:metal_trash_can01_02	metal_trash_can01_02.actor	0	actor_metal_trash_can01_02	100	垃圾桶半开
23	actor_metal_trash_can01_03	set:hidden.json image:metal_trash_can01_03	metal_trash_can01_03.actor	0	actor_metal_trash_can01_03	100	垃圾桶开
24	actor_snowmanbattle_blue	set:hidden.json image:snowmanbattle_blue	snowmanbattle_blue.actor	0	actor_snowmanbattle_blue	60	蓝色雪人
25	actor_snowmanbattle_red	set:hidden.json image:snowmanbattle_red	snowmanbattle_red.actor	0	actor_snowmanbattle_red	60	红色雪人
26	actor_streetlight01	set:hidden.json image:streetlight01	streetlight01.actor	0	actor_streetlight01	20	路边街灯
27	actor_tree01	set:hidden.json image:tree01	tree01.actor	0	actor_tree01	100	大树
28	actor_coke	set:hidden.json image:coke	coke.actor	1	actor_coke	2	可乐
29	actor_pc	set:hidden.json image:pc	laptop.actor	1	actor_pc	0	手提电脑
30	actor_cup	set:hidden.json image:cup	mug.actor	1	actor_cup	2	杯子
31	actor_phone	set:hidden.json image:phone	phone.actor	1	actor_phone	10	座式电话
32	actor_sock_01	set:hidden.json image:sock_01	sock01.actor	1	actor_sock_01	5	白袜子
33	actor_sock_03	set:hidden.json image:sock_03	sock02.actor	1	actor_sock_03	6	灰袜子
34	actor_sock_02	set:hidden.json image:sock_02	sock03.actor	1	actor_sock_02	6	绿袜子
35	actor_tree	set:hidden.json image:tree	tree02.actor	1	actor_tree	9	圣诞树
36	actor_cup01	set:hidden.json image:cup01	cup01.actor	1	actor_cup01	3	木杯子
