ID	道具类型（1：道具；2：药水Buff；3：自定义道具）	死亡复活是否重复作用	道具ID	道具meta	道具数量	道具附魔属性（ID1=LV1#ID2=LV2）	药水Buff（ID1=LV1=Time1#ID2=LV2=Time1）	辅助列
id	type	isRepeat	itemId	itemMeta	itemNum	enchants	effects	
Advertisement_g1050_1	3	1	1	0	1	#	#	actor_box_half_open打开的箱子Opened box
Advertisement_g1025_2	3	1	2	0	1	#	#	actor_box_close半开的箱子Half opened box
Advertisement_g1050_3	3	1	3	0	1	#	#	actor_box_open箱子Box
Advertisement_g1025_4	3	1	4	0	1	#	#	actor_stick圣诞棍Stick
Advertisement_g1025_5	3	1	5	0	1	#	#	actor_stick圣诞棍Stick
Advertisement_g1025_6	3	1	6	0	1	#	#	actor_desk工作台Worktable
Advertisement_g1025_7	3	1	7	0	1	#	#	actor_table床头柜Bedside Table
Advertisement_g1025_8	3	1	8	0	1	#	#	actor_gift圣诞礼物Christmas Gifts
Advertisement_g1025_9	3	1	9	0	1	#	#	actor_sack礼物袋Gift Bag
Advertisement_g1025_10	3	1	10	0	1	#	#	actor_sofa沙发Sofa
Advertisement_g1025_11	3	1	11	0	1	#	#	actor_tv电视TV
Advertisement_g1025_12	3	1	12	0	1	#	#	actor_ad_lamp_case01广告牌Billboard
Advertisement_g1025_13	3	1	13	0	1	#	#	actor_barrel01木桶Wooden Bucket
Advertisement_g1025_14	3	1	14	0	1	#	#	actor_bonfire01火堆Fire
Advertisement_g1025_15	3	1	15	0	1	#	#	actor_carton01小箱子Small Box
Advertisement_g1025_16	3	1	16	0	1	#	#	actor_cask02酒桶Wine Bucket
Advertisement_g1025_17	3	1	17	0	1	#	#	actor_coin_machine01黄色贩卖机Yellow Vending Machine
Advertisement_g1025_18	3	1	18	0	1	#	#	actor_coin_machine02蓝色贩卖机Blue Vending Machine
Advertisement_g1025_19	3	1	19	0	1	#	#	actor_dustbin01垃圾箱Dustbin
Advertisement_g1025_20	3	1	20	0	1	#	#	actor_kennel01狗屋Doghouse
Advertisement_g1025_21	3	1	21	0	1	#	#	actor_metal_trash_can01_01垃圾桶关Opened Dustbin
Advertisement_g1025_22	3	1	22	0	1	#	#	actor_metal_trash_can01_02垃圾桶半开Half opened Dustbin
Advertisement_g1025_23	3	1	23	0	1	#	#	actor_metal_trash_can01_03垃圾桶开Closed Dustbin
Advertisement_g1025_24	3	1	24	0	1	#	#	actor_snowmanbattle_blue蓝色雪人Blue Snowman
Advertisement_g1025_25	3	1	25	0	1	#	#	actor_snowmanbattle_red红色雪人Red Snowman
Advertisement_g1025_26	3	1	26	0	1	#	#	actor_streetlight01路边街灯Street Light
Advertisement_g1025_27	3	1	27	0	1	#	#	actor_tree01大树Tree
Advertisement_g1025_28	3	1	28	0	1	#	#	actor_coke可乐Cola
Advertisement_g1025_29	3	1	29	0	1	#	#	actor_pc手提电脑Laptop
Advertisement_g1025_30	3	1	30	0	1	#	#	actor_cup杯子Cup
Advertisement_g1025_31	3	1	31	0	1	#	#	actor_phone座式电话Desk Phone
Advertisement_g1025_32	3	1	32	0	1	#	#	actor_sock_01白袜子White Socks
Advertisement_g1025_33	3	1	33	0	1	#	#	actor_sock_03灰袜子Gray Socks
Advertisement_g1025_34	3	1	34	0	1	#	#	actor_sock_02绿袜子Green Socks
Advertisement_g1025_35	3	1	35	0	1	#	#	actor_tree圣诞树Christmas Tree
Advertisement_g1025_36	3	1	36	0	1	#	#	actor_cup01木杯子Wooden Cup