Id	name	场景类型(1:特效2:图片3:模型)	展示分区类型(1:全部2:仅S服3:仅G服)	坐标	缩放	偏航	俯仰	翻滚	出现时间	消失时间	按需加载	mesh名	全局渲染	Unnamed: 9
Id	name	type	showType	pos	scale	yaw	pitch	roll	createTime	destroyTime	onDemandLoading	meshName	isGlobalRender	
1	#	0	1	416.5,51,57.5	0.25	270	0	0	#	#	TRUE	g1008_wsj_cj_model_cannon01.mesh	FALSE	沙漠大炮
2	#	0	1	500.5,51,59.5	0.25	90	0	0	#	#	TRUE	g1008_wsj_cj_model_cannon01.mesh	FALSE	沙漠大炮
3	#	0	1	500.5,51,26.5	0.25	52	0	0	#	#	TRUE	g1008_wsj_cj_model_cannon01.mesh	FALSE	沙漠大炮
4	#	0	1	490.5,51,100.5	0.25	142	0	0	#	#	TRUE	g1008_wsj_cj_model_cannon01.mesh	FALSE	沙漠大炮
5	#	0	1	416.5,51,90.5	0.25	237	0	0	#	#	TRUE	g1008_wsj_cj_model_cannon01.mesh	FALSE	沙漠大炮
6	#	0	1	426.5,51,16.5	0.25	315	0	0	#	#	TRUE	g1008_wsj_cj_model_cannon01.mesh	FALSE	沙漠大炮
7	#	0	1	451.5,52,9.5	0.25	0	0	0	#	#	TRUE	g1008_wsj_cj_model_cannon01.mesh	FALSE	沙漠大炮
8	#	0	1	462.5,52,7.5	0.25	0	0	0	#	#	TRUE	g1008_wsj_cj_model_cannon01.mesh	FALSE	沙漠大炮
9	#	0	1	465.5,52,107.5	0.25	180	0	0	#	#	TRUE	g1008_wsj_cj_model_cannon01.mesh	FALSE	沙漠大炮
10	#	0	1	454.5,52,109.5	0.25	180	0	0	#	#	TRUE	g1008_wsj_cj_model_cannon01.mesh	FALSE	沙漠大炮
11	#	0	1	5145.5,80,86.5	0.25	90	0	0	#	#	TRUE	g1008_wsj_cj_model_cannon01.mesh	FALSE	儿童节大炮
12	#	0	1	5086.5,80,27.5	0.25	0	0	0	#	#	TRUE	g1008_wsj_cj_model_cannon01.mesh	FALSE	儿童节大炮
13	#	0	1	5027.5,80,86.5	0.25	270	0	0	#	#	TRUE	g1008_wsj_cj_model_cannon01.mesh	FALSE	儿童节大炮
14	#	0	1	5086.5,80,145.5	0.25	180	0	0	#	#	TRUE	g1008_wsj_cj_model_cannon01.mesh	FALSE	儿童节大炮
15	#	0	1	5123.5,81,123.5	0.25	135	0	0	#	#	TRUE	g1008_wsj_cj_model_cannon01.mesh	FALSE	儿童节大炮
16	#	0	1	5049.5,81,49.5	0.25	315	0	0	#	#	TRUE	g1008_wsj_cj_model_cannon01.mesh	FALSE	儿童节大炮
17	#	0	1	5127.5,79,59.5	0.25	45	0	0	#	#	TRUE	g1008_wsj_cj_model_cannon01.mesh	FALSE	儿童节大炮
18	#	0	1	5113.5,79,45.5	0.25	45	0	0	#	#	TRUE	g1008_wsj_cj_model_cannon01.mesh	FALSE	儿童节大炮
19	#	0	1	5045.5,79,113.5	0.25	225	0	0	#	#	TRUE	g1008_wsj_cj_model_cannon01.mesh	FALSE	儿童节大炮
20	#	0	1	7312.5,80,84.5	0.25	135	0	0	#	#	TRUE	g1008_wsj_cj_model_cannon01.mesh	FALSE	儿童节大炮
21	#	0	1	5059.5,79,127.5	0.25	225	0	0	#	#	TRUE	g1008_wsj_cj_model_cannon01.mesh	FALSE	儿童节大炮
22	#	0	1	7312.5,80,29.5	0.25	45	0	0	#	#	TRUE	g1008_wsj_cj_model_cannon01.mesh	FALSE	现代大炮
23	#	0	1	7226.5,80,30.5	0.25	315	0	0	#	#	TRUE	g1008_wsj_cj_model_cannon01.mesh	FALSE	现代大炮
24	#	0	1	7226.5,80,85.5	0.25	225	0	0	#	#	TRUE	g1008_wsj_cj_model_cannon01.mesh	FALSE	现代大炮
25	#	0	1	7229.5,80,51.5	0.25	270	0	0	#	#	TRUE	g1008_wsj_cj_model_cannon01.mesh	FALSE	现代大炮
26	#	0	1	7229.5,80,65.5	0.25	270	0	0	#	#	TRUE	g1008_wsj_cj_model_cannon01.mesh	FALSE	现代大炮
27	#	0	1	7309.5,80,63.5	0.25	90	0	0	#	#	TRUE	g1008_wsj_cj_model_cannon01.mesh	FALSE	现代大炮
28	#	0	1	7309.5,80,49.5	0.25	90	0	0	#	#	TRUE	g1008_wsj_cj_model_cannon01.mesh	FALSE	现代大炮
