Id	排序	类型	名称	类型图标	皮肤	图标	技能组(jobSkill #分开)	附加血量	附加防御	附加攻击	附加速度 （默认值500填与默认为准  显示转换500==1）	死亡掉落物(#分割)
id	sortId	type	name	tag	skin	icon	skills	hp	def	atk	speed	dropItems
1	1	0	job.name_none	set:bedwar_tribe_mode.json image:icon_none	#	set:bedwar_tribe_mode.json image:1	#	25	25	0	0	#
2	2	1	job.name_hunter	set:bedwar_tribe_mode.json image:icon_werewolf_archer	5001#5002#5003#5004	set:bedwar_tribe_mode.json image:2	100401#100402#100403#100404	20	30	0	0	#
3	3	2	job.name_berserker	set:bedwar_tribe_mode.json image:icon_mad_warrior	5009#5010#5011#5012	set:bedwar_tribe_mode.json image:5	100101#100102#100103#100104	24	5	0	0	#
4	4	3	job.name_firemerge	set:bedwar_tribe_mode.json image:icon_flameman	5013#5014#5015#5016	set:bedwar_tribe_mode.json image:3	100201#100202#100203#100204	18	20	1	0	#
5	5	4	job.name_shotter	set:bedwar_tribe_mode.json image:icon_skeleton_archer	5005#5006#5007#5008	set:bedwar_tribe_mode.json image:4	100301#100302#100303#100304	12	15	2	0	#
