技能id	排序	类型 (1主动 2被动)	图标	多语言描述	冷却时间	触发事件1	事件参数1	触发事件2	事件参数2	触发事件3	事件参数3	装配时buff
id	sortId	type	icon	lang	cdTime	triggerEvent1	triggerParams1	triggerEvent2	triggerParams2	triggerEvent3	triggerParams3	buffId
100101	1	1	set:bedwar_tribe_mode.json image:skill1005_1	jobskill_100101	5	Active	100	#	#	#	#	100101
100102	2	2	set:bedwar_tribe_mode.json image:skill1005_2	jobskill_100102	0	Equip	#	#	#	#	#	100102
100103	3	2	set:bedwar_tribe_mode.json image:skill1005_3	jobskill_100103	60	Dead	100	#	#	#	#	100103
100104	4	2	set:bedwar_tribe_mode.json image:skill1005_4	jobskill_100104	30	UseFood	557	#	#	#	#	100104
100201	1	1	set:bedwar_tribe_mode.json image:skill1003_1	jobskill_100201	6	Active	100	#	#	#	#	100201
100202	2	2	set:bedwar_tribe_mode.json image:skill1003_2	jobskill_100202	0	Attack	30	#	#	#	#	100202
100203	3	2	set:bedwar_tribe_mode.json image:skill1003_3	jobskill_100203	0	AddTargetBuff	10	#	#	#	#	100203
100204	4	2	set:bedwar_tribe_mode.json image:skill1003_4	jobskill_100204	20	UseFood	558	#	#	#	#	100204
100301	1	1	set:bedwar_tribe_mode.json image:skill1002_1	jobskill_100301	12	Active	100	#	#	#	#	100301
100302	2	2	set:bedwar_tribe_mode.json image:skill1002_2	jobskill_100302	0	Attack	50#arrow	#	#	#	#	100302
100303	3	2	set:bedwar_tribe_mode.json image:skill1002_3	jobskill_100303	10	Attack	20#arrow	#	#	#	#	100303
100304	4	2	set:bedwar_tribe_mode.json image:skill1002_4	jobskill_100304	0	ItemChange	559	#	#	#	#	100304
100401	1	1	set:bedwar_tribe_mode.json image:skill1001_1	jobskill_100401	7	Active	100	#	#	#	#	100401
100402	2	2	set:bedwar_tribe_mode.json image:skill1001_2	jobskill_100402	30	Hurt	15	#	#	#	#	100402
100403	3	2	set:bedwar_tribe_mode.json image:skill1001_3	jobskill_100403	0	Attack	12	#	#	#	#	100403
100404	4	2	set:bedwar_tribe_mode.json image:skill1001_4	jobskill_100404	30	UseFood	508	#	#	#	#	100404
