Id	ItemId	TabType	OldItemId	Name	Image	LockImage	Actor	BodyId	ModelActorBody	ModelActorBodyId	ChipImg	Icon	PriceType	Price	LockTip	Describe	HasGet	SortWeight	UnlockLevel	备注	备注.1	备注.2
装扮ID	装扮ItemId	装扮类型	物品ItemId	装扮名称	装扮图片	装扮黑图	装扮模型	BodyId	人物装扮组件	人物装扮组件BodyId	装扮碎片图片	装扮类型图标	价格类型	价格	未解锁提示语	描述	默认拥有	排序权重	解锁等级	装扮名称	未解锁提示	描述
Id	ItemId	TabType	OldItemId	Name	Image	LockImage	Actor	BodyId	ModelActorBody	ModelActorBodyId	ChipImg	Icon	PriceType	Price	LockTip	Describe	HasGet	SortWeight	UnlockLevel			
2077	2077	1	268	DressSetting_name_2077	set:dress_shop.json image:g1008_sword_01_b	set:dress_shop.json image:g1008_sword_01_b_lock	g1008_skin.actor	g1008_sword_01	gun	g1008_sword_01.mesh	set:dress_shop.json image:g1008_sword_01_b_chip	set:dress_shop.json image:sword_groove	4	30	DressSetting_unlock	DressSetting_des_2077	0	9899	1	勇士木剑	未解锁	木剑
2078	2078	1	268	DressSetting_name_2078	set:dress_shop.json image:g1008_sword_02_b	set:dress_shop.json image:g1008_sword_02_b_lock	g1008_skin.actor	g1008_sword_02	gun	g1008_sword_02.mesh	set:dress_shop.json image:g1008_sword_02_b_chip	set:dress_shop.json image:sword_groove	4	30	DressSetting_unlock	DressSetting_des_2078	0	9898	1	流浪者之剑	未解锁	木剑
2079	2079	1	268	DressSetting_name_2079	set:dress_shop.json image:g1008_sword_03_b	set:dress_shop.json image:g1008_sword_03_b_lock	g1008_skin.actor	g1008_sword_03	gun	g1008_sword_03.mesh	set:dress_shop.json image:g1008_sword_03_b_chip	set:dress_shop.json image:sword_groove	4	30	DressSetting_unlock	DressSetting_des_2079	0	9897	1	毒刺木剑	未解锁	木剑
2080	2080	1	267	DressSetting_name_2080	set:dress_shop.json image:g1008_sword_04_b	set:dress_shop.json image:g1008_sword_04_b_lock	g1008_skin.actor	g1008_sword_04	gun	g1008_sword_04.mesh	set:dress_shop.json image:g1008_sword_04_b_chip	set:dress_shop.json image:sword_groove	4	50	DressSetting_unlock	DressSetting_des_2080	0	9896	1	巨刃	未解锁	铁剑
2081	2081	1	267	DressSetting_name_2081	set:dress_shop.json image:g1008_sword_05_b	set:dress_shop.json image:g1008_sword_05_b_lock	g1008_skin.actor	g1008_sword_05	gun	g1008_sword_05.mesh	set:dress_shop.json image:g1008_sword_05_b_chip	set:dress_shop.json image:sword_groove	4	50	DressSetting_unlock	DressSetting_des_2081	0	9895	1	锯齿	未解锁	铁剑
2082	2082	1	267	DressSetting_name_2082	set:dress_shop.json image:g1008_sword_06_b	set:dress_shop.json image:g1008_sword_06_b_lock	g1008_skin.actor	g1008_sword_06	gun	g1008_sword_06.mesh	set:dress_shop.json image:g1008_sword_06_b_chip	set:dress_shop.json image:sword_groove	4	50	DressSetting_unlock	DressSetting_des_2082	0	9894	1	斩首刀	未解锁	铁剑
2083	2083	1	283	DressSetting_name_2083	set:dress_shop.json image:g1008_sword_07_b	set:dress_shop.json image:g1008_sword_07_b_lock	g1008_skin.actor	g1008_sword_07	gun	g1008_sword_07.mesh	set:dress_shop.json image:g1008_sword_07_b_chip	set:dress_shop.json image:sword_groove	4	80	DressSetting_unlock	DressSetting_des_2083	0	9893	1	金色荣耀	未解锁	黄金剑
2084	2084	1	283	DressSetting_name_2084	set:dress_shop.json image:g1008_sword_08_b	set:dress_shop.json image:g1008_sword_08_b_lock	g1008_skin.actor	g1008_sword_08	gun	g1008_sword_08.mesh	set:dress_shop.json image:g1008_sword_08_b_chip	set:dress_shop.json image:sword_groove	4	80	DressSetting_unlock	DressSetting_des_2084	0	9892	1	黄金斩首刀	未解锁	黄金剑
2085	2085	1	283	DressSetting_name_2085	set:dress_shop.json image:g1008_sword_09_b	set:dress_shop.json image:g1008_sword_09_b_lock	g1008_skin.actor	g1008_sword_09	gun	g1008_sword_09.mesh	set:dress_shop.json image:g1008_sword_09_b_chip	set:dress_shop.json image:sword_groove	4	80	DressSetting_unlock	DressSetting_des_2085	0	9891	1	誓约胜利之剑	未解锁	黄金剑
2086	2086	1	276	DressSetting_name_2086	set:dress_shop.json image:g1008_sword_10_b	set:dress_shop.json image:g1008_sword_10_b_lock	g1008_skin.actor	g1008_sword_10	gun	g1008_sword_10.mesh	set:dress_shop.json image:g1008_sword_10_b_chip	set:dress_shop.json image:sword_groove	4	100	DressSetting_unlock	DressSetting_des_2086	0	9890	1	圣骑士枪	未解锁	钻石剑
2087	2087	1	276	DressSetting_name_2087	set:dress_shop.json image:g1008_sword_11_b	set:dress_shop.json image:g1008_sword_11_b_lock	g1008_skin.actor	g1008_sword_11	gun	g1008_sword_11.mesh	set:dress_shop.json image:g1008_sword_11_b_chip	set:dress_shop.json image:sword_groove	4	100	DressSetting_unlock	DressSetting_des_2087	0	9889	1	璀璨水晶	未解锁	钻石剑
2088	2088	1	276	DressSetting_name_2088	set:dress_shop.json image:g1008_sword_12_b	set:dress_shop.json image:g1008_sword_12_b_lock	g1008_skin.actor	g1008_sword_12	gun	g1008_sword_12.mesh	set:dress_shop.json image:g1008_sword_12_b_chip	set:dress_shop.json image:sword_groove	4	100	DressSetting_unlock	DressSetting_des_2088	0	9888	1	钻石星辰剑	未解锁	钻石剑
2089	2089	1	268	DressSetting_name_2089	set:dress_shop.json image:g1008_sword_13_b	set:dress_shop.json image:g1008_sword_13_b_lock	g1008_skin.actor	g1008_sword_13	gun	g1008_sword_13.mesh	set:dress_shop.json image:g1008_sword_13_b_chip	set:dress_shop.json image:sword_groove	4	80	DressSetting_unlock	DressSetting_des_2089	0	9487	5	红缎带木剑	未解锁	木剑
2090	2090	1	268	DressSetting_name_2090	set:dress_shop.json image:g1008_sword_14_b	set:dress_shop.json image:g1008_sword_14_b_lock	g1008_skin.actor	g1008_sword_14	gun	g1008_sword_14.mesh	set:dress_shop.json image:g1008_sword_14_b_chip	set:dress_shop.json image:sword_groove	4	100	DressSetting_unlock	DressSetting_des_2090	0	9286	7	鲨鱼之刃	未解锁	木剑
2091	2091	1	268	DressSetting_name_2091	set:dress_shop.json image:g1008_sword_15_b	set:dress_shop.json image:g1008_sword_15_b_lock	g1008_skin.actor	g1008_sword_15	gun	g1008_sword_15.mesh	set:dress_shop.json image:g1008_sword_15_b_chip	set:dress_shop.json image:sword_groove	4	120	DressSetting_unlock	DressSetting_des_2091	0	9085	9	刺客木刃	未解锁	木剑
2092	2092	1	267	DressSetting_name_2092	set:dress_shop.json image:g1008_sword_16_b	set:dress_shop.json image:g1008_sword_16_b_lock	g1008_skin.actor	g1008_sword_16	gun	g1008_sword_16.mesh	set:dress_shop.json image:g1008_sword_16_b_chip	set:dress_shop.json image:sword_groove	4	80	DressSetting_unlock	DressSetting_des_2092	0	9684	3	合金大剑	未解锁	铁剑
2093	2093	1	267	DressSetting_name_2093	set:dress_shop.json image:g1008_sword_17_b	set:dress_shop.json image:g1008_sword_17_b_lock	g1008_skin.actor	g1008_sword_17	gun	g1008_sword_17.mesh	set:dress_shop.json image:g1008_sword_17_b_chip	set:dress_shop.json image:sword_groove	4	100	DressSetting_unlock	DressSetting_des_2093	0	9483	5	幽灵剑	未解锁	铁剑
2094	2094	1	267	DressSetting_name_2094	set:dress_shop.json image:g1008_sword_18_b	set:dress_shop.json image:g1008_sword_18_b_lock	g1008_skin.actor	g1008_sword_18	gun	g1008_sword_18.mesh	set:dress_shop.json image:g1008_sword_18_b_chip	set:dress_shop.json image:sword_groove	4	120	DressSetting_unlock	DressSetting_des_2094	0	9282	7	蔚蓝陨石剑	未解锁	铁剑
2095	2095	1	283	DressSetting_name_2095	set:dress_shop.json image:g1008_sword_19_b	set:dress_shop.json image:g1008_sword_19_b_lock	g1008_skin.actor	g1008_sword_19	gun	g1008_sword_19.mesh	set:dress_shop.json image:g1008_sword_19_b_chip	set:dress_shop.json image:sword_groove	4	80	DressSetting_unlock	DressSetting_des_2095	0	9281	7	沙皇弯刀	未解锁	黄金剑
2096	2096	1	283	DressSetting_name_2096	set:dress_shop.json image:g1008_sword_20_b	set:dress_shop.json image:g1008_sword_20_b_lock	g1008_skin.actor	g1008_sword_20	gun	g1008_sword_20.mesh	set:dress_shop.json image:g1008_sword_20_b_chip	set:dress_shop.json image:sword_groove	4	100	DressSetting_unlock	DressSetting_des_2096	0	9080	9	充能战刃	未解锁	黄金剑
2076	2076	1	283	DressSetting_name_2076	set:dress_shop.json image:g1008_sword_21_b	set:dress_shop.json image:g1008_sword_21_b_lock	g1008_skin.actor	g1008_sword_21	gun	g1008_sword_21.mesh	set:dress_shop.json image:g1008_sword_21_b_chip	set:dress_shop.json image:sword_groove	4	120	DressSetting_unlock	DressSetting_des_2076	0	8879	11	流氓皇帝	未解锁	黄金剑
2097	2097	3	271	DressSetting_name_2097	set:dress_shop.json image:g1008_axe_01_b	set:dress_shop.json image:g1008_axe_01_b_lock	g1008_skin.actor	g1008_axe_01	gun	g1008_axe_01.mesh	set:dress_shop.json image:g1008_axe_01_b_chip	set:dress_shop.json image:axe_groove	4	60	DressSetting_unlock	DressSetting_des_2097	0	9878	1	流浪者之斧	未解锁	木斧
2098	2098	3	271	DressSetting_name_2098	set:dress_shop.json image:g1008_axe_02_b	set:dress_shop.json image:g1008_axe_02_b_lock	g1008_skin.actor	g1008_axe_02	gun	g1008_axe_02.mesh	set:dress_shop.json image:g1008_axe_02_b_chip	set:dress_shop.json image:axe_groove	4	70	DressSetting_unlock	DressSetting_des_2098	0	9877	1	角斗者之斧	未解锁	木斧
2099	2099	3	271	DressSetting_name_2099	set:dress_shop.json image:g1008_axe_03_b	set:dress_shop.json image:g1008_axe_03_b_lock	g1008_skin.actor	g1008_axe_03	gun	g1008_axe_03.mesh	set:dress_shop.json image:g1008_axe_03_b_chip	set:dress_shop.json image:axe_groove	4	80	DressSetting_unlock	DressSetting_des_2099	0	9876	1	双刃斧	未解锁	木斧
2100	2100	3	258	DressSetting_name_2100	set:dress_shop.json image:g1008_axe_04_b	set:dress_shop.json image:g1008_axe_04_b_lock	g1008_skin.actor	g1008_axe_04	gun	g1008_axe_04.mesh	set:dress_shop.json image:g1008_axe_04_b_chip	set:dress_shop.json image:axe_groove	4	60	DressSetting_unlock	DressSetting_des_2100	0	9875	1	铁碎牙	未解锁	铁斧
2101	2101	3	258	DressSetting_name_2101	set:dress_shop.json image:g1008_axe_05_b	set:dress_shop.json image:g1008_axe_05_b_lock	g1008_skin.actor	g1008_axe_05	gun	g1008_axe_05.mesh	set:dress_shop.json image:g1008_axe_05_b_chip	set:dress_shop.json image:axe_groove	4	70	DressSetting_unlock	DressSetting_des_2101	0	9874	1	碎颅者	未解锁	铁斧
2102	2102	3	258	DressSetting_name_2102	set:dress_shop.json image:g1008_axe_06_b	set:dress_shop.json image:g1008_axe_06_b_lock	g1008_skin.actor	g1008_axe_06	gun	g1008_axe_06.mesh	set:dress_shop.json image:g1008_axe_06_b_chip	set:dress_shop.json image:axe_groove	4	100	DressSetting_unlock	DressSetting_des_2102	0	9673	3	豪杰大斧	未解锁	铁斧
2103	2103	3	279	DressSetting_name_2103	set:dress_shop.json image:g1008_axe_07_b	set:dress_shop.json image:g1008_axe_07_b_lock	g1008_skin.actor	g1008_axe_07	gun	g1008_axe_07.mesh	set:dress_shop.json image:g1008_axe_07_b_chip	set:dress_shop.json image:axe_groove	4	80	DressSetting_unlock	DressSetting_des_2103	0	9672	3	女武神之斧	未解锁	钻石斧
2104	2104	3	279	DressSetting_name_2104	set:dress_shop.json image:g1008_axe_08_b	set:dress_shop.json image:g1008_axe_08_b_lock	g1008_skin.actor	g1008_axe_08	gun	g1008_axe_08.mesh	set:dress_shop.json image:g1008_axe_08_b_chip	set:dress_shop.json image:axe_groove	4	100	DressSetting_unlock	DressSetting_des_2104	0	9471	5	巨灵	未解锁	钻石斧
2105	2105	3	279	DressSetting_name_2105	set:dress_shop.json image:g1008_axe_09_b	set:dress_shop.json image:g1008_axe_09_b_lock	g1008_skin.actor	g1008_axe_09	gun	g1008_axe_09.mesh	set:dress_shop.json image:g1008_axe_09_b_chip	set:dress_shop.json image:axe_groove	4	120	DressSetting_unlock	DressSetting_des_2105	0	8870	11	诸神黄昏	未解锁	钻石斧
2106	2106	3	286	DressSetting_name_2106	set:dress_shop.json image:g1008_axe_10_b	set:dress_shop.json image:g1008_axe_10_b_lock	g1008_skin.actor	g1008_axe_10	gun	g1008_axe_10.mesh	set:dress_shop.json image:g1008_axe_10_b_chip	set:dress_shop.json image:axe_groove	4	120	DressSetting_unlock	DressSetting_des_2106	0	9469	5	黄金大赏	未解锁	黄金斧
2107	2107	3	286	DressSetting_name_2107	set:dress_shop.json image:g1008_axe_11_b	set:dress_shop.json image:g1008_axe_11_b_lock	g1008_skin.actor	g1008_axe_11	gun	g1008_axe_11.mesh	set:dress_shop.json image:g1008_axe_11_b_chip	set:dress_shop.json image:axe_groove	4	60	DressSetting_unlock	DressSetting_des_2107	0	9868	1	国王之斧	未解锁	黄金斧
2108	2108	3	286	DressSetting_name_2108	set:dress_shop.json image:g1008_axe_12_b	set:dress_shop.json image:g1008_axe_12_b_lock	g1008_skin.actor	g1008_axe_12	gun	g1008_axe_12.mesh	set:dress_shop.json image:g1008_axe_12_b_chip	set:dress_shop.json image:axe_groove	4	80	DressSetting_unlock	DressSetting_des_2108	0	9667	3	荣耀战斧	未解锁	黄金斧
2109	2109	3	258	DressSetting_name_2109	set:dress_shop.json image:g1008_axe_16_b	set:dress_shop.json image:g1008_axe_16_b_lock	g1008_skin.actor	g1008_axe_16	gun	g1008_axe_16.mesh	set:dress_shop.json image:g1008_axe_16_b_chip	set:dress_shop.json image:axe_groove	4	100	DressSetting_unlock	DressSetting_des_2109	0	9666	3	贵族铁斧	未解锁	铁斧
2110	2110	3	258	DressSetting_name_2110	set:dress_shop.json image:g1008_axe_17_b	set:dress_shop.json image:g1008_axe_17_b_lock	g1008_skin.actor	g1008_axe_17	gun	g1008_axe_17.mesh	set:dress_shop.json image:g1008_axe_17_b_chip	set:dress_shop.json image:axe_groove	4	120	DressSetting_unlock	DressSetting_des_2110	0	9465	5	权杖	未解锁	铁斧
2111	2111	3	258	DressSetting_name_2111	set:dress_shop.json image:g1008_axe_18_b	set:dress_shop.json image:g1008_axe_18_b_lock	g1008_skin.actor	g1008_axe_18	gun	g1008_axe_18.mesh	set:dress_shop.json image:g1008_axe_18_b_chip	set:dress_shop.json image:axe_groove	4	150	DressSetting_unlock	DressSetting_des_2111	0	9264	7	小恶魔之斧	未解锁	铁斧
2112	2112	3	279	DressSetting_name_2112	set:dress_shop.json image:g1008_axe_19_b	set:dress_shop.json image:g1008_axe_19_b_lock	g1008_skin.actor	g1008_axe_19	gun	g1008_axe_19.mesh	set:dress_shop.json image:g1008_axe_19_b_chip	set:dress_shop.json image:axe_groove	4	150	DressSetting_unlock	DressSetting_des_2112	0	9063	9	圣洁大斧	未解锁	钻石斧
2113	2113	3	279	DressSetting_name_2113	set:dress_shop.json image:g1008_axe_20_b	set:dress_shop.json image:g1008_axe_20_b_lock	g1008_skin.actor	g1008_axe_20	gun	g1008_axe_20.mesh	set:dress_shop.json image:g1008_axe_20_b_chip	set:dress_shop.json image:axe_groove	4	200	DressSetting_unlock	DressSetting_des_2113	0	8862	11	神圣独角兽	未解锁	钻石斧
2117	2117	4	270	DressSetting_name_2117	set:dress_shop.json image:g1008_pickaxe_01_b	set:dress_shop.json image:g1008_pickaxe_01_b_lock	g1008_skin.actor	g1008_pickaxe_01	gun	g1008_pickaxe_01.mesh	set:dress_shop.json image:g1008_pickaxe_01_b_chip	set:dress_shop.json image:pickaxe_groove	4	30	DressSetting_unlock	DressSetting_des_2117	0	9861	1	鹤嘴锄	未解锁	木镐
2118	2118	4	270	DressSetting_name_2118	set:dress_shop.json image:g1008_pickaxe_02_b	set:dress_shop.json image:g1008_pickaxe_02_b_lock	g1008_skin.actor	g1008_pickaxe_02	gun	g1008_pickaxe_02.mesh	set:dress_shop.json image:g1008_pickaxe_02_b_chip	set:dress_shop.json image:pickaxe_groove	4	40	DressSetting_unlock	DressSetting_des_2118	0	9860	1	铁柄锄	未解锁	木镐
2119	2119	4	270	DressSetting_name_2119	set:dress_shop.json image:g1008_pickaxe_03_b	set:dress_shop.json image:g1008_pickaxe_03_b_lock	g1008_skin.actor	g1008_pickaxe_03	gun	g1008_pickaxe_03.mesh	set:dress_shop.json image:g1008_pickaxe_03_b_chip	set:dress_shop.json image:pickaxe_groove	4	40	DressSetting_unlock	DressSetting_des_2119	0	9859	1	流浪者之锄	未解锁	木镐
2120	2120	4	257	DressSetting_name_2120	set:dress_shop.json image:g1008_pickaxe_04_b	set:dress_shop.json image:g1008_pickaxe_04_b_lock	g1008_skin.actor	g1008_pickaxe_04	gun	g1008_pickaxe_04.mesh	set:dress_shop.json image:g1008_pickaxe_04_b_chip	set:dress_shop.json image:pickaxe_groove	4	50	DressSetting_unlock	DressSetting_des_2120	0	9858	1	部落铁镐	未解锁	铁镐
2121	2121	4	257	DressSetting_name_2121	set:dress_shop.json image:g1008_pickaxe_05_b	set:dress_shop.json image:g1008_pickaxe_05_b_lock	g1008_skin.actor	g1008_pickaxe_05	gun	g1008_pickaxe_05.mesh	set:dress_shop.json image:g1008_pickaxe_05_b_chip	set:dress_shop.json image:pickaxe_groove	4	50	DressSetting_unlock	DressSetting_des_2121	0	9857	1	铁钩	未解锁	铁镐
2122	2122	4	257	DressSetting_name_2122	set:dress_shop.json image:g1008_pickaxe_06_b	set:dress_shop.json image:g1008_pickaxe_06_b_lock	g1008_skin.actor	g1008_pickaxe_06	gun	g1008_pickaxe_06.mesh	set:dress_shop.json image:g1008_pickaxe_06_b_chip	set:dress_shop.json image:pickaxe_groove	4	60	DressSetting_unlock	DressSetting_des_2122	0	9856	1	噬铁	未解锁	铁镐
2123	2123	4	278	DressSetting_name_2123	set:dress_shop.json image:g1008_pickaxe_07_b	set:dress_shop.json image:g1008_pickaxe_07_b_lock	g1008_skin.actor	g1008_pickaxe_07	gun	g1008_pickaxe_07.mesh	set:dress_shop.json image:g1008_pickaxe_07_b_chip	set:dress_shop.json image:pickaxe_groove	4	70	DressSetting_unlock	DressSetting_des_2123	0	9855	1	圣痕	未解锁	钻石镐
2124	2124	4	278	DressSetting_name_2124	set:dress_shop.json image:g1008_pickaxe_08_b	set:dress_shop.json image:g1008_pickaxe_08_b_lock	g1008_skin.actor	g1008_pickaxe_08	gun	g1008_pickaxe_08.mesh	set:dress_shop.json image:g1008_pickaxe_08_b_chip	set:dress_shop.json image:pickaxe_groove	4	70	DressSetting_unlock	DressSetting_des_2124	0	9854	1	流光	未解锁	钻石镐
2125	2125	4	278	DressSetting_name_2125	set:dress_shop.json image:g1008_pickaxe_09_b	set:dress_shop.json image:g1008_pickaxe_09_b_lock	g1008_skin.actor	g1008_pickaxe_09	gun	g1008_pickaxe_09.mesh	set:dress_shop.json image:g1008_pickaxe_09_b_chip	set:dress_shop.json image:pickaxe_groove	4	70	DressSetting_unlock	DressSetting_des_2125	0	9653	3	逐月	未解锁	钻石镐
2126	2126	4	285	DressSetting_name_2126	set:dress_shop.json image:g1008_pickaxe_10_b	set:dress_shop.json image:g1008_pickaxe_10_b_lock	g1008_skin.actor	g1008_pickaxe_10	gun	g1008_pickaxe_10.mesh	set:dress_shop.json image:g1008_pickaxe_10_b_chip	set:dress_shop.json image:pickaxe_groove	4	60	DressSetting_unlock	DressSetting_des_2126	0	9852	1	黄金矿工	未解锁	黄金镐
2127	2127	4	285	DressSetting_name_2127	set:dress_shop.json image:g1008_pickaxe_11_b	set:dress_shop.json image:g1008_pickaxe_11_b_lock	g1008_skin.actor	g1008_pickaxe_11	gun	g1008_pickaxe_11.mesh	set:dress_shop.json image:g1008_pickaxe_11_b_chip	set:dress_shop.json image:pickaxe_groove	4	60	DressSetting_unlock	DressSetting_des_2127	0	9851	1	粉碎者	未解锁	黄金镐
2128	2128	4	285	DressSetting_name_2128	set:dress_shop.json image:g1008_pickaxe_12_b	set:dress_shop.json image:g1008_pickaxe_12_b_lock	g1008_skin.actor	g1008_pickaxe_12	gun	g1008_pickaxe_12.mesh	set:dress_shop.json image:g1008_pickaxe_12_b_chip	set:dress_shop.json image:pickaxe_groove	4	60	DressSetting_unlock	DressSetting_des_2128	0	9850	1	破坏者	未解锁	黄金镐
2129	2129	4	270	DressSetting_name_2129	set:dress_shop.json image:g1008_pickaxe_13_b	set:dress_shop.json image:g1008_pickaxe_13_b_lock	g1008_skin.actor	g1008_pickaxe_13	gun	g1008_pickaxe_13.mesh	set:dress_shop.json image:g1008_pickaxe_13_b_chip	set:dress_shop.json image:pickaxe_groove	4	60	DressSetting_unlock	DressSetting_des_2129	0	9649	3	啄木鸟	未解锁	木镐
2130	2130	4	270	DressSetting_name_2130	set:dress_shop.json image:g1008_pickaxe_14_b	set:dress_shop.json image:g1008_pickaxe_14_b_lock	g1008_skin.actor	g1008_pickaxe_14	gun	g1008_pickaxe_14.mesh	set:dress_shop.json image:g1008_pickaxe_14_b_chip	set:dress_shop.json image:pickaxe_groove	4	80	DressSetting_unlock	DressSetting_des_2130	0	9648	3	指路者	未解锁	木镐
2131	2131	4	270	DressSetting_name_2131	set:dress_shop.json image:g1008_pickaxe_15_b	set:dress_shop.json image:g1008_pickaxe_15_b_lock	g1008_skin.actor	g1008_pickaxe_15	gun	g1008_pickaxe_15.mesh	set:dress_shop.json image:g1008_pickaxe_15_b_chip	set:dress_shop.json image:pickaxe_groove	4	80	DressSetting_unlock	DressSetting_des_2131	0	9447	5	木锚	未解锁	木镐
2132	2132	4	257	DressSetting_name_2132	set:dress_shop.json image:g1008_pickaxe_16_b	set:dress_shop.json image:g1008_pickaxe_16_b_lock	g1008_skin.actor	g1008_pickaxe_16	gun	g1008_pickaxe_16.mesh	set:dress_shop.json image:g1008_pickaxe_16_b_chip	set:dress_shop.json image:pickaxe_groove	4	70	DressSetting_unlock	DressSetting_des_2132	0	9646	3	铁制啄木鸟	未解锁	铁镐
2133	2133	4	257	DressSetting_name_2133	set:dress_shop.json image:g1008_pickaxe_17_b	set:dress_shop.json image:g1008_pickaxe_17_b_lock	g1008_skin.actor	g1008_pickaxe_17	gun	g1008_pickaxe_17.mesh	set:dress_shop.json image:g1008_pickaxe_17_b_chip	set:dress_shop.json image:pickaxe_groove	4	90	DressSetting_unlock	DressSetting_des_2133	0	9445	5	绿嘴铁镐	未解锁	铁镐
2134	2134	4	257	DressSetting_name_2134	set:dress_shop.json image:g1008_pickaxe_18_b	set:dress_shop.json image:g1008_pickaxe_18_b_lock	g1008_skin.actor	g1008_pickaxe_18	gun	g1008_pickaxe_18.mesh	set:dress_shop.json image:g1008_pickaxe_18_b_chip	set:dress_shop.json image:pickaxe_groove	4	120	DressSetting_unlock	DressSetting_des_2134	0	9244	7	铁镰刀	未解锁	铁镐
2135	2135	4	278	DressSetting_name_2135	set:dress_shop.json image:g1008_pickaxe_19_b	set:dress_shop.json image:g1008_pickaxe_19_b_lock	g1008_skin.actor	g1008_pickaxe_19	gun	g1008_pickaxe_19.mesh	set:dress_shop.json image:g1008_pickaxe_19_b_chip	set:dress_shop.json image:pickaxe_groove	4	150	DressSetting_unlock	DressSetting_des_2135	0	9443	5	水晶组合剑	未解锁	钻石镐
2137	2137	2	261	DressSetting_name_2137	set:dress_shop.json image:g1008_bow_01_b	set:dress_shop.json image:g1008_bow_01_b_lock	g1008_skin.actor	g1008_bow_01	gun	g1008_bow_01.mesh	set:dress_shop.json image:g1008_bow_01_b_chip	set:dress_shop.json image:bow_groove	4	80	DressSetting_unlock	DressSetting_des_2137	0	9842	1	黄金战弓	未解锁	初级弓
2138	2138	2	261	DressSetting_name_2138	set:dress_shop.json image:g1008_bow_02_b	set:dress_shop.json image:g1008_bow_02_b_lock	g1008_skin.actor	g1008_bow_02	gun	g1008_bow_02.mesh	set:dress_shop.json image:g1008_bow_02_b_chip	set:dress_shop.json image:bow_groove	4	120	DressSetting_unlock	DressSetting_des_2138	0	9641	3	钻石圣弓	未解锁	中级弓
2139	2139	2	261	DressSetting_name_2139	set:dress_shop.json image:g1008_bow_03_b	set:dress_shop.json image:g1008_bow_03_b_lock	g1008_skin.actor	g1008_bow_03	gun	g1008_bow_03.mesh	set:dress_shop.json image:g1008_bow_03_b_chip	set:dress_shop.json image:bow_groove	4	150	DressSetting_unlock	DressSetting_des_2139	0	9440	5	地狱烈焰弓	未解锁	高级弓
2265	2265	5	298	DressSetting_name_2265	set:dress_shop.json image:g1008_helmet_1_rainbow_b	set:dress_shop.json image:g1008_helmet_1_rainbow_b_lock	g1008_skin.actor	g1008_helmet_1_rainbow	armor_head	g1008_helmet_1_rainbow.mesh	set:dress_shop.json image:g1008_helmet_1_rainbow_b_chip	set:dress_shop.json image:helmet_groove	4	50	DressSetting_unlock	DressSetting_des_2265	0	9839	1	七彩铁盔	未解锁	头盔
2266	2266	5	298	DressSetting_name_2266	set:dress_shop.json image:g1008_helmet_2_rainbow_b	set:dress_shop.json image:g1008_helmet_2_rainbow_b_lock	g1008_skin.actor	g1008_helmet_2_rainbow	armor_head	g1008_helmet_2_rainbow.mesh	set:dress_shop.json image:g1008_helmet_2_rainbow_b_chip	set:dress_shop.json image:helmet_groove	4	80	DressSetting_unlock	DressSetting_des_2266	0	9838	1	彩虹兽	未解锁	头盔
2271	2271	5	298	DressSetting_name_2271	set:dress_shop.json image:g1008_helmet_3_rainbow_b	set:dress_shop.json image:g1008_helmet_3_rainbow_b_lock	g1008_skin.actor	g1008_helmet_3_rainbow	armor_head	g1008_helmet_3_rainbow.mesh	set:dress_shop.json image:g1008_helmet_3_rainbow_b_chip	set:dress_shop.json image:helmet_groove	4	80	DressSetting_unlock	DressSetting_des_2271	0	9637	3	机器战士	未解锁	头盔
2276	2276	5	298	DressSetting_name_2276	set:dress_shop.json image:g1008_helmet_5_rainbow_b	set:dress_shop.json image:g1008_helmet_5_rainbow_b_lock	g1008_skin.actor	g1008_helmet_5_rainbow	armor_head	g1008_helmet_5_rainbow.mesh	set:dress_shop.json image:g1008_helmet_5_rainbow_b_chip	set:dress_shop.json image:helmet_groove	4	100	DressSetting_unlock	DressSetting_des_2276	0	9636	3	恐惧头盔	未解锁	头盔
2281	2281	5	298	DressSetting_name_2281	set:dress_shop.json image:g1008_helmet_6_rainbow_b	set:dress_shop.json image:g1008_helmet_6_rainbow_b_lock	g1008_skin.actor	g1008_helmet_6_rainbow	armor_head	g1008_helmet_6_rainbow.mesh	set:dress_shop.json image:g1008_helmet_6_rainbow_b_chip	set:dress_shop.json image:helmet_groove	4	120	DressSetting_unlock	DressSetting_des_2281	0	9435	5	部落勇士	未解锁	头盔
