Id	Type	Pos	Remark	Unnamed: 4	Unnamed: 5	Unnamed: 6	Unnamed: 7	Unnamed: 8	Unnamed: 9
事件Id	类型	坐标	控件特效				备注 	坐标	控件特效
Id	Type	Pos	Remark						
101	3	0.0008#0.3528	halo.effect			1.0	弹出某UI	#	UI文件名（打开UI编辑器”blockmango-client\res\client\tools\UIEditor.exe”,找到对应的UI文件名，在blockmango-client\res\client\Media\GUI\UI中）
102	3	0.1891#0.2972	halo.effect			2.0	传送	传送到该坐标点x#y#z	#
103	3	0.7523#0.0958	halo.effect			3.0	屏幕特效	特效区域起点的相对位置：|x0/X|#|y0/Y|	特效文件名
201	3	0.3578#0.5833	halo.effect			4.0	连线	指向坐标点x#y#z	#
202	3	0.4188#0.6556	halo.effect			5.0	世界层特效	特效出现位置x#y#z	特效文件名
203	3	0.8648#0.0694	halo.effect						
301	3	0.1125#0.8444	halo.effect						
302	3	0.1438#0.1389	halo.effect						
303	3	0.4414#0.6986	halo.effect						
304	3	0.8711#0.0736	halo.effect						
305	3	0.8711#0.0736	halo.effect						
401	3	0.2102#0.8444	halo.effect						
402	3	0.3047#0.2611	halo.effect						
403	3	0.6625#0.0986	halo.effect						
404	3	0.6016#0.4694	halo.effect						
405	3	0.5039#0.7722	halo.effect						
406	3	0.8688#0.0653	halo.effect						
501	3	0.0008#0.5069	halo.effect						
502	3	0.0664#0.2458	halo.effect						
503	3	0.2578#0.2639	halo.effect						
504	3	0.8984#0.0681	halo.effect						
601	3	0.6461#0.2389	halo.effect						
701	3	0.3094#0.8444	halo.effect						
702	3	0.0867#0.2042	halo.effect						
9101	3	0.0008#0.2389	halo.effect						
9102	3	0.1891#0.2972	halo.effect						
9103	3	0.7523#0.0958	halo.effect						
9201	4	1707.5#94#-576.5	#						
9202	3	0.4188#0.6556	halo.effect						
9203	3	0.8648#0.0694	halo.effect						
9301	4	1705.5#94#-581.5	#						
9302	3	0.1438#0.1389	halo.effect						
9303	3	0.4414#0.6986	halo.effect						
9304	3	0.8711#0.0736	halo.effect						
9305	3	0.8711#0.0736	halo.effect						
9401	4	1697.5#94#-581.5	#						
9402	3	0.3047#0.2611	halo.effect						
9403	3	0.6625#0.0986	halo.effect						
9404	3	0.6016#0.4694	halo.effect						
9405	3	0.5039#0.7722	halo.effect						
9406	3	0.8688#0.0653	halo.effect						
9501	3	0.0008#0.4056	halo.effect						
9502	3	0.0664#0.2458	halo.effect						
9503	3	0.2578#0.2639	halo.effect						
9504	3	0.8984#0.0681	halo.effect						
9601	4	1701.5#94#-584.5	#						
9701	4	1695.5#94#-576.5	#						
9702	3	0.0867#0.2042	halo.effect						
