NPC_ID	NPC模型	NPC名称（多语言）	NPC（x坐标）	NPC（y坐标）	NPC（z坐标）	NPC转向	NPC类型	NPC特效	NPC触发打开面板范围	对话提示语（多语言）	备注
id	actor	name	x	y	z	yaw	type	effect	range	hint	
1	g1008_npc_fashi_blue.actor	FuncNpc_1	1705.5	94	-581.5	45	21	jiayuantexiao01_zhongjian01_fashifayin_blue.effect	2	@@@	装扮商人
2	g1008_npc_lvjiangshi.actor	FuncNpc_2	1707.5	94	-576.5	-270	15	jiayuantexiao01_jianzhushengji01_jierenwu_yellow.effect	2	@@@	宝箱商人
3	g1008_npc_kulou.actor	FuncNpc_3	1695.5	94	-576.5	-90	20	jiayuantexiao01_jianzhushengji01_jierenwu_red.effect	2	@@@	荣耀排行榜
4	g1008_npc_fashi.actor	FuncNpc_4	1697.5	94	-581.5	-750	22	jiayuantexiao01_jianzhushengji01_jierenwu_green.effect	2	@@@	符文商人
5	g1008_npc_kaishi.actor	FuncNpc_5	1701.5	94	-584.5	0	23	jiayuantexiao_mingxiang01_zise.effect	2	Func_hint_5	开始游戏
