Id	HonorId	Name	HonorName	HonorIcon	HonorFlag	DefaultScore	UpRewardIds	NormalRewardIds
赛季ID	赛季荣誉（段位）ID	赛季名称	赛季荣誉名称	荣誉图标	赛季荣誉旗子	默认荣誉值	奖励Ids	默认奖励Ids
Id	HonorId	Name	HonorName	HonorIcon	HonorFlag	DefaultScore	UpRewardIds	NormalRewardIds
1	0	season.name.lv1	season.honor.name.lv1	set:bedwar_season_rule.json image:ic_honor_lv1	set:bedwar_season_rule.json image:flag_honor_lv1	1000	111#112#113	101
2	1	season.name.lv2	season.honor.name.lv2	set:bedwar_season_rule.json image:ic_honor_lv2	set:bedwar_season_rule.json image:flag_honor_lv2	1100	211#212#213	201
3	2	season.name.lv3	season.honor.name.lv3	set:bedwar_season_rule.json image:ic_honor_lv3	set:bedwar_season_rule.json image:flag_honor_lv3	1300	311#312#313	301
4	3	season.name.lv4	season.honor.name.lv4	set:bedwar_season_rule.json image:ic_honor_lv4	set:bedwar_season_rule.json image:flag_honor_lv4	1600	411#412#413	401
5	4	season.name.lv5	season.honor.name.lv5	set:bedwar_season_rule.json image:ic_honor_lv5	set:bedwar_season_rule.json image:flag_honor_lv5	2100	511#512	511#512
