{
    "frames": {
        "tequan_jinding": {
            "frame": {
                "y": 200, 
                "x": 0, 
                "w": 100, 
                "h": 100
            }, 
            "sourceSize": {
                "h": 100, 
                "w": 100
            }, 
            "offset": {
                "y": 0, 
                "x": 0, 
                "w": 100, 
                "h": 100
            }
        }, 
        "fm_sword_fire": {
            "frame": {
                "y": 200, 
                "x": 100, 
                "w": 100, 
                "h": 100
            }, 
            "sourceSize": {
                "h": 100, 
                "w": 100
            }, 
            "offset": {
                "y": 0, 
                "x": 0, 
                "w": 100, 
                "h": 100
            }
        }, 
        "EPX": {
            "frame": {
                "y": 300, 
                "x": 0, 
                "w": 100, 
                "h": 100
            }, 
            "sourceSize": {
                "h": 100, 
                "w": 100
            }, 
            "offset": {
                "y": 0, 
                "x": 0, 
                "w": 100, 
                "h": 100
            }
        }, 
        "tequan_hp": {
            "frame": {
                "y": 100, 
                "x": 0, 
                "w": 100, 
                "h": 100
            }, 
            "sourceSize": {
                "h": 100, 
                "w": 100
            }, 
            "offset": {
                "y": 0, 
                "x": 0, 
                "w": 100, 
                "h": 100
            }
        }, 
        "key_daoju": {
            "frame": {
                "y": 555, 
                "x": 0, 
                "w": 165, 
                "h": 155
            }, 
            "sourceSize": {
                "h": 155, 
                "w": 165
            }, 
            "offset": {
                "y": 0, 
                "x": 0, 
                "w": 165, 
                "h": 155
            }
        }, 
        "tequan_daoju": {
            "frame": {
                "y": 100, 
                "x": 100, 
                "w": 100, 
                "h": 100
            }, 
            "sourceSize": {
                "h": 100, 
                "w": 100
            }, 
            "offset": {
                "y": 0, 
                "x": 0, 
                "w": 100, 
                "h": 100
            }
        }, 
        "futou": {
            "frame": {
                "y": 810, 
                "x": 0, 
                "w": 200, 
                "h": 100
            }, 
            "sourceSize": {
                "h": 100, 
                "w": 200
            }, 
            "offset": {
                "y": 0, 
                "x": 0, 
                "w": 200, 
                "h": 100
            }
        }, 
        "EXP": {
            "frame": {
                "y": 300, 
                "x": 100, 
                "w": 100, 
                "h": 100
            }, 
            "sourceSize": {
                "h": 100, 
                "w": 100
            }, 
            "offset": {
                "y": 0, 
                "x": 0, 
                "w": 100, 
                "h": 100
            }
        }, 
        "tequan_chongsheng": {
            "frame": {
                "y": 400, 
                "x": 0, 
                "w": 165, 
                "h": 155
            }, 
            "sourceSize": {
                "h": 155, 
                "w": 165
            }, 
            "offset": {
                "y": 0, 
                "x": 0, 
                "w": 165, 
                "h": 155
            }
        }, 
        "gold_chest": {
            "frame": {
                "y": 0, 
                "x": 0, 
                "w": 100, 
                "h": 100
            }, 
            "sourceSize": {
                "h": 100, 
                "w": 100
            }, 
            "offset": {
                "y": 0, 
                "x": 0, 
                "w": 100, 
                "h": 100
            }
        }, 
        "diamond_chest": {
            "frame": {
                "y": 710, 
                "x": 0, 
                "w": 200, 
                "h": 100
            }, 
            "sourceSize": {
                "h": 100, 
                "w": 200
            }, 
            "offset": {
                "y": 0, 
                "x": 0, 
                "w": 200, 
                "h": 100
            }
        }, 
        "small_diamond_chest": {
            "frame": {
                "y": 0, 
                "x": 100, 
                "w": 100, 
                "h": 100
            }, 
            "sourceSize": {
                "h": 100, 
                "w": 100
            }, 
            "offset": {
                "y": 0, 
                "x": 0, 
                "w": 100, 
                "h": 100
            }
        }
    }, 
    "meta": {
        "scale": "1", 
        "format": "RGBA8888", 
        "type": "frame", 
        "image": "tequan.png", 
        "size": {
            "h": 910, 
            "w": 200
        }
    }
}