TipType	TipTemplateId	Notice	zh_CN	en_US	pt_BR	ru_RU	ko_KR	de_DE	fr_FR	es_ES	it_IT	in_ID	th_TH	tr_TR	vi_VN	ja_JP
枚举类型	模板说明	备注	中文	英文	葡萄牙语	俄语	韩语	德语	法语	西语	意大利语	印尼语	泰语	土耳其	越南语	日语
1054001	waitTeleportTip	传送倒计时	距离传送到目的地还剩%1s	Teleport to the destination in %1s 	Teleport to the destination in %1s 	Teleport to the destination in %1s 	Teleport to the destination in %1s 	Teleport to the destination in %1s 	Teleport to the destination in %1s 	Teleport to the destination in %1s 	Teleport to the destination in %1s 	Teleport to the destination in %1s 	Teleport to the destination in %1s 	Teleport to the destination in %1s 	Teleport to the destination in %1s 	Teleport to the destination in %1s 
1054002	gameStartCountDown	游戏开始倒计时	距离游戏开始还有%1s	The game starts in %1s 	The game starts in %1s 	The game starts in %1s 	The game starts in %1s 	The game starts in %1s 	The game starts in %1s 	The game starts in %1s 	The game starts in %1s 	The game starts in %1s 	The game starts in %1s 	The game starts in %1s 	The game starts in %1s 	The game starts in %1s 
1054003	msgOutOfWorld	跌入虚空的提示	%1s▢FF00FFFF掉入了虚空	%1s ▢FF00FFFF fall into the void	%1s ▢FF00FFFF fall into the void	%1s ▢FF00FFFF fall into the void	%1s ▢FF00FFFF fall into the void	%1s ▢FF00FFFF fall into the void	%1s ▢FF00FFFF fall into the void	%1s ▢FF00FFFF fall into the void	%1s ▢FF00FFFF fall into the void	%1s ▢FF00FFFF fall into the void	%1s ▢FF00FFFF fall into the void	%1s ▢FF00FFFF fall into the void	%1s ▢FF00FFFF fall into the void	%1s ▢FF00FFFF fall into the void
1054004	msgTntRain	Tnt雨提示（%1s）	▢FFFFFF00%1s▢FF00FFFF对▢FFFFFF00(%2s)▢FF00FFFF号岛屿触发了TNT雨	▢FFFFFF00%1s▢FF00FFFF triggered TNT rain on ▢FFFFFF00(%2s) island	▢FFFFFF00%1s▢FF00FFFF triggered TNT rain on ▢FFFFFF00(%2s) island	▢FFFFFF00%1s▢FF00FFFF triggered TNT rain on ▢FFFFFF00(%2s) island	▢FFFFFF00%1s▢FF00FFFF triggered TNT rain on ▢FFFFFF00(%2s) island	▢FFFFFF00%1s▢FF00FFFF triggered TNT rain on ▢FFFFFF00(%2s) island	▢FFFFFF00%1s▢FF00FFFF triggered TNT rain on ▢FFFFFF00(%2s) island	▢FFFFFF00%1s▢FF00FFFF triggered TNT rain on ▢FFFFFF00(%2s) island	▢FFFFFF00%1s▢FF00FFFF triggered TNT rain on ▢FFFFFF00(%2s) island	▢FFFFFF00%1s▢FF00FFFF triggered TNT rain on ▢FFFFFF00(%2s) island	▢FFFFFF00%1s▢FF00FFFF triggered TNT rain on ▢FFFFFF00(%2s) island	▢FFFFFF00%1s▢FF00FFFF triggered TNT rain on ▢FFFFFF00(%2s) island	▢FFFFFF00%1s▢FF00FFFF triggered TNT rain on ▢FFFFFF00(%2s) island	▢FFFFFF00%1s▢FF00FFFF triggered TNT rain on ▢FFFFFF00(%2s) island
1054005	msgArrowRain	箭雨提示（%1s）	▢FFFFFF00%1s▢FF00FFFF对▢FFFFFF00(%2s)▢FF00FFFF号岛屿触发了陨石雨	▢FFFFFF00%1s▢FF00FFFF triggered the meteorite rain on ▢FFFFFF00(%2s) island	▢FFFFFF00%1s▢FF00FFFF triggered the meteorite rain on ▢FFFFFF00(%2s) island	▢FFFFFF00%1s▢FF00FFFF triggered the meteorite rain on ▢FFFFFF00(%2s) island	▢FFFFFF00%1s▢FF00FFFF triggered the meteorite rain on ▢FFFFFF00(%2s) island	▢FFFFFF00%1s▢FF00FFFF triggered the meteorite rain on ▢FFFFFF00(%2s) island	▢FFFFFF00%1s▢FF00FFFF triggered the meteorite rain on ▢FFFFFF00(%2s) island	▢FFFFFF00%1s▢FF00FFFF triggered the meteorite rain on ▢FFFFFF00(%2s) island	▢FFFFFF00%1s▢FF00FFFF triggered the meteorite rain on ▢FFFFFF00(%2s) island	▢FFFFFF00%1s▢FF00FFFF triggered the meteorite rain on ▢FFFFFF00(%2s) island	▢FFFFFF00%1s▢FF00FFFF triggered the meteorite rain on ▢FFFFFF00(%2s) island	▢FFFFFF00%1s▢FF00FFFF triggered the meteorite rain on ▢FFFFFF00(%2s) island	▢FFFFFF00%1s▢FF00FFFF triggered the meteorite rain on ▢FFFFFF00(%2s) island	▢FFFFFF00%1s▢FF00FFFF triggered the meteorite rain on ▢FFFFFF00(%2s) island
1054006	msgWaterRain	水方块雨（%1s）	▢FFFFFF00%1s▢FF00FFFF对▢FFFFFF00(%2s)▢FF00FFFF号岛屿触发了瀑布	▢FFFFFF00%1s▢FF00FFFF triggered the waterfall on ▢FFFFFF00(%2s) island	▢FFFFFF00%1s▢FF00FFFF triggered the waterfall on ▢FFFFFF00(%2s) island	▢FFFFFF00%1s▢FF00FFFF triggered the waterfall on ▢FFFFFF00(%2s) island	▢FFFFFF00%1s▢FF00FFFF triggered the waterfall on ▢FFFFFF00(%2s) island	▢FFFFFF00%1s▢FF00FFFF triggered the waterfall on ▢FFFFFF00(%2s) island	▢FFFFFF00%1s▢FF00FFFF triggered the waterfall on ▢FFFFFF00(%2s) island	▢FFFFFF00%1s▢FF00FFFF triggered the waterfall on ▢FFFFFF00(%2s) island	▢FFFFFF00%1s▢FF00FFFF triggered the waterfall on ▢FFFFFF00(%2s) island	▢FFFFFF00%1s▢FF00FFFF triggered the waterfall on ▢FFFFFF00(%2s) island	▢FFFFFF00%1s▢FF00FFFF triggered the waterfall on ▢FFFFFF00(%2s) island	▢FFFFFF00%1s▢FF00FFFF triggered the waterfall on ▢FFFFFF00(%2s) island	▢FFFFFF00%1s▢FF00FFFF triggered the waterfall on ▢FFFFFF00(%2s) island	▢FFFFFF00%1s▢FF00FFFF triggered the waterfall on ▢FFFFFF00(%2s) island
1054007	msgTransfer	随机传送提示	▢FF00FFFF你即将被传送到另一个位置	▢FF00FFFFYou are about to be teleported to another location.	You are about to be teleported to another location.	You are about to be teleported to another location.	You are about to be teleported to another location.	You are about to be teleported to another location.	You are about to be teleported to another location.	You are about to be teleported to another location.	You are about to be teleported to another location.	You are about to be teleported to another location.	You are about to be teleported to another location.	You are about to be teleported to another location.	You are about to be teleported to another location.	You are about to be teleported to another location.
1054008	msgInterchange 	交换位置触发者提示	▢FF00FFFF你即将与另一名玩家交换位置	▢FF00FFFFYou are about to exchange location with another player.	You are about to exchange location with another player.	You are about to exchange location with another player.	You are about to exchange location with another player.	You are about to exchange location with another player.	You are about to exchange location with another player.	You are about to exchange location with another player.	You are about to exchange location with another player.	You are about to exchange location with another player.	You are about to exchange location with another player.	You are about to exchange location with another player.	You are about to exchange location with another player.	You are about to exchange location with another player.
1054009	msgBeInterchange	交换位置被选中者提示	▢FF00FFFF你即将与另一名玩家交换位置	▢FF00FFFFYou are about to exchange location with another player.	You are about to exchange location with another player.	You are about to exchange location with another player.	You are about to exchange location with another player.	You are about to exchange location with another player.	You are about to exchange location with another player.	You are about to exchange location with another player.	You are about to exchange location with another player.	You are about to exchange location with another player.	You are about to exchange location with another player.	You are about to exchange location with another player.	You are about to exchange location with another player.	You are about to exchange location with another player.
1054010	msgFrozen	随机冰冻触发者提示	▢FF00FFFF你把另一名玩家冰冻了!!	▢FF00FFFFYou froze another player!!	You froze another player!!	You froze another player!!	You froze another player!!	You froze another player!!	You froze another player!!	You froze another player!!	You froze another player!!	You froze another player!!	You froze another player!!	You froze another player!!	You froze another player!!	You froze another player!!
1054011	msgBeFrozen	随机冰冻被选中者提示	▢FF00FFFF你被冰冻了!!	▢FF00FFFFYou are frozen!!	You are frozen!!	You are frozen!!	You are frozen!!	You are frozen!!	You are frozen!!	You are frozen!!	You are frozen!!	You are frozen!!	You are frozen!!	You are frozen!!	You are frozen!!	You are frozen!!
1054012	msgInvisibility	隐身提示	▢FF00FFFF你隐身了，受到伤害或者攻击别人会让你现身	▢FF00FFFFYou are invisible now, but getting hurt or attack will make you show up.	You are invisible now, but getting hurt or attack will make you show up.	You are invisible now, but getting hurt or attack will make you show up.	You are invisible now, but getting hurt or attack will make you show up.	You are invisible now, but getting hurt or attack will make you show up.	You are invisible now, but getting hurt or attack will make you show up.	You are invisible now, but getting hurt or attack will make you show up.	You are invisible now, but getting hurt or attack will make you show up.	You are invisible now, but getting hurt or attack will make you show up.	You are invisible now, but getting hurt or attack will make you show up.	You are invisible now, but getting hurt or attack will make you show up.	You are invisible now, but getting hurt or attack will make you show up.	You are invisible now, but getting hurt or attack will make you show up.
1054013	msgGoldApple	金苹果提示	你触发了▢FF00FFFF回血阵	You triggered a ▢FF00FFFFhealth restore blast.	You triggered a ▢FF00FFFFhealth restore blast.	You triggered a ▢FF00FFFFhealth restore blast.	You triggered a ▢FF00FFFFhealth restore blast.	You triggered a ▢FF00FFFFhealth restore blast.	You triggered a ▢FF00FFFFhealth restore blast.	You triggered a ▢FF00FFFFhealth restore blast.	You triggered a ▢FF00FFFFhealth restore blast.	You triggered a ▢FF00FFFFhealth restore blast.	You triggered a ▢FF00FFFFhealth restore blast.	You triggered a ▢FF00FFFFhealth restore blast.	You triggered a ▢FF00FFFFhealth restore blast.	You triggered a ▢FF00FFFFhealth restore blast.
1054014	msgQuicklyBuild	快速搭建提示	▢FF00FFFF你获得快速搭建的能力，一次可以搭建3个方块	▢FF00FFFFYou got the ability to build quickly, and you can build 3 blocks at a time.	You got the ability to build quickly, and you can build 3 blocks at a time.	You got the ability to build quickly, and you can build 3 blocks at a time.	You got the ability to build quickly, and you can build 3 blocks at a time.	You got the ability to build quickly, and you can build 3 blocks at a time.	You got the ability to build quickly, and you can build 3 blocks at a time.	You got the ability to build quickly, and you can build 3 blocks at a time.	You got the ability to build quickly, and you can build 3 blocks at a time.	You got the ability to build quickly, and you can build 3 blocks at a time.	You got the ability to build quickly, and you can build 3 blocks at a time.	You got the ability to build quickly, and you can build 3 blocks at a time.	You got the ability to build quickly, and you can build 3 blocks at a time.	You got the ability to build quickly, and you can build 3 blocks at a time.
1054015	msgGetProperty	获取特性提示	▢FF00FFFF你获得了超能力，徒手打人会中毒和减速!	▢FF00FFFFYou got the super power, and you will be poisoned and slowed down if you hit others with your hand.	You got the super power, and you will be poisoned and slowed down if you hit others with your hand.	You got the super power, and you will be poisoned and slowed down if you hit others with your hand.	You got the super power, and you will be poisoned and slowed down if you hit others with your hand.	You got the super power, and you will be poisoned and slowed down if you hit others with your hand.	You got the super power, and you will be poisoned and slowed down if you hit others with your hand.	You got the super power, and you will be poisoned and slowed down if you hit others with your hand.	You got the super power, and you will be poisoned and slowed down if you hit others with your hand.	You got the super power, and you will be poisoned and slowed down if you hit others with your hand.	You got the super power, and you will be poisoned and slowed down if you hit others with your hand.	You got the super power, and you will be poisoned and slowed down if you hit others with your hand.	You got the super power, and you will be poisoned and slowed down if you hit others with your hand.	You got the super power, and you will be poisoned and slowed down if you hit others with your hand.
1054016	msgThunder	打雷提示（%1s）	▢FFFFFF00%1s▢FF00FFFF触发发了雷暴	%1s ▢FF00FFFFtriggered thunderstorms.	%1s triggered ▢FF00FFFFthunderstorm.	%1s triggered ▢FF00FFFFthunderstorm.	%1s triggered ▢FF00FFFFthunderstorm.	%1s triggered ▢FF00FFFFthunderstorm.	%1s triggered ▢FF00FFFFthunderstorm.	%1s triggered ▢FF00FFFFthunderstorm.	%1s triggered ▢FF00FFFFthunderstorm.	%1s triggered ▢FF00FFFFthunderstorm.	%1s triggered ▢FF00FFFFthunderstorm.	%1s triggered ▢FF00FFFFthunderstorm.	%1s triggered ▢FF00FFFFthunderstorm.	%1s triggered ▢FF00FFFFthunderstorm.
1054017	msgIslandFrozen	岛屿冰冻提示（%1s）	▢FFFFFF00%1s▢FF00FFFF对▢FFFFFF00(%2s)▢FF00FFFF号岛屿触发了冰天雪地	▢FFFFFF00%1s▢FF00FFFF triggered the ice and snow on ▢FFFFFF00(%2s)▢FF00FFFF island	▢FFFFFF00%1s▢FF00FFFF triggered the ice and snow on ▢FFFFFF00(%2s)▢FF00FFFF island	▢FFFFFF00%1s▢FF00FFFF triggered the ice and snow on ▢FFFFFF00(%2s)▢FF00FFFF island	▢FFFFFF00%1s▢FF00FFFF triggered the ice and snow on ▢FFFFFF00(%2s)▢FF00FFFF island	▢FFFFFF00%1s▢FF00FFFF triggered the ice and snow on ▢FFFFFF00(%2s)▢FF00FFFF island	▢FFFFFF00%1s▢FF00FFFF triggered the ice and snow on ▢FFFFFF00(%2s)▢FF00FFFF island	▢FFFFFF00%1s▢FF00FFFF triggered the ice and snow on ▢FFFFFF00(%2s)▢FF00FFFF island	▢FFFFFF00%1s▢FF00FFFF triggered the ice and snow on ▢FFFFFF00(%2s)▢FF00FFFF island	▢FFFFFF00%1s▢FF00FFFF triggered the ice and snow on ▢FFFFFF00(%2s)▢FF00FFFF island	▢FFFFFF00%1s▢FF00FFFF triggered the ice and snow on ▢FFFFFF00(%2s)▢FF00FFFF island	▢FFFFFF00%1s▢FF00FFFF triggered the ice and snow on ▢FFFFFF00(%2s)▢FF00FFFF island	▢FFFFFF00%1s▢FF00FFFF triggered the ice and snow on ▢FFFFFF00(%2s)▢FF00FFFF island	▢FFFFFF00%1s▢FF00FFFF triggered the ice and snow on ▢FFFFFF00(%2s)▢FF00FFFF island
1054019	msgHotPotatoTelePos	烫手山芋传送	▢FF00FFFF你拿到烫手山芋, 赶紧给别人吧! (即将传送到敌人的身边)	▢FF00FFFFYou got a hot potato, give it to others immediately! (You are about to be teleported to the enemy.)	You got a hot potato, give it to others immediately! (You are about to be teleported to the enemy.)	You got a hot potato, give it to others immediately! (You are about to be teleported to the enemy.)	You got a hot potato, give it to others immediately! (You are about to be teleported to the enemy.)	You got a hot potato, give it to others immediately! (You are about to be teleported to the enemy.)	You got a hot potato, give it to others immediately! (You are about to be teleported to the enemy.)	You got a hot potato, give it to others immediately! (You are about to be teleported to the enemy.)	You got a hot potato, give it to others immediately! (You are about to be teleported to the enemy.)	You got a hot potato, give it to others immediately! (You are about to be teleported to the enemy.)	You got a hot potato, give it to others immediately! (You are about to be teleported to the enemy.)	You got a hot potato, give it to others immediately! (You are about to be teleported to the enemy.)	You got a hot potato, give it to others immediately! (You are about to be teleported to the enemy.)	You got a hot potato, give it to others immediately! (You are about to be teleported to the enemy.)
1054022	msgIslandFrozen	进入末日阶段	▢FF00FFFF进入末日阶段	▢FF00FFFFEntering the period of the end of the day	Entering the period of the end of the day	Entering the period of the end of the day	Entering the period of the end of the day	Entering the period of the end of the day	Entering the period of the end of the day	Entering the period of the end of the day	Entering the period of the end of the day	Entering the period of the end of the day	Entering the period of the end of the day	Entering the period of the end of the day	Entering the period of the end of the day	Entering the period of the end of the day
1054023	msgIslandFrozen	游戏结束	游戏结束	Game Over	Game Over	Game Over	Game Over	Game Over	Game Over	Game Over	Game Over	Game Over	Game Over	Game Over	Game Over	Game Over
1054024	msgIslandFrozen	进入末日阶段	▢FF00FFFF进入末日阶段	▢FF00FFFFEntering the period of the end of the day	Entering the period of the end of the day	Entering the period of the end of the day	Entering the period of the end of the day	Entering the period of the end of the day	Entering the period of the end of the day	Entering the period of the end of the day	Entering the period of the end of the day	Entering the period of the end of the day	Entering the period of the end of the day	Entering the period of the end of the day	Entering the period of the end of the day	Entering the period of the end of the day
1054025	msgIslandFrozen	游戏结束	游戏结束	Game Over	Game Over	Game Over	Game Over	Game Over	Game Over	Game Over	Game Over	Game Over	Game Over	Game Over	Game Over	Game Over
1054026	msgOutOfArea	超出地图范围	你已超出地图范围!!!	You are out of the map!	You are out of the map!	You are out of the map!	You are out of the map!	You are out of the map!	You are out of the map!	You are out of the map!	You are out of the map!	You are out of the map!	You are out of the map!	You are out of the map!	You are out of the map!	You are out of the map!
1054027	1	龙倒计时	▢FF00FFFF你的骑龙状态即将结束	▢FF00FFFFYour dragon riding state is coming to an end.	Your dragon riding state is coming to an end.	Your dragon riding state is coming to an end.	Your dragon riding state is coming to an end.	Your dragon riding state is coming to an end.	Your dragon riding state is coming to an end.	Your dragon riding state is coming to an end.	Your dragon riding state is coming to an end.	Your dragon riding state is coming to an end.	Your dragon riding state is coming to an end.	Your dragon riding state is coming to an end.	Your dragon riding state is coming to an end.	Your dragon riding state is coming to an end.
1054028	1	凋零倒计时	▢FF00FFFF你的凋零状态即将结束	▢FF00FFFFYour withering state is coming to an end.	Your withering state is coming to an end.	Your withering state is coming to an end.	Your withering state is coming to an end.	Your withering state is coming to an end.	Your withering state is coming to an end.	Your withering state is coming to an end.	Your withering state is coming to an end.	Your withering state is coming to an end.	Your withering state is coming to an end.	Your withering state is coming to an end.	Your withering state is coming to an end.	Your withering state is coming to an end.
1054029	1	事件找不到目标	▢FF00FFFF没有可选择的目标	▢FF00FFFFNo alternative goals	No alternative goals	No alternative goals	No alternative goals	No alternative goals	No alternative goals	No alternative goals	No alternative goals	No alternative goals	No alternative goals	No alternative goals	No alternative goals	No alternative goals
1054030	msgKillTip	击杀显示	▢FF00FFFF%1s ▢FFFFFFFF击杀了▢FF00FFFF%2s	▢FF00FFFF%1s ▢FFFFFFFF killed ▢FF00FFFF%2s	%1s ▢FFFFFFFF killed %2s	%1s ▢FFFFFFFF killed %2s	%1s ▢FFFFFFFF killed %2s	%1s ▢FFFFFFFF killed %2s	%1s ▢FFFFFFFF killed %2s	%1s ▢FFFFFFFF killed %2s	%1s ▢FFFFFFFF killed %2s	%1s ▢FFFFFFFF killed %2s	%1s ▢FFFFFFFF killed %2s	%1s ▢FFFFFFFF killed %2s	%1s ▢FFFFFFFF killed %2s	%1s ▢FFFFFFFF killed %2s
1054031	msgDevilPact	恶魔的契约倒计时	▢FF00FFFF距离死亡还有▢FFFFFFFF%1s▢FF00FFFF秒	▢FF00FFFFDie in ▢FFFFFFFF%1s ▢FF00FFFFseconds	Die in %1s seconds	Die in %1s seconds	Die in %1s seconds	Die in %1s seconds	Die in %1s seconds	Die in %1s seconds	Die in %1s seconds	Die in %1s seconds	Die in %1s seconds	Die in %1s seconds	Die in %1s seconds	Die in %1s seconds
1054032	1	烫手山芋无法传递给背包满的玩家	▢FF00FFFF对方背包已满，无法传递烫手山芋	▢FF00FFFFThe player’s backpack is full and you cannot pass the hot potato.	The player’s backpack is full and you cannot pass the hot potato.	The player’s backpack is full and you cannot pass the hot potato.	The player’s backpack is full and you cannot pass the hot potato.	The player’s backpack is full and you cannot pass the hot potato.	The player’s backpack is full and you cannot pass the hot potato.	The player’s backpack is full and you cannot pass the hot potato.	The player’s backpack is full and you cannot pass the hot potato.	The player’s backpack is full and you cannot pass the hot potato.	The player’s backpack is full and you cannot pass the hot potato.	The player’s backpack is full and you cannot pass the hot potato.	The player’s backpack is full and you cannot pass the hot potato.	The player’s backpack is full and you cannot pass the hot potato.
1054033	1	你触发了TNT雨	▢FF00FFFF你对▢FFFFFF00(%1s)▢FF00FFFF号岛屿触发了TNT雨	▢FF00FFFFYou triggered TNT rain on ▢FFFFFF00(%1s) island	▢FF00FFFFYou triggered TNT rain on ▢FFFFFF00(%2s) island	▢FF00FFFFYou triggered TNT rain on ▢FFFFFF00(%2s) island	▢FF00FFFFYou triggered TNT rain on ▢FFFFFF00(%2s) island	▢FF00FFFFYou triggered TNT rain on ▢FFFFFF00(%2s) island	▢FF00FFFFYou triggered TNT rain on ▢FFFFFF00(%2s) island	▢FF00FFFFYou triggered TNT rain on ▢FFFFFF00(%2s) island	▢FF00FFFFYou triggered TNT rain on ▢FFFFFF00(%2s) island	▢FF00FFFFYou triggered TNT rain on ▢FFFFFF00(%2s) island	▢FF00FFFFYou triggered TNT rain on ▢FFFFFF00(%2s) island	▢FF00FFFFYou triggered TNT rain on ▢FFFFFF00(%2s) island	▢FF00FFFFYou triggered TNT rain on ▢FFFFFF00(%2s) island	▢FF00FFFFYou triggered TNT rain on ▢FFFFFF00(%2s) island
1054034	1	你触发了雨	▢FF00FFFF你对▢FFFFFF00(%1s)▢FF00FFFF号岛屿触发了陨石雨	▢FF00FFFFYou triggered the meteorite rain on ▢FFFFFF00(%1s) island	▢FF00FFFFYou triggered the meteorite rain on ▢FFFFFF00(%2s) island	▢FF00FFFFYou triggered the meteorite rain on ▢FFFFFF00(%2s) island	▢FF00FFFFYou triggered the meteorite rain on ▢FFFFFF00(%2s) island	▢FF00FFFFYou triggered the meteorite rain on ▢FFFFFF00(%2s) island	▢FF00FFFFYou triggered the meteorite rain on ▢FFFFFF00(%2s) island	▢FF00FFFFYou triggered the meteorite rain on ▢FFFFFF00(%2s) island	▢FF00FFFFYou triggered the meteorite rain on ▢FFFFFF00(%2s) island	▢FF00FFFFYou triggered the meteorite rain on ▢FFFFFF00(%2s) island	▢FF00FFFFYou triggered the meteorite rain on ▢FFFFFF00(%2s) island	▢FF00FFFFYou triggered the meteorite rain on ▢FFFFFF00(%2s) island	▢FF00FFFFYou triggered the meteorite rain on ▢FFFFFF00(%2s) island	▢FF00FFFFYou triggered the meteorite rain on ▢FFFFFF00(%2s) island
1054035	1		▢FF00FFFF你对▢FFFFFF00(%1s)▢FF00FFFF号岛屿触发了瀑布	▢FF00FFFFYou triggered the waterfall on ▢FFFFFF00(%1s) island	▢FF00FFFFYou triggered the waterfall on ▢FFFFFF00(%2s) island	▢FF00FFFFYou triggered the waterfall on ▢FFFFFF00(%2s) island	▢FF00FFFFYou triggered the waterfall on ▢FFFFFF00(%2s) island	▢FF00FFFFYou triggered the waterfall on ▢FFFFFF00(%2s) island	▢FF00FFFFYou triggered the waterfall on ▢FFFFFF00(%2s) island	▢FF00FFFFYou triggered the waterfall on ▢FFFFFF00(%2s) island	▢FF00FFFFYou triggered the waterfall on ▢FFFFFF00(%2s) island	▢FF00FFFFYou triggered the waterfall on ▢FFFFFF00(%2s) island	▢FF00FFFFYou triggered the waterfall on ▢FFFFFF00(%2s) island	▢FF00FFFFYou triggered the waterfall on ▢FFFFFF00(%2s) island	▢FF00FFFFYou triggered the waterfall on ▢FFFFFF00(%2s) island	▢FF00FFFFYou triggered the waterfall on ▢FFFFFF00(%2s) island
1054036	1		▢FF00FFFF你对▢FFFFFF00(%1s)▢FF00FFFF号岛屿触发了冰天雪地	▢FF00FFFFYou triggered the ice and snow on ▢FFFFFF00(%1s)▢FF00FFFF island	▢FF00FFFFYou triggered the ice and snow on ▢FFFFFF00(%2s)▢FF00FFFF island	▢FF00FFFFYou triggered the ice and snow on ▢FFFFFF00(%2s)▢FF00FFFF island	▢FF00FFFFYou triggered the ice and snow on ▢FFFFFF00(%2s)▢FF00FFFF island	▢FF00FFFFYou triggered the ice and snow on ▢FFFFFF00(%2s)▢FF00FFFF island	▢FF00FFFFYou triggered the ice and snow on ▢FFFFFF00(%2s)▢FF00FFFF island	▢FF00FFFFYou triggered the ice and snow on ▢FFFFFF00(%2s)▢FF00FFFF island	▢FF00FFFFYou triggered the ice and snow on ▢FFFFFF00(%2s)▢FF00FFFF island	▢FF00FFFFYou triggered the ice and snow on ▢FFFFFF00(%2s)▢FF00FFFF island	▢FF00FFFFYou triggered the ice and snow on ▢FFFFFF00(%2s)▢FF00FFFF island	▢FF00FFFFYou triggered the ice and snow on ▢FFFFFF00(%2s)▢FF00FFFF island	▢FF00FFFFYou triggered the ice and snow on ▢FFFFFF00(%2s)▢FF00FFFF island	▢FF00FFFFYou triggered the ice and snow on ▢FFFFFF00(%2s)▢FF00FFFF island
1054037	1		▢FF00FFFF你触发了雷暴	▢FF00FFFFYou triggered thunderstorms	▢FF00FFFFYou triggered thunderstorms	▢FF00FFFFYou triggered thunderstorms	▢FF00FFFFYou triggered thunderstorms	▢FF00FFFFYou triggered thunderstorms	▢FF00FFFFYou triggered thunderstorms	▢FF00FFFFYou triggered thunderstorms	▢FF00FFFFYou triggered thunderstorms	▢FF00FFFFYou triggered thunderstorms	▢FF00FFFFYou triggered thunderstorms	▢FF00FFFFYou triggered thunderstorms	▢FF00FFFFYou triggered thunderstorms	▢FF00FFFFYou triggered thunderstorms
1054038	1	失败了提示	%1s▢FF00FFFF失败了	%1s ▢FF00FFFFfailed	%1s ▢FF00FFFFfailed	%1s ▢FF00FFFFfailed	%1s ▢FF00FFFFfailed	%1s ▢FF00FFFFfailed	%1s ▢FF00FFFFfailed	%1s ▢FF00FFFFfailed	%1s ▢FF00FFFFfailed	%1s ▢FF00FFFFfailed	%1s ▢FF00FFFFfailed	%1s ▢FF00FFFFfailed	%1s ▢FF00FFFFfailed	%1s ▢FF00FFFFfailed
