{
    "地图配置说明": {
        "startPos": "起始坐标",
        "endPos": "结束坐标",
        "smallScale": "小地图比例尺",
        "largeScale": "大地图比例尺",
        "mapImage": "地图图片"
    },
    "g9999": {
        "startPos": {
            "x": -162,
            "y": 50,
            "z": -22
        },
        "endPos": {
            "x": 331,
            "y": 55,
            "z": 502
        },
        "smallScale": 1.6,
        "largeScale": 0.80,
        "mapImage": "set:halloween_map.json image:mini_map"
    },
    "g1066": {
        "startPos": {
            "x": 188.5,
            "y": 56,
            "z": 394.5
        },
        "endPos": {
            "x": 557.5,
            "y": 60,
            "z": 664.5
        },
        "smallScale": 1.3,
        "largeScale": 1,
        "mapImage": "set:15v15_map.json image:mini_map"
    }
}