id	moneyType	moneyIcon
序号	专用货币id	专用货币图标
id	moneyType	moneyIcon
901	901	set:game_activity_money.json image:img_0_icon_lucky
902	902	set:game_activity_money.json image:img_0_icon_key
903	903	set:g1046_xmas_image.json image:img_0_icon_fishing
904	904	set:g1046_xmas_image.json image:img_0_icon_fishing
905	905	set:game_activity_score_5.json image:img_0_icon_hat
906	906	set:game_activity_money.json image:img_0_icon_fishing
907	907	set:game_activity_money.json image:img_0_icon_lucky
908	908	set:game_activity_money.json image:img_0_icon_key
909	909	set:g1046_xmas_image.json image:img_0_icon_fishing
910	910	set:g1046_xmas_image.json image:img_0_icon_fishing
911	911	set:game_activity_money.json image:icon_lucky_coin
912	912	set:g1046_xmas_image.json image:img_0_icon_fishing
913	913	set:g1046_xmas_image.json image:img_0_icon_fishing
914	914	set:g1046_xmas_image.json image:img_0_icon_fishing
915	915	set:game_activity_money.json image:icon_lucky_coin2
916	916	set:g1046_xmas_image.json image:img_0_icon_fishing
917	917	set:game_activity_puzzle.json image:icon_puzzle_golden
918	918	set:game_activity_puzzle.json image:icon_puzzle_sliver
920	920	set:g1046_xmas_image.json image:img_0_icon_fishing
921	921	set:game_activity_puzzle.json image:icon_puzzle_golden
922	922	set:game_activity_puzzle.json image:icon_puzzle_sliver
923	923	set:game_activity_puzzle.json image:icon_puzzle_golden
924	924	set:game_activity_puzzle.json image:icon_puzzle_sliver
925	925	set:g1046_xmas_image.json image:img_0_icon_fishing
926	926	set:game_activity_puzzle.json image:icon_puzzle_golden
927	927	set:game_activity_puzzle.json image:icon_puzzle_sliver
