id	sort	type	mould	activityId	gameMode	startDate	endDate	tabImage	tabLang	mainUIImage	chestGroupId	moneyType	moneyType2	titleLang	descLang	mainRewardId	Unnamed: 14
活动ID	排序	活动类型（1必中，2幸运，3盲盒，4常规活动）	模板	对应类型的配置id	可显示在活动列表UI的游戏模式	开始日期	结束日期	tab背景图	活动Tab多语言	主界面按钮UI	箱子组id	专用货币id	专用货币2(#分割)	活动标题多语言	活动说明多语言	大奖奖励Id	
id	sort	type	mould	activityId	gameMode	startDate	endDate	tabImage	tabLang	mainUIImage	chestGroupId	moneyType	moneyType2	titleLang	descLang	mainRewardId	
702	1	3	2	701	#	2021-08-13-08-00-00	2021-08-21-07-59-59	set:game_activity_tab.json image:btn_0_activity_description2	common.activity.tab.701	#	0	0	0	common.activity.tab.701	blind.box.bottom.hint	0	
703	8	3	2	703	#	2022-04-01-08-00-00	2022-04-15-07-59-59	set:game_activity_tab.json image:btn_0_activity_blind_box	common.activity.tab.703	#	0	0	0	common.activity.tab.703	DressSetting_desc_703	0	战争盲盒
802	1	1	2	801	#	2021-08-13-08-00-00	2021-08-21-07-59-59	set:game_activity_tab.json image:btn_0_activity_turntable	common.activity.tab.801	#	1	0	0	common.activity.tab.801	common.activity.desc.1	20101	
803	1	1	2	803	#	2021-08-13-08-00-00	2021-12-13-07-59-59	set:game_activity_tab.json image:btn_0_activity_draw	common.activity.tab.803	#	0	0	0	common.activity.tab.801	common.activity.desc.1	0	双倍转盘
804	10	1	2	804	#	2022-10-31-08-00-00	2022-11-08-07-59-59	set:game_activity_tab.json image:btn_0_activity_draw	common.activity.tab.803	#	0	0	0	common.activity.tab.801	common.activity.desc.1	0	双倍转盘
903	1	2	1	901	#	2021-08-13-08-00-00	2021-08-25-07-59-59	set:game_activity_tab.json image:btn_0_activity_lucky2	common.activity.tab.901	#	3	901	0	common.activity.tab.901	common.activity.desc.2	11101	
904	1	2	1	902	#	2021-08-13-08-00-00	2021-08-31-07-59-59	set:game_activity_tab.json image:btn_0_activity_key2	common.activity.tab.902	#	2	902	0	common.activity.tab.902	common.activity.desc.2	11201	
905	1	2	2	905	#	2021-12-25-08-00-00	2022-01-10-07-59-59	set:game_activity_tab.json image:chb_0_fishman_offering	common.activity.tab.903	#	0	903	0	common.activity.tab.903	common.activity.desc.3	11302	渔夫馈赠
1001	1	4	1	1001	#	2021-08-13-08-00-00	2021-12-13-07-59-59	set:game_activity_tab.json image:btn_0_activity_gifttask	common.activity.tab.1001	#	0	0	0	common.activity.tab.1001	blind.box.bottom.hint	20132	
1002	1	4	2	1002	#	2021-08-13-08-00-00	2022-01-10-07-59-59	set:game_activity_tab.json image:btn_0_activity_halloween	common.activity.tab.10021	#	0	0	0	common.activity.tab.10021	DressSetting_desc_5010030	20149	惊魂万圣节
1003	1	4	3	1003	#	2022-01-01-08-00-00	2022-01-10-07-59-59	set:game_activity_tab.json image:btn_0_activity_gift	common.activity.tab.1003	#	0	0	0	common.activity.tab.1003	DressSetting_desc_1003	0	新年礼物
1004	1	4	4	1004	#	2021-12-16-08-00-00	2022-01-01-07-59-59	set:game_activity_tab.json image:btn_0_activity_snowgift	common.activity.tab.1004	#	0	0	0	common.activity.tab.1004	DressSetting_desc_1004	20158	冰雪节礼物
1005	1	7	1	1005	#	2022-01-01-08-00-00	2022-01-10-07-59-59	set:game_activity_tab.json image:btn_0_activity_block	common.activity.tab.1005	#	0	0	0	common.activity.tab.1005	DressSetting_desc_1005	0	新年限购
1006	1	4	1	1006	#	2022-01-05-08-00-00	2022-01-22-07-59-59	set:game_activity_tab.json image:btn_0_activity_time_limit	common.activity.tab.1001	#	0	0	0	common.activity.tab.1001	blind.box.bottom.hint	20177	作战任务
1007	1	4	2	1007	#	2022-01-22-08-00-00	2022-01-29-07-59-59	set:game_activity_tab.json image:btn_0_activity_greenforest	common.activity.tab.1007	#	0	0	0	common.activity.tab.1007	DressSetting_desc_1007	21044	绿色森林
1008	1	4	5	1008	#	2022-01-29-08-00-00	2022-02-05-07-59-59	set:game_activity_tab.json image:btn_0_activity_fishing_master	common.activity.tab.1008	#	0	904	0	common.activity.tab.1008	DressSetting_desc_1008	20184	钓鱼大师
1009	1	4	6	1009	#	2022-02-05-08-00-00	2022-02-12-07-59-59	set:game_activity_tab.json image:btn_0_activity_partygame	common.activity.tab.1009	#	0	0	0	common.activity.tab.1009	DressSetting_desc_1009	21042	派对游戏
1010	1	4	1	1010	#	2022-03-05-08-00-00	2022-03-12-07-59-59	set:game_activity_tab.json image:btn_0_activity_Voyage	common.activity.tab.1010	#	0	0	0	common.activity.tab.1010	score.activity.help.content	20197	魔界探索
1011	1	4	2	1011	#	2022-03-12-08-00-00	2022-03-19-07-59-59	set:game_activity_tab.json image:btn_0_activity_cloud	common.activity.tab.1011	#	0	0	0	common.activity.tab.1011	DressSetting_desc_1011	21051	云上之国
1012	1	4	5	1012	#	2022-04-01-08-00-00	2022-04-15-07-59-59	set:game_activity_tab.json image:btn_0_activity_prank	common.activity.tab.1012	#	0	905	0	common.activity.tab.1012	DressSetting_desc_1012	20504	整蛊大师
1013	1	7	1	1013	#	2022-04-01-08-00-00	2022-04-15-07-59-59	set:game_activity_tab.json image:btn_0_activity_purchase_limits	common.activity.tab.1013	#	0	0	0	common.activity.tab.1013	DressSetting_desc_1013	0	愚人节限购
1014	1	4	2	1014	#	2022-04-15-08-00-00	2022-04-30-07-59-59	set:game_activity_tab.json image:btn_0_activity_runes	common.activity.tab.1014	#	0	0	0	common.activity.tab.1014	DressSetting_desc_1014	21056	符文大师
1015	1	4	1	1015	#	2022-04-30-08-00-00	2022-05-14-07-59-59	set:game_activity_tab.json image:btn_0_activity_summer	common.activity.tab.1015	#	0	0	0	common.activity.tab.1015	score.activity.help.content	20508	夏日风情
1016	1	4	5	1016	#	2022-07-16-08-00-00	2022-07-22-07-59-59	set:game_activity_tab.json image:btn_0_activity_fishing	common.activity.tab.1008	#	0	906	0	common.activity.tab.1008	DressSetting_desc_1016	21042	钓鱼大师
1017	1	4	1	1017	#	2022-07-09-08-00-00	2023-05-16-07-59-59	set:game_activity_tab.json image:btn_0_activity_leisurecity	common.activity.tab.1017	#	0	0	0	common.activity.tab.1017	score.activity.help.content	20518	休闲都市
1018	1	4	2	1018	#	2022-07-23-08-00-00	2022-07-30-07-59-59	set:game_activity_tab.json image:btn_0_activity_runes	common.activity.tab.1014	#	0	0	0	common.activity.tab.1014	DressSetting_desc_1014	21062	符文大师
1019	1	4	6	1019	#	2022-07-30-08-00-00	2022-08-06-07-59-59	set:game_activity_tab.json image:btn_0_activity_partygame	common.activity.tab.1009	#	0	0	0	common.activity.tab.1009	DressSetting_desc_1009	20523	派对游戏
1020	1	4	2	1020	#	2022-09-03-08-00-00	2022-09-17-07-59-59	set:game_activity_tab.json image:btn_0_activity_runes	common.activity.tab.1014	#	0	0	0	common.activity.tab.1014	DressSetting_desc_1014	21050	符文大师
1022	8	4	9	1022	#	2022-10-27-08-00-00	2022-11-08-07-59-59	set:game_activity_tab.json image:btn_0_activity_halloween	common.activity.tab.10021	#	0	0	0	common.activity.tab.10021	DressSetting_desc_5010030	20131	惊魂万圣节
1023	11	4	8	1023	#	2022-10-31-08-00-00	2022-11-08-07-59-59	set:game_activity_tab.json image:btn_0_activity_Voyage	common.activity.tab.1010	#	0	0	0	common.activity.tab.1010	score.activity.help.content	43013	魔界探索
1024	9	7	2	1024	#	2022-10-27-08-00-00	2022-11-08-07-59-59	set:game_activity_tab.json image:btn_0_activity_halloween_limits	common.activity.tab.1024	#	0	0	0	common.activity.tab.1024	DressSetting_desc_1024	0	万圣节限购
1025	2	7	2	1025	#	2022-11-17-08-00-00	2022-11-29-07-59-59	set:game_activity_tab.json image:btn_0_activity_halloween_limits	common.activity.tab.1025	#	0	0	0	common.activity.tab.1025	DressSetting_desc_1025	0	英雄方块限购
1101	1	5	1	1101	#	2021-12-22-08-00-00	2022-01-01-07-59-59	set:game_activity_tab.json image:chb_0_snow_carnival	common.activity.tab.1101	#	0	0	0	common.activity.tab.1101	DressSetting_desc_1101	0	冰雪狂欢
1102	1	5	2	1102	#	2022-02-12-08-00-00	2022-02-19-07-59-59	set:game_activity_tab.json image:btn_0_activity_battle	common.activity.tab.1102	#	0	0	0	common.activity.tab.1102	DressSetting_desc_1102	0	战斗狂潮
1103	1	5	2	1103	#	2022-07-02-08-00-00	2022-07-09-07-59-59	set:game_activity_tab.json image:btn_0_activity_fight	common.activity.tab.1103	#	0	0	0	common.activity.tab.1103	DressSetting_desc_1102	0	都市激战
1104	1	5	2	1104	#	2022-08-20-08-00-00	2022-09-03-07-59-59	set:game_activity_tab.json image:btn_0_activity_battle	common.activity.tab.1102	#	0	0	0	common.activity.tab.1102	DressSetting_desc_1102	0	战斗狂潮
1201	1	6	1	1201	#	2021-12-16-08-00-00	2021-12-22-07-59-59	set:game_activity_tab.json image:btn_0_activity_snowshop	common.activity.tab.1201	#	0	0	0	common.activity.tab.1201	DressSetting_desc_1201	0	冰雪商城
1301	1	8	1	1301	#	2021-12-22-08-00-00	2022-01-01-07-59-59	set:game_activity_tab.json image:chb_0_frozen_flip	common.activity.tab.1301	#	0	0	0	common.activity.tab.1301	DressSetting_desc_1301	0	冰雪卡牌
1401	1	9	1	1401	#	2022-02-26-08-00-00	2022-03-05-07-59-59	set:game_activity_tab.json image:btn_0_activity_double_turntable	common.activity.tab.1401	#	0	0	0	common.activity.tab.1401	DressSetting_desc_1401	0	必中轮盘
1402	1	9	2	1402	#	2022-03-26-08-00-00	2022-04-02-07-59-59	set:game_activity_tab.json image:btn_0_activity_wheel_of_fate	common.activity.tab.1402	#	0	0	0	common.activity.tab.1402	DressSetting_desc_1402	0	摇奖机
1403	1	9	3	1403	#	2022-03-19-08-00-00	2022-03-26-07-59-59	set:game_activity_tab.json image:btn_0_activity_warcard	common.activity.tab.1403	#	0	0	0	common.activity.tab.1403	DressSetting_desc_1403	20500	战争卡牌
1404	1	9	1	1404	#	2022-05-14-08-00-00	2022-05-28-07-59-59	set:game_activity_tab.json image:btn_0_activity_double_turntable	common.activity.tab.1401	#	0	0	0	common.activity.tab.1401	DressSetting_desc_1404	0	必中轮盘
1405	1	9	3	1405	#	2022-05-28-08-00-00	2022-06-11-07-59-59	set:game_activity_tab.json image:btn_0_activity_warcard	common.activity.tab.1403	#	0	0	0	common.activity.tab.1403	DressSetting_desc_1403	20513	战争卡牌
1406	1	9	1	1406	#	2022-08-06-08-00-00	2022-08-20-07-59-59	set:game_activity_tab.json image:btn_0_activity_double_turntable	common.activity.tab.1401	#	0	0	0	common.activity.tab.1401	DressSetting_desc_1404	0	必中轮盘
1407	1	9	1	1407	#	2022-10-01-08-00-00	2022-08-20-07-59-59	set:game_activity_tab.json image:btn_0_activity_double_turntable	common.activity.tab.1401	#	0	0	0	common.activity.tab.1401	DressSetting_desc_1404	0	必中轮盘
1408	2	9	3	1408	#	2022-10-15-08-00-00	2022-10-29-07-59-59	set:game_activity_tab.json image:btn_0_activity_warcard	common.activity.tab.1403	#	0	0	0	common.activity.tab.1403	DressSetting_desc_1403	20542	战争卡牌
1501	1	10	1	1501	#	2022-04-01-08-00-00	2022-04-15-07-59-59	set:game_activity_tab.json image:btn_0_activity_warsword	common.activity.tab.1501	#	0	0	0	common.activity.tab.1501	DressSetting_desc_1501	0	战争拼图
1502	1	10	1	1502	#	2022-07-16-08-00-00	2022-07-18-07-59-59	set:game_activity_tab.json image:btn_0_activity_warpuzzle	common.activity.tab.1501	#	0	0	0	common.activity.tab.1501	DressSetting_desc_1502	0	战争拼图
907	5	2	3	907	#	2022-11-01-08-00-00	2022-11-30-07-59-59	set:game_activity_tab.json image:btn_0_activity_lucky_draw	common.activity.tab.901	#	5	907	0	common.activity.tab.901	common.activity.desc.2	11601	幸运抽奖
908	6	2	3	908	#	2022-11-01-08-00-00	2022-11-30-07-59-59	set:game_activity_tab.json image:btn_0_activity_key_draw	common.activity.tab.902	#	4	908	0	common.activity.tab.902	common.activity.desc.2	11702	钥匙抽奖
704	7	3	3	704	#	2022-11-01-08-00-00	2022-11-16-07-59-59	set:game_activity_tab.json image:btn_0_activity_mystery_boxes	common.activity.tab.701	#	0	0	0	common.activity.tab.701	DressSetting_desc_703	0	盲盒
705	4	3	3	705	#	2022-11-23-08-00-00	2022-12-05-07-59-59	set:game_activity_tab.json image:btn_0_activity_boxes	common.activity.tab.705	#	0	0	0	common.activity.tab.705	DressSetting_desc_705	0	拉霸盲盒
706	4	3	3	706	#	2022-11-23-08-00-00	2022-12-05-07-59-59	set:game_activity_tab.json image:btn_0_activity_boxes	common.activity.tab.705	set:game_activity_lobby.json image:btn_0_act_slot_games	0	0	0	common.activity.tab.705	DressSetting_desc_705	0	拉霸盲盒
2001	2	11	1	2001	#	2022-11-01-08-00-00	2022-11-01-08-00-00	set:game_activity_tab.json image:btn_0_activity_chest_challenge	common.activity.tab.2001	#	0	0	0	common.activity.tab.2001	DressSetting_desc_2001	0	宝藏挑战
2002	6	11	1	2002	#	2022-12-01-08-00-00	2022-12-30-07-59-59	set:game_activity_tab.json image:btn_0_activity_chest_challenge	common.activity.tab.2001	set:game_activity_lobby.json image:btn_0_act_slotgame	0	0	0	common.activity.tab.2001	DressSetting_desc_2001	0	宝藏挑战2期
2101	100	12	1	2101	g1046	2022-11-01-08-00-00	2032-11-11-07-59-59	set:game_activity_tab.json image:btn_0_activity_growth	common.activity.tab.2101	#	0	0	0	common.activity.tab.2101	DressSetting_desc_2101	0	成长基金
1021	4	4	7	1021	#	2022-11-11-08-00-00	2022-11-25-07-59-59	set:game_activity_tab.json image:btn_0_activity_Technology_city	common.activity.tab.1021	#	0	0	0	common.activity.tab.1021	score.activity.help.content	20177	科技之城
2201	7	14	1	2201	#	2022-12-02-08-00-00	2022-12-12-07-59-59	set:game_activity_tab.json image:btn_0_activity_armor_buy	common.activity.tab.2201	#	0	0	0	common.activity.tab.2201	DressSetting_desc_2201	0	铠甲直销
909	7	2	3	909	#	2022-12-02-08-00-00	2023-01-01-07-59-59	set:game_activity_tab.json image:btn_0_activity_draw_lucky	common.activity.tab.901	set:game_activity_lobby.json image:btn_0_act_draw_lucky	5	907	0	common.activity.tab.901	common.activity.desc.2	90901	幸运抽奖
910	8	2	3	910	#	2022-12-02-08-00-00	2023-01-01-07-59-59	set:game_activity_tab.json image:btn_0_activity_draw_key	common.activity.tab.902	#	4	908	0	common.activity.tab.902	common.activity.desc.2	91001	钥匙抽奖
2301	5	15	1	2301	#	2022-12-07-08-00-00	2022-12-19-07-59-59	set:game_activity_tab.json image:btn_0_activity_mystery	common.activity.tab.2301	set:game_activity_lobby.json image:btn_0_act_mystery	0	0	0	common.activity.tab.2301	DressSetting_desc_2301	0	神秘商人
2401	6	16	1	2401	#	2022-12-08-08-00-00	2022-12-17-07-59-59	set:game_activity_tab.json image:btn_0_activity_ace_miner	common.activity.tab.2401	set:game_activity_lobby.json image:btn_0_act_ace_miner	0	0	0	common.activity.tab.2401	DressSetting_desc_2401	0	王牌矿工
2501	7	17	1	2501	#	2022-12-07-08-00-00	2022-12-19-07-59-59	set:game_activity_tab.json image:btn_0_activity_consume	common.activity.tab.2501	set:game_activity_lobby.json image:btn_0_act_consume	0	0	0	common.activity.tab.2501	DressSetting_desc_2501	16006	累计消费
1026	4	7	1	1026	#	2022-12-07-08-00-00	2022-12-19-07-59-59	set:game_activity_tab.json image:btn_0_activity_purchase_limits	bed.war.block.shop.title	set:game_activity_lobby.json image:btn_0_act_purchase_limits	0	0	0	bed.war.block.shop.title	bed.war.block.shop.title	0	方块皮肤
2302	2	15	1	2302	#	2022-12-24-08-00-00	2023-01-07-07-59-59	set:game_activity_tab.json image:btn_0_activity_mystery	common.activity.tab.2301	set:game_activity_lobby.json image:btn_0_act_mystery	0	0	0	common.activity.tab.2301	DressSetting_desc_2301	0	神秘商人
1027	4	4	10	1027	#	2022-12-07-08-00-00	2023-01-07-07-59-59	set:game_activity_tab.json image:btn_0_activity_fishing_master	common.activity.tab.1027	set:game_activity_lobby.json image:btn_0_act_fishing_master	0	909	0	common.activity.tab.1027	DressSetting_desc_1027	20571	钓鱼大师(二期)
1028	4	7	3	1028	#	2022-12-07-08-00-00	2023-01-07-07-59-59	set:game_activity_tab.json image:btn_0_activity_block_skin	bed.war.block.shop.title	set:game_activity_lobby.json image:btn_0_act_block_skin	0	0	0	bed.war.block.shop.title	bed.war.block.shop.title	0	方块皮肤(二期)
912	10	2	3	912	#	2022-12-28-08-00-00	2023-02-01-07-59-59	set:game_activity_tab.json image:btn_0_activity_draw_lucky_02	common.activity.tab.901	set:game_activity_lobby.json image:btn_0_act_draw_lucky_02	5	907	0	common.activity.tab.901	common.activity.desc.2	91201	幸运抽奖
913	1	13	1	913	#	2023-01-07-08-00-00	2023-01-28-07-59-59	#	#	set:game_activity_surprise_pack_2.json image:btn_0_gift2	0	0	0	#	#	0	惊喜礼包(二期)
914	9	2	3	914	#	2023-01-07-08-00-00	2023-01-28-07-59-59	set:game_activity_tab.json image:btn_0_activity_draw_lucky_03	common.activity.tab.914	set:game_activity_lobby.json image:btn_0_act_draw_lucky_03	5	907	0	common.activity.tab.914	common.activity.desc.2	91401	幸运抽奖(九尾）
2303	8	15	1	2303	#	2023-01-07-08-00-00	2023-01-28-07-59-59	set:game_activity_tab.json image:btn_0_activity_mystery	common.activity.tab.2301	set:game_activity_lobby.json image:btn_0_act_mystery	0	0	0	common.activity.tab.2301	DressSetting_desc_2301	0	神秘商人
1029	6	7	3	1029	#	2023-01-14-08-00-00	2023-01-28-07-59-59	set:game_activity_tab.json image:btn_0_activity_block_skin_02	bed.war.block.shop.title	set:game_activity_lobby.json image:btn_0_act_block_skin_02	0	0	0	bed.war.block.shop.title	bed.war.block.shop.title	0	方块皮肤(三期)
911	4	18	1	911	#	2023-01-21-08-00-00	2023-02-04-07-59-59	set:game_activity_tab.json image:btn_0_activity_prop_draw	common.activity.tab.911	set:game_activity_lobby.json image:btn_0_act_prop_draw	0	0	0	common.activity.tab.911	DressSetting_desc_911	0	道具转盘(重启)
1030	5	4	10	1030	#	2023-01-13-08-00-00	2023-02-04-07-59-59	set:game_activity_tab.json image:btn_0_activity_fishing_master	common.activity.tab.1027	set:game_activity_lobby.json image:btn_0_act_fishing_master	0	910	0	common.activity.tab.1027	DressSetting_desc_1027	20591	钓鱼大师(三期)
915	3	2	3	915	#	2023-01-21-08-00-00	2023-02-04-07-59-59	set:game_activity_tab.json image:btn_0_activity_draw_lucky_04	common.activity.tab.915	set:game_activity_lobby.json image:btn_0_act_draw_lucky_04	5	907	911	common.activity.tab.915	common.activity.desc.2	91501	幸运抽奖(鸣人）
2402	7	16	1	2402	#	2023-01-14-08-00-00	2023-01-28-07-59-59	set:game_activity_tab.json image:btn_0_activity_ace_miner	common.activity.tab.2401	set:game_activity_lobby.json image:btn_0_act_ace_miner	0	0	0	common.activity.tab.2401	DressSetting_desc_2401	0	王牌矿工
1031	5	7	3	1031	#	2023-01-28-08-00-00	2023-02-11-07-59-59	set:game_activity_tab.json image:btn_0_activity_block_skin_03	bed.war.block.shop.title	set:game_activity_lobby.json image:btn_0_act_block_skin_03	0	0	0	bed.war.block.shop.title	bed.war.block.shop.title	0	方块皮肤(四期)
2304	6	15	1	2304	#	2023-01-28-08-00-00	2023-02-11-07-59-59	set:game_activity_tab.json image:btn_0_activity_mystery	common.activity.tab.2301	set:game_activity_lobby.json image:btn_0_act_mystery	0	0	0	common.activity.tab.2301	DressSetting_desc_2301	0	神秘商人
2403	6	16	1	2403	#	2023-02-04-08-00-00	2023-02-17-07-59-59	set:game_activity_tab.json image:btn_0_activity_ace_miner	common.activity.tab.2401	set:game_activity_lobby.json image:btn_0_act_ace_miner	0	0	0	common.activity.tab.2401	DressSetting_desc_2401	0	王牌矿工
916	7	2	3	916	#	2023-02-04-08-00-00	2023-02-24-07-59-59	set:game_activity_tab.json image:btn_0_activity_draw_key_02	common.activity.tab.916	set:game_activity_lobby.json image:btn_0_act_draw_key_02	4	908	0	common.activity.tab.916	common.activity.desc.2	91601	钥匙抽奖(雪花剑）
917	8	2	3	917	#	2023-02-04-08-00-00	2023-02-24-07-59-59	set:game_activity_tab.json image:btn_0_activity_draw_lucky_05	common.activity.tab.917	set:game_activity_lobby.json image:btn_0_act_draw_lucky_05	6	907	911	common.activity.tab.917	common.activity.desc.2	91701	幸运抽奖(比卡丘）
1202	6	6	1	1202	#	2023-02-11-08-00-00	2023-02-24-07-59-59	set:game_activity_tab.json image:btn_0_activity_magic_shop	common.activity.tab.1202	set:game_activity_lobby.json image:btn_0_act_magic_shop	0	0	0	common.activity.tab.1202	DressSetting_desc_1202	0	折扣超市
1032	7	7	1	1032	#	2023-02-11-08-00-00	2023-02-24-07-59-59	set:game_activity_tab.json image:btn_0_activity_block_skin_04	bed.war.block.shop.title	set:game_activity_lobby.json image:btn_0_act_block_skin_04	0	0	0	bed.war.block.shop.title	bed.war.block.shop.title	0	方块皮肤
707	8	3	4	707	#	2023-02-18-08-00-00	2023-03-03-07-59-59	set:game_activity_tab.json image:btn_0_activity_mystery_boxes	common.activity.tab.701	set:game_activity_lobby.json image:btn_0_act_blind_box_raffle	0	0	0	common.activity.tab.701	DressSetting_desc_703	0	魔法盲盒（旧版+符文）
2003	9	11	1	2003	#	2023-02-18-08-00-00	2023-03-03-07-59-59	set:game_activity_tab.json image:btn_0_activity_chest_challenge	common.activity.tab.2001	set:game_activity_lobby.json image:btn_0_act_slotgame	0	0	0	common.activity.tab.2001	DressSetting_desc_2001	0	宝藏挑战3期
1033	7	7	2	1033	#	2023-02-24-08-00-00	2023-03-11-07-59-59	set:game_activity_tab.json image:btn_0_activity_block_skin_05	bed.war.block.shop.title	set:game_activity_lobby.json image:btn_0_act_block_skin_05	0	0	0	bed.war.block.shop.title	bed.war.block.shop.title	0	方块皮肤(初音）
2601	7	19	1	2601	#	2023-02-24-08-00-00	2023-03-11-07-59-59	set:game_activity_tab.json image:btn_0_activity_mystery	common.activity.tab.2301	set:game_activity_lobby.json image:btn_0_act_mystery	0	0	0	common.activity.tab.2301	DressSetting_desc_2301	0	神秘商人(16格版本）
2502	8	17	1	2502	#	2023-02-24-08-00-00	2023-03-11-07-59-59	set:game_activity_tab.json image:btn_0_activity_consume	common.activity.tab.2501	set:game_activity_lobby.json image:btn_0_act_consume	0	0	0	common.activity.tab.2501	DressSetting_desc_2501	5010059	累计消费(电锯人头盔）
1034	7	4	10	1034	#	2023-03-04-08-00-00	2023-03-18-07-59-59	set:game_activity_tab.json image:btn_0_activity_fishing_master	common.activity.tab.1027	set:game_activity_lobby.json image:btn_0_act_fish	0	912	0	common.activity.tab.1027	DressSetting_desc_1027	7010012	钓鱼大师(四期)
1035	8	4	7	1035	#	2023-03-04-08-00-00	2023-02-18-07-59-59	set:game_activity_tab.json image:btn_0_activity_tech	common.activity.tab.1021	set:game_activity_lobby.json image:btn_0_act_tech	0	0	0	common.activity.tab.1021	score.activity.help.content	1020013	科技之城(diy剑）
918	5	2	3	918	#	2023-03-11-08-00-00	2023-04-01-07-59-59	set:game_activity_tab.json image:btn_0_activity_draw_lucky_06	common.activity.tab.918	set:game_activity_lobby.json image:btn_0_act_draw_lucky_06	6	907	911	common.activity.tab.901	common.activity.desc.2	91801	幸运抽奖(鲨鱼）
1036	6	7	1	1036	#	2023-03-11-08-00-00	2023-03-25-07-59-59	set:game_activity_tab.json image:btn_0_activity_purchase_limits_02	bed.war.block.shop.title	#	0	0	0	bed.war.block.shop.title	bed.war.block.shop.title	0	方块皮肤
1203	3	6	1	1203	#	2023-03-18-08-00-00	2023-04-01-07-59-59	set:game_activity_tab.json image:btn_0_activity_magic_shop	common.activity.tab.1202	set:game_activity_lobby.json image:btn_0_act_magic_shop	0	0	0	common.activity.tab.1202	DressSetting_desc_1202	0	折扣超市
1503	4	10	1	1503	#	2023-03-18-08-00-00	2023-04-01-07-59-59	set:game_activity_tab.json image:btn_0_activity_puzzle	common.activity.tab.1503	set:game_activity_lobby.json image:btn_0_act_puzzle	0	0	0	common.activity.tab.1503	DressSetting_desc_1502	0	战争拼图
2602	2	19	1	2601	#	2023-03-25-08-00-00	2023-04-29-07-59-59	set:game_activity_tab.json image:btn_0_activity_mystery	common.activity.tab.2301	set:game_activity_lobby.json image:btn_0_act_mystery	0	0	0	common.activity.tab.2301	DressSetting_desc_2301	0	神秘商人(16格版本）
919	1	2	3	919	#	2023-03-25-08-00-00	2023-04-29-07-59-59	set:game_activity_tab.json image:btn_0_activity_draw_key_02	item.g1008_sword_91.name	set:game_activity_lobby.json image:btn_0_act_draw_key_02	4	908	0	item.g1008_sword_91.name	common.activity.desc.2	91901	钥匙抽奖(宝库钥匙）
921	6	2	3	921	#	2023-03-11-08-00-00	2023-05-26-07-59-59	set:game_activity_tab.json image:btn_0_activity_consume	common.activity.tab.901	#	6	907	911	common.activity.tab.901	common.activity.desc.2	92101	幸运抽奖(末影龙重开）
1037	12	7	1	1037	#	2023-03-11-08-00-00	2023-06-03-07-59-59	set:game_activity_tab.json image:btn_0_activity_block_skin_06	bed.war.block.shop.title	#	0	0	0	bed.war.block.shop.title	bed.war.block.shop.title	0	方块皮肤
922	9	2	3	922	#	2023-01-21-08-00-00	2023-06-17-07-59-59	set:game_activity_tab.json image:btn_0_activity_draw_lucky_08	common.activity.tab.922	set:game_activity_lobby.json image:btn_0_act_draw_lucky_08	6	907	911	common.activity.tab.922	common.activity.desc.2	92201	幸运抽奖(恶魔宠物）
2503	8	17	1	2503	#	2023-05-11-08-00-00	2023-03-27-07-59-59	set:game_activity_tab.json image:btn_0_activity_consume	common.activity.tab.2501	set:game_activity_lobby.json image:btn_0_act_consume	0	0	0	common.activity.tab.2501	DressSetting_desc_2501	10115	累计消费(精粹）
2102	13	12	2	2102	g1046	2022-11-01-08-00-00	2032-11-11-07-59-59	set:game_activity_tab.json image:btn_0_activity_growth2	common.activity.tab.2102	#	0	10	0	common.activity.tab.2102	DressSetting_desc_2102	0	精粹成长基金
2504	1	21	1	2504	#	2023-05-11-08-00-00	2023-05-27-07-59-59	set:game_activity_tab.json image:btn_0_activity_consume1	common.activity.tab.2504	set:game_activity_lobby.json image:btn_0_act_consume1	0	10	0	common.activity.tab.2504	DressSetting_desc_2504	10115	限时礼包(精粹）
3000	2	20	1	3000	#	2023-01-21-08-00-00	2023-05-27-07-59-59	set:game_activity_tab.json image:btn_0_activity_prop_draw	common.activity.tab.3000	set:game_activity_lobby.json image:btn_0_act_prop_draw	0	10	0	common.activity.tab.3000	DressSetting_desc_3000	0	精粹转盘
1040	10	4	2	1040	#	2022-01-22-08-00-00	2023-06-25-07-59-59	set:game_activity_tab.json image:btn_0_activity_greenforest	common.activity.tab.1040	#	0	0	0	common.activity.tab.1040	DressSetting_desc_1007	3065	免费礼物
2603	11	19	1	2603	#	2023-03-25-08-00-00	2023-06-09-07-59-59	set:game_activity_tab.json image:btn_0_activity_mystery	common.activity.tab.2301	set:game_activity_lobby.json image:btn_0_act_mystery	0	0	0	common.activity.tab.2301	DressSetting_desc_2301	0	神秘商人(16格版本）
2505	15	21	1	2505	#	2023-06-01-08-00-00	2023-06-08-07-59-59	set:game_activity_tab.json image:btn_0_activity_consume1	common.activity.tab.2504	set:game_activity_lobby.json image:btn_0_act_consume1	0	10	0	common.activity.tab.2504	DressSetting_desc_2504	10115	限时礼包(精粹2）
3001	16	20	1	3001	#	2023-06-01-08-00-00	2023-06-08-07-59-59	set:game_activity_tab.json image:btn_0_activity_prop_draw	common.activity.tab.3000	set:game_activity_lobby.json image:btn_0_act_prop_draw	0	10	0	common.activity.tab.3000	DressSetting_desc_3000	0	精粹转盘2
1039	13	4	1	1039	#	2023-06-01-08-00-00	2023-06-22-07-59-59	set:game_activity_tab.json image:btn_0_activity_relaxcity	common.activity.tab.1017	set:game_activity_lobby.json image:btn_0_act_relaxcity	0	0	0	common.activity.tab.1017	score.activity.help.content	1010021	休闲都市
2506	14	21	2	2506	#	2023-06-01-08-00-00	2023-06-08-07-59-59	set:game_activity_tab.json image:btn_0_activity_gift_props	common.activity.tab.2506	set:game_activity_lobby.json image:btn_0_act_gift_props	0	10	0	common.activity.tab.2506	DressSetting_desc_2504	10115	限时礼包(道具）
2507	12	21	2	2507	#	2023-06-01-08-00-00	2023-06-08-07-59-59	set:game_activity_tab.json image:btn_0_activity_gift_pet	common.activity.tab.2507	set:game_activity_lobby.json image:btn_0_act_gift_pet	0	10	0	common.activity.tab.2507	DressSetting_desc_2504	10115	限时礼包(糖果包）
2305	14	15	1	2305	#	2023-06-01-08-00-00	2023-06-10-07-59-59	set:game_activity_tab.json image:btn_0_activity_consume	common.activity.tab.2305	set:game_activity_lobby.json image:btn_0_act_consume	0	0	0	common.activity.tab.2305	common.activity.tab.2305	0	新品折扣
1041	10	7	3	1041	#	2023-01-28-08-00-00	2023-06-17-07-59-59	set:game_activity_tab.json image:btn_0_activity	bed.war.block.shop.title	set:game_activity_lobby.json image:btn_0_act_square_2	0	0	0	bed.war.block.shop.title	bed.war.block.shop.title	0	方块皮肤(豹纹+冰雪背景)
2508	8	21	2	2508	#	2023-06-08-08-00-00	2023-06-15-07-59-59	set:game_activity_tab.json image:btn_0_activity_gift_props	common.activity.tab.2506	set:game_activity_lobby.json image:btn_0_act_gift_props	0	10	0	common.activity.tab.2506	DressSetting_desc_2504	30007	限时礼包(道具）
2509	9	21	2	2509	#	2023-06-08-08-00-00	2023-06-15-07-59-59	set:game_activity_tab.json image:btn_0_activity_gift_pet	common.activity.tab.2507	set:game_activity_lobby.json image:btn_0_act_gift_pet	0	10	0	common.activity.tab.2507	DressSetting_desc_2504	300015	限时礼包(糖果包）
923	9	2	3	923	#	2023-03-25-08-00-00	2023-07-08-07-59-59	set:game_activity_tab.json image:btn_0_activity_draw_key	common.activity.tab.923	set:game_activity_lobby.json image:btn_0_act_draw_key	4	908	0	common.activity.tab.923	common.activity.desc.2	7010009	钥匙抽奖(蝴蝶剪刀）
924	8	2	3	924	#	2023-01-21-08-00-00	2023-07-08-07-59-59	set:game_activity_tab.json image:btn_0_activity_draw_armor	common.activity.tab.924	set:game_activity_lobby.json image:btn_0_act_draw_armor	6	907	911	common.activity.tab.924	common.activity.desc.2	91940	幸运抽奖(恶魔铠甲）
2306	6	15	1	2306	#	2023-06-01-08-00-00	2023-06-17-07-59-59	set:game_activity_tab.json image:btn_0_activity_consume	common.activity.tab.2305	set:game_activity_lobby.json image:btn_0_act_consume	0	0	0	common.activity.tab.2305	common.activity.tab.2305	0	新品折扣新播报
2510	4	21	1	2510	#	2023-06-01-08-00-00	2023-06-19-07-59-59	set:game_activity_tab.json image:btn_0_activity_consume1	common.activity.tab.2504	set:game_activity_lobby.json image:btn_0_act_consume1	0	10	0	common.activity.tab.2504	DressSetting_desc_2504	10115	限时礼包(精粹3）
925	7	2	3	925	#	2023-06-17-08-00-00	2023-06-24-07-59-59	set:game_activity_tab.json image:btn_0_activity_lucky_draw	common.activity.tab.925	set:game_activity_lobby.json image:btn_0_act_lucky_draw	6	907	911	common.activity.tab.925	common.activity.desc.2	3064	幸运抽奖(甲虫鬼助）
708	8	3	4	708	#	2023-06-17-08-00-00	2023-06-24-07-59-59	set:game_activity_tab.json image:btn_0_activity_mystery_boxes	common.activity.tab.701	set:game_activity_lobby.json image:btn_0_act_mystery_boxes	0	0	0	common.activity.tab.701	DressSetting_desc_703	0	魔法盲盒（旧版+新符文）
1042	7	7	1	1042	#	2023-06-17-08-00-00	2023-06-24-07-59-59	set:game_activity_tab.json image:btn_0_actvity_blockskin	bed.war.block.shop.title	set:game_activity_lobby.json image:btn_0_act_blockskin	0	0	0	bed.war.block.shop.title	bed.war.block.shop.title	0	方块皮肤
1504	6	10	1	1504	#	2023-06-24-08-00-00	2023-07-01-07-59-59	set:game_activity_tab.json image:btn_0_activity_puzzle	common.activity.tab.1503	set:game_activity_lobby.json image:btn_0_act_puzzle	0	0	917#918	common.activity.tab.1503	DressSetting_desc_1502	0	战争拼图-机械龙
2307	4	15	1	2307	#	2023-06-24-08-00-00	2023-07-01-07-59-59	set:game_activity_tab.json image:btn_0_activity_consume	common.activity.tab.2305	set:game_activity_lobby.json image:btn_0_act_consume	0	0	0	common.activity.tab.2305	common.activity.tab.2305	0	新品折扣-高达头盔
2511	5	21	1	2511	#	2023-06-24-08-00-00	2023-07-01-07-59-59	set:game_activity_tab.json image:btn_0_activity_consume1	common.activity.tab.2504	set:game_activity_lobby.json image:btn_0_act_consume1	0	10	0	common.activity.tab.2504	DressSetting_desc_2504	10115	限时礼包(精粹4）
2604	8	19	1	2604	#	2023-03-25-08-00-00	2023-07-21-07-59-59	set:game_activity_tab.json image:btn_0_activity_mystery	common.activity.tab.2301	set:game_activity_lobby.json image:btn_0_act_mystery	0	0	0	common.activity.tab.2301	DressSetting_desc_2301	0	神秘商人(16格版本）
1043	9	4	2	1043	#	2023-07-07-08-00-00	2023-08-04-07-59-59	set:game_activity_tab.json image:btn_0_activity_greenforest	common.activity.tab.1040	#	0	0	0	common.activity.tab.1040	DressSetting_desc_1007	3065	免费礼物
2512	1	21	1	2512	#	2023-07-06-08-00-00	2023-07-15-07-59-59	set:game_activity_tab.json image:btn_0_activity_consume1	common.activity.tab.2504	set:game_activity_lobby.json image:btn_0_act_consume1	0	10	0	common.activity.tab.2504	DressSetting_desc_2504	10115	限时礼包(精粹4）
1044	3	7	1	1044	#	2023-07-07-08-00-00	2023-07-15-07-59-59	set:game_activity_tab.json image:btn_0_actvity_blockskin	bed.war.block.shop.title	set:game_activity_lobby.json image:btn_0_act_blockskin	0	0	0	bed.war.block.shop.title	bed.war.block.shop.title	0	方块皮肤-羊毛plus
926	6	2	3	926	#	2023-06-17-08-00-00	2023-08-09-07-59-59	set:game_activity_tab.json image:btn_0_activity_lucky_draw	common.activity.tab.926	#	6	907	911	common.activity.tab.926	common.activity.desc.2	3069	幸运抽奖(星野爱）
2513	7	21	1	2513	#	2023-07-15-08-00-00	2023-07-22-07-59-59	set:game_activity_tab.json image:btn_0_activity_consume1	common.activity.tab.2504	set:game_activity_lobby.json image:btn_0_act_consume1	0	10	0	common.activity.tab.2504	DressSetting_desc_2504	10115	限时礼包(精粹5）
1045	2	7	2	1045	#	2023-07-21-08-00-00	2023-07-29-07-59-59	set:game_activity_tab.json image:btn_0_actvity_blockskin	bed.war.block.shop.title	set:game_activity_lobby.json image:btn_0_act_square_2	0	0	0	bed.war.block.shop.title	bed.war.block.shop.title	0	方块皮肤(发光虎毛）
2514	3	22	1	2514	#	2023-07-21-08-00-00	2023-07-29-07-59-59	set:game_activity_tab.json image:btn_0_activity_gift_optional	common.activity.tab.2514	set:game_activity_lobby.json image:btn_0_act_gift_optional	0	10	0	common.activity.tab.2514	DressSetting_desc_2504	10115	自选礼包
2605	7	19	1	2605	#	2023-07-21-08-00-00	2023-08-19-07-59-59	set:game_activity_tab.json image:btn_0_activity_mystery	common.activity.tab.2301	#	0	0	0	common.activity.tab.2301	DressSetting_desc_2301	0	神秘商人(16格版本）
927	2	2	3	927	#	2023-07-21-08-00-00	2023-08-05-07-59-59	set:game_activity_tab.json image:btn_0_activity_draw_armor	common.activity.tab.927	#	6	907	911	common.activity.tab.927	common.activity.desc.2	6030008	幸运抽奖(7.21金恶魔）
2515	5	21	1	2515	#	2023-07-22-08-00-00	2023-07-29-07-59-59	set:game_activity_tab.json image:btn_0_activity_consume1	common.activity.tab.2504	set:game_activity_lobby.json image:btn_0_act_consume1	0	10	0	common.activity.tab.2504	DressSetting_desc_2504	10115	限时礼包(精粹5）
709	3	3	4	709	#	2023-06-17-08-00-00	2023-08-05-07-59-59	set:game_activity_tab.json image:btn_0_activity_mystery_boxes	common.activity.tab.701	#	0	0	0	common.activity.tab.701	DressSetting_desc_703	0	魔法盲盒（旧版+新符文）
928	1	13	1	928	#	2023-01-07-08-00-00	2023-08-02-07-59-59	#	#	set:game_activity_surprise_pack_2.json image:btn_0_gift2	0	0	0	#	#	0	惊喜礼包(新手专用)
2516	5	21	1	2516	#	2023-07-29-08-00-00	2023-08-05-07-59-59	set:game_activity_tab.json image:btn_0_activity_consume1	common.activity.tab.2504	set:game_activity_lobby.json image:btn_0_act_consume1	0	10	0	common.activity.tab.2504	DressSetting_desc_2504	10115	限时礼包(精粹6）
929	1	2	3	929	#	2023-08-05-08-00-00	2023-08-12-07-59-59	set:game_activity_tab.json image:btn_0_activity_lucky_draw_ichigo	common.activity.tab.929	#	6	907	911	common.activity.tab.929	common.activity.desc.2	3071	幸运抽奖(黑崎一护）
2517	4	21	1	2517	#	2023-08-05-08-00-00	2023-08-12-07-59-59	set:game_activity_tab.json image:btn_0_activity_consume1	common.activity.tab.2504	set:game_activity_lobby.json image:btn_0_act_consume1	0	10	0	common.activity.tab.2504	DressSetting_desc_2504	10115	限时礼包(精粹7）
1046	4	23	1	1046	#	2023-08-07-08-00-00	2023-08-30-07-59-59	set:game_activity_tab.json image:btn_0_activity_free_gift	common.activity.tab.1046	#	0	0	0	common.activity.tab.1046	common.activity.desc.1046	0	免费礼物
2308	3	15	1	2308	#	2023-08-07-08-00-00	2023-08-16-07-59-59	set:game_activity_tab.json image:btn_0_activity_consume	common.activity.tab.2305	set:game_activity_lobby.json image:btn_0_act_mystery2	0	0	0	common.activity.tab.2305	common.activity.tab.2305	0	新品折扣黑狼镐
2518	4	21	1	2518	#	2023-08-12-08-00-00	2023-08-19-07-59-59	set:game_activity_tab.json image:btn_0_activity_consume1	common.activity.tab.2504	set:game_activity_lobby.json image:btn_0_act_consume1	0	10	0	common.activity.tab.2504	DressSetting_desc_2504	10115	限时礼包(精粹8）
2519	4	21	1	2519	#	2023-08-19-08-00-00	2023-08-26-07-59-59	set:game_activity_tab.json image:btn_0_activity_consume1	common.activity.tab.2504	set:game_activity_lobby.json image:btn_0_act_consume1	0	10	0	common.activity.tab.2504	DressSetting_desc_2504	10115	限时礼包(精粹9）
2520	4	21	1	2520	#	2023-08-26-08-00-00	2023-09-02-07-59-59	set:game_activity_tab.json image:btn_0_activity_consume1	common.activity.tab.2504	set:game_activity_lobby.json image:btn_0_act_consume1	0	10	0	common.activity.tab.2504	DressSetting_desc_2504	10115	限时礼包(精粹10）
930	5	2	3	930	#	2023-08-05-08-00-00	2023-08-19-07-59-59	set:game_activity_tab.json image:btn_0_activity_draw_angel	common.activity.tab.930	set:game_activity_lobby.json image:btn_0_activity_draw_angel2	6	907	911	common.activity.tab.930	common.activity.desc.2	3073	幸运抽奖(天使）
2521	6	22	1	2521	#	2023-07-21-08-00-00	2023-08-18-07-59-59	set:game_activity_tab.json image:btn_0_activity_gift_optional	common.activity.tab.2514	set:game_activity_lobby.json image:btn_0_act_gift_optional	0	10	0	common.activity.tab.2514	DressSetting_desc_2504	10115	自选礼包
931	1	2	3	931	#	2023-08-19-08-00-00	2023-08-26-07-59-59	set:game_activity_tab.json image:btn_0_activity_draw_dragon	common.activity.tab.931	set:game_activity_lobby.json image:btn_0_activity_draw_dragon2	6	907	911	common.activity.tab.931	common.activity.desc.2	3072	幸运抽奖(魔龙灾祸）
1047	2	7	2	1047	#	2023-07-21-08-00-00	2023-08-26-07-59-59	set:game_activity_tab.json image:btn_0_activity_square	bed.war.block.shop.title	set:game_activity_lobby.json image:btn_0_act_square	0	0	0	bed.war.block.shop.title	bed.war.block.shop.title	0	方块皮肤(琥珀）
2606	3	19	1	2606	#	2023-08-19-08-00-00	2023-09-23-07-59-59	set:game_activity_tab.json image:btn_0_activity_mystery	common.activity.tab.2301	set:game_activity_lobby.json image:btn_0_act_mystery	0	0	0	common.activity.tab.2301	DressSetting_desc_2301	0	神秘商人(16格版本）
710	1	3	3	710	#	2023-08-26-08-00-00	2023-09-02-07-59-59	set:game_activity_tab.json image:btn_0_activity_draw_raba	common.activity.tab.705	set:game_activity_lobby.json image:btn_0_activity_draw_raba2	0	0	0	common.activity.tab.705	DressSetting_desc_705	0	拉霸盲盒
932	2	2	3	932	#	2023-08-26-08-00-00	2023-09-02-07-59-59	set:game_activity_tab.json image:btn_0_activity_draw_key	common.activity.tab.932	set:game_activity_lobby.json image:btn_0_act_draw_key	4	908	0	common.activity.tab.932	common.activity.desc.2	7010013	钥匙抽奖(紫·初号剪刀）
2522	4	21	1	2522	#	2023-09-02-08-00-00	2023-09-09-07-59-59	set:game_activity_tab.json image:btn_0_activity_consume1	common.activity.tab.2504	set:game_activity_lobby.json image:btn_0_act_consume1	0	10	0	common.activity.tab.25041	DressSetting_desc_2504	10115	限时礼包(精粹11）
2523	4	21	1	2523	#	2023-09-09-08-00-00	2023-09-16-07-59-59	set:game_activity_tab.json image:btn_0_activity_consume1	common.activity.tab.2504	set:game_activity_lobby.json image:btn_0_act_consume1	0	10	0	common.activity.tab.25042	DressSetting_desc_2504	10115	限时礼包(精粹12）
2524	4	21	1	2524	#	2023-09-16-08-00-00	2023-09-23-07-59-59	set:game_activity_tab.json image:btn_0_activity_consume1	common.activity.tab.2504	set:game_activity_lobby.json image:btn_0_act_consume1	0	10	0	common.activity.tab.25043	DressSetting_desc_2504	10115	限时礼包(精粹13）
2525	1	21	2	2525	#	2023-09-01-08-00-00	2023-09-07-07-59-59	set:game_activity_tab.json image:btn_0_activity_gift_props	common.activity.tab.2506	set:game_activity_lobby.json image:btn_0_act_gift_props	0	10	0	common.activity.tab.2506	DressSetting_desc_2504	30007	限时礼包（新符文）
1048	2	7	2	1048	#	2023-09-01-08-00-00	2023-09-07-07-59-59	set:game_activity_tab.json image:btn_0_activity_square	bed.war.block.shop.title	set:game_activity_lobby.json image:btn_0_act_square	0	0	0	bed.war.block.shop.title	bed.war.block.shop.title	0	方块皮肤(寿司坦克）
1049	5	23	1	1049	#	2023-08-07-08-00-00	2023-11-11-07-59-59	set:game_activity_tab.json image:btn_0_activity_free_gift	common.activity.tab.1046	#	0	0	0	common.activity.tab.1046	common.activity.desc.1046	0	解密大厅免费礼物
933	1	2	3	933	#	2023-08-19-08-00-00	2023-08-16-07-59-59	set:game_activity_tab.json image:btn_0_activity_draw_dragon	CustomShopGoods_Name_9001	set:game_activity_lobby.json image:btn_0_activity_draw_dragon2	6	907	911	CustomShopGoods_Name_9001	common.activity.desc.2	3072	幸运抽奖(烈焰马坐骑）
1050	7	4	10	1050	#	2023-03-04-08-00-00	2023-09-29-07-59-59	set:game_activity_tab.json image:btn_0_activity_draw_fishing	common.activity.tab.1027	#	0	913	0	common.activity.tab.1027	DressSetting_desc_1027	1010022	钓鱼大师(四期)
3002	16	20	1	3002	#	2023-06-01-08-00-00	2023-09-15-07-59-59	set:game_activity_tab.json image:btn_0_activity_prop_draw	common.activity.tab.3002	set:game_activity_lobby.json image:btn_0_act_prop_draw	0	10	0	common.activity.tab.3002	DressSetting_desc_3002	0	精粹转盘2
934	6	2	3	934	#	2023-08-19-08-00-00	2023-09-23-07-59-59	set:game_activity_tab.json image:btn_0_activity_draw_fox	common.activity.tab.934	#	6	907	911	common.activity.tab.934	common.activity.desc.2	3075	幸运抽奖(龙狐）
2526	4	21	1	2526	#	2023-09-23-08-00-00	2023-09-30-07-59-59	set:game_activity_tab.json image:btn_0_activity_consume1	common.activity.tab.2504	set:game_activity_lobby.json image:btn_0_act_consume1	0	10	0	common.activity.tab.25041	DressSetting_desc_2504	10115	限时礼包(精粹14）
2527	4	21	1	2527	#	2023-09-30-08-00-00	2023-10-07-07-59-59	set:game_activity_tab.json image:btn_0_activity_consume1	common.activity.tab.2504	set:game_activity_lobby.json image:btn_0_act_consume1	0	10	0	common.activity.tab.25042	DressSetting_desc_2504	10115	限时礼包(精粹15）
2528	4	21	1	2528	#	2023-10-07-08-00-00	2023-10-14-07-59-59	set:game_activity_tab.json image:btn_0_activity_consume1	common.activity.tab.2504	set:game_activity_lobby.json image:btn_0_act_consume1	0	10	0	common.activity.tab.2504	DressSetting_desc_2504	10115	限时礼包(精粹16）
3003	1	20	1	3003	#	2023-09-01-08-00-00	2023-09-30-07-59-59	set:game_activity_tab.json image:btn_0_activity_prop_draw	common.activity.tab.3002	set:game_activity_lobby.json image:btn_0_act_prop_draw	0	10	0	common.activity.tab.3002	DressSetting_desc_3002	0	精粹转盘3
1051	2	7	2	1051	#	2023-09-01-08-00-00	2023-09-30-07-59-59	set:game_activity_tab.json image:btn_0_activity_square	bed.war.block.shop.title	set:game_activity_lobby.json image:btn_0_act_square	0	0	0	bed.war.block.shop.title	bed.war.block.shop.title	0	方块皮肤(猫）
2529	3	22	1	2529	#	2023-09-01-08-00-00	2023-09-30-07-59-59	set:game_activity_tab.json image:btn_0_activity_gift_optional	common.activity.tab.2514	set:game_activity_lobby.json image:btn_0_act_gift_optional	0	10	0	common.activity.tab.2514	DressSetting_desc_2504	10115	自选礼包
2607	5	19	1	2607	#	2023-09-23-08-00-00	2023-10-14-07-59-59	set:game_activity_tab.json image:btn_0_activity_mystery	common.activity.tab.2301	#	0	0	0	common.activity.tab.2301	DressSetting_desc_2301	0	神秘商人(16格版本）
935	1	2	3	935	#	2023-10-06-08-00-00	2023-10-13-07-59-59	set:game_activity_tab.json image:btn_0_activity_draw_fox	common.activity.tab.935	set:game_activity_lobby.json image:btn_0_activity_draw_fox	6	907	911	common.activity.tab.935	common.activity.desc.2	3076	幸运抽奖(机械兔子）
1052	3	4	7	1052	#	2023-09-29-08-00-00	2023-10-20-07-59-59	set:game_activity_tab.json image:btn_0_activity_tech	common.activity.tab.1021	set:game_activity_lobby.json image:btn_0_act_tech	0	0	0	common.activity.tab.1021	score.activity.help.content	1020025	科技之城(银针铁剑）
3004	2	20	1	3004	#	2023-10-06-08-00-00	2023-10-13-07-59-59	set:game_activity_tab.json image:btn_0_activity_prop_draw	common.activity.tab.3004	set:game_activity_lobby.json image:btn_0_act_prop_draw	0	10	0	common.activity.tab.3004	DressSetting_desc_3002	0	武器转盘
2530	4	21	1	2530	#	2023-10-14-08-00-00	2023-10-21-07-59-59	set:game_activity_tab.json image:btn_0_activity_consume1	common.activity.tab.2504	set:game_activity_lobby.json image:btn_0_act_consume1	0	10	0	common.activity.tab.25041	DressSetting_desc_2504	10115	限时礼包(精粹17）
2531	4	21	1	2531	#	2023-10-21-08-00-00	2023-10-28-07-59-59	set:game_activity_tab.json image:btn_0_activity_consume1	common.activity.tab.2504	set:game_activity_lobby.json image:btn_0_act_consume1	0	10	0	common.activity.tab.25042	DressSetting_desc_2504	10115	限时礼包(精粹18）
2532	4	21	1	2532	#	2023-11-04-08-00-00	2023-11-11-07-59-59	set:game_activity_tab.json image:btn_0_activity_consume1	common.activity.tab.2504	set:game_activity_lobby.json image:btn_0_act_consume1	0	10	0	common.activity.tab.25043	DressSetting_desc_2504	10115	限时礼包(精粹19）
2608	5	19	1	2608	#	2023-10-14-08-00-00	2023-10-28-07-59-59	set:game_activity_tab.json image:btn_0_activity_mystery	common.activity.tab.2301	set:game_activity_lobby.json image:btn_0_act_mystery	0	0	0	common.activity.tab.2301	DressSetting_desc_2301	0	神秘商人(16格版本）
2533	12	21	2	2533	g1008#g1046#g1061#g1062#g1065	2023-10-13-08-00-00	2023-10-21-07-59-59	set:game_activity_tab.json image:btn_0_activity_gift_pet	common.activity.tab.2507	set:game_activity_lobby.json image:btn_0_act_gift_pet	0	10	0	common.activity.tab.2507	DressSetting_desc_2504	10115	限时礼包(糖果包）
711	1	3	3	711	#	2023-10-13-08-00-00	2023-10-21-07-59-59	set:game_activity_tab.json image:btn_0_activity_draw_raba	common.activity.tab.705	set:game_activity_lobby.json image:btn_0_activity_draw_raba2	0	0	0	common.activity.tab.705	DressSetting_desc_705	0	拉霸盲盒
937	3	2	3	937	#	2023-10-13-08-00-00	2023-10-28-07-59-59	set:game_activity_tab.json image:btn_0_activity_draw_knight	BedWarStore_Lottery	set:game_activity_lobby.json image:btn_0_activity_draw_knight	4	908	0	BedWarStore_Lottery	common.activity.desc.2	3052	钥匙抽奖(影子骑士）
938	1	2	3	938	#	2023-10-21-08-00-00	2023-10-28-07-59-59	set:game_activity_tab.json image:btn_0_activity_draw_fox	common.activity.tab.938	set:game_activity_lobby.json image:btn_0_activity_draw_fox	6	907	911	common.activity.tab.938	common.activity.desc.2	6010107	幸运抽奖(宫廷骑士）
1053	2	7	3	1053	#	2023-10-21-08-00-00	2023-10-28-07-59-59	set:game_activity_tab.json image:btn_0_activity_square	bed.war.block.shop.title	set:game_activity_lobby.json image:btn_0_act_square	0	0	0	bed.war.block.shop.title	bed.war.block.shop.title	0	方块皮肤(人族城墙）
2534	3	21	2	2534	#	2023-10-28-08-00-00	2023-11-04-07-59-59	set:game_activity_tab.json image:btn_0_activity_consume2	common.activity.tab.2534	set:game_activity_lobby.json image:btn_0_act_consume2	0	10	0	common.activity.tab.2534_1	DressSetting_desc_2504	10115	限时礼包(道具）
1054	2	4	10	1054	#	2023-10-27-08-00-00	2023-11-24-07-59-59	set:game_activity_tab.json image:btn_0_activity_draw_fishing	common.activity.tab.1027	set:game_activity_lobby.json image:btn_0_activity_draw_fishing2	0	914	0	common.activity.tab.1027	DressSetting_desc_1027	1010022	钓鱼大师(新)
939	1	2	3	939	#	2023-10-28-08-00-00	2023-11-04-07-59-59	set:game_activity_tab.json image:btn_0_activity_draw_flame_machine_violence	common.activity.tab.939	set:game_activity_lobby.json image:btn_0_activity_draw_flame_machine_violence2	6	907	911	common.activity.tab.939	common.activity.desc.2	9003	幸运抽奖(暴龙坐骑）
2609	4	19	1	2609	#	2023-10-28-08-00-00	2023-11-11-07-59-59	set:game_activity_tab.json image:btn_0_activity_mystery	common.activity.tab.2301	#	0	0	0	common.activity.tab.2609	DressSetting_desc_2301	0	神秘商人(16格版本）
3005	1	20	1	3005	#	2023-11-04-08-00-00	2023-11-11-07-59-59	set:game_activity_tab.json image:btn_0_activity_prop_draw	common.activity.tab.3004	set:game_activity_lobby.json image:btn_0_act_prop_draw	0	10	0	common.activity.tab.3004	DressSetting_desc_3002	0	武器转盘
2535	2	21	2	2535	g1008#g1046#g1061#g1062#g1065	2023-11-04-08-00-00	2023-11-11-07-59-59	set:game_activity_tab.json image:btn_0_activity_gift_pet	common.activity.tab.2535	set:game_activity_lobby.json image:btn_0_act_gift_pet	0	10	0	common.activity.tab.25041	DressSetting_desc_2504	10115	限时礼包(糖果包）
805	1	1	2	805	#	2023-11-11-08-00-00	2023-11-18-07-59-59	#	common.activity.tab.805	#	0	0	0	common.activity.tab.802	common.activity.desc.1	0	双倍转盘
712	3	3	4	712	#	2023-11-11-08-00-00	2023-11-18-07-59-59	set:game_activity_tab.json image:btn_0_activity_mystery_boxes	common.activity.tab.701	set:game_activity_lobby.json image:btn_0_act_mystery_boxes2	0	0	0	common.activity.tab.701	DressSetting_desc_703	0	魔法盲盒（旧版+新符文）
2610	4	19	1	2610	#	2023-11-11-08-00-00	2023-12-01-07-59-59	set:game_activity_tab.json image:btn_0_activity_mystery	common.activity.tab.2301	set:game_activity_lobby.json image:btn_0_act_mystery	0	0	0	common.activity.tab.2301	DressSetting_desc_2301	0	神秘商人(16格版本）
2536	4	21	1	2536	#	2023-11-11-08-00-00	2023-11-18-07-59-59	set:game_activity_tab.json image:btn_0_activity_consume1	common.activity.tab.2504	set:game_activity_lobby.json image:btn_0_act_consume1	0	10	0	common.activity.tab.25042	DressSetting_desc_2504	10115	限时礼包(精粹19）
1055	2	7	3	1055	#	2023-11-18-08-00-00	2023-11-25-07-59-59	set:game_activity_tab.json image:btn_0_activity_square	bed.war.block.shop.title	set:game_activity_lobby.json image:btn_0_act_square	0	0	0	bed.war.block.shop.title	bed.war.block.shop.title	0	方块皮肤(玉米）
1204	3	6	1	1204	#	2023-11-18-08-00-00	2023-11-25-07-59-59	set:game_activity_tab.json image:btn_0_activity_magic_shop	common.activity.tab.1202	#	0	0	0	common.activity.tab.1202	DressSetting_desc_1202	0	折扣超市
1409	3	9	1	1409	#	2023-11-25-08-00-00	2023-12-16-07-59-59	set:game_activity_tab.json image:btn_0_activity_prop_draw	common.activity.tab.1401	set:game_activity_lobby.json image:btn_0_act_prop_draw	0	0	0	common.activity.tab.1401	DressSetting_desc_1404	0	必中轮盘
940	1	2	4	940	#	2023-11-25-08-00-00	2023-12-16-07-59-59	set:game_activity_tab.json image:btn_0_activity_draw_flame_machine_violence	common.activity.tab.940	set:game_activity_lobby.json image:btn_0_activity_draw_flame_machine_violence2	0	915	0	common.activity.tab.940	common.activity.desc.2	6040109	限定抽奖(武士铠甲）
2537	4	21	1	2537	#	2023-11-24-08-00-00	2023-12-01-07-59-59	set:game_activity_tab.json image:btn_0_activity_consume1	common.activity.tab.2504	set:game_activity_lobby.json image:btn_0_act_consume1	0	10	0	common.activity.tab.25043	DressSetting_desc_2504	10115	限时礼包(精粹19）
2538	2	21	2	2538	#	2023-11-24-08-00-00	2023-12-01-07-59-59	set:game_activity_tab.json image:btn_0_activity_gift_pet	common.activity.tab.2538	set:game_activity_lobby.json image:btn_0_act_gift_pet	0	10	0	common.activity.tab.2538_1	DressSetting_desc_2504	3054	限时礼包(黑五宠物）
2539	3	21	1	2539	#	2023-12-01-08-00-00	2023-12-08-07-59-59	set:game_activity_tab.json image:btn_0_activity_consume1	common.activity.tab.2504	set:game_activity_lobby.json image:btn_0_act_consume1	0	10	0	common.activity.tab.25042	DressSetting_desc_2504	10115	限时礼包(精粹18）
2611	4	19	1	2609	#	2023-12-01-08-00-00	2023-12-30-07-59-59	set:game_activity_tab.json image:btn_0_activity_mystery	common.activity.tab.2301	#	0	0	0	common.activity.tab.2609	DressSetting_desc_2301	0	神秘商人(16格版本）
2540	2	22	1	2540	#	2023-12-01-08-00-00	2023-12-08-07-59-59	set:game_activity_tab.json image:btn_0_activity_gift_optional	common.activity.tab.2514	set:game_activity_lobby.json image:btn_0_act_gift_optional	0	10	0	common.activity.tab.2514	DressSetting_desc_2504	10115	自选礼包
713	1	3	3	713	#	2023-12-08-08-00-00	2023-12-08-07-59-59	set:game_activity_tab.json image:btn_0_activity_draw_raba	common.activity.tab.705	set:game_activity_lobby.json image:btn_0_activity_draw_raba2	0	0	0	common.activity.tab.705	DressSetting_desc_705	0	拉霸盲盒
3006	2	20	1	3006	#	2023-12-08-08-00-00	2023-12-15-07-59-59	set:game_activity_tab.json image:btn_0_activity_turntable	common.activity.tab.3004	set:game_activity_lobby.json image:btn_0_activity_turntable	0	10	0	common.activity.tab.3004	DressSetting_desc_3002	0	武器转盘
2541	4	21	1	2541	#	2023-12-08-08-00-00	2023-12-15-07-59-59	set:game_activity_tab.json image:btn_0_activity_consume1	common.activity.tab.2504	set:game_activity_lobby.json image:btn_0_act_consume1	0	10	0	common.activity.tab.25043	DressSetting_desc_2504	10115	限时礼包(精粹19）
2542	4	21	1	2542	#	2023-12-15-08-00-00	2023-12-22-07-59-59	set:game_activity_tab.json image:btn_0_activity_consume1	common.activity.tab.2504	set:game_activity_lobby.json image:btn_0_act_consume1	0	10	0	common.activity.tab.25042	DressSetting_desc_2504	10115	限时礼包(精粹19）
1056	2	7	3	1056	#	2023-12-15-08-00-00	2023-12-22-07-59-59	set:game_activity_tab.json image:btn_0_activity_square	bed.war.block.shop.title	set:game_activity_lobby.json image:btn_0_act_square	0	0	0	bed.war.block.shop.title	bed.war.block.shop.title	0	方块皮肤(爆米花）
2543	2	21	2	2543	#	2023-12-15-08-00-00	2023-12-22-07-59-59	set:game_activity_tab.json image:btn_0_activity_gift_pet	common.activity.tab.2535	set:game_activity_lobby.json image:btn_0_act_gift_pet	0	10	0	common.activity.tab.25041	DressSetting_desc_2504	10115	限时礼包(糖果包）
1057	1	4	6	1057	#	2023-12-15-08-00-00	2023-12-29-07-59-59	set:game_activity_tab.json image:btn_0_activity	common.activity.tab.1009	set:game_activity_lobby.json image:img_0_tab	0	0	0	common.activity.tab.1009	DressSetting_desc_1009	20523	派对游戏
941	1	2	3	941	#	2023-10-21-08-00-00	2024-01-06-07-59-59	set:game_activity_tab.json image:btn_0_activity_draw_flame_christmas	common.activity.tab.941	set:game_activity_lobby.json image:btn_0_activity_draw_flame_christmas2	6	907	911	common.activity.tab.941	common.activity.desc.2	6020010	幸运抽奖(圣诞摩托）
2545	4	21	1	2545	#	2023-12-22-08-00-00	2023-12-29-07-59-59	set:game_activity_tab.json image:btn_0_activity_consume1	common.activity.tab.2504	set:game_activity_lobby.json image:btn_0_act_consume1	0	10	0	common.activity.tab.2504	DressSetting_desc_2504	10115	限时礼包(精粹19）
2546	4	21	1	2546	#	2023-12-29-08-00-00	2024-01-05-07-59-59	set:game_activity_tab.json image:btn_0_activity_consume1	common.activity.tab.2504	set:game_activity_lobby.json image:btn_0_act_consume1	0	10	0	common.activity.tab.25043	DressSetting_desc_2504	10115	限时礼包(精粹19）
1058	3	23	1	1058	#	2023-12-18-08-00-00	2024-01-05-07-59-59	set:game_activity_tab.json image:btn_0_activity_free_gift	common.activity.tab.1046	#	0	0	0	common.activity.tab.1046	common.activity.desc.1046	0	解密大厅免费礼物
1059	2	4	10	1059	#	2023-10-27-08-00-00	2024-01-19-07-59-59	set:game_activity_tab.json image:btn_0_activity_draw_fishing	common.activity.tab.1027	set:game_activity_lobby.json image:btn_0_activity_draw_fishing2	0	916	0	common.activity.tab.1027	DressSetting_desc_1027	1010022	钓鱼大师(新)
1060	2	7	3	1060	#	2023-12-15-08-00-00	2024-01-12-07-59-59	set:game_activity_tab.json image:btn_0_activity_square	bed.war.block.shop.title	set:game_activity_lobby.json image:btn_0_act_square	0	0	0	bed.war.block.shop.title	bed.war.block.shop.title	0	方块皮肤(网球）
1505	1	10	1	1505	#	2024-01-11-08-00-00	2024-01-26-07-59-59	set:game_activity_tab.json image:btn_0_activity_puzzle	common.activity.tab.1505	set:game_activity_lobby.json image:btn_0_act_puzzle	0	0	917#918	common.activity.tab.1505	DressSetting_desc_1502	0	战争拼图-机械龙
1701	2	24	1	1701	#	2024-01-11-08-00-00	2024-01-26-07-59-59	set:game_activity_tab.json image:btn_activity_h19	common.activity.tab.1701	set:game_activity_lobby.json image:btn_act_h19	0	0	0	common.activity.tab.1701	common.activity.desc.2	0	号角回溯(S29）
2547	4	21	1	2547	#	2024-01-11-08-00-00	2024-01-18-08-00-00	set:game_activity_tab.json image:btn_0_activity_consume1	common.activity.tab.2504	set:game_activity_lobby.json image:btn_0_act_consume1	0	10	0	common.activity.tab.25043	DressSetting_desc_2504	10115	限时礼包(精粹19）
806	1	9	4	806	#	2023-11-11-08-00-00	2024-02-02-08-00-00	set:game_activity_tab.json image:btn_activity_weapon_tap	common.activity.tab.806	set:game_activity_lobby.json image:btn_activity_weapon_lobby	0	0	0	common.activity.tab.806	common.activity.desc.1	0	武器抽奖-宫廷
1702	2	24	1	1702	#	2024-01-26-08-00-00	2024-02-09-07-59-59	set:game_activity_tab.json image:btn_activity_h30	common.activity.tab.1702	set:game_activity_lobby.json image:btn_act_h30	0	0	0	common.activity.tab.1702	common.activity.desc.2	0	号角回溯(S30）
942	1	2	3	942	#	2024-01-26-08-00-00	2024-02-23-07-59-59	set:game_activity_tab.json image:btn_0_activity_draw_flame_christmas	common.activity.tab.942	set:game_activity_lobby.json image:btn_0_activity_draw_flame_christmas2	6	907	911	common.activity.tab.942	common.activity.desc.2	6040110	幸运抽奖(赛博铠甲）
1061	3	4	8	1061	#	2024-01-26-08-00-00	2024-02-09-07-59-59	set:game_activity_tab.json image:btn_0_activity_relaxcity	common.activity.tab.1061	set:game_activity_lobby.json image:btn_0_act_relaxcity	0	0	0	common.activity.tab.1061	score.activity.help.content	1010021	休闲都市
101	2	25	1	101	#	2024-1-18-08-00-00	2024-04-01-07-59-30	set:game_activity_tab.json image:btn_0_activity_square	bed.war.block.shop.title	set:game_activity_lobby.json image:btn_0_act_square	0	0	0	bed.war.block.shop.title	bed.war.block.shop.title	0	经典模式商店
1063	2	7	2	1063	#	2024-02-02-08-00-00	2024-02-09-07-59-59	set:game_activity_tab.json image:btn_0_activity_square	bed.war.block.shop.title	set:game_activity_lobby.json image:btn_0_act_square	0	0	0	bed.war.block.shop.title	bed.war.block.shop.title	0	方块皮肤-铁路
1703	2	24	1	1703	#	2024-02-09-08-00-00	2024-02-23-07-59-59	set:game_activity_tab.json image:btn_activity_h31	common.activity.tab.1703	set:game_activity_lobby.json image:btn_act_h31	0	0	0	common.activity.tab.1703	common.activity.desc.2	0	号角回溯(S31）
2548	4	21	1	2548	#	2024-02-09-08-00-00	2024-02-16-07-59-59	set:game_activity_tab.json image:btn_0_activity_consume1	common.activity.tab.2504	set:game_activity_lobby.json image:btn_0_act_consume1	0	10	0	common.activity.tab.25043	DressSetting_desc_2504	10115	限时礼包(精粹20）
2549	4	21	1	2549	#	2024-02-16-08-00-00	2024-02-23-07-59-59	set:game_activity_tab.json image:btn_0_activity_consume1	common.activity.tab.2504	set:game_activity_lobby.json image:btn_0_act_consume1	0	10	0	common.activity.tab.25042	DressSetting_desc_2504	10115	限时礼包(精粹21）
2613	3	19	1	2613	#	2024-02-09-08-00-00	2024-02-23-07-59-59	set:game_activity_tab.json image:btn_0_activity_mystery	common.activity.tab.2301	#	0	0	0	common.activity.tab.2609	DressSetting_desc_2301	0	神秘商人(16格版本）
1064	4	4	6	1064	#	2024-02-09-08-00-00	2024-02-23-07-59-59	set:game_activity_tab.json image:btn_0_activity	common.activity.tab.1009	set:game_activity_lobby.json image:imageimg_0_tab	0	0	0	common.activity.tab.1009	DressSetting_desc_1009	20523	派对游戏
1704	2	24	1	1704	#	2024-02-21-08-00-00	2024-03-08-07-59-59	set:game_activity_tab.json image:btn_activity_h32	common.activity.tab.1704	set:game_activity_lobby.json image:btn_act_h32	0	0	0	common.activity.tab.1704_1	common.activity.desc.2	0	号角回溯(S32）
807	1	9	4	807	#	2024-02-21-08-00-00	2024-03-08-07-59-59	set:game_activity_tab.json image:btn_activity_weapon_tap	common.activity.tab.807	set:game_activity_lobby.json image:btn_activity_weapon_lobby	0	0	0	common.activity.tab.807_1	common.activity.desc.1	0	武器抽奖-德玛西亚
1065	3	4	10	1065	#	2024-02-21-08-00-00	2024-03-08-07-59-59	set:game_activity_tab.json image:btn_0_activity_draw_fishing	common.activity.tab.1027	set:game_activity_lobby.json image:btn_0_activity_draw_fishing2	0	920	0	common.activity.tab.1027_1	DressSetting_desc_1027	5010086	钓鱼大师(新)
943	1	2	3	943	#	2024-03-01-08-00-00	2024-03-29-07-59-59	set:game_activity_tab.json image:btn_0_activity_draw_flame_christmas	common.activity.tab.943	set:game_activity_lobby.json image:btn_0_activity_draw_flame_christmas2	7	907	911	common.activity.tab.943_1	common.activity.desc.2	6040111	幸运抽奖(斋月铠甲）
1506	1	10	1	1506	#	2024-01-11-08-00-00	2024-03-22-07-59-59	set:game_activity_tab.json image:btn_0_activity_puzzle	common.activity.tab.1506	set:game_activity_lobby.json image:btn_0_act_puzzle	0	0	921#922	common.activity.tab.1506_1	DressSetting_desc_1502	0	战争拼图-黑刚剑
1705	2	24	1	1705	#	2024-02-21-08-00-00	2024-03-22-07-59-59	set:game_activity_tab.json image:btn_activity_h33	common.activity.tab.1705	set:game_activity_lobby.json image:btn_act_h33	0	0	0	common.activity.tab.1705_1	common.activity.desc.2	0	号角回溯(S33）
1066	3	7	2	1066	#	2024-02-02-08-00-00	2024-03-22-07-59-59	set:game_activity_tab.json image:btn_0_activity_square	bed.war.block.shop.title	set:game_activity_lobby.json image:btn_0_act_square	0	0	0	bed.war.block.shop.title	bed.war.block.shop.title	0	方块皮肤-斋月
2550	4	21	1	2550	#	2024-03-15-08-00-00	2024-03-22-07-59-59	set:game_activity_tab.json image:btn_0_activity_consume1	common.activity.tab.2504	set:game_activity_lobby.json image:btn_0_act_consume1	0	10	0	common.activity.tab.25042	DressSetting_desc_2504	10115	限时礼包(精粹21）
944	2	2	3	944	#	2024-03-19-08-00-00	2024-03-29-07-59-59	set:game_activity_tab.json image:btn_0_activity_draw_knight	common.activity.tab.944	set:game_activity_lobby.json image:btn_0_activity_draw_knight	4	908	0	BedWarStore_Lottery	common.activity.desc.2	2040011	钥匙抽奖(蓝宝石斧头）
1067	1	4	8	1067	#	2024-03-19-08-00-00	2024-04-05-07-59-59	set:game_activity_tab.json image:btn_0_activity_relaxcity	common.activity.tab.1061	set:game_activity_lobby.json image:btn_0_act_relaxcity	0	0	0	common.activity.tab.1061	score.activity.help.content	1010021	休闲都市-洒红
1706	3	24	1	1706	#	2024-03-19-08-00-00	2024-04-05-07-59-59	set:game_activity_tab.json image:btn_activity_h34	common.activity.tab.1706	set:game_activity_lobby.json image:btn_act_h34	0	0	0	common.activity.tab.1706_1	common.activity.desc.2	0	号角回溯(S34）
2551	4	21	1	2551	#	2024-03-19-08-00-00	2024-03-29-07-59-59	set:game_activity_tab.json image:btn_0_activity_consume1	common.activity.tab.2504	set:game_activity_lobby.json image:btn_0_act_consume1	0	10	0	common.activity.tab.25043	DressSetting_desc_2504	10115	限时礼包(精粹21）
2614	5	19	1	2614	#	2024-03-19-08-00-00	2024-04-05-07-59-59	set:game_activity_tab.json image:btn_0_activity_mystery	common.activity.tab.2301	#	0	0	0	common.activity.tab.2609	DressSetting_desc_2301	0	神秘商人(16格版本）
808	1	9	4	808	#	2024-02-21-08-00-00	2024-04-12-07-59-59	set:game_activity_tab.json image:btn_activity_weapon_tap	common.activity.tab.808	set:game_activity_lobby.json image:btn_activity_weapon_lobby	0	0	0	common.activity.tab.808_1	common.activity.desc.1	0	武器抽奖-魔眼
102	2	25	1	102	#	2024-04-01-08-00-00	2024-06-01-07-59-30	set:game_activity_tab.json image:btn_0_activity_square	bed.war.block.shop.title	set:game_activity_lobby.json image:btn_0_act_square	0	0	0	bed.war.block.shop.title	bed.war.block.shop.title	0	乐园模式商店
945	1	2	3	945	#	2024-04-05-08-00-00	2024-05-03-07-59-59	set:game_activity_tab.json image:btn_0_activity_draw_flame_christmas	common.activity.tab.945	set:game_activity_lobby.json image:btn_0_activity_draw_flame_christmas2	8	907	911	common.activity.tab.945_1	common.activity.desc.2	6030114	幸运抽奖(洛基铠甲）
1707	2	24	1	1707	#	2024-04-05-08-00-00	2024-04-19-07-59-59	set:game_activity_tab.json image:btn_activity_h35	common.activity.tab.1707	set:game_activity_lobby.json image:btn_act_h35	0	0	0	common.activity.tab.1707_1	common.activity.desc.2	0	号角回溯(S35）
2552	3	21	1	2552	#	2024-04-12-08-00-00	2024-04-19-07-59-59	set:game_activity_tab.json image:btn_0_activity_consume1	common.activity.tab.2504	set:game_activity_lobby.json image:btn_0_act_consume1	0	10	0	common.activity.tab.25043	DressSetting_desc_2504	10115	限时礼包(精粹21）
1068	3	23	1	1068	#	2024-04-12-08-00-00	2024-04-19-07-59-59	set:game_activity_tab.json image:btn_0_activity_free_gift	common.activity.tab.1046	#	0	0	0	common.activity.tab.1046	common.activity.desc.1046	0	解密大厅免费礼物
1069	3	7	2	1069	#	2024-04-17-08-00-00	2024-04-26-07-59-59	set:game_activity_tab.json image:btn_0_activity_square	bed.war.block.shop.title	set:game_activity_lobby.json image:btn_0_act_square	0	0	0	bed.war.block.shop.title	bed.war.block.shop.title	0	方块皮肤-表情
1708	2	24	1	1708	#	2024-04-17-08-00-00	2024-05-03-07-59-59	set:game_activity_tab.json image:btn_activity_h36	common.activity.tab.1708	set:game_activity_lobby.json image:btn_act_h36	0	0	0	common.activity.tab.1708_1	common.activity.desc.2	0	号角回溯(S36）
1070	4	4	6	1070	#	2024-04-17-08-00-00	2024-05-03-07-59-59	set:game_activity_tab.json image:btn_0_activity	common.activity.tab.1009	set:game_activity_lobby.json image:imageimg_0_tab	0	0	0	common.activity.tab.1009	DressSetting_desc_1009	20523	派对游戏
1709	2	24	1	1709	g1008#g1046#g1061#g1062#g1065	2024-05-03-08-00-00	2024-05-17-07-59-59	set:game_activity_tab.json image:btn_activity_h37	common.activity.tab.1709	set:game_activity_lobby.json image:btn_act_h37	0	0	0	common.activity.tab.1709_1	common.activity.desc.2	0	号角回溯(S37）
809	1	9	4	809	g1008#g1046#g1061#g1062#g1065	2024-02-21-08-00-00	2024-05-10-07-59-59	set:game_activity_tab.json image:btn_activity_weapon_tap	common.activity.tab.809	set:game_activity_lobby.json image:btn_activity_weapon_lobby	0	0	0	common.activity.tab.809_1	common.activity.desc.1	0	武器抽奖-魔眼
2615	5	19	1	2614	g1008#g1046#g1061#g1062#g1065	2024-05-03-08-00-00	2024-05-17-07-59-59	set:game_activity_tab.json image:btn_0_activity_mystery	common.activity.tab.2301	#	0	0	0	common.activity.tab.2609	DressSetting_desc_2301	0	神秘商人(16格版本）
1507	1	10	1	1507	g1008#g1046#g1061#g1062#g1065	2024-05-03-08-00-00	2024-05-17-07-59-59	set:game_activity_tab.json image:btn_0_activity_puzzle	common.activity.tab.1507	set:game_activity_lobby.json image:btn_0_act_puzzle	0	0	923#924	common.activity.tab.1507_1	DressSetting_desc_1502	0	战争拼图-化石斧
946	1	2	3	946	g1008#g1046#g1061#g1062#g1065	2024-04-05-08-00-00	2024-06-07-07-59-59	set:game_activity_tab.json image:btn_0_activity_draw_flame_christmas	common.activity.tab.946	set:game_activity_lobby.json image:btn_0_activity_draw_flame_christmas2	8	907	911	common.activity.tab.946_1	common.activity.desc.2	6030115	幸运抽奖奥丁铠甲）
2553	3	21	1	2553	g1008#g1046#g1061#g1062#g1065	2024-04-12-08-00-00	2024-05-17-07-59-59	set:game_activity_tab.json image:btn_0_activity_consume1	common.activity.tab.2504	set:game_activity_lobby.json image:btn_0_act_consume1	0	10	0	common.activity.tab.25043	DressSetting_desc_2504	10115	限时礼包(精粹21）
1071	2	7	2	1071	g1008#g1046#g1061#g1062#g1065	2024-04-17-08-00-00	2024-05-31-07-59-59	set:game_activity_tab.json image:btn_0_activity_square	bed.war.block.shop.title	set:game_activity_lobby.json image:btn_0_act_square	0	0	0	bed.war.block.shop.title	bed.war.block.shop.title	0	卡背皮肤-卡背
1710	3	24	1	1710	g1008#g1046#g1061#g1062#g1065	2024-05-03-08-00-00	2024-05-31-07-59-59	set:game_activity_tab.json image:btn_activity_h38	common.activity.tab.1710	set:game_activity_lobby.json image:btn_act_h38	0	0	0	common.activity.tab.1710_1	common.activity.desc.2	0	号角回溯(S38）
1072	4	4	8	1072	g1008#g1046#g1061#g1062#g1065	2024-03-19-08-00-00	2024-05-31-07-59-59	set:game_activity_tab.json image:btn_0_activity_relaxcity	common.activity.tab.1061	set:game_activity_lobby.json image:btn_0_act_relaxcity	0	0	0	common.activity.tab.1061	score.activity.help.content	2010010	休闲都市-旗帜斧
810	1	9	4	810	g1008#g1046#g1061#g1062#g1065	2024-02-21-08-00-00	2024-06-07-07-59-59	set:game_activity_tab.json image:btn_activity_weapon_tap	common.activity.tab.810	set:game_activity_lobby.json image:btn_activity_weapon_lobby	0	0	0	common.activity.tab.810_1	common.activity.desc.1	0	武器抽奖-卡南之眼
4001	1	26	1	4001	#	2024-06-01-08-00-00	2024-08-01-07-59-30	set:special_activity.json image:icon_tab_3	common.activity.tab.4001	#	0	0	0	common.activity.tab.4001	common.activity.desc.4001	0	活动模式任务打折狂战士
4002	2	26	1	4002	#	2024-06-01-08-00-00	2024-08-01-07-59-30	set:special_activity.json image:icon_tab_2	common.activity.tab.4002	#	0	0	0	common.activity.tab.4002	common.activity.desc.4002	0	活动模式任务打折草泥马
4003	3	26	1	4003	#	2024-06-14-08-00-00	2024-08-01-07-59-30	set:special_activity.json image:icon_tab_1	common.activity.tab.4003	#	0	0	0	common.activity.tab.4003	common.activity.desc.4003	0	活动模式任务打折火法师
103	2	25	1	103	#	2024-06-01-08-00-00	2024-08-01-07-59-30	set:game_activity_tab.json image:btn_0_activity_square	bed.war.block.shop.title	set:game_activity_lobby.json image:btn_0_act_square	0	0	0	bed.war.block.shop.title	bed.war.block.shop.title	0	10V10模式商店
1711	3	24	1	1711	g1008#g1046#g1061#g1062#g1065	2024-05-03-08-00-00	2024-06-14-07-59-59	set:game_activity_tab.json image:btn_activity_h39	common.activity.tab.1711	set:game_activity_lobby.json image:btn_act_h39	0	0	0	common.activity.tab.1711_1	common.activity.desc.2	0	号角回溯(S39）
2554	3	21	1	2554	g1008#g1046#g1061#g1062#g1065	2024-06-07-08-00-00	2024-06-14-07-59-59	set:game_activity_tab.json image:btn_0_activity_consume1	common.activity.tab.2504	set:game_activity_lobby.json image:btn_0_act_consume1	0	10	0	common.activity.tab.25043	DressSetting_desc_2504	10115	限时礼包(精粹21）
2616	5	19	1	2614	g1008#g1046#g1061#g1062#g1065	2024-06-01-08-00-00	2024-06-21-07-59-59	set:game_activity_tab.json image:btn_0_activity_mystery	common.activity.tab.2301	#	0	0	0	common.activity.tab.2609	DressSetting_desc_2301	0	神秘商人(16格版本）
2555	3	21	1	2555	g1008#g1046#g1061#g1062#g1065	2024-06-14-08-00-00	2024-06-21-07-59-59	set:game_activity_tab.json image:btn_0_activity_consume1	common.activity.tab.2504	set:game_activity_lobby.json image:btn_0_act_consume1	0	10	0	common.activity.tab.25042	DressSetting_desc_2504	10115	限时礼包(精粹21）
4004	5	27	1	4004	#	2024-05-03-08-00-00	2024-06-30-07-59-59	set:game_activity_tab.json image:btn_0_activity_consume	gui_chat_classical_mode_text	set:game_activity_lobby.json image:lobby2	0	0	0	gui_chat_classical_mode_text	gui_chat_classical_mode_text_desc	0	活动模式广告
1712	2	24	1	1701	g1008#g1046#g1061#g1062#g1065	2024-01-11-08-00-00	2024-06-28-07-59-59	set:game_activity_tab.json image:btn_activity_h19	common.activity.tab.1701	set:game_activity_lobby.json image:btn_act_h19	0	0	0	common.activity.tab.1701_1	common.activity.desc.2	0	号角回溯(S29）
1073	3	7	2	1073	g1008#g1046#g1061#g1062#g1065	2024-04-17-08-00-00	2024-06-28-07-59-59	set:game_activity_tab.json image:btn_0_activity_square	bed.war.block.shop.title	set:game_activity_lobby.json image:btn_0_act_square	0	0	0	bed.war.block.shop.title	bed.war.block.shop.title	0	方块皮肤-动物
947	1	2	3	947	g1008#g1046#g1061#g1062#g1065	2024-04-05-08-00-00	2024-07-12-07-59-59	set:game_activity_tab.json image:btn_0_activity_draw_flame_christmas	common.activity.tab.947	set:game_activity_lobby.json image:btn_0_activity_draw_flame_christmas2	9	907	911	common.activity.tab.947_1	common.activity.desc.2	6040114	幸运抽奖妖狐铠甲）
9001	1	28	1	9001	g1046	2024-05-03-08-00-00	2024-06-28-07-59-59	set:game_activity_tab.json image:tab	common.activity.tab.9001	set:game_activity_lobby.json image:lobby	0	0	0	common.activity.tab.9001_1	common.activity.desc.9001	0	广告活动
811	1	9	4	811	g1008#g1046#g1061#g1062#g1065	2024-05-21-08-00-00	2024-07-05-07-59-59	set:game_activity_tab.json image:btn_activity_weapon_tap	common.activity.tab.811	set:game_activity_lobby.json image:btn_activity_weapon_lobby	0	0	0	common.activity.tab.811_1	common.activity.desc.1	0	武器抽奖-光能
714	4	3	3	706	g1008#g1046#g1061#g1062#g1065	2023-11-23-08-00-00	2024-07-05-07-59-59	set:game_activity_tab.json image:btn_0_activity_boxes	common.activity.tab.705	set:game_activity_lobby.json image:btn_0_act_slot_games	0	0	0	common.activity.tab.705	DressSetting_desc_705	0	拉霸盲盒
2556	3	21	1	2556	g1008#g1046#g1061#g1062#g1065	2024-06-21-08-00-00	2024-06-28-07-59-59	set:game_activity_tab.json image:btn_0_activity_consume1	common.activity.tab.2504	set:game_activity_lobby.json image:btn_0_act_consume1	0	10	0	common.activity.tab.25043	DressSetting_desc_2504	10115	限时礼包(精粹21）
1713	2	24	1	1702	g1008#g1046#g1061#g1062#g1065	2024-01-11-08-00-00	2024-07-12-07-59-59	set:game_activity_tab.json image:btn_activity_h30	common.activity.tab.1702	set:game_activity_lobby.json image:btn_act_h30	0	0	0	common.activity.tab.1702_1	common.activity.desc.2	0	号角回溯(S30）
1074	4	4	6	1074	g1046	2024-04-17-08-00-00	2024-07-12-07-59-59	set:game_activity_tab.json image:btn_0_activity	common.activity.tab.1009	#	0	0	0	common.activity.tab.1009	DressSetting_desc_1009	7111	派对游戏
9002	1	28	1	9002	g1046	2024-06-28-08-00-00	2025-07-05-07-59-59	set:game_activity_tab.json image:tab	common.activity.tab.9001	set:game_activity_lobby.json image:lobby	0	0	0	common.activity.tab.9001_1	common.activity.desc.9001	0	广告活动
2557	3	21	1	2557	g1008#g1046#g1061#g1062#g1065	2024-07-05-08-00-00	2024-07-12-07-59-59	set:game_activity_tab.json image:btn_0_activity_consume1	common.activity.tab.2504	set:game_activity_lobby.json image:btn_0_act_consume1	0	10	0	common.activity.tab.25043	DressSetting_desc_2504	10115	限时礼包(精粹21）
948	1	2	3	948	g1008#g1046#g1061#g1062#g1065	2024-03-05-08-00-00	2024-07-19-07-59-59	set:game_activity_tab.json image:btn_0_activity_draw_lucky_08	common.activity.tab.948	set:game_activity_lobby.json image:btn_0_act_draw_lucky_08	5	907	911	common.activity.tab.948_1	common.activity.desc.2	3063	恶魔之子抽奖重开
1075	3	4	10	1075	g1046	2024-02-21-08-00-00	2024-07-19-07-59-59	set:game_activity_tab.json image:btn_0_activity_draw_fishing	common.activity.tab.1027	set:game_activity_lobby.json image:btn_0_activity_draw_fishing2	0	925	0	common.activity.tab.1027_1	DressSetting_desc_1027	5010086	钓鱼大师(新)
1076	3	7	2	1076	g1008#g1046#g1061#g1062#g1065	2024-04-17-08-00-00	2024-07-19-07-59-59	set:game_activity_tab.json image:btn_0_activity_square	bed.war.block.shop.title	set:game_activity_lobby.json image:btn_0_act_square	0	0	0	bed.war.block.shop.title	bed.war.block.shop.title	0	方块皮肤-玩偶
1714	2	24	1	1704	g1008#g1046#g1061#g1062#g1065	2024-02-21-08-00-00	2024-07-26-07-59-59	set:game_activity_tab.json image:btn_activity_h32	common.activity.tab.1704	set:game_activity_lobby.json image:btn_act_h32	0	0	0	common.activity.tab.1704_1	common.activity.desc.2	0	号角回溯(S32）
2617	5	19	1	2614	g1008#g1046#g1061#g1062#g1065	2024-06-01-08-00-00	2024-07-26-07-59-59	set:game_activity_tab.json image:btn_0_activity_mystery	common.activity.tab.2301	#	0	0	0	common.activity.tab.2609	DressSetting_desc_2301	0	神秘商人(16格版本）
2558	3	21	1	2558	g1008#g1046#g1061#g1062#g1065	2024-07-01-08-00-00	2024-07-26-07-59-59	set:game_activity_tab.json image:btn_0_activity_consume1	common.activity.tab.2504	set:game_activity_lobby.json image:btn_0_act_consume1	0	10	0	common.activity.tab.25043	DressSetting_desc_2504	10115	限时礼包(精粹21）
949	1	2	3	949	g1008#g1046#g1061#g1062#g1065	2024-07-01-08-00-00	2024-08-16-07-59-59	set:game_activity_tab.json image:btn_0_activity_draw_flame_christmas	common.activity.tab.949	set:game_activity_lobby.json image:btn_0_activity_draw_flame_christmas2	8	907	911	common.activity.tab.949_1	common.activity.desc.2	6040115	幸运抽奖海龙铠甲）
1508	1	10	1	1508	g1008#g1046#g1061#g1062#g1065	2024-05-03-08-00-00	2024-08-02-07-59-59	set:game_activity_tab.json image:btn_0_activity_puzzle	common.activity.tab.1507	set:game_activity_lobby.json image:btn_0_act_puzzle	0	0	926#927	common.activity.tab.1507_1	DressSetting_desc_1502	0	战争拼图-狼牙棒
2559	2	21	2	2559	g1008#g1046#g1061#g1062#g1065	2023-11-04-08-00-00	2024-07-26-07-59-59	set:game_activity_tab.json image:btn_0_activity_gift_pet	common.activity.tab.2535	set:game_activity_lobby.json image:btn_0_act_gift_pet	0	10	0	common.activity.tab.25041	DressSetting_desc_2504	10115	限时礼包(糖果包）
