seq	chestId	chestGroupId	times	normalImage	canOpenImage	openImage	timesImage	rewardGroupId
序列	箱子id	箱子组id	抽奖次数	箱子默认图片	箱子可开启图片	箱子打开图片	次数背景图	奖励组id
seq	chestId	chestGroupId	times	normalImage	canOpenImage	openImage	timesImage	rewardGroupId
1	1	1	1	set:common_activity.json image:img_0_chest_blue_normal	set:common_activity.json image:img_0_chest_blue_normal	set:common_activity.json image:img_0_chest_blue_open	set:common_activity.json image:img_9_timesboard2	101
2	2	1	3	set:common_activity.json image:img_0_chest_blue_normal	set:common_activity.json image:img_0_chest_blue_normal	set:common_activity.json image:img_0_chest_blue_open	set:common_activity.json image:img_9_timesboard2	102
3	3	1	5	set:common_activity.json image:img_0_chest_blue_normal	set:common_activity.json image:img_0_chest_blue_normal	set:common_activity.json image:img_0_chest_blue_open	set:common_activity.json image:img_9_timesboard2	103
4	4	1	7	set:common_activity.json image:img_0_chest_blue_normal	set:common_activity.json image:img_0_chest_blue_normal	set:common_activity.json image:img_0_chest_blue_open	set:common_activity.json image:img_9_timesboard2	104
5	5	2	5	set:game_activity_lucky_coin.json image:img_0_treasure_chest03	set:game_activity_lucky_coin.json image:img_0_treasure_chest03	set:game_activity_lucky_coin.json image:img_0_treasure_chest04	set:common_activity.json image:img_9_timesboard	101
6	6	2	20	set:game_activity_lucky_coin.json image:img_0_treasure_chest03	set:game_activity_lucky_coin.json image:img_0_treasure_chest03	set:game_activity_lucky_coin.json image:img_0_treasure_chest04	set:common_activity.json image:img_9_timesboard	102
7	7	2	30	set:game_activity_lucky_coin.json image:img_0_treasure_chest03	set:game_activity_lucky_coin.json image:img_0_treasure_chest03	set:game_activity_lucky_coin.json image:img_0_treasure_chest04	set:common_activity.json image:img_9_timesboard	103
8	8	2	50	set:game_activity_lucky_coin.json image:img_0_treasure_chest03	set:game_activity_lucky_coin.json image:img_0_treasure_chest03	set:game_activity_lucky_coin.json image:img_0_treasure_chest04	set:common_activity.json image:img_9_timesboard	104
9	9	3	5	set:game_activity_lucky_coin.json image:img_0_treasure_chest03	set:game_activity_lucky_coin.json image:img_0_treasure_chest03	set:game_activity_lucky_coin.json image:img_0_treasure_chest04	set:common_activity.json image:img_9_timesboard	201
10	10	3	20	set:game_activity_lucky_coin.json image:img_0_treasure_chest03	set:game_activity_lucky_coin.json image:img_0_treasure_chest03	set:game_activity_lucky_coin.json image:img_0_treasure_chest04	set:common_activity.json image:img_9_timesboard	202
11	11	3	30	set:game_activity_lucky_coin.json image:img_0_treasure_chest03	set:game_activity_lucky_coin.json image:img_0_treasure_chest03	set:game_activity_lucky_coin.json image:img_0_treasure_chest04	set:common_activity.json image:img_9_timesboard	203
12	12	3	50	set:game_activity_lucky_coin.json image:img_0_treasure_chest03	set:game_activity_lucky_coin.json image:img_0_treasure_chest03	set:game_activity_lucky_coin.json image:img_0_treasure_chest04	set:common_activity.json image:img_9_timesboard	204
13	13	4	10	set:game_activity_lucky_coin.json image:img_0_treasure_chest03	set:game_activity_lucky_coin.json image:img_0_treasure_chest03	set:game_activity_lucky_coin.json image:img_0_treasure_chest04	set:common_activity.json image:img_9_timesboard	111
14	14	4	20	set:game_activity_lucky_coin.json image:img_0_treasure_chest03	set:game_activity_lucky_coin.json image:img_0_treasure_chest03	set:game_activity_lucky_coin.json image:img_0_treasure_chest04	set:common_activity.json image:img_9_timesboard	112
15	15	4	50	set:game_activity_lucky_coin.json image:img_0_treasure_chest03	set:game_activity_lucky_coin.json image:img_0_treasure_chest03	set:game_activity_lucky_coin.json image:img_0_treasure_chest04	set:common_activity.json image:img_9_timesboard	113
16	16	4	100	set:game_activity_lucky_coin.json image:img_0_treasure_chest03	set:game_activity_lucky_coin.json image:img_0_treasure_chest03	set:game_activity_lucky_coin.json image:img_0_treasure_chest04	set:common_activity.json image:img_9_timesboard	114
17	17	5	10	set:game_activity_lucky_coin.json image:img_0_treasure_chest03	set:game_activity_lucky_coin.json image:img_0_treasure_chest03	set:game_activity_lucky_coin.json image:img_0_treasure_chest04	set:common_activity.json image:img_9_timesboard	211
18	18	5	30	set:game_activity_lucky_coin.json image:img_0_treasure_chest03	set:game_activity_lucky_coin.json image:img_0_treasure_chest03	set:game_activity_lucky_coin.json image:img_0_treasure_chest04	set:common_activity.json image:img_9_timesboard	214
19	19	5	50	set:game_activity_lucky_coin.json image:img_0_treasure_chest03	set:game_activity_lucky_coin.json image:img_0_treasure_chest03	set:game_activity_lucky_coin.json image:img_0_treasure_chest04	set:common_activity.json image:img_9_timesboard	212
20	20	5	100	set:game_activity_lucky_coin.json image:img_0_treasure_chest03	set:game_activity_lucky_coin.json image:img_0_treasure_chest03	set:game_activity_lucky_coin.json image:img_0_treasure_chest04	set:common_activity.json image:img_9_timesboard	213
21	21	6	10	set:game_activity_lucky_coin.json image:img_0_treasure_chest01	set:game_activity_lucky_coin.json image:img_0_treasure_chest01	set:game_activity_lucky_coin.json image:img_0_treasure_chest02	set:common_activity.json image:img_9_timesboard	221
22	22	6	50	set:game_activity_lucky_coin.json image:img_0_treasure_chest01	set:game_activity_lucky_coin.json image:img_0_treasure_chest01	set:game_activity_lucky_coin.json image:img_0_treasure_chest02	set:common_activity.json image:img_9_timesboard	222
23	23	6	100	set:game_activity_lucky_coin.json image:img_0_treasure_chest01	set:game_activity_lucky_coin.json image:img_0_treasure_chest01	set:game_activity_lucky_coin.json image:img_0_treasure_chest02	set:common_activity.json image:img_9_timesboard	223
24	24	6	150	set:game_activity_lucky_coin.json image:img_0_treasure_chest01	set:game_activity_lucky_coin.json image:img_0_treasure_chest01	set:game_activity_lucky_coin.json image:img_0_treasure_chest02	set:common_activity.json image:img_9_timesboard	224
25	25	6	250	set:game_activity_lucky_coin.json image:img_0_treasure_chest01	set:game_activity_lucky_coin.json image:img_0_treasure_chest01	set:game_activity_lucky_coin.json image:img_0_treasure_chest02	set:common_activity.json image:img_9_timesboard	225
26	26	6	350	set:game_activity_lucky_coin.json image:img_0_treasure_chest01	set:game_activity_lucky_coin.json image:img_0_treasure_chest01	set:game_activity_lucky_coin.json image:img_0_treasure_chest02	set:common_activity.json image:img_9_timesboard	226
27	27	7	10	set:game_activity_lucky_coin.json image:img_0_treasure_chest03	set:game_activity_lucky_coin.json image:img_0_treasure_chest03	set:game_activity_lucky_coin.json image:img_0_treasure_chest04	set:common_activity.json image:img_9_timesboard	227
28	28	7	20	set:game_activity_lucky_coin.json image:img_0_treasure_chest03	set:game_activity_lucky_coin.json image:img_0_treasure_chest03	set:game_activity_lucky_coin.json image:img_0_treasure_chest04	set:common_activity.json image:img_9_timesboard	233
29	29	7	50	set:game_activity_lucky_coin.json image:img_0_treasure_chest01	set:game_activity_lucky_coin.json image:img_0_treasure_chest01	set:game_activity_lucky_coin.json image:img_0_treasure_chest02	set:common_activity.json image:img_9_timesboard	228
30	30	7	100	set:game_activity_lucky_coin.json image:img_0_treasure_chest03	set:game_activity_lucky_coin.json image:img_0_treasure_chest03	set:game_activity_lucky_coin.json image:img_0_treasure_chest04	set:common_activity.json image:img_9_timesboard	229
31	31	7	150	set:game_activity_lucky_coin.json image:img_0_treasure_chest01	set:game_activity_lucky_coin.json image:img_0_treasure_chest01	set:game_activity_lucky_coin.json image:img_0_treasure_chest02	set:common_activity.json image:img_9_timesboard	230
32	32	7	200	set:game_activity_lucky_coin.json image:img_0_treasure_chest03	set:game_activity_lucky_coin.json image:img_0_treasure_chest03	set:game_activity_lucky_coin.json image:img_0_treasure_chest04	set:common_activity.json image:img_9_timesboard	231
33	33	7	300	set:game_activity_lucky_coin.json image:img_0_treasure_chest01	set:game_activity_lucky_coin.json image:img_0_treasure_chest01	set:game_activity_lucky_coin.json image:img_0_treasure_chest02	set:common_activity.json image:img_9_timesboard	232
34	34	8	10	set:game_activity_lucky_coin.json image:img_0_treasure_chest03	set:game_activity_lucky_coin.json image:img_0_treasure_chest03	set:game_activity_lucky_coin.json image:img_0_treasure_chest04	set:common_activity.json image:img_9_timesboard	234
35	35	8	20	set:game_activity_lucky_coin.json image:img_0_treasure_chest03	set:game_activity_lucky_coin.json image:img_0_treasure_chest03	set:game_activity_lucky_coin.json image:img_0_treasure_chest04	set:common_activity.json image:img_9_timesboard	240
36	36	8	50	set:game_activity_lucky_coin.json image:img_0_treasure_chest03	set:game_activity_lucky_coin.json image:img_0_treasure_chest03	set:game_activity_lucky_coin.json image:img_0_treasure_chest04	set:common_activity.json image:img_9_timesboard	235
37	37	8	100	set:game_activity_lucky_coin.json image:img_0_treasure_chest03	set:game_activity_lucky_coin.json image:img_0_treasure_chest03	set:game_activity_lucky_coin.json image:img_0_treasure_chest04	set:common_activity.json image:img_9_timesboard	236
38	38	8	150	set:game_activity_lucky_coin.json image:img_0_treasure_chest01	set:game_activity_lucky_coin.json image:img_0_treasure_chest01	set:game_activity_lucky_coin.json image:img_0_treasure_chest02	set:common_activity.json image:img_9_timesboard	237
39	39	8	200	set:game_activity_lucky_coin.json image:img_0_treasure_chest01	set:game_activity_lucky_coin.json image:img_0_treasure_chest01	set:game_activity_lucky_coin.json image:img_0_treasure_chest02	set:common_activity.json image:img_9_timesboard	238
40	40	8	300	set:game_activity_lucky_coin.json image:img_0_treasure_chest01	set:game_activity_lucky_coin.json image:img_0_treasure_chest01	set:game_activity_lucky_coin.json image:img_0_treasure_chest02	set:common_activity.json image:img_9_timesboard	239
41	41	9	10	set:game_activity_lucky_coin.json image:img_0_treasure_chest03	set:game_activity_lucky_coin.json image:img_0_treasure_chest03	set:game_activity_lucky_coin.json image:img_0_treasure_chest04	set:common_activity.json image:img_9_timesboard	234
42	42	9	20	set:game_activity_lucky_coin.json image:img_0_treasure_chest03	set:game_activity_lucky_coin.json image:img_0_treasure_chest03	set:game_activity_lucky_coin.json image:img_0_treasure_chest04	set:common_activity.json image:img_9_timesboard	240
43	43	9	50	set:game_activity_lucky_coin.json image:img_0_treasure_chest01	set:game_activity_lucky_coin.json image:img_0_treasure_chest01	set:game_activity_lucky_coin.json image:img_0_treasure_chest02	set:common_activity.json image:img_9_timesboard	235
44	44	9	100	set:game_activity_lucky_coin.json image:img_0_treasure_chest03	set:game_activity_lucky_coin.json image:img_0_treasure_chest03	set:game_activity_lucky_coin.json image:img_0_treasure_chest04	set:common_activity.json image:img_9_timesboard	236
45	45	9	150	set:game_activity_lucky_coin.json image:img_0_treasure_chest01	set:game_activity_lucky_coin.json image:img_0_treasure_chest01	set:game_activity_lucky_coin.json image:img_0_treasure_chest02	set:common_activity.json image:img_9_timesboard	237
46	46	9	200	set:game_activity_lucky_coin.json image:img_0_treasure_chest03	set:game_activity_lucky_coin.json image:img_0_treasure_chest03	set:game_activity_lucky_coin.json image:img_0_treasure_chest04	set:common_activity.json image:img_9_timesboard	238
47	47	9	300	set:game_activity_lucky_coin.json image:img_0_treasure_chest01	set:game_activity_lucky_coin.json image:img_0_treasure_chest01	set:game_activity_lucky_coin.json image:img_0_treasure_chest02	set:common_activity.json image:img_9_timesboard	239
48	48	9	500	set:game_activity_lucky_coin.json image:img_0_treasure_chest01	set:game_activity_lucky_coin.json image:img_0_treasure_chest01	set:game_activity_lucky_coin.json image:img_0_treasure_chest02	set:common_activity.json image:img_9_timesboard	241
