seq	chestGroupId	background	refreshTime
序列	箱子组id	箱子组背景	刷新时间(秒)
seq	chestGroupId	background	refreshTime
1	1	set:common_activity.json image:img_9_rewardboard	-1
2	2	set:common_activity.json image:img_9_rewardboard	-1
3	3	set:common_activity.json image:img_9_rewardboard	-1
4	4	set:common_activity.json image:img_9_rewardboard	-1
5	5	set:common_activity.json image:img_9_rewardboard	-1
6	6	set:common_activity.json image:img_9_rewardboard	-1
7	7	set:common_activity.json image:img_9_rewardboard	-1
8	8	set:common_activity.json image:img_9_rewardboard	-1
9	9	set:common_activity.json image:img_9_rewardboard	-1
