id	groupId	rewardId	icon	quality	moneyType	price	rank	canReBuy	uniqueId	
兑换ID	组ID	奖励ID	奖励图片	品质(yellow/purple/blue)	货币类型	价格	排序权重	重复购买(1=能重复，0=不能重复）	上报ID	
id	groupId	rewardId	icon	quality	moneyType	price	rank	canReBuy	uniqueId	
50001	1	91201	set:bedwar_license_reward_season29.json image:g1008_suit_06_rainbow_emerald_b	yellow	911	10	1	0	50001	须佐之男
50002	1	6040005	set:bedwar_license_reward_season28.json image:g1008_suit_05_rainbow_emerald_b	yellow	911	10	2	0	50002	虚空使者
50003	1	3049	set:bedwar_license_reward_season25.json image:g1008_icon_pet_49	yellow	911	10	3	0	50003	机械龙
50004	1	3054	set:bedwar_license_reward_season28.json image:g1008_icon_pet_54	yellow	911	10	4	0	50004	喷火龙
50005	1	91401	set:bedwar_license_reward_season29.json image:g1008_icon_pet_55	yellow	911	10	5	0	50005	九尾
50006	1	7010008	set:dress_shop_sword_1.json image:g1008_shears_08_b	yellow	911	2	6	0	50006	剪刀
50007	1	91205	set:dress_shop_sword_2.json image:g1008_sword_93_b	yellow	911	2	7	0	50007	十拳剑
50008	1	10121	set:pet_gift_icon.json image:img_0_icon_change_skill	yellow	911	1	8	0	50008	宠物技能更换券
50009	2	6040004	set:bedwar_license_reward_season27.json image:g1008_suit_04_rainbow_emerald_b	yellow	911	10	1	0	50009	钻石怪人
50010	2	3057	set:bedwar_license_reward_season29.json image:g1008_icon_pet_57	yellow	911	10	2	0	50010	掠食机械龙
50011	2	6030006	set:bedwar_license_reward_season28.json image:g1008_suit_06_rainbow_gold_b	yellow	911	8	3	0	50011	圣堂骑士
50012	2	3045	set:bedwar_license_reward_season21.json image:g1008_icon_pet_45	yellow	911	8	4	0	50012	雷神
50013	2	5010059	set:bedwar_license_reward_season31.json image:g1008_helmet_59_rainbow_b	yellow	911	3	5	0	50013	电锯人头盔
50014	2	91602	set:dress_shop_sword_1.json image:g1008_shears_10_b	yellow	911	2	6	0	50014	蟹钳
50015	2	1030020	set:dress_shop_sword_2.json image:g1008_sword_80_b	yellow	911	2	7	0	50015	兄弟
50016	2	1020016	set:dress_shop_sword_2.json image:g1008_sword_60_b	purple	911	1	8	0	50016	斩月
50017	3	6040005	set:bedwar_license_reward_season28.json image:g1008_suit_05_rainbow_emerald_b	yellow	911	10	1	0	50017	虚空使者
50018	3	6030007	set:bedwar_license_reward_season29.json image:g1008_suit_07_rainbow_gold_b	yellow	911	10	2	0	50018	鸣人铠甲
50019	3	3054	set:bedwar_license_reward_season28.json image:g1008_icon_pet_54	yellow	911	10	5	0	50019	喷火龙
50020	3	91401	set:bedwar_license_reward_season29.json image:g1008_icon_pet_55	yellow	911	10	4	0	50020	九尾
50021	3	3059	set:bedwar_license_reward_season31.json image:g1008_icon_pet_59	yellow	911	10	3	0	50021	机械鲨鱼
50022	3	91601	set:dress_shop_sword_2.json image:g1008_sword_95_b	yellow	911	3	6	0	50022	凛冬
50023	3	91802	set:dress_shop_sword_2.json image:g1008_sword_83_b	yellow	911	2	7	0	50023	乖离剑
50024	3	5010057	set:bedwar_license_reward_season31.json image:g1008_helmet_57_rainbow_b	purple	911	1	8	0	50024	赛亚人
50025	4	91701	set:bedwar_license_reward_season29.json image:g1008_icon_pet_56	yellow	911	10	1	0	50025	比卡丘
50026	4	91401	set:bedwar_license_reward_season29.json image:g1008_icon_pet_55	yellow	911	10	5	0	50005	九尾
50027	4	3064	set:bedwar_license_reward_season34.json image:g1008_icon_pet_64	yellow	911	10	5	0	50027	甲虫鬼助
50028	4	3069	set:bedwar_license_reward_season35.json image:g1008_icon_pet_69	yellow	911	10	4	0	50028	星野爱
50029	4	91940	set:bedwar_license_reward_season34.json image:g1008_suit_07_rainbow_emerald_b	yellow	911	10	3	0	50029	恶魔铠甲-钻
50030	4	92203	set:dress_shop_bow.json image:g1008_shears_11_b	yellow	911	3	6	0	50030	格温剪刀
50031	4	92202	set:dress_shop_pickaxe.json image:g1008_pickaxe_56_b	yellow	911	2	7	0	50031	独角兽镐子
50032	4	5010068	set:bedwar_license_reward_season34.json image:g1008_helmet_68_rainbow_b	yellow	911	1	8	0	50032	哥杀头盔
50033	5	6040009	set:bedwar_license_reward_season39.json image:g1008_suit_09_rainbow_emerald_b	yellow	915	1800	2	0	50033	钻石武士铠甲
50034	5	1040023	set:dress_shop_sword_2.json image:g1008_sword_99_b	yellow	915	2000	1	0	50034	冰晶大剑
50035	5	9004	set:bedwar_license_reward_season39.json image:g1008_mount_04	yellow	915	1000	3	0	50035	坐骑狮鹫
50036	5	6030010	set:bedwar_license_reward_season39.json image:g1008_suit_10_rainbow_gold_b	yellow	915	1200	5	0	50036	黄金武士铠甲
50037	5	6020009	set:bedwar_license_reward_season39.json image:g1008_suit_09_rainbow_iron_b	yellow	915	800	6	0	50037	白银武士铠甲
50038	5	6010008	set:bedwar_license_reward_season39.json image:g1008_suit_08_rainbow_wood_b	yellow	915	600	7	0	50038	皮武士铠甲
50039	5	4010022	set:bedwar_license_reward_season39.json image:g1008_bow_22_b	yellow	915	400	4	0	50039	羽毛弓
50040	5	7092	set:bedwar_license_reward_season39.json image:g1008_icon_daoguang_92	yellow	915	200	8	0	50040	虚空刀光
50041	5	3072	set:bedwar_license_reward_season36.json image:g1008_icon_pet_72	yellow	915	500	9	0	50041	魔龙
50042	5	92234	set:pet_gift_icon.json image:img_0_icon_pet_candy	yellow	915	100	10	1	50042	糖果1000
50043	5	10119	set:talent_icon.json image:img_0_icon_talents_stone	yellow	915	200	11	1	50043	精粹1000
50044	5	10121	set:pet_gift_icon.json image:img_0_icon_change_skill	yellow	915	30	12	1	50044	宠物技能更换券
50045	6	6040010	set:bedwar_license_reward_season42.json image:g1008_suit_10_rainbow_emerald_b	yellow	911	50	1	0	50045	赛博铠甲-钻
50046	6	1040027	set:dress_shop_sword_3.json image:g1008_sword_150_b	yellow	911	30	2	0	50049	钻石剑
50047	6	1030035	set:dress_shop_sword_3.json image:g1008_sword_119_b	yellow	911	10	6	0	50050	金剑
50048	6	5010084	set:bedwar_license_reward_season42.json image:g1008_helmet_84_rainbow_b	yellow	911	6	7	0	50051	赛博头盔
50050	6	7082	set:bedwar_license_reward_season36.json image:g1008_icon_daoguang_82	yellow	911	6	10	0	50053	魔龙爪刀光
50052	6	3010014	set:dress_shop_pickaxe.json image:g1008_pickaxe_38_b	yellow	911	6	11	0	50055	木棒棒糖
50053	6	10110	set:talent_icon.json image:img_0_icon_talents_stone	yellow	911	2	12	1	50056	精粹*100
50054	7	6040011	set:bedwar_license_reward_season43.json image:g1008_suit_11_rainbow_emerald_b	yellow	911	50	1	0	50057	斋月铠甲-钻
50055	7	1030037	set:dress_shop_sword_3.json image:g1008_sword_121_b	yellow	911	30	2	0	50058	金剑
50056	7	3030014	set:dress_shop_pickaxe_2.json image:g1008_pickaxe_77_b	yellow	911	10	6	0	50059	金稿
50057	7	5010087	set:bedwar_license_reward_season43.json image:g1008_helmet_87_rainbow_b	yellow	911	6	7	0	50060	头盔
50058	7	4010019	set:bedwar_license_reward_season35.json image:g1008_bow_19_b	yellow	911	10	10	0	50061	魔龙爪刀光
50059	7	1030029	set:dress_shop_sword_2.json image:g1008_sword_113_b	yellow	911	10	11	0	50062	金剑
50060	7	10110	set:talent_icon.json image:img_0_icon_talents_stone	yellow	911	2	12	1	50063	精粹*100
50061	8	6040012	set:bedwar_license_reward_season44.json image:g1008_suit_12_rainbow_emerald_b	yellow	911	50	1	0	50064	洛基铠甲-钻
50062	8	1030039	set:dress_shop_sword_3.json image:g1008_sword_123_b	yellow	911	30	2	0	50065	金剑
50063	8	7106	set:bedwar_license_reward_season44.json image:g1008_icon_daoguang_106	yellow	911	10	6	0	50066	刀光
50064	8	6045	set:bedwar_license_reward_season44.json image:g1008_icon_arrow_45	yellow	911	6	7	0	50067	箭
50065	8	4010019	set:bedwar_license_reward_season35.json image:g1008_bow_19_b	yellow	911	10	10	0	50068	魔龙爪刀光
50066	8	1030029	set:dress_shop_sword_2.json image:g1008_sword_113_b	yellow	911	10	11	0	50069	金剑
50067	8	10110	set:talent_icon.json image:img_0_icon_talents_stone	yellow	911	2	12	1	50070	精粹*100
50068	9	6040015	set:bedwar_license_reward_season47.json image:g1008_suit_15_rainbow_emerald_b	yellow	911	50	1	0	50071	奥丁铠甲-钻
50069	9	1040032	set:dress_shop_sword_3.json image:g1008_sword_155_b	yellow	911	30	2	0	50072	三叉戟钻剑
50070	9	3064	set:bedwar_license_reward_season34.json image:g1008_icon_pet_64	yellow	911	20	3	0	50073	甲虫鬼助
50071	9	3069	set:bedwar_license_reward_season35.json image:g1008_icon_pet_69	yellow	911	20	4	0	50074	星野爱
50072	9	5010068	set:bedwar_license_reward_season34.json image:g1008_helmet_68_rainbow_b	yellow	911	10	5	0	50075	哥杀头盔
50073	9	92202	set:dress_shop_pickaxe.json image:g1008_pickaxe_56_b	yellow	911	5	6	0	50076	独角兽镐子
50074	9	10121	set:pet_gift_icon.json image:img_0_icon_change_skill	yellow	911	5	7	1	50077	技能交换券*1
50075	9	10110	set:talent_icon.json image:img_0_icon_talents_stone	yellow	911	2	8	1	50078	精粹*100
