id	groupId	groupSeq	rewardId	num	image
活动ID	奖励组id	组内排序	奖励id	奖励数量	图片
id	groupId	groupSeq	rewardId	num	image
1	2201	1	6030106	1	set:bedwar_license_reward_season28.json image:g1008_head_06_rainbow_gold_b
2	2201	2	6030206	1	set:bedwar_license_reward_season28.json image:g1008_chest_06_rainbow_gold_b
3	2201	3	6030306	1	set:bedwar_license_reward_season28.json image:g1008_thigh_06_rainbow_gold_b
4	2201	4	6030406	1	set:bedwar_license_reward_season28.json image:g1008_foot_06_rainbow_gold_b
