TipType	TipTemplateId	TipType	TipTemplateId	Notice	zh_CN	en_US	pt_PT	pt_BR	ru_RU	ko_KR	de_DE	fr_FR	es_ES	it_IT	in_ID	th_TH	tr_TR	vi_VN	ja_JP
枚举类型	模板说明	枚举类型	模板说明	备注	中文	英文	葡萄牙语	葡萄牙语	俄语	韩语	德语	法语	西班牙语	意大利语	印尼语	泰语	土耳其	越南语	日语
1008001	msgIronMoney	1008001	msgIronMoney	msgIronMoney	%1s▢FFFFFFFF成功升级铁锻炉	%1s▢FFFFFFFF Upgrade Iron forge	%1s▢FFFFFFFF Atualizou a forja de ferro	%1s▢FFFFFFFF Atualizou a forja de ferro	%1s▢FFFFFFFF Обновление Железной кузницы	%1s▢FFFFFFFF 업그레이드 아이언 포지	%1s▢FFFFFFFF Mettre à niveau la forge de fer	%1s▢FFFFFFFFForge de fer améliorée avec succès	%1s▢FFFFFFFF Actualizar forja de hierro	%1s▢FFFFFFFF Aggiorna Fucina di ferro	%1s▢FFFFFFFF Meningkatkan pemalsuan besi	%1s▢FFFFFFFF อัปเกรดเหล็กหลอม	%1s▢FFFFFFFF Yükseltme Demir dövmesi	%1s▢FFFFFFFF Nâng cấp lò rèn sắt thành công	%1s▢FFFFFFFF鉄工所のアップグレードに成功
1008002	EnchantMentLeftTime	1008002	EnchantMentLeftTime	禁止放方块	▢FFFFFFFF此区域禁止放方块！	▢FFFFFFFFRestricted Area	▢FFFFFFFFÁrea restrita para colocar blocos	▢FFFFFFFFÁrea restrita para colocar blocos	▢FFFFFFFFЗона Границы!	▢FFFFFFFF 제한 구역	▢FFFFFFFFZone restreinte	▢FFFFFFFFAucun carré n'est autorisé dans cette zone !	▢FFFFFFFF Área restringida	▢FFFFFFFF Area riservata	▢FFFFFFFFLarang Terbatas	▢FFFFFFFF เขตหวงห้าม	▢FFFFFFFFKısıtlı Alan	▢FFFFFFFFChỗ cấm đập block	▢FFFFFFFFこのエリアでは、四角いものは禁止されています
1008003	msgOutOfWorld	1008003	msgOutOfWorld	掉入虚空提示	%1s ▢FFFFFFFF玩家掉入了虚空	%1s ▢FFFFFFFFhave dropped into the abyss	%1s ▢FFFFFFFF caíram no abismo	%1s ▢FFFFFFFF caíram no abismo	%1s ▢FFFFFFFF упал в пропасть	%1s ▢FFFFFFFF가 심연으로 떨어졌습니다.	%1s ▢FFFFFFFF sont tombés dans l'abîme	%1s ▢FFFFFFFFLe joueur est tombé dans le vide	%1s ▢FFFFFFFFha dejado caer al abismo	%1s ▢FFFFFFFF sono caduti nell'abisso	%1s ▢FFFFFFFFTelah jatuh ke dalam jurang	%1s ▢FFFFFFFF ได้ทิ้งลงในเหวแล้ว	%1s ▢FFFFFFFF uçuruma düştü	%1s ▢FFFFFFFrơi vào abyss	%1s ▢FFFFFFFF虚空に落ちたプレイヤー
1008004	msgGameTip	1008004	msgGameTip	游戏简介	▢71AE48玩法:保护你的床并摧毁敌人的床。收集铁锭、金锭，绿宝石和钻石来升级，使自身和队伍变得更强	▢71AE48Gameplay: Protect your bed and destroys your enemies beds in the process. Gather iron ingots, gold ingots, emerald and diamonds to upgrade yourself in order to make you and your team stronger.	▢71AE48GJogo: Proteja sua cama e destrua as camas de inimigos no processo. Reúna lingotes de ferro, lingotes de ouro, esmeralda e diamantes para se atualizar, a fim de fortalecer você e sua equipe.	▢71AE48GJogo: Proteja sua cama e destrua as camas de inimigos no processo. Reúna lingotes de ferro, lingotes de ouro, esmeralda e diamantes para se atualizar, a fim de fortalecer você e sua equipe.	▢71AE48Игровой процесс: Защитите свою и разрушайте вражеские кровати. Собирайте железные слитки, слитки, изумруды и бриллианты, чтобы модернизировать себя, чтобы сделать себя и свою команду сильнее.	▢71AE48게임 플레이 :이 과정에서 침대를 보호하고 적의 침대를 파괴하십시오. 철 주괴, 금 주괴, 에메랄드 및 다이아몬드를 모아서 자신과 팀을 강하게 만드십시오.	▢71AE48Gameplay: Protégez votre lit et détruit les lits de vos ennemis dans le processus. Rassemblez des lingots de fer, des lingots d'or, d'émeraude et de diamants pour vous mettre à niveau afin de vous renforcer, vous et votre équipe.	▢71AE48Gameplay:Protégez votre lit et détruisez le lit de l'ennemi. Collectez des lingots de fer, des lingots d'or, des émeraudes et des diamants pour vous améliorer et rendre votre équipe plus forte.	▢71AE48Gameplay: protege tu cama y destruye las camas de tus enemigos en el proceso. Reúne lingotes de hierro, lingotes de oro, esmeraldas y diamantes para mejorarte y fortalecerte a ti y a tu equipo.	▢71AE48Gameplay: proteggi il tuo letto e distrugge i letti dei nemici nel processo. Raccogli lingotti di ferro, lingotti d'oro, smeraldi e diamanti per migliorare te stesso e rafforzare te e la tua squadra.	▢71AE48Gameplay: Lindungi tempat tidur Anda dan hancurkan tempat tidur musuh Anda dalam proses. Kumpulkan besi batangan, batangan emas, zamrud dan berlian untuk meningkatkan diri Anda agar Anda dan tim Anda lebih kuat.	▢71AE48Gameplay: Protect your bed and destroys your enemies beds in the process. Gather iron ingots, gold ingots, emerald and diamonds to upgrade yourself in order to make you and your team stronger.	▢71AE48Oyun: Yatağınızı koruyun ve bu süreçte düşman yataklarınızı yok edin. Sizi ve ekibinizi daha güçlü hale getirmek için demir külçeleri, altın külçeleri, zümrüt ve elmasları toplayın.	▢71AE48Gameplay: Protect your bed and destroys your enemies beds in the process. Gather iron ingots, gold ingots, emerald and diamonds to upgrade yourself in order to make you and your team stronger.	▢71AE48Gameplay:自分のベッドを守り、敵のベッドを破壊する。 鉄のインゴット、金のインゴット、エメラルド、ダイヤモンドを集めてアップグレードし、自分とチームをより強くしていきます。
1008005	msgKillTip	1008005	msgKillTip	击杀显示	%1s ▢FFFFFFFF击杀了%2s	%1s ▢FFFFFFFFkilled%2s	%1s ▢FFFFFFFFmatar %2s	%1s ▢FFFFFFFFmatar %2s	%1s ▢FFFFFFFFубит %2s	%1s ▢FFFFFFFFkilled %2s	%1s ▢FFFFFFFFtraîné%2s	%1s ▢FFFFFFFFTués.%2s	%1s ▢FFFFFFFFkilled%2s	%1s ▢FFFFFFFFkilled%2s	%1s ▢FFFFFFFF terampil%2s	%1s วินาที ▢FFFFFFFF ฝีมือ%2s วินาที	%1s ▢FFFFFFFFBitmiş%2s	%1s ▢FFFFFFFFgiết %2s	%1s ▢FFFFFFFF殺害された。%2s
1008006	ShopLimit	1008006	ShopLimit	特权限购一次	▢FFFFFFFF特权限购一次	▢FFFFFFFFCan only be purchased once	▢FFFFFFFFPrivilégio ser comprado apenas uma vez	▢FFFFFFFFPrivilégio ser comprado apenas uma vez	▢FFFFFFFFМожно купить только раз	▢FFFFFFFF 한 번만 구매 가능	▢FFFFFFFFPeut être acheté une seule fois	▢FFFFFFFFLes privilèges sont limités à un seul achat	▢FFFFFFFF Solo se puede comprar una vez	▢FFFFFFFFPuò essere acquistato una sola volta	▢FFFFFFFFCan hanya dapat dibeli satu kali	▢FFFFFFFFC สามารถซื้อได้เพียงครั้งเดียว	▢FFFFFFFFCYalnızca bir kez satın alınabilir	▢FFFFFFFFchỉ có thể mua 1 lần	▢FFFFFFFF特典は1回のご購入に限らせていただきます。
1008007	msgBuySuccess	1008007	msgBuySuccess	购买成功	▢FFFFFFFF购买成功	▢FFFFFFFFPurchase successful	▢FFFFFFFFComprar com sucesso	▢FFFFFFFFComprar com sucesso	▢FFFFFFFFПокупка успешна	성공한▢FFFFFFFF 구매 성공	▢FFFFFFFFKauf erfolgreich	▢FFFFFFFFAchat réussi	▢FFFFFFFFCompra exitosa	▢FFFFFFFF Acquisto riuscito	▢FFFFFFFFPembelian berhasil	▢FFFFFFFF ซื้อสำเร็จ	▢FFFFFFFFSatın alma başarılı	▢FFFFFFFFMua thành công	▢FFFFFFFF購入成功
1008008	msgEmerald	1008008	msgEmerald	钻石点信息	等级%1s 钻石 将在%2s秒后产出	Level%1s Diamond will start generating in %2s	Nível%1s Diamonte começará a gerar em%2s	Nível%1s Diamonte começará a gerar em%2s	Уровень%1s Алмаз генерируется через %2s	%1s 다이아몬드가 %2s에서 생성되기 시작합니다.	Niveau%1s Diamond commencera à générer dans%2s	Niveau%1s Diamants sera produit en%2sAprès quelques secondes	El nivel%1s Diamond comenzará a generar en%2s	Livello%1s Il diamante inizierà a generare in%2s	Level%1s Diamond akan mulai menghasilkan dalam%2s	ระดับ%1s Diamond จะเริ่มสร้างใน%2s วินาที	Seviye%1s Diamond%2s içinde üretmeye başlayacak	Cấp%1s Kim cương sẽ xuất ra sau %2s	レベル%1s ダイヤモンド で生産されます。%2s秒後
1008009	msgDiamond	1008009	msgDiamond	绿宝石点信息	等级%1s 绿宝石 将在%2s秒后产出	Level%1s Emerald will start generating in %2s	Nível%1s Emerald começará a gerar em%2s	Nível%1s Emerald começará a gerar em%2s	Уровень%1s Изумруд начнет генерироваться через %2s	레벨 %1s 에메랄드가 %2s에서 생성을 시작합니다	Niveau%1s Emerald commencera à générer dans%2s	Grade%1s Émeraude va apparaître dans%2sSortie en secondes	El nivel%1s Emerald comenzará a generar en%2s	Emerald di livello%1s inizierà a generare in%2s	Level%1s Emerald akan mulai menghasilkan dalam%2s	ระดับ%1s Emerald จะเริ่มสร้างใน%2s วินาที	Seviye%1s Emerald%2s içinde üretmeye başlayacak	Cấp%1s ngọc bích sẽ xuất ra sau %2s	グレード%1s エメラルド でスポーンします。%2s秒単位の出力
1008010	msgBuyHpSpringSuc	1008010	msgBuyHpSpringSuc	购买温泉成功	%1s▢FFFFFFFF购买温泉成功	%1s▢FFFFFFFF Buy Hotspring successful	%1s▢FFFFFFFF Comprar fontes quentes com êxito	%1s▢FFFFFFFF Comprar fontes quentes com êxito	%1s▢FFFFFFFF Покупка гор-источника успешна	%1s▢FFFFFFFF 온천 구매 성공	%1s▢FFFFFFFF Achat de Hotspring réussi	%1s▢FFFFFFFFSuccès de l'achat d'un spa	%1s▢FFFFFFFF Comprar Hotspring exitoso	%1s▢FFFFFFFF Acquista Hotspring riuscita	%1s▢FFFFFFFF Beli Mata Air Panas berhasil	%1s▢FFFFFFFF ซื้อ น้ำพุร้อน สำเร็จ	%1s▢FFFFFFFF Hotspring Satın Al başarılı	%1s▢FFFFFFFFMua ôn tuyền thành công	%1s▢FFFFFFFFスパ購入成功
1008011	msgHpSpringMax	1008011	msgHpSpringMax	温泉已经满级	▢FFFFFFFF温泉已到达最大等级	▢FFFFFFFFHotspring has max level	▢FFFFFFFFFonte quente atingiu nível máximo	▢FFFFFFFFFonte quente atingiu nível máximo	▢FFFFFFFFГор-источник макс. ур.	▢FFFFFFFF 핫 스프링의 최대 레벨	▢FFFFFFFFHotspring a un niveau maximum	▢FFFFFFFFLe spa a atteint son niveau maximum	▢FFFFFFFFHotspring tiene un nivel máximo	▢FFFFFFFF La molla ha un livello massimo	▢FFFFFFFFHring panas memiliki level maksimal	▢FFFFFFFFน้ำพุร้อน มีระดับสูงสุด	▢FFFFFFFFSıcak yay maksimum seviyeye sahiptir	▢FFFFFFFFÔn tuyền đã đến mức tối đa	▢FFFFFFFFスパが最大レベルに達したこと
1008012	msgBuyLimit	1008012	msgBuyLimit	购买数量限制	▢FFFFFFFF购买数量已到达上限	▢FFFFFFFFNumber of purchase have the max	▢FFFFFFFFNúmero de compra atingiu máximo	▢FFFFFFFFNúmero de compra atingiu máximo	▢FFFFFFFFМаксимальное количество покупок	▢FFFFFFFF 구매 횟수는 최대	▢FFFFFFFFNombre d'achat ont le maximum	▢FFFFFFFFLe nombre maximal d'achats a été atteint	▢FFFFFFFFNúmero de compra tiene el máximo	▢FFFFFFFF Il numero di acquisto ha il max	▢FFFFFFFFJumlah pembelian maks	▢FFFFFFFF จำนวนการซื้อมีจำนวนสูงสุด	▢FFFFFFFFSatın alma sayısı maks.	▢FFFFFFFFSố mua đã đến mức tối đa	▢FFFFFFFF購入数の上限に達した場合
1008013	msgIronMax	1008013	msgIronMax	铁锻炉已经满级	▢FFFFFFFF铁锻炉已到达最大等级	▢FFFFFFFFIron forge has max level	▢FFFFFFFFA forja de ferro tem nível máximo	▢FFFFFFFFA forja de ferro tem nível máximo	▢FFFFFFFFКузница макс. ур.	▢FFFFFFFF 철 단조 최대 레벨	▢FFFFFFFFLa forge à fer a un niveau maximum	▢FFFFFFFFLa Forge de Fer a atteint son niveau maximum	▢FFFFFFFFIron forge tiene un nivel máximo	▢FFFFFFFFLa fucina di ferro ha un livello massimo	▢FFFFFFFFIron menempa memiliki level maksimal	▢FFFFFFFF เหล็กหลอม ปลอมมีระดับสูงสุด	▢FFFFFFFFDemir dövme maksimum seviyeye sahiptir	▢FFFFFFFFLò rèn sắt đã đến mức tối đa	▢FFFFFFFF鉄の錬金術師のレベルが最大になった
1008014	msgHotSpringLvUp	1008014	msgHotSpringLvUp	成功升级温泉	%1s▢FFFFFFFF成功升级温泉	%1s▢FFFFFFFF Upgrade the HotSprings	%1s▢FFFFFFFF Atualize fonte quente	%1s▢FFFFFFFF Atualize fonte quente	%1s▢FFFFFFFF Обновите горячие источники	%1s▢FFFFFFFF 온천 업그레이드	%1s▢FFFFFFFF Mettre à niveau les HotSprings	%1s▢FFFFFFFFLa modernisation du spa est un succès	%1s▢FFFFFFFF Actualiza los HotSprings	%1s▢FFFFFFFF Aggiorna le HotSprings	%1s▢FFFFFFFF Tingkatkan HotSprings	%1s▢FFFFFFFF อัปเกรด น้ำพุร้อนs	%1s▢FFFFFFFF HotSprings'i yükseltin	%1s▢FFFFFFFF Nâng cấp thành công ôn tuyền	%1s▢FFFFFFFFスパのアップグレードに成功
1008015	msgEnMax	1008015	msgEnMax	此附魔已经满级	▢FFFFFFFF此附魔已到达最大等级	▢FFFFFFFFEnchantment for this area has max level	▢FFFFFFFF magia atingiu nível máximo	▢FFFFFFFF magia atingiu nível máximo	▢FFFFFFFFЧар для этой области имеет максимальный уровень	▢FFFFFFFF이 지역의 마법은 최대 레벨입니다.	▢FFFFFFFFEnchantment pour cette zone a un niveau maximum	▢FFFFFFFFCet enchantement a atteint son niveau maximum	▢FFFFFFFFEl encantamiento para esta área tiene un nivel máximo	▢FFFFFFFF L'incantesimo per quest'area ha un livello massimo	▢FFFFFFFFPantuan untuk area ini memiliki level maksimal	▢FFFFFFFF เสน่ห์สำหรับพื้นที่นี้มีระดับสูงสุด	▢FFFFFFFFBu alan için maksimum seviye	▢FFFFFFFFBùa mê này đã đến mức tối đa	▢FFFFFFFFこのエンチャントは最大レベルに達している
1008016	equipLowerLevel	1008016	equipLowerLevel	无法获得低级装备	▢FFFFFFFF无法获得低级装备	▢FFFFFFFFUnable to obtain low level equipments	▢FFFFFFFFNão é possível obter equipamentos de baixo nível	▢FFFFFFFFNão é possível obter equipamentos de baixo nível	▢FFFFFFFFНе удается получить оборудование низкого уровня	수평▢FFFFFFFF 저수준 장비를 얻을 수 없습니다	▢FFFFFFFFImpossible d'obtenir des équipements de bas niveau	▢FFFFFFFFImpossibilité d'obtenir des équipements de bas niveau	▢FFFFFFFF No se pueden obtener equipos de bajo nivel	▢FFFFFFFF Impossibile ottenere apparecchiature di basso livello	▢FFFFFFFF Tidak dapat memperoleh peralatan tingkat rendah	▢FFFFFFFF ไม่สามารถรับอุปกรณ์ระดับต่ำได้	▢FFFFFFFFAlt seviye ekipman elde edilemez	▢FFFFFFFFKhông thể nhận trang bị thấp hơn	▢FFFFFFFF低レベルの機器を入手できない
1008017	msgNotUseRescue	1008017	msgNotUseRescue	不能放置救援床	▢FFFFFFFF救援平台只能在空中使用	▢FFFFFFFFRescue platform can only be used in mid air.	▢FFFFFFFF plataforma de apoio só pode ser usada no ar.	▢FFFFFFFF plataforma de apoio só pode ser usada no ar.	▢FFFFFFFF Спасательная платформа может использоваться только в воздухе.	플랫폼▢FFFFFFFF구출 플랫폼은 공중에서만 사용할 수 있습니다.	▢FFFFFFFFLa plateforme de sauvetage ne peut être utilisée que dans les airs.	▢FFFFFFFFLa plate-forme de sauvetage ne peut être utilisée qu'en l'air.	▢FFFFFFFF La plataforma de rescate solo se puede utilizar en el aire.	▢FFFFFFFF La piattaforma di salvataggio può essere utilizzata solo a mezz'aria.	▢FFFFFFFF Platform penyelamatan hanya dapat digunakan di udara.	แพลตฟอร์ม ▢FFFFFFFFกู้ภัย สามารถใช้ได้เฉพาะตอนกลางอากาศ	▢FFFFFFFF Kurtarma platformu yalnızca orta havada kullanılabilir.	▢FFFFFFFFĐệm chất nhờn an toàn chỉ có thể sử dụng trên không	▢FFFFFFFFレスキュープラットフォームは空中でしか使用できない
1008018	msgNotBreakBed	1008018	msgNotBreakBed	不能破坏自己队伍的床	▢FFFFFFFF不能破坏自己队伍的床	▢FFFFFFFFUnable to break your team's bed	▢FFFFFFFFNão é possível quebrar a cama de equipe	▢FFFFFFFFNão é possível quebrar a cama de equipe	▢FFFFFFFFНе удается сломать кровать вашей команды	▢FFFFFFFF 팀 침대를 깰 수 없습니다	▢FFFFFFFFImpossible de casser le lit de votre équipe	▢FFFFFFFFImpossible de détruire le lit de votre équipe	▢FFFFFFFF No se puede romper la cama de tu equipo	▢FFFFFFFF Impossibile rompere il letto della tua squadra	▢FFFFFFFF Tidak dapat memecahkan ranjang tim Anda	▢FFFFFFFF ไม่สามารถทำลายเตียงทีมของคุณ	▢FFFFFFFFTakımınızın yatağını kırmak mümkün değil	▢FFFFFFFFKhông thể phá giường bên mình	▢FFFFFFFF自分のチームのベッドを破壊できない
1008019	msgEnLvUp	1008019	msgEnLvUp	成功升级附魔	%1s▢FFFFFFFF成功升级附魔	%1s▢FFFFFFFFUpgraded the enchantment	%1s▢FFFFFFFFAtualizou o magia	%1s▢FFFFFFFFAtualizou o magia	%1s▢FFFFFFFFЧары обновлены	%1s▢FFFFFFFF 마법 강화	%1s▢FFFFFFFFMise à niveau de l'enchantement	%1s▢FFFFFFFFAmélioration réussie d'un enchantement	%1s▢FFFFFFFFActualizado el encantamiento	%1s▢FFFFFFFF Aggiornato l'incantesimo	%1s▢FFFFFFFFTingkatkan enchantment	%1s▢FFFFFFFF อัปเกรดความลุ่มหลง	%1s▢FFFFFFFFGöç büyüsü	%1s▢FFFFFFFFNâng cấp thành công bùa mê	%1s▢FFFFFFFFエンチャントのアップグレードに成功
1008020	msqMaxTool	1008020	msqMaxTool	工具最大等级	▢FFFFFFFF工具已到达最大等级	▢FFFFFFFFTools has max level	▢FFFFFFFFFerramenta atingiu nível máximo	▢FFFFFFFFFerramenta atingiu nível máximo	▢FFFFFFFFИнструменты макс. ур.	level▢FFFFFFFF 도구의 최대 레벨	▢FFFFFFFFTools a un niveau maximum	▢FFFFFFFFLes outils ont atteint le niveau maximum	▢FFFFFFFFTools tiene un nivel máximo	▢FFFFFFFFStrumenti ha livello massimo	▢FFFFFFFFTools memiliki level maksimal	เครื่องมือ ▢FFFFFFFF มีระดับสูงสุด	▢FFFFFFFFTools maksimum seviyeye sahiptir	▢FFFFFFFFCông cụ đã đến mức tối đa	▢FFFFFFFFツールが最大レベルに達した
1008021	msqMaxTool	1008021	msqMaxTool	只有钻石镐可以破坏	▢FFFFFFFF只有钻石镐可以破坏黑曜石	▢FFFFFFFFObsidian can only be destroyed with a diamond pickaxe	▢FFFFFFFFObsidian só pode ser destruído por picareta de diamante	▢FFFFFFFFObsidian só pode ser destruído por picareta de diamante	▢FFFFFFFF Обсидиан можно уничтожить только алмазной киркой	▢FFFFFFFF다이아몬드는 곡괭이로만 파괴 할 수 있습니다.	▢FFFFFFFFObsidian ne peut être détruit qu'avec une pioche en diamant	▢FFFFFFFFSeule la pioche de diamant peut détruire l'obsidienne.	▢FFFFFFFFObsidian solo puede ser destruido con un pico de diamante	▢FFFFFFFF L'ossidiano può essere distrutto solo con un piccone di diamante	▢FFFFFFFFObsidian hanya dapat dihancurkan dengan beliung berlian	▢FFFFFFFF ออบซิเดียน สามารถถูกทำลายได้ด้วย พลั่ว เพชรเท่านั้น	▢FFFFFFFFObidyan sadece elmas kazma ile yok edilebilir	▢FFFFFFFFChỉ cuốc kim cương mới phá được hắc diện thạch	▢FFFFFFFF黒曜石を破壊できるのは「ダイヤモンドつるはし」だけです。
1008022	msgBedHasBreak	1008022	msgBedHasBreak	床被破坏啦	▢FFFFFFFF您的床已被破坏了。您已无法复活	▢FFFFFFFFYour bed has been destroyed. You cannot be revived anymore.	▢FFFFFFFFSua cama foi destruída. Não pode mais ser revivido.	▢FFFFFFFFSua cama foi destruída. Não pode mais ser revivido.	▢FFFFFFFFВаша кровать разрушена. Вы не можете больше восстанавливаться.	침대▢FFFFFFFF 침대가 파손되었습니다. 더 이상 부활 할 수 없습니다.	▢FFFFFFFFVotre lit a été détruit. Vous ne pouvez plus être ressuscité.	▢FFFFFFFFVotre lit a été détruit. Vous n'êtes plus en mesure de réanimer	▢FFFFFFFF Tu cama ha sido destruida. Ya no puedes ser revivido.	▢FFFFFFFFIl tuo letto è stato distrutto. Non puoi più essere rianimato.	▢FFFFFFFFRanjangmu telah hancur. Anda tidak dapat dihidupkan kembali lagi.	▢FFFFFFFF เตียงของคุณถูกทำลาย คุณไม่สามารถฟื้นฟูได้อีกต่อไป	▢FFFFFFFFYatağınız yok edildi. Artık dirilemezsin.	▢FFFFFFFFGiường bên mình đã bị phá hoại.Không thể phục hồi nữa	▢FFFFFFFFあなたのベッドは破壊されました。 あなたはもう復活することはできません。
1008023	msgTeamFail	1008023	msgTeamFail	团灭	%1s▢FFFFFFFF玩家全部被淘汰	%1s▢FFFFFFFF wiped out.	%1s▢FFFFFFFFTodos os jogadores são eliminados.	%1s▢FFFFFFFFTodos os jogadores são eliminados.	%1s▢FFFFFFFF уничтожено.	%1s▢FFFFFFFF이 (가) 지워졌습니다.	%1s▢FFFFFFFF anéanti.	%1s▢FFFFFFFFTous les joueurs ont été éliminés	%1s▢FFFFFFFF eliminado.	%1s▢FFFFFFFF cancellato.	%1s▢FFFFFFFF dihapus.	%1s▢FFFFFFFF เช็ดออก	%1s▢FFFFFFFF silindi.	%1s▢FFFFFFFFbị xóa sổ	%1s▢FFFFFFFFすべてのプレーヤーが脱落した
1008024	breakBed	1008024	breakBed	破坏床	%1s▢FFFFFFFF破坏了%2s▢FFFFFFFF的床,%3s▢FFFFFFFF无法复活.	%1s▢FFFFFFFFdestroys%2s▢FFFFFFFF's bed	%1s▢FFFFFFFFdestrói a cama de%2s▢FFFFFFFF%3s▢FFFFFFFF não pode ser restaurado	%1s▢FFFFFFFFdestrói a cama de%2s▢FFFFFFFF%3s▢FFFFFFFF não pode ser restaurado	%1s▢FFFFFFFFуничтожил кровать%2s▢FFFFFFFF	%1s▢FFFFFFFF 파괴 %2s▢FFFFFFFF의 침대	%1s▢FFFFFFFF détruit le lit de%2s▢FFFFFFFF	%1s▢FFFFFFFFDétruit%2s▢FFFFFFFFLe lit,%3s▢FFFFFFFFne peut pas être ressuscité.	%1s▢FFFFFFFFdestroys%2s▢FFFFFFFF's bed	%1s▢FFFFFFFF distrugge il letto di%2s▢FFFFFFFF	%1s▢FFFFFFFFdestroys%2s▢FFFFFFFF's tempat tidur	เตียงของ%1s▢FFFFFFFF ปฏิเสธ%2s▢FFFFFFFF ของเตียง	%1s▢FFFFFFFFdestroys%2s▢FFFFFFFF'nin yatağı	%1s▢FFFFFFFFdestroys%2s▢FFFFFFFF's bed.	%1s▢FFFFFFFFデストロイ%2s▢FFFFFFFFベッドです。%3s▢FFFFFFFFが復活することはありません。
1008025		1008025		开启快速搭建	▢FFFFFFFF已开启快速搭建功能	▢FFFFFFFFHas activated the quick build function	▢FFFFFFFF ativou a função de compilação rápida	▢FFFFFFFF ativou a função de compilação rápida	▢FFFFFFFF активировал функцию быстрой сборки	짓다▢FFFFFFFF는 빠른 빌드 기능을 활성화했습니다	▢FFFFFFFFa activé la fonction de construction rapide	▢FFFFFFFFLa construction rapide est activée	▢FFFFFFFF ha activado la función de construcción rápida	▢FFFFFFFF ha attivato la funzione di creazione rapida	▢FFFFFFFFtelah mengaktifkan fungsi build cepat	▢FFFFFFFF ได้เปิดใช้งานฟังก์ชั่นสร้างด่วน	▢FFFFFFFFhızlı yapı işlevini etkinleştirdi	▢FFFFFFFFđã mở chức năng đập nhanh	▢FFFFFFFFクイックビルドが可能
1008026		1008026		关闭快速搭建	▢FFFFFFFF已关闭快速搭建功能	▢FFFFFFFFQuick build function has been disabled	▢FFFFFFFFdesativou função de compilação rápida	▢FFFFFFFFdesativou função de compilação rápida	▢FFFFFFFF Быстрая сборка отключена	짓다▢FFFFFFFF 빠른 빌드 기능이 비활성화되었습니다	▢FFFFFFFFLa fonction de construction rapide FFFFFFFFquick a été désactivée	▢FFFFFFFFLa construction rapide est désactivée	▢FFFFFFFF La función de compilación rápida se ha deshabilitado	▢FFFFFFFF La funzione di creazione rapida è stata disabilitata	▢FFFFFFFFFungsi build cepat telah dinonaktifkan	▢FFFFFFFF ฟังก์ชั่นสร้างอย่างรวดเร็วถูกปิดการใช้งาน	▢FFFFFFFFhızlı oluşturma işlevi devre dışı	▢FFFFFFFFđã khóa chức năng đập nhanh	▢FFFFFFFFクイックビルドをオフにする
1008027		1008027		被推下虚空	%1s▢FFFFFFFF把▢FFFFFFFF%2s▢FFFFFFFF打下了虚空	%1s▢FFFFFFFFknocked▢FFFFFFFF%2s▢FFFFFFFFinto the abyss	%1s▢FFFFFFFFbrancou▢FFFFFFFF%2s▢FFFFFFFF	%1s▢FFFFFFFFbrancou▢FFFFFFFF%2s▢FFFFFFFF	%1s▢FFFFFFFFсбил▢FFFFFFFF%2s▢FFFFFFFFв пропасть	%1s▢FFFFFFFF 노크 ▢FFFFFFFF %2s▢FFFFFFFF 심연으로	%1s▢FFFFFFFF frappé▢FFFFFFFF%2s▢FFFFFFFFans l'abîme	%1s▢FFFFFFFFMettez▢FFFFFFFF%2s▢FFFFFFFFFrappé dans le vide.	%1s▢FFFFFFFFknocked▢FFFFFFFF%2s▢FFFFFFFF en el abismo	%1s▢FFFFFFFFknocked▢FFFFFFFF%2s▢FFFFFFFF nell'abisso	%1s▢FFFFFFFFkedok▢FFFFFFFF%2s▢FFFFFFFF ke dalam jurang	%1s▢FFFFFFFF ปิดแล้ว ▢FFFFFFFF%2s▢FFFFFFFF ใส่ก้นเหว	%1s▢FFFFFFFFkesilen▢FFFFFFFF%2s▢FFFFFFFF uçurumun içine	%1s▢FFFFFFFFknocked▢FFFFFFFF%2s▢FFFFFFFFrơi vào abyss	%1s▢FFFFFFFFput▢FFFFFFFF%2s▢FFFFFFFF虚空からのノックアウト。
1008028	msgToolNotBreakBed	1008028	msgToolNotBreakBed	不能破坏床的工具	▢FFFFFFFF只有工具和剑可以破坏床	▢FFFFFFFFOnly tools and swords can destroy the bed	▢FFFFFFFFApenas ferramentas e espadas podem destruir a cama	▢FFFFFFFFApenas ferramentas e espadas podem destruir a cama	▢FFFFFFFFТолько инструменты и мечи могут разрушить кровать	▢FFFFFFFF 도구와 칼만이 침대를 파괴할 수 있습니다	▢FFFFFFFFNur Werkzeuge und Schwerter können das Bett zerstören	▢FFFFFFFFSeuls les outils et les épées peuvent détruire le lit	▢FFFFFFFFSolo herramientas y espadas pueden destruir la cama	▢FFFFFFFFSolo strumenti e spade possono distruggere il letto	▢FFFFFFFFHanya alat dan pedang yang bisa menghancurkan tempat tidur	▢FFFFFFFFเครื่องมือและดาบเท่านั้นที่สามารถทำลายเตียงได้	▢FFFFFFFFSadece aletler ve kılıçlar yatağı yok edebilir	▢FFFFFFFFChỉ có công cụ và kiếm mới có thể phá hủy chiếc giường	▢FFFFFFFFベッドを壊せるのは道具と剣だけ
1008029		1008029		卡牌抽奖缺少钥匙	货币不足 !	You don't have enough currency	Moeda insuficiente	Moeda insuficiente	Вам не хватает валюты	통화가 충분하지 않습니다	Vous n'avez pas assez de devises	Pas assez de monnaie. !	No tienes suficiente moneda	Non hai abbastanza valuta	Anda tidak memiliki cukup mata uang	คุณไม่มีเงินเพียงพอ	Yeterli para biriminiz yok	Thiếu tiền	通貨が足りない。 !
1008030		1008030		卡牌抽奖背包满了	背包已满 !	Your backpack is full	Sua mochila cheia	Sua mochila cheia	Ваш рюкзак полон	배낭이 가득 찼습니다	Votre sac à dos est plein	Le sac à dos est plein. !	Tu mochila esta llena	Il tuo zaino è pieno	Ransel Anda penuh	กระเป๋าเป้ของคุณเต็ม	Sırt çantanız dolu	Ba lô đã đầy	バックパックは満杯です。 !
1008031		1008031		钻石点升级提示	▢FFFFFFFF钻石升级到%1s级	▢FFFFFFFFDiamond upgraded to level %1s	▢FFFFFFFFDiamante atualizou para nível%1s	▢FFFFFFFFDiamante atualizou para nível%1s	▢FFFFFFFF Алмаз улучшен до уровня %1s	▢FFFFFFFF다이아몬드가 %1s 레벨로 업그레이드되었습니다.	▢FFFFFFFFDiamond mis à niveau au niveau%1s	▢FFFFFFFFSurclassement en diamant vers%1sNiveau	▢FFFFFFFFDiamond actualizado al nivel%1s	▢FFFFFFFF Diamante aggiornato al livello%1s	▢FFFFFFFFBerlian ditingkatkan ke level%1s	▢FFFFFFFF เพชรอัพเกรดเป็นระดับ%1s	▢FFFFFFFFElmas%1s düzeyine yükseltildi	▢FFFFFFFFKim cương nâng cấp đến %1s	▢FFFFFFFFダイヤモンドにアップグレード%1sレベル
1008032		1008032		绿宝石点升级提示	▢FFFFFFFF绿宝石升级到%1s级	▢FFFFFFFFEmerald upgraded to level %1s	▢FFFFFFFFEsmeralda atualizou para nível%1s	▢FFFFFFFFEsmeralda atualizou para nível%1s	▢FFFFFFFFИзумруд повышен до уровня %1s	▢FFFFFFFF에메랄드 가 %1s 레벨로 업그레이드되었습니다	▢FFFFFFFFEmerald amélioré au niveau%1s	▢FFFFFFFFEmeraudes améliorées à%1sNiveau	▢FFFFFFFFEmerald actualizado al nivel%1s	▢FFFFFFFFEmerald aggiornato al livello%1s	▢FFFFFFFFEmerald ditingkatkan ke level%1s	▢FFFFFFFF มรกต อัปเกรดเป็นระดับ%1s วินาที	▢FFFFFFFFEmerald%1s seviyesine yükseltildi	▢FFFFFFFFNgọc bích nâng cấp đến %1s	▢FFFFFFFFエメラルドがアップグレード%1sレベル
1008033	msgOutOfArea	1008033	msgOutOfArea	超出地图范围	▢FFFFFFFF你已超出地图范围!!!	▢FFFFFFFFYou are out of the map!	▢FFFFFFFFVocê está fora do mapa!	▢FFFFFFFFVocê está fora do mapa!	▢FFFFFFFFВы вне карты!	▢FFFFFFFF지도에서 벗어났습니다!	▢FFFFFFFFVous êtes hors de la carte!	▢FFFFFFFFVous êtes hors de portée de la carte !!!	▢FFFFFFFF¡Estás fuera del mapa!	▢FFFFFFFFSei fuori dalla mappa!	▢FFFFFFFFAnda keluar dari peta!	▢FFFFFFFF คุณออกไปจากแผนที่แล้ว!	▢FFFFFFFFHarita dışındasınız!	▢FFFFFFFFBạn đã vượt qua bản đồ!!!	▢FFFFFFFF地図の範囲から外れている!!!
1008034	Red	1008034	Red	红队	红队	Red	Red	Red	Крас.	Red	Red	Équipe rouge	Red	Red	Red	Red	Red	Red	赤チーム
1008035	Blue	1008035	Blue	蓝队	蓝队	Blue	Blue	Blue	Син.	Blue	Blue	Équipe bleue	Blue	Blue	Blue	Blue	Blue	Blue	ブルーチーム
1008036	Green	1008036	Green	绿队	绿队	Green	Green	Green	Зел.	Green	Green	Équipe verte	Green	Green	Green	Green	Green	Green	グリーンチーム
1008037	Yellow	1008037	Yellow	黄队	黄队	Yellow	Yellow	Yellow	Жел.	Yellow	Yellow	Équipe jaune	Yellow	Yellow	Yellow	Yellow	Yellow	Yellow	イエローチーム
1008038		1008038		调整队伍	▢FFFFFFFF为了游戏平衡，调整了队伍%1s	▢FFFFFFFFBalance for the game,Adjust the team%1s	▢FFFFFFFFAjustou a equipe %1s para o equilíbrio do jogo	▢FFFFFFFFAjustou a equipe %1s para o equilíbrio do jogo	▢FFFFFFFF Баланс за игру, настроить команду%1s	▢FFFFFFFFBalance for the game,Adjust the team%1s	▢FFFFFFFFBalance for the game,Adjust the team%1s	▢FFFFFFFFÉquipes ajustées pour l'équilibre du jeu%1s	▢FFFFFFFFBalance for the game,Adjust the team%1s	▢FFFFFFFFBalance for the game,Adjust the team%1s	▢FFFFFFFFBalance for the game,Adjust the team%1s	▢FFFFFFFF ยอดคงเหลือสำหรับเกมปรับทีม%1s	▢FFFFFFFFBalance for the game,Adjust the team%1s	▢FFFFFFFFĐiều chỉnh đội ngũ vì sự cân bằng%1s	▢FFFFFFFFゲームバランスを考慮してチームを調整%1s
1008039	Cyan	1008039	Cyan	青队	青队	Cyan	Cyan	Cyan	Зел.	Cyan	Cyan	L'équipe verte	Cyan	Cyan	Cyan	Cyan	Cyan	Cyan	グリーンチーム
1008040	White	1008040	White	白队	白队	White	White	White	Бел.	White	White	Équipe blanche	White	White	White	White	White	White	白チーム
1008041	Pink	1008041	Pink	粉队	粉队	Pink	Pink	Pink	Роз.	Pink	Pink	L'équipe rose	Pink	Pink	Pink	Pink	Pink	Pink	ピンクチーム
1008042	Gray	1008042	Gray	灰队	灰队	Gray	Gray	Gray	Сер.	Gray	Gray	Équipe grise	Gray	Gray	Gray	Gray	Gray	Gray	グレーチーム
1008043	msgBuyArrow	1008043	msgBuyArrow	不能购买弩箭	▢FFFFFFFF不能购买弩箭	▢FFFFFFFFCannot purchase Arrows	▢FFFFFFFFCannot comprar Setas	▢FFFFFFFFCannot comprar Setas	▢FFFFFFFFАрбалет не купишь.	▢FFFFFFFF화살표 구매 불가	▢FFFFFFFFKann keine Pfeile kaufen	▢FFFFFFFFIncapable d'acheter des flèches	▢FFFFFFFFNo puedes comprar Flechas	▢FFFFFFFFImpossibile acquistare frecce	▢FFFFFFFFCtidak dapat membeli Panah	▢FFFFFFFFไม่สามารถซื้อธนูหน้าไม้ได้	▢FFFFFFFFtatar yayı okları satın alamaz	▢FFFFFFFFkhông thể mua cung tên nỏ	▢FFFFFFFFクロスボウの購入ができない
1008044		1008044		龙倒计时	▢FF00FFFF你的骑龙状态即将结束	▢FF00FFFFYour dragon riding is about to be ended	▢FF00FFFFYour está prestes a terminar a cavalgada do dragão	▢FF00FFFFYour está prestes a terminar a cavalgada do dragão	▢FFFFFFFFВаша поездка на драконе подходит к концу.	▢FF00FFFF당신의 드래곤 라이딩이 곧 종료됩니다	▢FF00FFFFDein Drachenreiten wird gleich beendet	▢FF00FFFFVotre chevauchée du dragon est sur le point de prendre fin.	▢FF00FFFFSu monta de dragón está a punto de terminar	▢FF00FFFFIl tuo cavalcare il drago sta per essere terminato	▢FF00FFFFTunggangan naga Anda akan segera berakhir	▢FF00FFFFสถานะการขี่มังกรของคุณกำลังจะสิ้นสุดลง	▢FF00FFFFEjderhaya binme durumunuz sona ermek üzere	▢FF00FFFFTrạng thái cưỡi rồng của bạn sắp kết thúc	▢FF00FFFFあなたのドラゴンライディングのステータスはもうすぐ終わります。
1008045		1008045		凋零倒计时	▢FF00FFFF你的凋零状态即将结束	▢FF00FFFFYour belight riding is about to be ended	▢FF00FFFFYour A cavalgada à luz do sino está prestes a terminar	▢FF00FFFFYour A cavalgada à luz do sino está prestes a terminar	▢FFFFFFFFВаша поездка на  Блайт подходит к концу.	▢FF00FFFF당신의 비 라이트 라이딩이 곧 종료됩니다	▢FF00FFFFYour belight riding is about to be ended	▢FF00FFFFYVotre équitation est sur le point de se terminer.	▢FF00FFFFSu monta de caballo está a punto de terminar	▢FF00FFFFLa tua cavalcatura di belight sta per essere terminata	▢FF00FFFFKuda belight Anda akan segera berakhir	▢FF00FFFFสภาวะเหี่ยวเฉาของคุณกำลังจะสิ้นสุดลง	▢FF00FFFFsolmuş haliniz sona ermek üzere	▢FF00FFFFtrạng thái khô héo của bạn sắp kết thúc	▢FF00FFFFあなたの枯れたステータスはもうすぐ終わります
1008046		1008046		骑乘时不能使用道具	▢FF00FFFF骑乘时不能使用道具	▢FF00FFFFItems cannot be used while riding	▢FF00FFFFItems não pode ser usado durante a pedalada	▢FF00FFFFItems não pode ser usado durante a pedalada	▢FFFFFFFFНевозможно использовать предмет во время езды	▢FF00FFFF라이딩 중에는 아이템 사용 불가	▢FF00FFFFGegenstände können während des Reitens nicht verwendet werden	▢FF00FFFFLes objets ne peuvent pas être utilisés pendant l'équitation.	▢FF00FFFFLos objetos no se pueden usar mientras se monta	▢FF00FFFFGli oggetti non possono essere usati mentre stai cavalcando	▢FF00FFFFItem tidak dapat digunakan saat berkendara	▢FF00FFFFไม่สามารถใช้อุปกรณ์ประกอบฉากขณะขี่ได้	▢FF00FFFFsürüş sırasında sahne kullanamaz	▢FF00FFFFkhông thể sử dụng đạo cụ khi đang cưỡi ngựa	▢FF00FFFF走行中に小道具を使用できない
1008047	msgBuyArrow	1008047	msgBuyArrow	需要先购买大力弩	▢FFFFFFFF需要先购买弩	▢FFFFFFFFYou need to purchase the crossbow first	▢FFFFFFFFYou precisa comprar a besta primeiro	▢FFFFFFFFYou precisa comprar a besta primeiro	▢FFFFFFFFСначала нужно купить арбалет	▢FFFFFFFF석궁을 먼저 구매해야합니다.	▢FFFFFFFFDu musst die Armbrust erst kaufen	▢FFFFFFFFVous devez d'abord acheter l'arbalète.	▢FFFFFFFFTienes que comprar la ballesta primero	▢FFFFFFFFDevi prima acquistare la balestra	▢FFFFFFFFAnda perlu membeli panah otomatis terlebih dahulu	▢FFFFFFFFต้องซื้อหน้าไม้ก่อน	▢FFFFFFFFönce tatar yayı satın almalı	▢FFFFFFFFcần mua nỏ trước	▢FFFFFFFFクロスボウを先に購入する必要があります
1008048		1008048		不能使用道具的提示	▢FFFFFFFF滑翔状态不能使用道具	▢FFFFFFFFCannot use items while gliding	▢FFFFFFFFCannot use itens enquanto desliza	▢FFFFFFFFCannot use itens enquanto desliza	▢FFFFFFFFНевозможно использовать предмет в глиссирующем состоянии	▢FFFFFFFF글라이딩 중에는 아이템 사용 불가	▢FFFFFFFFGegenstände können während des Gleitens nicht benutzt werden	▢FFFFFFFFPas d'objets utilisables en planan	▢FFFFFFFFNo puedes usar objetos mientras planeas	▢FFFFFFFFNon puoi usare gli oggetti mentre stai planando	▢FFFFFFFFCtidak dapat menggunakan item saat meluncur	▢FFFFFFFFสถานะการร่อนไม่สามารถใช้อุปกรณ์ประกอบฉากได้	▢FFFFFFFFkayma durumu sahne donanımı kullanamaz	▢FFFFFFFFtrạng thái lướt không thể sử dụng đạo cụ	▢FFFFFFFFグライディング中にプロップを使用することはできません
1046001	GameName	1046001	GameName	游戏名称	起床战争	Bed War	Bed War	Bed War	Bed War	Bed War	Bed War	Bed War	Bed War	Bed War	Bed War	Bed War	Bed War	Bed War	Bed War
1046002	GameName	1046002	GameName	游戏名称	超过特权最大时间	Exceeding the maximum time of privilege	Exceeding the maximum time of privilege	Exceeding the maximum time of privilege	Exceeding the maximum time of privilege	Exceeding the maximum time of privilege	Exceeding the maximum time of privilege	Dépassement de la durée maximale du privilège	Exceeding the maximum time of privilege	Exceeding the maximum time of privilege	Exceeding the maximum time of privilege	Exceeding the maximum time of privilege	Exceeding the maximum time of privilege	Exceeding the maximum time of privilege	特権の最大時間を超えること
1046003	GameName	1046003	GameName	秘宝挑战结束提示	本轮秘宝挑战将在%1s天后结束	The challenge will end in %1s day	O desafio terminará em %1s dia	O desafio terminará em %1s dia	Задача закончится через%1s день	도전은 %1s 일 후에 종료됩니다.	Die Herausforderung endet in%1s Tag	Cette manche du Secret Treasure Challenge se terminera en%1sSe termine en jours	El reto de tesodo acabará después de %1s día	La sfida terminerà tra%1s giorno	Tantangan akan berakhir dalam%1s hari	ความท้าทายจะสิ้นสุดใน%1s วัน	Yarışma%1s gün içinde sona erecek	Thử thách sẽ kết thúc sau%1s ngày	このラウンドのシークレット・トレジャー・チャレンジの終了は%1s日で終了
1046004	GameName	1046004	GameName	秘宝挑战结束提示	挑战将在%1s天后结束，最快完成需要%2s天。	The challenge will end in %1s day, with %2s days as soon as possible.	O desafio terminará em %1s dia, com %2s dias assim que possível.	O desafio terminará em %1s dia, com %2s dias assim que possível.	Задание закончится через%1s день, а через%2s дней как можно скорее.	도전은 %1s 일 후에 종료되며 가능한 한 빨리 %2s 일이 걸립니다.	Die Herausforderung endet in%1s Tag, mit%2s Tagen so schnell wie möglich.	Le défi se terminera en%1sse terminent en jours, le délai d'achèvement le plus court étant le suivant%2sjours.	El reto acabará después de %1s día, %2s lo antes posible	La sfida terminerà tra%1s giorno, con%2s giorni il prima possibile.	Tantangan akan berakhir dalam %1s hari, dengan %2s hari secepat mungkin.	ความท้าทายจะสิ้นสุดใน%1s วันโดยให้%2s วันโดยเร็วที่สุด	Yarışma,%1s gün içinde,%2s gün en kısa sürede sona erecek.	Thử thách sẽ kết thúc sau%1s ngày, với%2s ngày sớm nhất có thể.	挑戦が終わるのは%1s日で終了し、最も早い完了時間は%2s日間です。
1046005	GameName	1046005	GameName	秘宝挑战日拆床任务	每天拆掉敌人%1s张床	Remove %1s enemy bed every day	Remova %1s cama inimiga todos os dias	Remova %1s cama inimiga todos os dias	Убирайте%1s вражескую кровать каждый день	매일 %1s 적 침대 제거	Entferne jeden Tag%1s feindliches Bett	Démolir l'ennemi chaque jour%1sLits	Destruir %1s cama de enemigos cada día	Rimuovi%1s letto nemico ogni giorno	Hapus%1s tempat tidur musuh setiap hari	ลบเตียงศัตรู%1s ทุกวัน	Her gün%1s düşman yatağını kaldırın	Loại bỏ giường đối phương%1s mỗi ngày	毎日のように敵を殲滅する%1sベッド
1046006	GameName	1046006	GameName	秘宝挑战日搭方块任务	每天在游戏内搭建%1s个方块	Build %1s block in the game every day	Construir bloco %1s no jogo todos os dias	Construir bloco %1s no jogo todos os dias	Стройте%1s блок в игре каждый день	매일 게임에서 %1s 블록을 만드세요	Baue jeden Tag%1s Block im Spiel	Construire dans le jeu%1sUn cube par jour	Construir %1s bloque en el juego cada día	Costruisci il blocco%1s nel gioco ogni giorno	Bangun%1s blok di game setiap hari	สร้างบล็อก%1s ในเกมทุกวัน	Oyunda her gün%1s blok oluşturun	Xây dựng khối%1s trong trò chơi mỗi ngày	ゲーム内での構築%1s1日1キューブ
1046007	GameName	1046007	GameName	秘宝挑战日伤害任务	每天对敌人造成%1s点伤害	Deal %1s point of damage to the enemy every day	Causa %1s ponto de dano ao inimigo todos os dias	Causa %1s ponto de dano ao inimigo todos os dias	Наносить%1s урона противнику каждый день	매일 적에게 %1s 포인트의 피해를줍니다.	Füge dem Feind jeden Tag%1s Schadenspunkt zu	Offre spéciale%1sPoints de dégâts	Causar %1s daño a enemigos cada día	Infligge%1s danni al nemico ogni giorno	Memberikan%1s poin kerusakan pada musuh setiap hari	ทำความเสียหาย %1s วินาทีให้กับศัตรูทุกวัน	Her gün düşmana%1s puan hasar verin	Gây sát thương%1s giây cho kẻ thù mỗi ngày	ディール%1sダメージのポイント
1046008	GameName	1046008	GameName	秘宝挑战日击败任务	每天在游戏内击败%1s个敌人	Defeat %1s enemy in the game every day	Derrote %1s inimigo no jogo todos os dias	Derrote %1s inimigo no jogo todos os dias	Ежедневно побеждайте%1s врага в игре	매일 게임에서 %1s 적을 처치하십시오	Besiege jeden Tag%1s Gegner im Spiel	Vaincre%1sVaincre un ennemi par jour	Derrotar a %1s enemigo en el juego cada día	Sconfiggi%1s nemico nel gioco ogni giorno	Kalahkan%1s musuh dalam game setiap hari	เอาชนะศัตรู %1s ในเกมทุกวัน	Her gün oyunda%1s düşmanı yen	Đánh bại kẻ thù%1s giây trong trò chơi mỗi ngày	敗北%1s1日に1体の敵を倒す
1046009	GameName	1046009	GameName	秘宝挑战日收集钻石任务	每天在游戏内收集%1s个钻石	Collect %1s diamond in the game every day	Colete %1s diamantes no jogo todos os dias	Colete %1s diamantes no jogo todos os dias	Собирайте%1s алмаз в игре каждый день	매일 게임에서 %1s 다이아몬드 수집	Sammle jeden Tag%1s Diamanten im Spiel	Collectez des diamants en jeu par jour%1sDiamants	Recolectar %1s diamante en el juego cada día	Raccogli%1s diamante nel gioco ogni giorno	Kumpulkan%1s berlian dalam game setiap hari	รวบรวมเพชร %1s ในเกมทุกวัน	Her gün oyunda%1s elmas toplayın	Thu thập kim cương%1s trong trò chơi mỗi ngày	1日にゲーム内のダイヤモンドを集める%1sダイヤモンド
1046010	GameName	1046010	GameName	秘宝挑战日收集宝石任务	每天在游戏内收集%1s个绿宝石	Collect %1s emerald in the game every day	Colete esmeralda %1s no jogo todos os dias	Colete esmeralda %1s no jogo todos os dias	Собирайте изумруд%1s в игре каждый день	매일 게임에서 %1s 에메랄드 수집	Sammle jeden Tag%1s Smaragd im Spiel	Collecter dans le jeu%1sÉmeraudes	Recolectar %1s esmeralda en el juego cada día	Raccogli%1s smeraldo nel gioco ogni giorno	Kumpulkan%1s zamrud dalam game setiap hari	รวบรวม%1s มรกตในเกมทุกวัน	Oyunda her gün%1s zümrüt toplayın	Thu thập%1s emerald trong trò chơi mỗi ngày	ゲーム内で集める%1sエメラルド
1046011	GameName	1046011	GameName	秘宝挑战日对战任务	每天进行%1s局任意模式的对战	Play %1s game in any mode every day	Jogue o jogo %1s em qualquer modo todos os dias	Jogue o jogo %1s em qualquer modo todos os dias	Играйте в игру%1s каждый день в любом режиме	매일 모든 모드에서 %1s 게임 플레이	Spielen Sie jeden Tag%1s in einem beliebigen Modus	Jouer%1sJouez à n'importe quel mode de jumelage	Jugar %1s partida de algún modo cada día	Gioca al gioco%1s in qualsiasi modalità ogni giorno	Mainkan game%1s dalam mode apa pun setiap hari	เล่นเกม%1s ในโหมดใดก็ได้ทุกวัน	Her gün%1s oyununu herhangi bir modda oynayın	Chơi trò chơi%1s ở bất kỳ chế độ nào mỗi ngày	プレイ%1sマッチメイキングのあらゆるモードをプレイ
1046012	GameName	1046012	GameName	秘宝挑战日登录任务	每天登录%1s次游戏	Log in to the game once a day	Entre no jogo uma vez por dia	Entre no jogo uma vez por dia	Входить в игру один раз в день	하루에 한 번 게임에 로그인	Melde dich einmal am Tag beim Spiel an	Se connecter tous les jours%1sJouer	Iniciar sesión %1s vez cada día	Accedi al gioco una volta al giorno	Masuk ke game sekali sehari	ล็อกอินเข้าเกมวันละครั้ง	Oyuna günde bir kez giriş yapın	Đăng nhập vào game mỗi ngày một lần	毎日のログイン%1sプレイ
1046013	GameName	1046013	GameName	秘宝挑战日前10任务	每天获得%1s次前10名的战绩	Get %1s top 10 records every day	Obtenha %1s dos 10 melhores registros todos os dias	Obtenha %1s dos 10 melhores registros todos os dias	Получайте%1s лучших 10 записей каждый день	매일 %1s 상위 10 개 레코드 가져 오기	Holen Sie sich jeden Tag%1s Top 10-Datensätze	Obtenez un quotidien%1sLes 10 meilleurs temps de combat	Ocupar uno de los primeros 10 puestos %1s vez cada día	Ottieni%1s primi 10 record ogni giorno	Dapatkan%1s 10 rekaman teratas setiap hari	รับ%1s บันทึก 10 อันดับแรกทุกวัน	Her gün%1s ilk 10 kaydını alın	Nhận%1s 10 bản ghi hàng đầu mỗi ngày	毎日の%1sトップ10の戦闘回数
1046014	GameName	1046014	GameName	秘宝挑战日宝箱任务	每天开启%1s个宝箱	Open %1s treasure chest every day	Abra o caixa do tesouro %1s todos os dias	Abra o caixa do tesouro %1s todos os dias	Открывайте сундук с сокровищами%1s каждый день	매일 %1s 보물 상자 열기	Öffne jeden Tag%1s Schatzkiste	Ouvrir%1sUn coffre à trésor	Abrir %1s cofre de tesoro cada día	Apri lo scrigno del tesoro%1s ogni giorno	Buka peti harta karun%1s setiap hari	เปิดหีบสมบัติ%1s ทุกวัน	Her gün%1s hazine sandığı açın	Mở rương%1s giây mỗi ngày	オープン%1s一つの宝箱
1046015	GameName	1046015	GameName	秘宝挑战日钥匙任务	每天消耗%1s个钥匙	Spend %1s key per day	Gaste a chave %1s por dia	Gaste a chave %1s por dia	Тратить%1s ключа в день	하루에 %1s 키 사용	Geben Sie%1s Schlüssel pro Tag aus	Consommez%1sClés	Consumir %1s llave cada día	Spendi%1s chiave al giorno	Belanjakan kunci%1s per hari	ใช้คีย์%1s วินาทีต่อวัน	Günde%1s anahtar harcayın	Sử dụng phím%1s mỗi ngày	消費する%1sキー
1046016	GameName	1046016	GameName	秘宝挑战周拆床任务	每周拆掉敌人%1s张床	Remove %1s enemy bed every week	Remova %1s cama inimiga toda semana	Remova %1s cama inimiga toda semana	Удалите%1s вражескую кровать каждую неделю	매주 %1s 적 침대를 제거하십시오	Entferne jede Woche%1s feindliches Bett	Démolir des ennemis chaque semaine%1sLits	Destruir %1s cama de enemigos cada semana	Rimuovi%1s letto nemico ogni settimana	Hapus%1s tempat tidur musuh setiap minggu	ลบเตียงศัตรู%1s ทุกสัปดาห์	Her hafta%1s düşman yatağını kaldırın	Loại bỏ giường đối phương%1s giây mỗi tuần	毎週のように敵を殲滅する%1sベッド
1046017	GameName	1046017	GameName	秘宝挑战周搭方块任务	每周在游戏内搭建%1s个方块	Build %1s block in the game every week	Construir bloco %1s no jogo todas as semanas	Construir bloco %1s no jogo todas as semanas	Каждую неделю создавайте в игре блок%1s	매주 게임에서 %1s 블록을 만드세요	Baue jede Woche%1s Block im Spiel	Construire des blocs en jeu par semaine%1sConstruire un cube par semaine	Construir %1s bloque en el juego cada semana	Costruisci il blocco%1s nel gioco ogni settimana	Bangun%1s blok di game setiap minggu	สร้างบล็อก%1s ในเกมทุกสัปดาห์	Her hafta oyunda%1s blok oluşturun	Xây dựng khối%1s trong trò chơi mỗi tuần	週に一度、ゲーム内のブロックを構築%1s週に1回、キューブを作る
1046018	GameName	1046018	GameName	秘宝挑战周伤害任务	每周对敌人造成%1s点伤害	Deal %1s point of damage to the enemy every week	Causa %1s ponto de dano ao inimigo todas as semanas	Causa %1s ponto de dano ao inimigo todas as semanas	Каждую неделю наносите%1s сек. Урона врагу	매주 적에게 %1s 포인트의 피해를줍니다.	Füge dem Feind jede Woche% 1 Schadenspunkt zu	Inflict%1sPoints de dégâts	Causar %1s daño a enemigos cada semana	Infliggi%1s punti di danno al nemico ogni settimana	Memberikan%1s poin kerusakan pada musuh setiap minggu	ทำความเสียหาย%1s วินาทีให้กับศัตรูทุกสัปดาห์	Her hafta düşmana%1s puan hasar verin	Gây sát thương%1s giây cho kẻ địch mỗi tuần	炎上%1sダメージのポイント
1046019	GameName	1046019	GameName	秘宝挑战周击败任务	每周在游戏内击败%1s个敌人	Defeat %1s enemy in the game every week	Derrote %1s inimigo no jogo todas as semanas	Derrote %1s inimigo no jogo todas as semanas	Побеждайте%1s врага в игре каждую неделю	매주 게임에서 %1s 적을 처치하십시오	Besiege jede Woche%1s Gegner im Spiel	Vaincre%1sVaincre un ennemi par semaine	Derrotar a %1s enemigo en el juego cada semana	Sconfiggi%1s nemico nel gioco ogni settimana	Kalahkan%1s musuh dalam game setiap minggu	เอาชนะศัตรู%1s ในเกมทุกสัปดาห์	Her hafta oyunda%1s düşmanı yen	Đánh bại kẻ thù%1s giây trong trò chơi mỗi tuần	敗北%1s1週間に1回、敵を倒す
1046020	GameName	1046020	GameName	秘宝挑战周收集钻石任务	每周在游戏内收集%1s个钻石	Collect %1s diamond in the game every week	Colete %1s diamantes no jogo todas as semanas	Colete %1s diamantes no jogo todas as semanas	Собирайте%1s алмаз в игре каждую неделю	매주 게임에서 %1s 다이아몬드 수집	Sammle jede Woche%1s Diamanten im Spiel	Collectez des diamants en jeu par semaine%1sDiamants	Recolectar %1s diamante en el juego cada semana	Raccogli%1s diamante nel gioco ogni settimana	Kumpulkan%1s berlian dalam game setiap minggu	รวบรวมเพชร%1s ในเกมทุกสัปดาห์	Her hafta oyunda%1s elmas toplayın	Thu thập kim cương%1s trong trò chơi mỗi tuần	1週間でゲーム内のダイヤモンドを集める%1sダイヤモンド
1046021	GameName	1046021	GameName	秘宝挑战周收集宝石任务	每周在游戏内收集%1s个绿宝石	Collect %1s emerald in the game every week	Colete esmeralda %1s no jogo todas as semanas	Colete esmeralda %1s no jogo todas as semanas	Собирайте изумруд%1s в игре каждую неделю	매주 게임에서 %1s 에메랄드 수집	Sammle jede Woche%1s Smaragd im Spiel	Collecter dans le jeu%1sÉmeraudes	Recolectar %1s esmeralda en el juego cada semana	Raccogli%1s smeraldo nel gioco ogni settimana	Kumpulkan%1s zamrud dalam game setiap minggu	รวบรวม%1s มรกตในเกมทุกสัปดาห์	Her hafta oyunda%1s zümrüt toplayın	Thu thập%1s ngọc lục bảo trong trò chơi mỗi tuần	ゲーム内で集める%1sエメラルド
1046022	GameName	1046022	GameName	秘宝挑战周对战任务	每周进行%1s局任意模式的对战	Play %1s game in any mode every week	Jogue o jogo %1s em qualquer modo todas as semanas	Jogue o jogo %1s em qualquer modo todas as semanas	Играйте в игру%1s в любом режиме каждую неделю	매주 모든 모드에서 %1s 게임 플레이	Spiele jede Woche%1s in einem beliebigen Modus	Jouer%1sJouez à n'importe quel mode de jumelage	Jugar %1s partida de algún modo cada semana	Gioca al gioco%1s in qualsiasi modalità ogni settimana	Mainkan game%1s dalam mode apa pun setiap minggu	เล่นเกม%1s ในโหมดใดก็ได้ทุกสัปดาห์	Her hafta herhangi bir modda%1s oyunu oynayın	Chơi trò chơi%1s ở bất kỳ chế độ nào hàng tuần	プレイ%1sマッチメイキングのあらゆるモードをプレイ
1046023	GameName	1046023	GameName	秘宝挑战周登录任务	每周登录%1s次游戏	Log in to the game %1s times a week	Entrar no jogo %1s vezes por semana	Entrar no jogo %1s vezes por semana	Входить в игру%1s раз в неделю	일주일에 %1s 번 게임에 로그인하십시오	Melde dich mal pro Woche%1s beim Spiel an	Connectez-vous chaque semaine%1sJouez le jeu plusieurs fois	Iniciar sesión %1s vez cada semana	Accedi al gioco%1s volte a settimana	Masuk ke game%1s kali seminggu	ลงชื่อเข้าใช้เกม%1s ครั้งต่อสัปดาห์	Haftada%1s oyuna giriş yapın	Đăng nhập vào trò chơi%1s lần một tuần	毎週ログイン%1sゲームを何度もプレイする
1046024	GameName	1046024	GameName	秘宝挑战周前10任务	每周获得%1s次前10名的战绩	Achieve %1s top 10 records every week	Alcance %1s dos 10 melhores registros todas as semanas	Alcance %1s dos 10 melhores registros todas as semanas	Достигайте 10 лучших рекордов каждую неделю	매주 %1s 상위 10 개 기록 달성	Erreiche jede Woche%1s Top 10-Rekorde	Gagnez un salaire hebdomadaire%1sLes 10 meilleurs résultats	Ocupar uno de los primeros 10 puestos %1s vez cada semana	Ottieni%1s primi 10 record ogni settimana	Mencapai%1s 10 rekor teratas setiap minggu	ทำสถิติสูงสุด 10 อันดับแรกของ%1s ทุกสัปดาห์	Her hafta%1s ilk 10 kaydını elde edin	Đạt được%1s top 10 kỷ lục mỗi tuần	週刊誌に掲載される%1sトップ10の結果
1046025	GameName	1046025	GameName	秘宝挑战周宝箱任务	每周开启%1s个宝箱	Open %1s treasure chest every week	Abra o baú do tesouro %1s todas as semanas	Abra o baú do tesouro %1s todas as semanas	Открывайте сундук с сокровищами%1s каждую неделю	매주 %1s 보물 상자 열기	Öffne jede Woche die Schatzkiste%1s	Ouvrir%1sCoffres à trésors	Abrir %1s cofre de tesoro cada semana	Apri lo scrigno del tesoro di%1s ogni settimana	Buka peti harta karun%1s setiap minggu	เปิดหีบสมบัติ%1s ทุกสัปดาห์	Her hafta%1s hazine sandığı açın	Mở rương%1s giây mỗi tuần	オープン%1s宝箱
1046026	GameName	1046026	GameName	秘宝挑战周钥匙任务	每周消耗%1s个钥匙	Spend %1s keys per week	Gaste %1s chaves por semana	Gaste %1s chaves por semana	Тратьте%1s ключей в неделю	주당 %1s 개의 키 사용	Geben Sie%1s Schlüssel pro Woche aus	Consommez%1sclés	Consumir %1s llave cada semana	Spendi%1s chiavi a settimana	Belanjakan%1s kunci per minggu	ใช้คีย์%1s วินาทีต่อสัปดาห์	Haftada%1s anahtar harcayın	Sử dụng phím%1s mỗi tuần	消費する%1sキー
1046051	GameName	1046051	GameName	秘宝放弃倒计时	%1s小时%2s分钟后才可以放弃挑战	You can give up the challenge after %1s hours and %2s minute	Você pode desistir do desafio após %1s horas e %2s minutos	Você pode desistir do desafio após %1s horas e %2s minutos	Вы можете отказаться от задания через%1s часов и%2s минут	%1s 시간 %2s 분 후에 도전을 포기할 수 있습니다.	Sie können die Herausforderung nach%1s Stunden und%2s Minute aufgeben	%1sHeures%2sQuelques minutes avant de pouvoir abandonner le défi	Puede renunciar el reto después de %1s horas and %2s minutos	Puoi rinunciare alla sfida dopo%1s ore e%2s minuto	Anda dapat menghentikan tantangan setelah%1s jam dan%2s menit	คุณสามารถยกเลิกการท้าทายได้หลังจาก%1s วินาทีและ%2s วินาทีนาที	%1s saat ve%2s dakika sonra meydan okumadan vazgeçebilirsiniz	Bạn có thể từ bỏ thử thách sau%1s giây giờ và%2s giây phút	%1s時間%2s挑戦を断念する数分前
1046052	SurveyTip	1046052	SurveyTip	物品使用次数	已购买▢FFFF00000次	Purchased▢FFFF00000time(s)	Comprado ▢FFFF00000 vezes	Comprado ▢FFFF00000 vezes	Приобретено ▢FFFF00000 раз	이미 구매했습니다▢FFFF00000	Gekauft ▢FFFF00000 mal	Acheté ▢FFFF00000 fois.	Comprado ▢FFFF00000 veces	Acquistato▢FFFF00000volta(e)	Membeli▢FFFF00000 kali	ซื้อ▢FFFF00000ครั้ง	▢FFFF00000kez satın alındı	Đã mua▢FFFF00000lần	購入した回数▢FFFF00000回
1046053	SurveyTip	1046053	SurveyTip	物品使用次数	▢FF660000已购买▢FF228B22%1s▢FF660000次	▢FF660000Purchased▢FF228B22%1s▢FF660000time(s)	▢FF660000foi adquirido em ▢FF660000%1s▢FF660000 vezes	▢FF660000foi adquirido em ▢FF660000%1s▢FF660000 vezes	▢FF660000куплено ▢FF228B22%1s▢FF660000 раз.	▢FF660000구매 완료 ▢FF228B22%1s▢FF660000 회 구매	▢FF660000 wurde ▢FF228B22%1s▢FF660000 mal gekauft	▢FF660000 a été acheté ▢FF228B22%1s▢FF660000 fois.	▢FF660000 ha sido comprado ▢FF228B22%1s▢FF660000 veces	▢FF660000 è stato acquistato ▢FF228B22%1s▢FF660000 volte	▢FF660000telah dibeli▢FF228B22%1s▢FF660000kali	มีการซื้อ▢FF660000▢FF228B22%1s▢FF660000ครั้ง	▢FF660000satın alındı▢FF228B22%1s▢FF660000kez	▢FF660000đã được mua▢FF228B22%1s▢FF660000lần	▢FF660000は、▢FF228B22%1s▢FF660000回購入されています。
1046054	SurveyTip	1046054	SurveyTip	使用过全部道具后即可参加问卷调查	购买过全部道具后即可参与▢FF0FE832%1s	Can participate▢FF0FE832%1s after purchased all the items	You can participate after you have purchased all the props▢FF0FE832%1s	You can participate after you have purchased all the props▢FF0FE832%1s	Вы можете принять участие после приобретения всех реквизитов▢FF0FE832%1s.	모든 아이템 구매 후 참여▢FF0FE832%1s	Sie können teilnehmen, nachdem Sie alle Requisiten gekauft haben▢FF0FE832%1s	Vous pouvez participer après avoir acheté tous les accessoires ▢FF0FE832%1s	Puedes participar después de haber comprado todos los accesorios ▢FF0FE832%1s	Può partecipare▢FF0FE832%1s dopo aver acquistato tutti gli articoli	Berpartisipasi setelah membeli semua item▢FF0FE832%1s	เข้าร่วมหลังจากซื้อสินค้าทั้งหมด ▢FF0FE832%1s วินาที	Tüm öğeleri satın aldıktan sonra katılın▢FF0FE832%1s	Tham gia sau khi mua tất cả các mặt hàng▢FF0FE832%1giây	すべての小道具を購入した後に参加できます▢FF0FE832%1s
1046055		1046055		缺少碎片,是否使用钥匙购买碎片	缺少%1s个碎片,是否使用%2s钥匙购买碎片？	Missing %1s pieces, do you use %2s keys to buy pieces?	Faltam% 1s peças. Você usa as teclas% 2s para comprar peças?	Faltam% 1s peças. Você usa as teclas% 2s para comprar peças?	Отсутствует деталь:% 1s. Используете ли вы ключи% 2s для покупки деталей?	% 1s 조각이 없습니다. 조각을 구입하는 데 % 2s 키를 사용하십니까?	Wenn Sie% 1s-Teile vermissen, verwenden Sie% 2s-Schlüssel, um Teile zu kaufen?	% 1s pièces manquantes, utilisez-vous les clés% 2s pour acheter des pièces?	Faltan% 1s piezas, ¿usas las teclas% 2s para comprar piezas?	Mancano% 1s pezzi, usi le chiavi% 2s per comprare pezzi?	Potongan% 1s hilang, apakah Anda menggunakan kunci% 2s untuk membeli potongan?	ไม่มีชิ้นส่วน% 1s คุณใช้คีย์% 2s เพื่อซื้อชิ้นส่วนหรือไม่	% 1s parça eksik, parçaları satın almak için% 2s anahtarları mı kullanıyorsunuz?	Thiếu mảnh% 1s, bạn có dùng phím% 2s để mua mảnh không?	％1sのピースがありません。％2sキーを使用してピースを購入していますか？
1046056		1046056		角色死亡，武器/工具/铠甲自动降低一级	▢FFFFFFFF角色死亡，武器/工具/铠甲自动降低一级	▢FFFFFFFFWeapons/Tools/Armor will degraded when character death	▢FFFFFFFFArmas/Ferramentas/Armaduras serão degradadas quando o personagem morrer	▢FFFFFFFFArmas/Ferramentas/Armaduras serão degradadas quando o personagem morrer	▢FFFFFFFFОружие/инструменты/броня будут деградировать после смерти персонажа	▢FFFFFFFF무기/도구/방어구는 캐릭터 사망 시 성능이 저하됩니다.	▢FFFFFFFFWaffen/Werkzeuge/Rüstung werden beim Tod des Charakters abgebaut	▢FFFFFFFFLes armes/outils/armures se dégraderont à la mort du personnage	▢FFFFFFFFLas armas/herramientas/armadura se degradarán cuando el personaje muera.	▢FFFFFFFFArmi/Strumenti/Armature si degradano quando il personaggio muore	▢FFFFFFFFSenjata/Alat/Baju Besi akan terdegradasi saat karakter mati	▢FFFFFFFFอาวุธ/เครื่องมือ/เกราะจะลดลงเมื่อตัวละครตาย	▢FFFFFFFFSilahlar/Araçlar/Zırh, karakter öldüğünde bozulacak	▢FFFFFFFFVũ khí/Công cụ/Áo giáp sẽ xuống cấp khi nhân vật chết	▢FFFFFFFFキャラ死亡時に武器・道具・防具が劣化する
