[
  {
    "min": -9999999999,
    "max": 499,
    "icon": "set:season.json image:icon_cup_1"
  },
  {
    "min": 500,
    "max": 1499,
    "icon": "set:season.json image:icon_cup_2"
  },
  {
    "min": 1500,
    "max": 2799,
    "icon": "set:season.json image:icon_cup_3"
  },
  {
    "min": 2800,
    "max": 4999,
    "icon": "set:season.json image:icon_cup_4"
  },
  {
    "min": 5000,
    "max": 7999,
    "icon": "set:season.json image:icon_cup_5"
  },
  {
    "min": 8000,
    "max": 14999,
    "icon": "set:season.json image:icon_cup_6"
  },
  {
    "min": 15000,
    "max": 29999,
    "icon": "set:season.json image:icon_cup_7"
  },
  {
    "min": 30000,
    "max": 54999,
    "icon": "set:season.json image:icon_cup_8"
  },
  {
    "min": 55000,
    "max": 9999999999,
    "icon": "set:season.json image:icon_cup_9"
  }
]
