{
  "Class": "Flag",
  "InitPos": {
    "x": 373.5,
    "y": 141,
    "z": 531.5,
    "yaw": 0
  },
  "Teams": [
    {
      "teamId": 1,
      "name": "11",
      "color": "FF2D51",
      "back": "set:create_team.json image:team_color_11",
      "icon": "set:flag_war.json image:icon_team_red",
      "birthPos": {
        "x": 535.34,
        "y": 64,
        "z": 517.19,
        "yaw": 33
      }
    },
    {
      "teamId": 2,
      "name": "10",
      "color": "1E90FF",
      "back": "set:create_team.json image:team_color_10",
      "icon": "set:flag_war.json image:icon_team_blue",
      "birthPos": {
        "x": 210.11,
        "y": 65,
        "z": 515.74,
        "yaw": 333
      }
    }
  ],
  "TeamSize": 15,
  "MinPlayers": 20,
  "WinScore": 1500,
  "WaitTick": 600,
  "NoMatchTick": 1200,
  "BattleTick": 18000,
  "RespawnCountdown": 5,
  "?KillScore": "击杀积分",
  "KillScore": 5,
  "?TimeScore": "游戏时间积分(60秒1次)",
  "TimeScore": 5,
  "ResScoreRule": {
    "interval": 10,
    "score": [
      2,
      3,
      4,
      7,
      10
    ]
  },
  "?ResScoreRule": {
    "_": "资源点加分规则",
    "interval": "每隔x帧(0.1秒)加一次分",
    "score": "加分值"
  },
  "?": "初始化Buff列表",
  "InitBuffList": [
  ],
  "StartTip": "pk.15v15.start.tip",
  "WinTip": "pk.15v15.win.tip",
  "LoseTip": "pk.15v15.lose.tip",
  "WaitMainIcon": "set:main.json image:btn_0_friends02",
  "BattleMainIcon": "set:rank.json image:img_0_battle"
}