{
  "Class": "Resource",
  "Teams": [
    {
      "teamId": 1,
      "name": "1",
      "color": "FFFFFF",
      "back": "set:create_team.json image:team_color_1",
      "icon": "set:create_team.json image:team_icon_1"
    },
    {
      "teamId": 2,
      "name": "2",
      "color": "FFFFFF",
      "back": "set:create_team.json image:team_color_2",
      "icon": "set:create_team.json image:team_icon_2"
    },
    {
      "teamId": 3,
      "name": "3",
      "color": "FFFFFF",
      "back": "set:create_team.json image:team_color_3",
      "icon": "set:create_team.json image:team_icon_3"
    },
    {
      "teamId": 4,
      "name": "4",
      "color": "FFFFFF",
      "back": "set:create_team.json image:team_color_4",
      "icon": "set:create_team.json image:team_icon_4"
    },
    {
      "teamId": 5,
      "name": "5",
      "color": "FFFFFF",
      "back": "set:create_team.json image:team_color_5",
      "icon": "set:create_team.json image:team_icon_5"
    },
    {
      "teamId": 6,
      "name": "6",
      "color": "FFFFFF",
      "back": "set:create_team.json image:team_color_6",
      "icon": "set:create_team.json image:team_icon_6"
    },
    {
      "teamId": 7,
      "name": "7",
      "color": "FFFFFF",
      "back": "set:create_team.json image:team_color_7",
      "icon": "set:create_team.json image:team_icon_7"
    },
    {
      "teamId": 8,
      "name": "8",
      "color": "FFFFFF",
      "back": "set:create_team.json image:team_color_8",
      "icon": "set:create_team.json image:team_icon_8"
    },
    {
      "teamId": 9,
      "name": "9",
      "color": "FFFFFF",
      "back": "set:create_team.json image:team_color_9",
      "icon": "set:create_team.json image:team_icon_9"
    },
    {
      "teamId": 10,
      "name": "10",
      "color": "FFFFFF",
      "back": "set:create_team.json image:team_color_10",
      "icon": "set:create_team.json image:team_icon_10"
    }
  ],
  "InitPos": {
    "x": 325.5,
    "y": 135,
    "z": -157.5,
    "yaw": 0
  },
  "ResChestTag": [
    "resource0",
    "resource1",
    "resource2",
    "resource3",
    "resource4",
    "resource5",
    "resource6",
    "resource7",
    "resource8",
    "resource9"
  ],
  "TeamSize": 4,
  "MinPlayers": 24,
  "WaitTick": 600,
  "NoMatchTick": 900,
  "BattleTick": 12000,
  "RespawnCountdown": 5,
  "?RoundGroupId": "怪物回合组Id",
  "RoundGroupId": 2,
  "?TeamPoolId": "队伍随机池Id",
  "TeamPoolId": 1,
  "?RewardId": "结算奖励Id",
  "RewardId": 18001,
  "?CoinBonus": "金币加成百分比",
  "CoinBonus": 30,
  "?Store": {
    "??": "商店配置",
    "name": "商店名",
    "icon": "商店图标",
    "layout": "打开的UI布局",
    "shopId": "商店Id",
    "hideTime": "隐藏时刻(秒)"
  },
  "Store": {
    "name": "g1048_escape_buff_shop.name",
    "icon": "set:resource_battle.json image:btn_buff_shop",
    "layout": "GUIResourceBattleShop",
    "shopId": 13,
    "hideTime": 90
  },
  "?AttrBuffList": "属性类Buff列表,用于UI面板展示属性",
  "AttrBuffList": [
    70033,
    70034,
    70035,
    70036,
    70037,
    70038,
    70039,
    71001,
    71002,
    71003,
    71004,
    71005,
    71006,
    71007,
    71008,
    71009,
    71010,
    71011,
    71012,
    71013,
    71014,
    71015,
    71016,
    71017,
    71018,
    71019,
    71020,
    71021,
    71022,
    71023,
    71024,
    71025,
    71026,
    71027,
    71028,
    71029,
    71030,
    71032,
    71033,
    71034,
    71048,
    71053,
    71056
  ],
  "?": "初始化Buff列表",
  "InitBuffList": [
    70000,
    70001,
    70002,
    70003,
    70004,
    70005,
    70006,
    70007,
    70008,
    70009,
    70010,
    70011,
    70012,
    70013,
    70014,
    70015,
    70016,
    70017,
    70018,
    70019,
    70020,
    70021,
    70022,
    70023,
    70024,
    70025,
    70026,
    70027,
    70028,
    70029,
    70030,
    70031,
    70032,
    70033,
    70034,
    70035,
    70036,
    70037,
    70038,
    70039,
    70040,
    70041
  ],
  "?MinimapCountdown": "小地图倒计时配置",
  "MinimapCountdown": [
    {
      "id": 2115,
      "key": "Boss1",
      "text": "BOSS",
      "icon": "set:resource_battle.json image:icon_tip_boss",
      "size": {
        "x": 50,
        "y": 50
      },
      "centerPos": {
        "x": -4.5,
        "y": 53,
        "z": 270.5
      },
      "countdown": 120
    },
    {
      "id": 2116,
      "key": "Boss2",
      "text": "BOSS",
      "icon": "set:resource_battle.json image:icon_tip_boss",
      "size": {
        "x": 50,
        "y": 50
      },
      "centerPos": {
        "x": 215.5,
        "y": 56,
        "z": 177.5
      },
      "countdown": 150
    }
  ],
  "CustomUI": "HalloweenBattleUI",
  "StartTip": "escape.start.tip",
  "WinTip": "escape.win.tip",
  "LoseTip": "escape.lose.tip",
  "CoinId": 10001,
  "BattleTipPoolId": 1,
  "WaitMainIcon": "set:main.json image:btn_0_friends02",
  "BattleMainIcon": "set:rank.json image:img_0_battle"
}