{
  "Class": "Defend",
  "Teams": [
    {
      "teamId": 1
    }
  ],
  "InitPos": {
    "x": -670.5,
    "y": 98,
    "z": 140.5,
    "yaw": 90
  },
  "TeamSize": 100,
  "MinPlayers": 0,
  "WaitTick": 0,
  "BattleTick": 4800,
  "BattleTimeTip": false,
  "RespawnCountdown": 5,
  "RoundGroupId": 2,
  "?RewardPid": "奖励池Id",
  "RewardPid": 1,
  "?UIEffect": "UI特效",
  "UIEffect": "g1048_ui_rain.effect",
  "?EnterEffect": "入场特效",
  "EnterEffect": "g1048_ui_summer_ship_anime.effect",
  "?BaseIcon": "基地图片",
  "BaseIcon": "set:ship_defend.json image:icon_ship_",
  "?RoundIcon": "波数图片",
  "RoundIcon": "set:ship_defend.json image:icon_monster",
  "?BaseHP": "基地血量",
  "BaseHP": 100,
  "StartTip": "ship.defend.start",
  "WinTip": "ship.defend.reward.win",
  "LoseTip": "ship.defend.reward.lose",
  "BattleTip": "ship.defend.tips",
  "WaitMainIcon": "set:rank.json image:img_0_battle",
  "BattleMainIcon": "set:rank.json image:img_0_battle"
}