Id	CoinId	Price	RewardId	GetWayDesc	Rank	RewardDetail	NotOwned
标示	价格类型（魔方1或钥匙5,非卖品#）	价格	对应customGoodId	获取途径描述	排序值	展示详情	未拥有是否展示(1展示，0不显示)
Id	CoinId	Price	RewardId	GetWayDesc	Rank	RewardDetail	NotOwned
0	#	#	5051	#	1	5051	1
5001	#	#	5001	get.by.activity	3	5001	0
5002	#	#	5002	get.by.activity	4	5002	0
5003	#	#	5003	get.by.activity	5	5003	0
5004	#	#	5004	get.by.activity	6	5004	0
5005	#	#	5005	get.by.activity	7	5005	0
5006	#	#	5006	get.by.activity	8	5006	0
5007	#	#	5007	get.by.activity	9	5007	0
5008	#	#	5008	get.by.activity	10	5008	0
5009	#	#	5009	get.by.activity	11	5009	0
5010	#	#	5010	get.by.activity	12	5010	0
5011	#	#	5011	get.by.activity	13	5011	0
5012	#	#	5012	get.by.activity	14	5012	0
5013	#	#	5013	get.by.activity	15	5013	0
5014	#	#	5014	get.by.activity	16	5014	0
5015	#	#	5015	get.by.activity	17	5015	0
5016	#	#	5016	get.by.activity	18	5016	0
5017	#	#	5017	get.by.activity	19	5017	0
5018	#	#	5018	get.by.activity	20	5018	0
5020	#	#	5020	get.by.activity	21	5020	0
5021	#	#	5021	get.by.activity	22	5021	0
5022	#	#	5022	get.by.activity	23	5022	0
5023	#	#	5023	get.by.activity	24	5023	0
5024	#	#	5024	get.by.activity	25	5024	0
5025	#	#	5025	get.by.activity	26	5025	0
5027	#	#	5027	get.by.activity	27	5027	0
5028	#	#	5028	get.by.activity	28	5028	0
5029	#	#	5029	get.by.activity	29	5029	0
5030	#	#	5030	get.by.activity	30	5030	0
5031	#	#	5031	get.by.activity	31	5031	0
5032	#	#	5032	get.by.activity	32	5032	0
5033	#	#	5033	get.by.activity	33	5033	0
5034	#	#	5034	get.by.activity	34	5034	0
5035	#	#	5035	get.by.activity	35	5035	0
5037	#	#	5037	get.by.activity	36	5037	0
5039	#	#	5039	get.by.activity	37	5039	0
5040	#	#	5040	get.by.activity	38	5040	0
5041	#	#	5041	get.by.activity	39	5041	0
5042	#	#	5042	get.by.activity	40	5042	0
5043	#	#	5043	get.by.activity	41	5043	0
5044	#	#	5044	get.by.activity	42	5044	0
5045	#	#	5045	get.by.activity	43	5045	0
5046	#	#	5046	get.by.activity	44	5046	0
5050	#	#	5050	get.by.activity	45	5050	0
5052	#	#	5052	get.by.license	2	5052	1
5053	#	#	5053	get.by.license	3	5053	1
5054	#	#	5054	get.by.license	4	5054	1
5055	#	#	5055	get.by.license	5	5055	1
5056	#	#	5056	get.by.license	6	5056	1
5057	#	#	5057	get.by.license	9	5057	1
5058	#	#	5058	get.by.activity	48	5058	0
5059	#	#	5059	get.by.activity	49	5059	0
5060	#	#	5060	get.by.activity	46	5060	0
5061	#	#	5061	get.by.activity	47	5061	0
5062	#	#	5062	get.by.license	7	5062	1
5063	#	#	5063	get.by.license	8	5063	1
5064	#	#	5064	get.by.activity	50	5064	0
5065	#	#	5065	get.by.license	10	5065	1
5066	#	#	5066	get.by.license	11	5066	1
5067	#	#	5067	get.by.license	12	5067	1
5068	#	#	5068	get.by.activity	51	5068	0
5069	#	#	5069	get.by.activity	52	5069	0
5070	#	#	5070	get.by.license	13	5070	1
5071	#	#	5071	get.by.license	14	5071	1
5072	#	#	5072	get.by.license	15	5072	1
5073	#	#	5073	get.by.license	16	5073	1
5074	#	#	5074	get.by.license	17	5074	1
5075	#	#	5075	get.by.license	18	5075	1
