{
  "bind_bone": "s_pelvis",
  "scale": 1.2,
  "action_player": {
    "0": "g1048_pet_shark_ride_idle",
    "1": "g1048_pet_shark_ride_walk",
    "4": "g1048_pet_shark_ride_idle",
    "5": "g1048_pet_shark_ride_walk",
    "6": "g1048_pet_shark_ride_walk",
    "7": "g1048_pet_shark_ride_walk",
    "8": "g1048_pet_shark_ride_idle",
    "9": "g1048_pet_shark_ride_idle",
    "10": "g1048_pet_shark_ride_idle",
    "11": "g1048_pet_shark_ride_idle",
    "14": "g1048_pet_shark_ride_walk",
    "18": "g1048_pet_shark_ride_walk",
    "19": "g1048_pet_shark_ride_idle",
    "1000": "throw",
    "1001": "aim2",
    "1002": "aim3",
    "1003": "throw",
    "1004": "ride_eat",
    "1005": "ride_eat",
    "1006": "ride_eat",
    "1007": "ride_eat",
    "1008": "ride_attack",
    "1009": "smg_reload",
    "1010": "smg_shoot"
  },
  "action_mount": {
    "0": "idle",
    "1": "run",
    "2": "run",
    "3": "idle",
    "4": "idle",
    "5": "run",
    "6": "run",
    "7": "run",
    "8": "idle",
    "9": "idle",
    "10": "idle",
    "11": "idle",
    "14": "run",
    "18": "run",
    "19": "idle"
  }
}