{
    "frames": {
        "1": {
            "frame": {
                "x": 1,
                "y": 1,
                "w": 100,
                "h": 100
            },
            "offset": {
                "x": 0,
                "y": 0,
                "w": 100,
                "h": 100
            },
            "sourceSize": {
                "w": 100,
                "h": 100
            }
        },
        "2": {
            "frame": {
                "x": 102,
                "y": 1,
                "w": 100,
                "h": 100
            },
            "offset": {
                "x": 0,
                "y": 0,
                "w": 100,
                "h": 100
            },
            "sourceSize": {
                "w": 100,
                "h": 100
            }
        },
        "3": {
            "frame": {
                "x": 1,
                "y": 102,
                "w": 100,
                "h": 100
            },
            "offset": {
                "x": 0,
                "y": 0,
                "w": 100,
                "h": 100
            },
            "sourceSize": {
                "w": 100,
                "h": 100
            }
        }
    },
    "meta": {
        "image": "g1055_ad.png",
        "format": "RGBA8888",
        "size": {
            "w": 203,
            "h": 203
        },
        "scale": "1",
        "type": "frame"
    }
}