{
    "frames": {
        "payItem_1": {
            "frame": {
                "x": 0,
                "y": 0,
                "w": 100,
                "h": 80
            },
            "offset": {
                "x": 0,
                "y": 0,
                "w": 100,
                "h": 80
            },
            "sourceSize": {
                "w": 100,
                "h": 80
            }
        },
        "payItem_2": {
            "frame": {
                "x": 100,
                "y": 0,
                "w": 100,
                "h": 80
            },
            "offset": {
                "x": 0,
                "y": 0,
                "w": 100,
                "h": 80
            },
            "sourceSize": {
                "w": 100,
                "h": 80
            }
        },
        "payItem_3": {
            "frame": {
                "x": 200,
                "y": 0,
                "w": 100,
                "h": 80
            },
            "offset": {
                "x": 0,
                "y": 0,
                "w": 100,
                "h": 80
            },
            "sourceSize": {
                "w": 100,
                "h": 80
            }
        },
        "payItem_4": {
            "frame": {
                "x": 300,
                "y": 0,
                "w": 100,
                "h": 80
            },
            "offset": {
                "x": 0,
                "y": 0,
                "w": 100,
                "h": 80
            },
            "sourceSize": {
                "w": 100,
                "h": 80
            }
        },
        "payItem_5": {
            "frame": {
                "x": 400,
                "y": 0,
                "w": 100,
                "h": 80
            },
            "offset": {
                "x": 0,
                "y": 0,
                "w": 100,
                "h": 80
            },
            "sourceSize": {
                "w": 100,
                "h": 80
            }
        },
        "payItem_6": {
            "frame": {
                "x": 0,
                "y": 80,
                "w": 100,
                "h": 80
            },
            "offset": {
                "x": 0,
                "y": 0,
                "w": 100,
                "h": 80
            },
            "sourceSize": {
                "w": 100,
                "h": 80
            }
        },
        "payItem_7": {
            "frame": {
                "x": 100,
                "y": 80,
                "w": 100,
                "h": 80
            },
            "offset": {
                "x": 0,
                "y": 0,
                "w": 100,
                "h": 80
            },
            "sourceSize": {
                "w": 100,
                "h": 80
            }
        },
        "payItem_8": {
            "frame": {
                "x": 200,
                "y": 80,
                "w": 100,
                "h": 80
            },
            "offset": {
                "x": 0,
                "y": 0,
                "w": 100,
                "h": 80
            },
            "sourceSize": {
                "w": 100,
                "h": 80
            }
        },
        "payItem_9": {
            "frame": {
                "x": 300,
                "y": 80,
                "w": 100,
                "h": 80
            },
            "offset": {
                "x": 0,
                "y": 0,
                "w": 100,
                "h": 80
            },
            "sourceSize": {
                "w": 100,
                "h": 80
            }
        }
    },
    "meta": {
        "app": "https://www.codeandweb.com/texturepacker",
        "version": "1.0",
        "image": "liftingsimulator_payshopitem.png",
        "format": "RGBA8888",
        "size": {
            "w": 500,
            "h": 160
        },
        "scale": "1",
        "type": "frame"
    }
}