{
    "frames": {
        "obliqueArrow": {
            "frame": {
                "y": 693, 
                "x": 702, 
                "w": 146, 
                "h": 119
            }, 
            "sourceSize": {
                "h": 119, 
                "w": 146
            }, 
            "offset": {
                "y": 0, 
                "x": 0, 
                "w": 146, 
                "h": 119
            }
        }, 
        "bossCartoon": {
            "frame": {
                "y": 0, 
                "x": 0, 
                "w": 702, 
                "h": 231
            }, 
            "sourceSize": {
                "h": 231, 
                "w": 702
            }, 
            "offset": {
                "y": 0, 
                "x": 0, 
                "w": 702, 
                "h": 231
            }
        }, 
        "sellCartoon": {
            "frame": {
                "y": 924, 
                "x": 0, 
                "w": 702, 
                "h": 231
            }, 
            "sourceSize": {
                "h": 231, 
                "w": 702
            }, 
            "offset": {
                "y": 0, 
                "x": 0, 
                "w": 702, 
                "h": 231
            }
        }, 
        "fightCartoon": {
            "frame": {
                "y": 693, 
                "x": 0, 
                "w": 702, 
                "h": 231
            }, 
            "sourceSize": {
                "h": 231, 
                "w": 702
            }, 
            "offset": {
                "y": 0, 
                "x": 0, 
                "w": 702, 
                "h": 231
            }
        }, 
        "downArrow": {
            "frame": {
                "y": 231, 
                "x": 702, 
                "w": 32, 
                "h": 61
            }, 
            "sourceSize": {
                "h": 61, 
                "w": 32
            }, 
            "offset": {
                "y": 0, 
                "x": 0, 
                "w": 32, 
                "h": 61
            }
        }, 
        "rightArrow": {
            "frame": {
                "y": 693, 
                "x": 848, 
                "w": 81, 
                "h": 32
            }, 
            "sourceSize": {
                "h": 32, 
                "w": 81
            }, 
            "offset": {
                "y": 0, 
                "x": 0, 
                "w": 81, 
                "h": 32
            }
        }, 
        "catchCartoon": {
            "frame": {
                "y": 231, 
                "x": 0, 
                "w": 702, 
                "h": 231
            }, 
            "sourceSize": {
                "h": 231, 
                "w": 702
            }, 
            "offset": {
                "y": 0, 
                "x": 0, 
                "w": 702, 
                "h": 231
            }
        }, 
        "exerciseCartoon": {
            "frame": {
                "y": 462, 
                "x": 0, 
                "w": 702, 
                "h": 231
            }, 
            "sourceSize": {
                "h": 231, 
                "w": 702
            }, 
            "offset": {
                "y": 0, 
                "x": 0, 
                "w": 702, 
                "h": 231
            }
        }
    }, 
    "meta": {
        "scale": "1", 
        "format": "RGBA8888", 
        "app": "https://www.codeandweb.com/texturepacker", 
        "version": "1.0", 
        "type": "frame", 
        "image": "NewGuide.png", 
        "size": {
            "h": 2048, 
            "w": 1024
        }
    }
}