{
    "frames": {
        "reward1": {
            "frame": {
                "y": 1821, 
                "x": 0, 
                "w": 80, 
                "h": 80
            }, 
            "offset": {
                "y": 0, 
                "x": 0, 
                "w": 80, 
                "h": 80
            }, 
            "pivot": {
                "y": 0.5, 
                "x": 0.5
            }, 
            "sourceSize": {
                "h": 80, 
                "w": 80
            }
        }, 
        "reward2": {
            "frame": {
                "y": 1821, 
                "x": 80, 
                "w": 80, 
                "h": 80
            }, 
            "offset": {
                "y": 0, 
                "x": 0, 
                "w": 80, 
                "h": 80
            }, 
            "pivot": {
                "y": 0.5, 
                "x": 0.5
            }, 
            "sourceSize": {
                "h": 80, 
                "w": 80
            }
        }, 
        "reward3": {
            "frame": {
                "y": 1821, 
                "x": 160, 
                "w": 80, 
                "h": 80
            }, 
            "offset": {
                "y": 0, 
                "x": 0, 
                "w": 80, 
                "h": 80
            }, 
            "pivot": {
                "y": 0.5, 
                "x": 0.5
            }, 
            "sourceSize": {
                "h": 80, 
                "w": 80
            }
        }, 
        "reward4": {
            "frame": {
                "y": 1821, 
                "x": 240, 
                "w": 80, 
                "h": 80
            }, 
            "offset": {
                "y": 0, 
                "x": 0, 
                "w": 80, 
                "h": 80
            }, 
            "pivot": {
                "y": 0.5, 
                "x": 0.5
            }, 
            "sourceSize": {
                "h": 80, 
                "w": 80
            }
        }, 
        "reward5": {
            "frame": {
                "y": 1821, 
                "x": 320, 
                "w": 80, 
                "h": 80
            }, 
            "offset": {
                "y": 0, 
                "x": 0, 
                "w": 80, 
                "h": 80
            }, 
            "pivot": {
                "y": 0.5, 
                "x": 0.5
            }, 
            "sourceSize": {
                "h": 80, 
                "w": 80
            }
        }, 
        "main1": {
            "frame": {
                "y": 0, 
                "x": 0, 
                "w": 497, 
                "h": 607
            }, 
            "offset": {
                "y": 0, 
                "x": 0, 
                "w": 497, 
                "h": 607
            }, 
            "pivot": {
                "y": 0.5, 
                "x": 0.5
            }, 
            "sourceSize": {
                "h": 607, 
                "w": 497
            }
        }, 
        "main2": {
            "frame": {
                "y": 607, 
                "x": 0, 
                "w": 497, 
                "h": 607
            }, 
            "offset": {
                "y": 0, 
                "x": 0, 
                "w": 497, 
                "h": 607
            }, 
            "pivot": {
                "y": 0.5, 
                "x": 0.5
            }, 
            "sourceSize": {
                "h": 607, 
                "w": 497
            }
        }, 
        "main3": {
            "frame": {
                "y": 1214, 
                "x": 0, 
                "w": 497, 
                "h": 607
            }, 
            "offset": {
                "y": 0, 
                "x": 0, 
                "w": 497, 
                "h": 607
            }, 
            "pivot": {
                "y": 0.5, 
                "x": 0.5
            }, 
            "sourceSize": {
                "h": 607, 
                "w": 497
            }
        }
    }, 
    "meta": {
        "scale": "1", 
        "format": "RGBA8888", 
        "type": "frame", 
        "image": "sum_recharge_extra.png", 
        "size": {
            "h": 1901, 
            "w": 497
        }
    }
}