索引	方块tab多语言（主页签）	涂鸦墙tab多语言（主页签）	页签图片	标签ID（发布后不可变）	CustomShopTabs排序(小的排前面)
Index	LeftLang	RightLang	Image	TabId	Weight
1	CustomShopTabs_TypeLang_4	CustomShopTabs_TypeLang_1	set:fangkuai.json image:BlockShopTabs_1	1	500
2	CustomShopTabs_TypeLang_7	CustomShopTabs_TypeLang_6	set:fangkuai.json image:BlockShopTabs_2	2	600
3	CustomShopTabs_TypeLang_6	CustomShopTabs_TypeLang_5	set:fangkuai.json image:BlockShopTabs_3	3	700
4	CustomShopTabs_TypeLang_5	CustomShopTabs_TypeLang_2	set:fangkuai.json image:BlockShopTabs_4	4	800
					
					
					
					
					
				  	
