商品ID	标签ID	道具类型(1:方块,2:涂鸦墙)	商品价格	道具图片	展示模型	模型缩放	模型位置	特效名	发光特效缩放	发光特效位置	CustomShopGoods排序（小的排前面）	商品序号
Id	TabId	Type	Price	Image	ActorName	ActorScale	ActorPos	EffectName	EffectScale	EffectPos	Weight	Order
1801	1	1	288	set:fangkuai.json image:1801	g1008_block_wool.actor	0.86	0,0.6	#	0.62	0,-0.15	10000	1801
1831	2	1	288	set:fangkuai.json image:1831	g1008_block_wood.actor	0.86	0,0.6	#	#	#	10000	1831
1856	3	1	288	set:fangkuai.json image:1856	g1008_block_endStone.actor	0.86	0,0.6	#	#	#	10000	1856
1802	1	1	288	set:fangkuai.json image:1802	g1008_block_wool_2.actor	0.86	0,0.6	#	#	#	9900	1802
1803	1	1	288	set:fangkuai.json image:1803	g1008_block_wool_3.actor	0.86	0,0.6	#	#	#	9800	1803
1804	1	1	288	set:fangkuai.json image:1804	g1008_block_wool_4.actor	0.86	0,0.6	#	#	#	9700	1804
1805	1	1	588	set:fangkuai.json image:1805	g1008_block_wool_5.actor	0.86	0,0.6	#	#	#	9600	1805
1807	1	1	588	set:fangkuai.json image:1807	g1008_block_wool_7.actor	0.86	0,0.6	#	#	#	9500	1807
1808	1	1	588	set:fangkuai.json image:1808	g1008_block_wool_8.actor	0.86	0,0.6	#	#	#	9400	1808
1809	1	1	588	set:fangkuai.json image:1809	g1008_block_wool_9.actor	0.86	0,0.6	#	#	#	9300	1809
1810	1	1	588	set:fangkuai.json image:1810	g1008_block_wool_10.actor	0.86	0,0.6	#	#	#	9200	1810
1811	1	1	588	set:fangkuai.json image:1811	g1008_block_wool_11.actor	0.86	0,0.6	#	#	#	9100	1811
1812	1	1	588	set:fangkuai.json image:1812	g1008_block_wool_12.actor	0.86	0,0.6	#	#	#	9000	1812
1813	1	1	588	set:fangkuai.json image:1813	g1008_block_wool_13.actor	0.86	0,0.6	#	#	#	8900	1813
1814	1	1	588	set:fangkuai.json image:1814	g1008_block_wool_14.actor	0.86	0,0.6	#	#	#	8800	1814
1815	1	1	588	set:fangkuai.json image:1815	g1008_block_wool_15.actor	0.86	0,0.6	#	#	#	8700	1815
1816	1	1	588	set:fangkuai.json image:1816	g1008_block_wool_16.actor	0.86	0,0.6	#	#	#	8600	1816
1817	1	1	588	set:fangkuai.json image:1817	g1008_block_wool_17.actor	0.86	0,0.6	#	#	#	8500	1817
1818	1	1	588	set:fangkuai.json image:1818	g1008_block_wool_18.actor	0.86	0,0.6	#	#	#	8400	1818
1819	1	1	588	set:fangkuai.json image:1819	g1008_block_wool_19.actor	0.86	0,0.6	#	#	#	8300	1819
1820	1	1	588	set:fangkuai.json image:1820	g1008_block_wool_20.actor	0.86	0,0.6	#	#	#	8200	1820
1821	1	1	588	set:fangkuai.json image:1821	g1008_block_wool_21.actor	0.86	0,0.6	#	#	#	8100	1821
1823	1	1	588	set:fangkuai.json image:1823	g1008_block_wool_23.actor	0.86	0,0.6	#	#	#	8000	1823
1824	1	1	588	set:fangkuai.json image:1824	g1008_block_wool_24.actor	0.86	0,0.6	#	#	#	7900	1824
1825	1	1	588	set:fangkuai.json image:1825	g1008_block_wool_25.actor	0.86	0,0.6	#	#	#	7700	1825
1826	1	1	588	set:fangkuai.json image:1826	g1008_block_wool_26.actor	0.86	0,0.6	#	#	#	7800	1826
1827	1	1	588	set:fangkuai.json image:1827	g1008_block_wool_27.actor	0.86	0,0.6	#	#	#	7600	1827
1828	1	1	588	set:fangkuai.json image:1828	g1008_block_wool_28.actor	0.86	0,0.6	#	#	#	7500	1828
1990	1	1	588	set:fangkuai_1.json image:1990	g1008_block_wool_29.actor	0.86	0,0.6	#	#	#	7400	1990
1991	1	1	588	set:fangkuai_1.json image:1991	g1008_block_wool_30.actor	0.86	0,0.6	#	#	#	7300	1991
1992	1	1	588	set:fangkuai_1.json image:1992	g1008_block_wool_31.actor	0.86	0,0.6	#	#	#	7200	1992
1994	1	1	588	set:fangkuai_1.json image:1994	g1008_block_wool_33.actor	0.86	0,0.6	#	#	#	7100	1994
1995	1	1	588	set:fangkuai_1.json image:1995	g1008_block_wool_34.actor	0.86	0,0.6	#	#	#	7000	1995
1996	1	1	588	set:fangkuai_1.json image:1996	g1008_block_wool_35.actor	0.86	0,0.6	#	#	#	6900	1996
1997	1	1	588	set:fangkuai_1.json image:1997	g1008_block_wool_36.actor	0.86	0,0.6	#	#	#	6800	1997
1998	1	1	588	set:fangkuai_1.json image:1998	g1008_block_wool_37.actor	0.86	0,0.6	#	#	#	6700	1998
1999	1	1	588	set:fangkuai_1.json image:1999	g1008_block_wool_38.actor	0.86	0,0.6	#	#	#	6600	1999
1701	1	1	588	set:fangkuai_1.json image:1701	g1008_block_wool_40.actor	0.86	0,0.6	#	#	#	6500	1701
1702	1	1	588	set:fangkuai_1.json image:1702	g1008_block_wool_41.actor	0.86	0,0.6	#	#	#	6400	1702
1832	2	1	288	set:fangkuai.json image:1832	g1008_block_wood_2.actor	0.86	0,0.6	#	#	#	9900	1832
1833	2	1	288	set:fangkuai.json image:1833	g1008_block_wood_3.actor	0.86	0,0.6	#	#	#	9800	1833
1834	2	1	288	set:fangkuai.json image:1834	g1008_block_wood_4.actor	0.86	0,0.6	#	#	#	9700	1834
1835	2	1	588	set:fangkuai.json image:1835	g1008_block_wood_5.actor	0.86	0,0.6	#	#	#	9600	1835
1836	2	1	588	set:fangkuai.json image:1836	g1008_block_wood_6.actor	0.86	0,0.6	#	#	#	9500	1836
1837	2	1	588	set:fangkuai.json image:1837	g1008_block_wood_7.actor	0.86	0,0.6	#	#	#	9400	1837
1838	2	1	588	set:fangkuai.json image:1838	g1008_block_wood_8.actor	0.86	0,0.6	#	#	#	9300	1838
1839	2	1	588	set:fangkuai.json image:1839	g1008_block_wood_9.actor	0.86	0,0.6	#	#	#	9200	1839
1840	2	1	588	set:fangkuai.json image:1840	g1008_block_wood_10.actor	0.86	0,0.6	#	#	#	9100	1840
1841	2	1	588	set:fangkuai.json image:1841	g1008_block_wood_11.actor	0.86	0,0.6	#	#	#	9000	1841
1842	2	1	588	set:fangkuai.json image:1842	g1008_block_wood_12.actor	0.86	0,0.6	#	#	#	8900	1842
1843	2	1	588	set:fangkuai.json image:1843	g1008_block_wood_13.actor	0.86	0,0.6	#	#	#	8800	1843
1844	2	1	588	set:fangkuai.json image:1844	g1008_block_wood_14.actor	0.86	0,0.6	#	#	#	8700	1844
1845	2	1	588	set:fangkuai.json image:1845	g1008_block_wood_15.actor	0.86	0,0.6	#	#	#	8600	1845
1846	2	1	588	set:fangkuai.json image:1846	g1008_block_wood_16.actor	0.86	0,0.6	#	#	#	8500	1846
1848	2	1	588	set:fangkuai.json image:1848	g1008_block_wood_18.actor	0.86	0,0.6	#	#	#	8400	1848
1849	2	1	588	set:fangkuai.json image:1849	g1008_block_wood_19.actor	0.86	0,0.6	#	#	#	8300	1849
1850	2	1	588	set:fangkuai.json image:1850	g1008_block_wood_20.actor	0.86	0,0.6	#	#	#	8100	1850
1851	2	1	588	set:fangkuai.json image:1851	g1008_block_wood_21.actor	0.86	0,0.6	#	#	#	8200	1851
1852	2	1	588	set:fangkuai.json image:1852	g1008_block_wood_22.actor	0.86	0,0.6	#	#	#	8000	1852
1971	2	1	588	set:fangkuai.json image:1971	g1008_block_wood_23.actor	0.86	0,0.6	#	#	#	7900	1971
1972	2	1	588	set:fangkuai_1.json image:1972	g1008_block_wood_24.actor	0.86	0,0.6	#	#	#	7800	1972
1973	2	1	588	set:fangkuai_1.json image:1973	g1008_block_wood_25.actor	0.86	0,0.6	#	#	#	7700	1973
1974	2	1	588	set:fangkuai_1.json image:1974	g1008_block_wood_26.actor	0.86	0,0.6	#	#	#	7600	1974
1976	2	1	588	set:fangkuai_1.json image:1976	g1008_block_wood_28.actor	0.86	0,0.6	#	#	#	7500	1976
1977	2	1	588	set:fangkuai_1.json image:1977	g1008_block_wood_29.actor	0.86	0,0.6	#	#	#	7400	1977
1978	2	1	588	set:fangkuai_1.json image:1978	g1008_block_wood_30.actor	0.86	0,0.6	#	#	#	7300	1978
1979	2	1	588	set:fangkuai_1.json image:1979	g1008_block_wood_31.actor	0.86	0,0.6	#	#	#	7200	1979
1980	2	1	588	set:fangkuai_1.json image:1980	g1008_block_wood_32.actor	0.86	0,0.6	#	#	#	7100	1980
1981	2	1	588	set:fangkuai_1.json image:1981	g1008_block_wood_33.actor	0.86	0,0.6	#	#	#	7000	1981
1857	3	1	288	set:fangkuai.json image:1857	g1008_block_endStone_2.actor	0.86	0,0.6	#	#	#	9900	1857
1858	3	1	288	set:fangkuai.json image:1858	g1008_block_endStone_3.actor	0.86	0,0.6	#	#	#	9800	1858
1859	3	1	288	set:fangkuai.json image:1859	g1008_block_endStone_4.actor	0.86	0,0.6	#	#	#	9700	1859
1860	3	1	588	set:fangkuai.json image:1860	g1008_block_endStone_5.actor	0.86	0,0.6	#	#	#	9600	1860
1861	3	1	588	set:fangkuai.json image:1861	g1008_block_endStone_6.actor	0.86	0,0.6	#	#	#	9500	1861
1862	3	1	588	set:fangkuai.json image:1862	g1008_block_endStone_7.actor	0.86	0,0.6	#	#	#	9400	1862
1863	3	1	588	set:fangkuai.json image:1863	g1008_block_endStone_8.actor	0.86	0,0.6	#	#	#	9300	1863
1864	3	1	588	set:fangkuai.json image:1864	g1008_block_endStone_9.actor	0.86	0,0.6	#	#	#	9200	1864
1865	3	1	588	set:fangkuai.json image:1865	g1008_block_endStone_10.actor	0.86	0,0.6	#	#	#	9100	1865
1866	3	1	588	set:fangkuai.json image:1866	g1008_block_endStone_11.actor	0.86	0,0.6	#	#	#	9000	1866
1867	3	1	588	set:fangkuai.json image:1867	g1008_block_endStone_12.actor	0.86	0,0.6	#	#	#	8900	1867
1868	3	1	588	set:fangkuai.json image:1868	g1008_block_endStone_13.actor	0.86	0,0.6	#	#	#	8800	1868
1869	3	1	588	set:fangkuai.json image:1869	g1008_block_endStone_14.actor	0.86	0,0.6	#	#	#	8700	1869
1870	3	1	588	set:fangkuai.json image:1870	g1008_block_endStone_15.actor	0.86	0,0.6	#	#	#	8600	1870
1871	3	1	588	set:fangkuai.json image:1871	g1008_block_endStone_16.actor	0.86	0,0.6	#	#	#	8500	1871
1873	3	1	588	set:fangkuai.json image:1873	g1008_block_endStone_18.actor	0.86	0,0.6	#	#	#	8400	1873
1874	3	1	588	set:fangkuai.json image:1874	g1008_block_endStone_19.actor	0.86	0,0.6	#	#	#	8300	1874
1875	3	1	588	set:fangkuai.json image:1875	g1008_block_endStone_20.actor	0.86	0,0.6	#	#	#	8100	1875
1941	3	1	588	set:fangkuai.json image:1941	g1008_block_endStone_21.actor	0.86	0,0.6	#	#	#	8200	1941
1942	3	1	588	set:fangkuai.json image:1942	g1008_block_endStone_22.actor	0.86	0,0.6	#	#	#	8000	1942
1943	3	1	588	set:fangkuai.json image:1943	g1008_block_endStone_23.actor	0.86	0,0.6	#	#	#	7900	1943
1944	3	1	588	set:fangkuai_1.json image:1944	g1008_block_endStone_24.actor	0.86	0,0.6	#	#	#	7800	1944
1945	3	1	588	set:fangkuai_1.json image:1945	g1008_block_endStone_25.actor	0.86	0,0.6	#	#	#	7700	1945
1946	3	1	588	set:fangkuai_1.json image:1946	g1008_block_endStone_26.actor	0.86	0,0.6	#	#	#	7600	1946
1948	3	1	588	set:fangkuai_1.json image:1948	g1008_block_endStone_28.actor	0.86	0,0.6	#	#	#	7500	1948
1949	3	1	588	set:fangkuai_1.json image:1949	g1008_block_endStone_29.actor	0.86	0,0.6	#	#	#	7400	1949
1950	3	1	588	set:fangkuai_1.json image:1950	g1008_block_endStone_30.actor	0.86	0,0.6	#	#	#	7300	1950
1951	3	1	588	set:fangkuai_1.json image:1951	g1008_block_endStone_31.actor	0.86	0,0.6	#	#	#	7200	1951
1952	3	1	588	set:fangkuai_1.json image:1952	g1008_block_endStone_32.actor	0.86	0,0.6	#	#	#	7100	1952
1953	3	1	588	set:fangkuai_1.json image:1953	g1008_block_endStone_33.actor	0.86	0,0.6	#	#	#	7000	1953
1881	4	1	288	set:fangkuai.json image:1881	g1008_block_blackStone.actor	0.86	0,0.6	#	#	#	10000	1881
1882	4	1	288	set:fangkuai.json image:1882	g1008_block_blackStone_2.actor	0.86	0,0.6	#	#	#	9900	1882
1883	4	1	288	set:fangkuai.json image:1883	g1008_block_blackStone_3.actor	0.86	0,0.6	#	#	#	9800	1883
1884	4	1	288	set:fangkuai.json image:1884	g1008_block_blackStone_4.actor	0.86	0,0.6	#	#	#	9700	1884
1885	4	1	588	set:fangkuai.json image:1885	g1008_block_blackStone_5.actor	0.86	0,0.6	#	#	#	9600	1885
1886	4	1	588	set:fangkuai.json image:1886	g1008_block_blackStone_6.actor	0.86	0,0.6	#	#	#	9500	1886
1887	4	1	588	set:fangkuai.json image:1887	g1008_block_blackStone_7.actor	0.86	0,0.6	#	#	#	9400	1887
1888	4	1	588	set:fangkuai.json image:1888	g1008_block_blackStone_8.actor	0.86	0,0.6	#	#	#	9300	1888
1889	4	1	588	set:fangkuai.json image:1889	g1008_block_blackStone_9.actor	0.86	0,0.6	#	#	#	9200	1889
1890	4	1	588	set:fangkuai.json image:1890	g1008_block_blackStone_10.actor	0.86	0,0.6	#	#	#	9100	1890
1891	4	1	588	set:fangkuai.json image:1891	g1008_block_blackStone_11.actor	0.86	0,0.6	#	#	#	9000	1891
1892	4	1	588	set:fangkuai.json image:1892	g1008_block_blackStone_12.actor	0.86	0,0.6	#	#	#	8900	1892
1893	4	1	588	set:fangkuai.json image:1893	g1008_block_blackStone_13.actor	0.86	0,0.6	#	#	#	8800	1893
1894	4	1	588	set:fangkuai.json image:1894	g1008_block_blackStone_14.actor	0.86	0,0.6	#	#	#	8700	1894
1895	4	1	588	set:fangkuai.json image:1895	g1008_block_blackStone_15.actor	0.86	0,0.6	#	#	#	8600	1895
1896	4	1	588	set:fangkuai.json image:1896	g1008_block_blackStone_16.actor	0.86	0,0.6	#	#	#	8500	1896
1897	4	1	588	set:fangkuai.json image:1897	g1008_block_blackStone_17.actor	0.86	0,0.6	#	#	#	8400	1897
1899	4	1	588	set:fangkuai.json image:1899	g1008_block_blackStone_19.actor	0.86	0,0.6	#	#	#	8300	1899
1900	4	1	588	set:fangkuai.json image:1900	g1008_block_blackStone_20.actor	0.86	0,0.6	#	#	#	8200	1900
1901	4	1	588	set:fangkuai.json image:1901	g1008_block_blackStone_21.actor	0.86	0,0.6	#	#	#	8000	1901
1902	4	1	588	set:fangkuai.json image:1902	g1008_block_blackStone_22.actor	0.86	0,0.6	#	#	#	8100	1902
1903	4	1	588	set:fangkuai.json image:1903	g1008_block_blackStone_23.actor	0.86	0,0.6	#	#	#	7900	1903
1904	4	1	588	set:fangkuai.json image:1904	g1008_block_blackStone_24.actor	0.86	0,0.6	#	#	#	7800	1904
1905	4	1	588	set:fangkuai_1.json image:1905	g1008_block_blackStone_25.actor	0.86	0,0.6	#	#	#	7700	1905
1906	4	1	588	set:fangkuai_1.json image:1906	g1008_block_blackStone_26.actor	0.86	0,0.6	#	#	#	7600	1906
1907	4	1	588	set:fangkuai_1.json image:1907	g1008_block_blackStone_27.actor	0.86	0,0.6	#	#	#	7500	1907
1909	4	1	588	set:fangkuai_1.json image:1909	g1008_block_blackStone_29.actor	0.86	0,0.6	#	#	#	7400	1909
1910	4	1	588	set:fangkuai_1.json image:1910	g1008_block_blackStone_30.actor	0.86	0,0.6	#	#	#	7300	1910
1911	4	1	588	set:fangkuai_1.json image:1911	g1008_block_blackStone_31.actor	0.86	0,0.6	#	#	#	7200	1911
1912	4	1	588	set:fangkuai_1.json image:1912	g1008_block_blackStone_32.actor	0.86	0,0.6	#	#	#	7100	1912
1913	4	1	588	set:fangkuai_1.json image:1913	g1008_block_blackStone_33.actor	0.86	0,0.6	#	#	#	7000	1913
1914	4	1	588	set:fangkuai_1.json image:1914	g1008_block_blackStone_34.actor	0.86	0,0.6	#	#	#	6900	1914
