TipType	TipTemplateId	Notice	zh_CN	en_US	pt_BR	ru_RU	ko_KR	de_DE	fr_FR	es_ES	it_IT	in_ID	th_TH	tr_TR	vi_VN	ja_JP	pl_PL
枚举类型	模板说明	备注	中文	英文	葡萄牙语	俄语	韩语	德语	法语	西语	意大利语	印尼语	泰语	土耳其	越南语	日语	波兰语
1037001	GameName	GameName	躲猫猫大厅	HASHall	HASHall	HASHall	HASHall	HASHalle	HASHall	HASHall	HASHall	HASHall	HASHall	HASHall	HASHall	HASHall	HASHall
1037002	GunForgingSuccess	GunForgingSuccess	▢FF00FFFF你抽到%1s件已拥有的物品，返还%2s钞票	▢FF00FFFFYou pumped %1s items already owned and returned %2s banknotes	▢FF00FFFFVocê bombeou itens de%1s já pertencentes e devolveu as notas de%2s	▢FF00FFFFВы прокачали %1s вещи которые уже были в собственности и вернули %2s банкнот.	▢FF00FFFF이미 소유하고 %2s 지폐를 반환 한 %1s 항목을 펌핑했습니다.	▢FF00FFFFSie haben%1s-Artikel bereits gepumpt und%2s-Banknoten zurückgegeben	▢FF00FFFFVous avez pompé des articles%1s déjà possédés et renvoyé des billets de banque%2s	▢FF00FFFFUsted bombeó los artículos de%1s que ya tenía y devolvió los billetes de%2s	▢FF00FFFFHai pompato%1s articoli già posseduti e restituito banconote%2s	▢FF00FFFFAnda memompa%1 item yang sudah dimiliki dan mengembalikan uang kertas%2	▢FF00FFFFคุณสูบรายการ%1s แล้วเป็นเจ้าของและส่งคืนธนบัตร%2 วินาทีแล้ว	▢FF00FFFFZaten sahip olduğunuz%1 ürününü pompaladınız ve%2 ürün banknotu iade ettiniz	▢FF00FFFFBạn đã bơm các mục%1s đã sở hữu và trả lại tiền giấy%2s	▢FF00FFFF％1s個の商品を既に所有していて％2sの紙幣を返却しました	▢FF00FFFFPompowałeś przedmioty, które już posiadały%1s i zwróciły banknoty%2s
1037003	NotOperateTip	NotOperateTip	▢FF00FFFF你再不移动，将在10秒后断开连接	▢FF00FFFFYou will not move again and will disconnect after 10 seconds.	▢FF00FFFFVocê não se moverá novamente e desconectará após 10 segundos.	▢FF00FFFFВы не будете двигаться снова и отключитесь через 10 секунд.	▢FF00FFFF다시 움직이지 않고 10 초 후에 연결이 끊어집니다.	▢FF00FFFFSie bewegen sich nicht mehr und trennen sich nach 10 Sekunden.	▢FF00FFFFVous ne bougerez plus et vous déconnecterez après 10 secondes.	▢FF00FFFFNo se moverá de nuevo y se desconectará después de 10 segundos.	▢FF00FFFFNon ti muoverà più e si disconnetterà dopo 10 secondi.	▢FF00FFFFAnda tidak akan bergerak lagi dan akan terputus setelah 10 detik.	▢FF00FFFFคุณจะไม่ย้ายอีกครั้งและจะตัดการเชื่อมต่อหลังจาก 10 วินาที	▢FF00FFFFTekrar hareket etmeyeceksiniz ve 10 saniye sonra bağlantı kesilecektir.	▢FF00FFFFBạn sẽ không di chuyển nữa và sẽ ngắt kết nối sau 10 giây.	▢FF00FFFFあなたは再び移動することはなく、10秒後に切断されます。	▢FF00FFFFNie ruszysz się ponownie i rozłączysz się po 10 sekundach.
