key	func	type	ch_name	description	ps.
上报key	函数名	数据类型(int、long、double、string、bool)	中文名	描述	补充说明
armor_value		int	当前防御值		
ai_game		bool	是否是AI游戏		
robot_type		int	服务器机器人标识		
map_id		int	地图Id		
game_result_type		int	游戏结算类型	1：赢 2：输 3：平 4：退出	
server_running_second		int	服务器运行时长（s）	服务器启动->上报事件	
game_running_second		int	游戏运行时长（s）	游戏开始->上报事件	
player_running_second		int	玩家游戏时长（s）	玩家进入游戏->上报事件	
player_waiting_second		int	玩家等待时长（s）		
g1008_loser_streak		int	匹配连败次数		
minute_average_fps		int	最近一分钟平均帧数		
minute_min_fps		int	最近一分钟最低帧数		
minute_max_fps		int	最近一分钟最高帧数		
total_average_fps		int	全局游戏平均帧数	玩家进入游戏->上报事件	
minute_average_ping		int	最近一分钟平均延迟		
minute_min_ping		int	最近一分钟最低延迟		
minute_max_ping		int	最近一分钟最高延迟		
activity_cur_times		int	当前抽奖次数		
activity_reward_id		int	活动奖励id		
activity_lottery_times		int	同时抽奖次数		
activity_use_ticket		bool	是否使用抽奖卷		
activity_cur_lucky_value		int	当前幸运值		
activity_box_id		int	抽奖的盲盒id		
activity_box_cur_times		int	抽奖盲盒总次数		
activity_box_cur_day_times		int	抽奖盲盒当天次数		
settlement_rank		int	结算时排名		
complete_guide		bool	是否完成新手引导		
consecutive_login_days		int	连续登陆天数		
segment_score		int	排位分		
play_times_g1008		int	四人模式局数		
win_rate_g1008_d		int	四人模式胜率		
play_times_g1062		int	双人模式局数		
win_rate_g1062_d		int	双人模式胜率		
play_times_g1061		int	单人模式局数		
win_rate_g1061_d		int	单人模式胜率		
ai_game_times		int	AI局数		
ai_game_win_rate_d		int	AI局胜率		
ai_in_last_1		bool	流失前1局游戏是否是AI局		
ai_in_last_3		bool	流失前3局游戏是否有AI局		
ai_in_last_5		bool	流失前5局游戏是否有AI局		
kill_avg_times_g1008_d		int	4人模式场均击杀（非AI局）		
die_avg_times_g1008_d		int	4人模式场均被击杀（非AI局）		
kill_avg_times_ai_d		int	AI局场均击杀		
die_avg_times_ai_d		int	AI局场均被击杀		
avg_play_time_g1008_d		int	4人模式场均时长（非AI局）		
avg_play_time_ai_d		int	AI局场均时长		
qualifying_is_in_pos_match		bool	是否为定位赛		
qualifying_add_qualifying_score		int	获得挑战分		
qualifying_add_brave_point		int	获得勇者分		
qualifying_is_consume_brave_score		bool	是否消耗勇者分		
qualifying_score		int	当前的综合分		
qualifying_segment_grade_star		string	段位变化，当前段位：段位_等级_星数		
qualifying_is_big_segment		bool	段位变化，是否是大段位		
qualifying_is_rise		bool	段位变化，是否上升（true：升 false：降）		
ready_time		int	准备时长（匹配成功 → 所有玩家确认）		
challenge_total_score		int	领取奖励时用户拥有的积分		
challenge_reward_score		int	奖励对应所需要的的积分 		
total_streak		int	排位赛总场次		
minute_jank		int	每分钟卡顿次数	每分钟卡顿次数	
activity_condition_type		int	触发类型		
sealId		int	座位Id		
fishId		int	鱼Id		
count		int	数量		
activity_first_consume		bool	第一次消费		
player_waiting_time		int	玩家等待时长	玩家等待时长	
is_reconnect		bool	玩家是否重连	玩家是否重连	
registration_time_key		int	玩家注册时间	玩家注册时间	
reason1		string	子字段1		
video_time		int	录像持续时间		
ai_count		int	当局游戏AI数量		
is_in_team		string	是否组队进入游戏		
talent_id		int	天赋Id		
reset_type		int	天赋重置的方式 1免费 2付费		
talent_essence_total_count		int	精粹总数量		
totalPacketsPerSec		int	每秒最多发送多少包		
totalInvalidPackets		int	最多收到多少非法包		
armor_factor		int	护甲倍率加成		
addition_armor		int	附加护甲		
task_id		int	任务id		
currency_id		string	货币id		
update_count		int	变化量		
count_before		int	变更前值		
count_after		int	变更后值		
source		string	变更原因		
meta		int	物品meta		
show_time		int	界面停留时间		
ui_name		string	界面ID		
play_time		int	游戏时长		
activity_prize		int	奖励类型		
game_jump		string	游戏跳转	进入游戏上报此时的游戏ID 退出游戏上报将要跳转的游戏ID (大厅1046 四人模式1008 单人模式1061 双人模式g1062 吃鸡1064  0没有跳转)	
piece_num		int	皮肤碎片	玩家当前时刻拥有的碎片	
item_num		int	道具数量		
rune_10403_num		int	吸血符文数量		
play_days		int	玩家游戏天数		
player_lv		int	等级		
key_num		int	钥匙数量		
gcube_num		int	当前拥有魔方数		
talent_total_level		int	天赋总等级		
text_type		int	发送消息的频道		
day_play_time		double	当日游玩时长(分钟)：游戏进入到退出		
day_play_times		int	当日开局数		
item_id		int	道具Id		
activity_id		int	活动id		
license_buy_type		int	通行证购买状态		
license_lv		int	通行证等级		
license_remain_days		int	通行证剩余天数		
report_id		int	举报ID		
confirm_time		int	确认时长（匹配成功 → 点击确认）		
button_name		string	犒赏按钮名		
temp_game_type		string	游戏类型	游戏类型：g1008,g1061,g1062,g1064	
game_mode		string	游戏模式	排位赛：qualifying   , 普通: normal  , 巅峰赛 pinnacle	
node_id		int	新手引导节点Id		
progress_id		int	新手引导过程Id		
is_first_consume		bool	首次消费		
game_record		string	上局游戏结果		
is_have_bed		bool	床状态		
is_life		bool	此时存活状态		
is_die_in_minute		bool	前一分钟内存活状态		
my_team_average_honor		double	当局游戏我方段位平均分		
rune_count_lv3		int	三级符文个数		
teammate_life_count		int	队友存活个数		
rune_count_lv1		int	一级符文个数		
player_life_count		int	全部玩家存活个数		
rune_count_lv2		int	二级符文个数		
game_complete_times		int	完成游戏场数		
kill_count		int	当前击杀次数		
die_count		int	被击杀的次数	在30s时间内，该玩家被其他玩家击杀的总次数	
game_time		int	游戏开始时长(s)		
all_team_average_honor		string	当局游戏所有队伍段位平均分		
total_game_time		int	游戏总时长	大厅+所有游戏模式	
my_team_rank		int	本局中队伍平均分排名		
health		double	当前血量		
game_victory_times		int	胜利场数		
good_price		int	商品价格		
qualifying_segment		int	段位		
qualifying_grade		int	段位等级		
qualifying_star_number		int	星星数		
good_id		int	商品ID		
start_ai_count		int	本局AI个数	开局的时候AI的数量。没有记0	
report_times		int	第X次发送	在这局游戏中，这个玩家第几次发送这个event	
place_block_count		int	放置方块	在30s时间内，该玩家建造方块的总次数	
break_block_count		int	摧毁方块个数	在30s时间内，该玩家摧毁方块的总次数	
have_pick_resource_in_point		int	是否有资源点的拾取行为	在30s时间内，该玩家是否有在资源点位置处拾取资源的行为，若是，则记1，若否，则记0	
have_pick_resource_out_point		int	是否有击杀点的拾取行为	在30s时间内，该玩家是否有在击杀点（非资源点）位置处拾取资源的行为，若是，则记1，若否，则记0	
have_armor_level_up		int	是否有装备升级行为	在30s时间内，该玩家是否有装备升级的行为，若是，则记1，若否，则记0	
have_hand_item_change		int	是否有更换武器行为	在30s时间内，该玩家是否有更换武器的行为，若是，则记1，若否，则记0	
move_block_count		int	移动的方块数量	在30s时间内，该玩家移动的方块总数量	
have_bed_destroyed		int	队伍的床是否被摧毁	在30s时间内，该玩家所在的队伍的床是否被摧毁，若是，则记1，若否，则记0	
have_teammate_killed		int	队友是否被击杀	在30s时间内，该玩家所在的队伍的队友是否被击杀，若是，则记1，若否，则记0	
kill_player_count		int	击杀玩家数量	在30s时间内，该玩家击杀其他玩家的总次数	
have_died		int	是否死亡	在30s时间内，该玩家是否触发死亡行为，若是，则记1，若否，则记0	
hollow_die_count		int	掉落死亡的次数	在30s时间内，该玩家掉落死亡的总次数	
have_respawn		int	是否复活	在30s时间内，该玩家是否触发复活行为，若是，则记1，若否，则记0	
have_respawn_with_cube		int	死亡复活是否保留物品	在30s时间内，该玩家复活时是否选择了保留物品，若是，则记1，若否，则记0	
have_attack_player		int	是否攻击敌方玩家（造成伤害）	在30s时间内，该玩家是否对敌方玩家造成伤害，若是，则记1，若否，则记0	
have_be_attacked		int	是否被敌方玩家攻击（受到伤害）	在30s时间内，该玩家是否被敌方玩家攻击，若是，则记1，若否，则记0	
have_open_item_store		int	是否打开商城	在30s时间内，该玩家是否打开过商城，若是，则记1，若否，则记0	
have_buy_item		int	是否购买物品	在30s时间内，该玩家是否在商城中成功购买了商品，若是，则记1，若否，则记0	
have_used_chat		int	是否使用聊天	在30s时间内，该玩家是否使用了聊天功能，打开聊天界面报1，打开并成功发送聊天消息报2，都没有报0	
lottery_count		int	抽奖次数	在30s时间内，该玩家进行抽奖的总次数	
have_weed_out		int	是否被淘汰	在30s时间内，若是，则记1，若否，则记0	
have_teammate_weed_out		int	队友是否被淘汰	在30s时间内，若是，则记1，若否，则记0	
have_escape		int	自己是否中途强退游戏	在30s时间内，若是，则记1，若否，则记0	
have_teammate_escape		int	队友是否中途强退游戏	在30s时间内，若是，则记1，若否，则记0	
teammate_count		int	没有被淘汰的队友的数量	当前队友的数量	
enemy_count		int	没有被淘汰的敌人的数量	当前敌人的数量	
team_id		int	队伍id	红：1 蓝：2 绿：3 黄：4 青：5 白：6 粉：7 黑：8	
match_id		string	比赛id	match id	
emoji_type		int	发送表情的频道		
giftId		string	礼包id		
activity_chest_id		int	宝箱id		
total_recharge_cube		int	总充值魔方数		
gameplay_count		int	历史游戏场数		
play_again_player_num		int	组队再来一局人数		
player_classification		int	玩家分类		
real_count		int	真实消耗金魔方数量		
robot_group		int	当前使用的机器人分组		
legend_item_damage_array		string	每局游戏玩家使用传说物品造成的伤害		
legend_item_count_array		string	每局游戏传说物品的产出数量		
total_consume_cube		int	累计消耗金魔方数量		
destroy_bed_num		int	破坏床数		
region_land_id		int	特殊区域id		
job_type		int	职业类型		
skill_trigger1		int	职业技能1触发次数		
skill_trigger2		int	职业技能2触发次数		
skill_trigger3		int	职业技能3触发次数		
skill_trigger4		int	职业技能4触发次数		
goods_id		int	商品id		
total_gold_chest_num		int	黄金宝箱数		
total_diamond_chest_num		int	钻石宝箱数		
