event	event_ch_name	event_description	key1	key2	key3	key4	key5	key6	key7	key8	key9	key10	key11	key12	key13	key14	key15	key16	key17	key18	key19	key20	key21	key22	key23	key24	key25	key26	key27	key28	key29	key30	key31	key32	key33	key34	key35	key36	key37
上报时机	中文名	描述	属性1	属性2	属性3	属性4	属性5	属性6	属性7	属性8	属性9	属性10	属性11	属性12	属性13	属性14	属性15	属性16	属性17	属性18	属性19	属性20	属性21	属性22	属性23	属性24	属性25	属性26	属性27	属性28	属性29	属性30	属性31	属性32	属性33	属性34	属性35	属性36	属性37
player_attr	玩家分配成功	服务器收到分配信息时	game_mode	ai_game	play_days	player_classification																																	
player_ready	玩家登录成功	服务器接收到登录成功包时	game_mode	ai_game	play_days	player_classification																																	
activity_blind_lottery	盲盒抽奖		total_recharge_cube	activity_id	activity_box_id	activity_box_cur_times	activity_box_cur_day_times	play_days	player_classification																														
player_login_db_finished	玩家登陆数据读取成功		complete_guide	play_days	player_classification																																		
new_player_logout	新增玩家退出		consecutive_login_days	segment_score	player_lv	play_times_g1008	win_rate_g1008_d	play_times_g1062	win_rate_g1062_d	play_times_g1061	win_rate_g1061_d	ai_game_times	ai_game_win_rate_d	ai_in_last_1	ai_in_last_3	ai_in_last_5	kill_avg_times_g1008_d	die_avg_times_g1008_d	kill_avg_times_ai_d	die_avg_times_ai_d	avg_play_time_g1008_d	avg_play_time_ai_d	play_days	gameplay_count	player_classification														
receive_qualifying_challenge	用户领取排位挑战值奖励时上报 		challenge_total_score	challenge_reward_score	total_streak	play_days	player_classification																																
activity_trigger_condition	出发条件领取了活动奖励		activity_id	activity_condition_type	total_recharge_cube	play_days	player_classification																																
player_start_fishing	开始钓鱼		sealId	play_days	player_classification																																		
player_fishing_success	钓鱼成功		fishId	play_days	player_classification																																		
player_fish_exchange	鱼兑换成功		fishId	count	play_days	player_classification																																	
player_limit_discount_buy	购买限定商店物品	购买限定商店物品	activity_id	good_id	activity_first_consume	total_recharge_cube	play_days	player_classification																															
video_press	录像点击按钮	录像点击按钮	reason1	player_classification																																			
video_time	录像持续时间	录像持续时间	video_time	player_classification																																			
video_select	录像滤镜选择	录像滤镜选择	reason1	player_classification																																			
video_start	录制按钮点击事件	每次按下录制视频按钮时上报1次	player_classification																																				
video_end	结束录制事件	结束录制时上报1次，包括非正常结束	player_classification																																				
error_not_available	手机不支持录屏	每次进入录像模式时上报	player_classification																																				
error_time	录屏时间到达上限	中断录制时上报	player_classification																																				
error_storage	内存空间不足	中断录制时上报	player_classification																																				
video_start_time	录制时长	结束录制时上报，包括非正常结束	player_classification																																				
ddos_packets_info	防ddos相关数据统计	防ddos相关数据统计	totalPacketsPerSec	totalInvalidPackets	player_classification																																		
find_abnormal_armor	发现异常护甲	发现异常护甲	armor_value	armor_factor	addition_armor	play_days	player_classification																																
task_get_reward	任务获得奖励	任务获得奖励	task_id	day_play_time	day_play_times	player_lv	talent_total_level	rune_10403_num	play_days	activity_id	player_classification																												
app_sc_exchange	游戏货币流水	当玩家获得或使用货币时	currency_id	update_count	count_before	count_after	source	player_lv	license_buy_type	play_days	license_lv	player_classification																											
item_record	物品变更	当玩家物品数量发生变更时（拾取没有记录）	item_id	update_count	count_before	count_after	source	player_lv	play_days	meta	player_classification																												
ui_open	界面_打开	玩家打开界面时	ui_name	play_days	play_time	player_classification																																	
ui_close	界面_关闭	玩家关闭界面时	ui_name	play_days	show_time	player_classification																																	
player_login	游戏_进入	游戏_进入	play_days	is_reconnect	game_jump	player_classification																																	
player_logout	游戏_退出	游戏_退出	play_days	game_jump	play_time	player_lv	key_num	piece_num	gcube_num	item_num	rune_10403_num	talent_total_level	total_gold_chest_num	total_diamond_chest_num	player_classification																								
player_minute_fps	每分钟平均帧数	每分钟上报一次	game_mode	ai_game	map_id	play_time	minute_average_fps	minute_min_fps	minute_max_fps	minute_jank	play_days	minute_average_ping	minute_min_ping	minute_max_ping	player_classification																								
ui_click_main_new	点击主界面按钮（新玩家）	点击主界面按钮（新玩家）	button_name	play_days	game_mode	temp_game_type	player_lv	play_time	player_classification																														
behavior_statistics_in_game	玩家前五局游戏行为	游戏开始后，每个玩家每30s上报一次该埋点，每次上报后重新统计该埋点中的各属性次数	game_mode	team_id	match_id	start_ai_count	report_times	place_block_count	break_block_count	have_pick_resource_in_point	have_pick_resource_out_point	have_armor_level_up	have_hand_item_change	move_block_count	have_bed_destroyed	have_teammate_killed	kill_player_count	have_died	die_count	hollow_die_count	have_respawn	have_respawn_with_cube	have_attack_player	have_be_attacked	have_open_item_store	have_buy_item	have_used_chat	lottery_count	have_weed_out	have_teammate_weed_out	have_escape	have_teammate_escape	teammate_count	enemy_count	play_days	gameplay_count	report_id	player_classification	
complete_guide	完成引导的步骤	完成引导的步骤	node_id	progress_id	play_days	play_time	player_classification	temp_game_type																															
license_buy	购买通行证	当玩家购买通行证时	license_buy_type	license_lv	license_remain_days	player_lv	gcube_num	play_days	source	player_classification																													
UseCube	金魔方消耗 	玩家消耗金魔方时	player_lv	is_first_consume	license_buy_type	license_lv	game_record	is_have_bed	is_life	is_die_in_minute	my_team_average_honor	key_num	rune_count_lv3	teammate_life_count	rune_count_lv1	player_life_count	rune_count_lv2	gcube_num	game_complete_times	license_remain_days	kill_count	die_count	game_time	all_team_average_honor	total_game_time	my_team_rank	health	game_complete_times	game_victory_times	qualifying_segment	qualifying_grade	qualifying_star_number	good_id	good_price	play_days	source	player_classification	real_count	total_consume_cube
player_match_success	玩家游戏匹配成功 时上报	玩家游戏匹配成功 时上报  progress_id  匹配成功 =1 跳服开始游戏=2	player_lv	qualifying_segment	qualifying_grade	qualifying_star_number	qualifying_segment_grade_star	qualifying_score	ready_time	play_days	progress_id	player_classification																											
player_game_start	游戏开始	所有玩家进入游戏后	game_mode	ai_game	map_id	play_days	match_id	my_team_average_honor	all_team_average_honor	is_in_team	ai_count	team_id	qualifying_segment	qualifying_grade	qualifying_star_number	qualifying_segment_grade_star	player_waiting_second	player_lv	gameplay_count	report_id	player_classification	robot_group																	
player_game_end	游戏结束	玩家淘汰,胜利或强退	game_mode	ai_game	map_id	game_result_type	player_running_second	game_running_second	total_average_fps	settlement_rank	qualifying_segment	qualifying_grade	qualifying_star_number	qualifying_is_in_pos_match	qualifying_add_qualifying_score	qualifying_add_brave_point	qualifying_is_consume_brave_score	server_running_second	player_waiting_second	g1008_loser_streak	robot_type	play_days	match_id	is_reconnect	registration_time_key	my_team_average_honor	all_team_average_honor	is_in_team	ai_count	team_id	temp_game_type	player_lv	gameplay_count	report_id	segment_score	player_classification	robot_group	legend_item_damage_array	legend_item_count_array
server_game_end	整局游戏结束	服务器一局游戏结束	game_mode	ai_game	map_id	game_running_second	server_running_second	match_id	temp_game_type	start_ai_count	player_classification																												
player_waiting_time	玩家等待时间	所有玩家进入游戏后	ready_time	play_days	match_id	ai_game	game_mode	temp_game_type	player_classification																														
click_activity_page_button	活动页按钮点击	活动页按钮点击	button_name	play_days	player_classification																																		
click_chat_button	聊天界面按钮点击	聊天界面按钮点击	button_name	play_days	player_classification																																		
send_chat_text	发送聊天消息	发送聊天消息	text_type	play_days	player_classification																																		
send_chat_emoji	发送表情	发送表情	emoji_type	play_days	player_classification																																		
activity_must_lottery	转盘抽奖	转盘抽奖	total_recharge_cube	activity_id	activity_cur_times	activity_reward_id	play_days	gcube_num	item_num	rune_10403_num	talent_total_level	player_classification																											
activity_lucky_lottery	幸运抽奖	幸运抽奖	total_recharge_cube	activity_id	activity_lottery_times	activity_use_ticket	play_days	activity_cur_times	activity_prize	item_num	rune_10403_num	talent_total_level	gcube_num	activity_reward_id	activity_cur_lucky_value	player_classification																							
activity_chest_reward	领取活动宝箱	领取活动宝箱	total_recharge_cube	activity_id	activity_chest_id	play_days	player_classification																																
trigger_gift	触发礼包	触发礼包	giftId	play_days	player_classification																																		
trigger_gift_buy	购买触发礼包	购买触发礼包	giftId	play_days	player_classification																																		
buy_store_item	玩家游戏内购买道具	玩家游戏内购买道具	game_mode	ai_game	item_id	play_days	temp_game_type	player_classification																															
qualifying_segment_change	段位变化	段位变化	qualifying_segment	qualifying_grade	qualifying_star_number	qualifying_is_big_segment	qualifying_is_rise	play_days	item_num	rune_10403_num	talent_total_level	player_classification																											
activity_first_reward	活动首个获得的奖励	活动首个获得的奖励	activity_id	item_id	play_days	total_recharge_cube	player_classification																																
talent_upgrade	天赋解锁/升级	天赋解锁/升级	talent_id	total_recharge_cube	play_days	player_classification																																	
talent_reset	天赋重置	天赋重置	reset_type	play_days	player_classification																																		
recharge_upgrade_talent	付费充值精粹解锁/升级天赋	付费充值精粹解锁/升级天赋	talent_id	play_days	player_classification																																		
buy_gift	购买限时礼包成功发货	购买限时礼包成功发货时上报	giftId	play_days	player_classification																																		
show_gift	限时礼包展示	限时礼包展示时上报	giftId	play_days	player_classification																																		
special_mode_exchange_shop	特殊模式兑换商品	特殊模式兑换商品	good_id	play_days	rune_10403_num	talent_total_level	player_classification																																
activity_exchange_reward	碎片兑换奖励	碎片兑换奖励	activity_id	good_id	play_days	rune_10403_num	talent_total_level	player_classification																															
mark_back_player	标记回归玩家	距离上一次登录时长超过60天的玩家标记为回归玩家	play_days	report_id	confirm_time	talent_total_level	rune_10403_num	count_before	player_classification																														
special_mode_finish	完成特殊模式游戏	完成特殊模式游戏	activity_id	game_time	play_days	player_classification																																	
ui_click_game_end_new	新手游戏结算界面点击	当新手玩家进入游戏结算界面后，点击按钮时上报(仅限新玩家：play_days<=14上报)	button_name	play_days	game_mode	temp_game_type	player_lv	play_time	gameplay_count	player_classification																													
ui_click_operating_new	新手玩家选择操作模式	当新手玩家在引导处选择移动/攻击的操作模式时	button_name	play_time	play_days	player_classification																																	
play_again_with_team	组队再来一局	组队再来一局	play_again_player_num	game_mode	player_classification																																		
player_game_end_new_behavior	新玩家退出时局内行为埋点	玩家淘汰,胜利或强退（只上报play_day=1的玩家），上报后个属性累计埋点	game_mode	team_id	match_id	start_ai_count	report_id	place_block_count	break_block_count	have_pick_resource_in_point	have_pick_resource_out_point	have_armor_level_up	have_hand_item_change	move_block_count	have_bed_destroyed	kill_player_count	die_count	hollow_die_count	have_attack_player	have_be_attacked	have_open_item_store	have_buy_item	lottery_count	have_escape	play_days	gameplay_count	game_result_type	player_waiting_second	player_running_second	game_running_second	destroy_bed_num	player_classification							
behavior_place_enemy_land	到达敌人小岛	进入不同区域时上报	region_land_id																																				
behavior_pick_resource_in_point	进入资源点	进入资源点时上报																																					
behavior_have_buy_item	购买商品	触发购买时上报																																					
behavior_place_block	搭建方块	每搭建方块数大于10时上报一次																																					
behavior_kill_player	击杀敌人	击杀敌人上报																																					
behavior_be_killed	被敌人击杀	被杀死时上报																																					
behavior_die_hollow_die	掉虚空死亡	掉虚空死亡时上报																																					
job_battle	职业使用技能次数和击杀数	游戏结束上报	kill_count	job_type	play_days	skill_trigger1	skill_trigger2	skill_trigger3	skill_trigger4																														
job_select	职业使选择	选择职业确定后上报	job_type	play_days																																			
buy_activity_reward	购买活动奖励	购买活动奖励成功	activity_id	activity_reward_id	good_price																																		
activity_task_finish	活动完成任务	活动完成任务	activity_id	task_id																																			
ad_game_clicked	点击观看广告	点击观看广告	item_id	goods_id																																			
ad_game_rewarded	完成广告观看	完成广告观看	item_id	goods_id																																			
