id	groupId	totalCount	boxIndexList	weights	times	boxSettingId	normalImage	openImage	hallBoxEffect	resultBoxEffect	openTipEffect	Unnamed: 8
宝箱ID	分组	总个数	可能出现的位置（-1任意）	权重	抽奖次数	抽奖的宝箱id	未开启贴图	开启贴图	大厅宝箱动画	结算宝箱特效	可开启特效	
id	groupId	totalCount	boxIndexList	weights	times	boxSettingId	normalImage	openImage	hallBoxEffect	resultBoxEffect	openTipEffect	
1	1	9	-1	100	1	2	set:game_activity_treasure_box_1.json image:img_0_chest	set:game_activity_treasure_box_1.json image:img_0_chest_open	g1008_treasurechallenge_normal_arise.effect	g1008_treasurechallenge_normal_box.effect	g1008_ui_treasure_box_platinum.effect	活动类型
2	1	1	4#5	100	2	2	set:game_activity_treasure_box_1.json image:img_0_chest2	set:game_activity_treasure_box_1.json image:img_0_chest2_open	g1008_treasurechallenge_senior_arise.effect	g1008_treasurechallenge_senior_box.effect	g1008_ui_treasure_box_diamond.effect	活动类型
3	2	10	-1	100	1	1	set:game_activity_treasure_box_1.json image:img_0_chest1	set:game_activity_treasure_box_1.json image:img_0_chest1_open	g1008_treasurechallenge_normal_arise.effect	g1008_treasurechallenge_normal_box.effect	g1008_ui_treasure_box_gold.effect	活动类型
