id	boxGroupId	freeBoxGroupId	price	moneyType	uniqueId	conditionType	boxEndTime	Unnamed: 8
活动ID	宝箱组	宝箱组	价格	价格类型	订单id	触发奖励条件：1任意模型2排位赛3任意模式获胜4排位赛获胜	宝箱获取截止时间	
id	boxGroupId	freeBoxGroupId	price	moneyType	uniqueId	conditionType	boxEndTime	
2002	1	2	299	1	992002	3	2022-12-28-07-59-59	活动类型
2003	1	2	299	1	992003	3	2023-03-01-07-59-59	活动类型
2004	1	2	299	1	992004	3	2023-05-31-07-59-59	活动类型
