{
  "Class": "Prison",
  "Teams": [
    {
      "teamId": 1,
      "birthPos": {
        "x": 325.5,
        "y": 135,
        "z": -161.5,
        "yaw": 0
      }
    }
  ],
  "InitPos": {
    "x": 325.5,
    "y": 135,
    "z": -161.5,
    "yaw": 0
  },
  "TeamSize": 100,
  "MinPlayers": 100,
  "WaitTick": 3600,
  "BattleTick": 360000000,
  "BattleTimeTip": false,
  "RoundGroupId": 1,
  "StartTip": "",
  "WinTip": "",
  "LoseTip": "",
  "BattleTip": "",
  "WaitMainIcon": "set:rank.json image:img_0_battle",
  "BattleMainIcon": "set:rank.json image:img_0_battle"
}