{
  "Class": "Defend",
  "Teams": [
    {
      "teamId": 1
    }
  ],
  "InitPos": {
    "x": -76.5,
    "y": 82,
    "z": 458.5,
    "yaw": 180
  },
  "TeamSize": 10,
  "MinPlayers": 0,
  "WaitTick": 0,
  "BattleTick": 18000,
  "BattleTimeTip": false,
  "RespawnCountdown": 5,
  "RoundGroupId": 1,
  "?RewardPid": "奖励池Id",
  "RewardPid": 1,
  "?UIEffect": "UI特效",
  "UIEffect": "#",
  "?EnterEffect": "入场特效",
  "EnterEffect": "#",
  "?BaseIcon": "基地图片",
  "BaseIcon": "set:ship_defend.json image:icon_pumpkin_",
  "?RoundIcon": "波数图片",
  "RoundIcon": "set:ship_defend.json image:icon_monster2",
  "?BaseHP": "基地血量",
  "BaseHP": 100,
  "?RankKey": "排行榜上报Key",
  "RankKey": "halloween_defend_kill",
  "StartTip": "halloween.defend.start",
  "WinTip": "halloween.defend.reward.win",
  "LoseTip": "halloween.defend.reward.lose",
  "BattleTip": "halloween.defend.tips",
  "WaitMainIcon": "set:rank.json image:img_0_battle",
  "BattleMainIcon": "set:rank.json image:img_0_battle"
}