唯一Id	天赋Id	名称(多语言对应效果ID)	描述(多语言对应效果ID)	天赋图标(对应效果ID)	天赋详情图(对应效果ID)	类型(1普通2高级3礼物）	效果Id	对应布局id	解锁条件(天赋id_等级, “#”分割)	解锁奖励	Unnamed: 11
n_id	n_talent_id	s_name	s_desc	s_icon	s_detail_icon	n_type	n_effect_group_id	n_layout_id	s_unlock_condition	n_unlock_reward_id	
1	1001	gui.talent.desc01.100103	gui.talent.desc02.100103	set:talent_icon.json image:g1008_icon_talent_100103	set:talent_detail_icon.json image:g1008_talent_100103	1	100103	1	#	#	攻击
2	1002	gui.talent.desc01.100800	gui.talent.desc02.100800	set:talent_icon.json image:g1008_icon_talent_100800	set:talent_detail_icon.json image:g1008_talent_100800	1	100800	2	#	#	生命
3	1003	gui.talent.desc01.100102	gui.talent.desc02.100102	set:talent_icon.json image:g1008_icon_talent_100102	set:talent_detail_icon.json image:g1008_talent_100102	1	100102	3	1001_10	#	强弓
4	1004	gui.talent.desc01.100101	gui.talent.desc02.100101	set:talent_icon.json image:g1008_icon_talent_100101	set:talent_detail_icon.json image:g1008_talent_100101	1	100101	4	1001_10	#	猛击
5	1005	gui.talent.desc01.103300	gui.talent.desc02.103300	set:talent_icon.json image:g1008_icon_talent_103300	set:talent_detail_icon_1.json image:g1008_talent_103300	1	103300	5	1002_10	#	护甲
6	1006	gui.talent.desc01.101700	gui.talent.desc02.101700	set:talent_icon.json image:g1008_icon_talent_101700	set:talent_detail_icon.json image:g1008_talent_101700	1	101700	6	1002_10	#	羊毛
7	1007	gui.talent.desc01.103400	gui.talent.desc02.103400	set:talent_icon.json image:g1008_icon_talent_103400	set:talent_detail_icon_1.json image:g1008_talent_103400	2	103400	7	1003_10	#	极速
8	1008	gui.talent.desc01.103200	gui.talent.desc02.103200	set:talent_icon.json image:g1008_icon_talent_103200	set:talent_detail_icon_1.json image:g1008_talent_103200	2	103200	8	1004_10	#	风暴
9	1009	gui.talent.desc01.101000	gui.talent.desc02.101000	set:talent_icon.json image:g1008_icon_talent_101000	set:talent_detail_icon.json image:g1008_talent_101000	2	101000	9	1005_10	#	坚韧
10	1010	gui.talent.desc01.101500	gui.talent.desc02.101500	set:talent_icon.json image:g1008_icon_talent_101500	set:talent_detail_icon.json image:g1008_talent_101500	1	101500	10	1006_10	#	铸金
11	1011	gui.talent.desc01.100202	gui.talent.desc02.100202	set:talent_icon.json image:g1008_icon_talent_100202	set:talent_detail_icon.json image:g1008_talent_100202	1	100202	11	1007_10	#	利箭
12	1012	gui.talent.desc01.100201	gui.talent.desc02.100201	set:talent_icon.json image:g1008_icon_talent_100201	set:talent_detail_icon.json image:g1008_talent_100201	1	100201	12	1008_10	#	利刃
13	1013	gui.talent.desc01.103700	gui.talent.desc02.103700	set:talent_icon.json image:g1008_icon_talent_103700	set:talent_detail_icon_1.json image:g1008_talent_103700	1	103700	13	1009_10	#	羽毛
14	1014	gui.talent.desc01.104200	gui.talent.desc02.104200	set:talent_icon.json image:g1008_icon_talent_104200	set:talent_detail_icon_1.json image:g1008_talent_104200	1	104200	14	1010_10	#	锯木
15	1015	gui.talent.desc01.100303	gui.talent.desc02.100303	set:talent_icon.json image:g1008_icon_talent_100303	set:talent_detail_icon.json image:g1008_talent_100303	2	100303	15	1011_10#1012_10	#	吸血
16	1016	gui.talent.desc01.199901	gui.talent.desc02.199901	set:talent_icon.json image:g1008_icon_talent_199901	set:talent_detail_icon.json image:g1008_talent_199901	3	199901	16	1012_10	4010016	礼物
17	1017	gui.talent.desc01.102500	gui.talent.desc02.102500	set:talent_icon.json image:g1008_icon_talent_102500	set:talent_detail_icon.json image:g1008_talent_102500	2	102500	17	1013_10#1014_10	#	修罗
18	1018	gui.talent.desc01.100302	gui.talent.desc02.100302	set:talent_icon.json image:g1008_icon_talent_100302	set:talent_detail_icon.json image:g1008_talent_100302	1	100302	18	1015_10	#	血箭
19	1019	gui.talent.desc01.100301	gui.talent.desc02.100301	set:talent_icon.json image:g1008_icon_talent_100301	set:talent_detail_icon.json image:g1008_talent_100301	1	100301	19	1015_10	#	血刃
20	1020	gui.talent.desc01.100900	gui.talent.desc02.100900	set:talent_icon.json image:g1008_icon_talent_100900	set:talent_detail_icon.json image:g1008_talent_100900	1	100900	20	1017_10	#	恢复
21	1021	gui.talent.desc01.199902	gui.talent.desc02.199902	set:talent_icon.json image:g1008_icon_talent_199901	set:talent_detail_icon.json image:g1008_talent_199901	3	199902	21	1017_10	1020017	礼物
22	1022	gui.talent.desc01.100703	gui.talent.desc02.100703	set:talent_icon.json image:g1008_icon_talent_100703	set:talent_detail_icon.json image:g1008_talent_100703	1	100703	22	1018_10	#	击退
23	1023	gui.talent.desc01.101100	gui.talent.desc02.101100	set:talent_icon.json image:g1008_icon_talent_101100	set:talent_detail_icon.json image:g1008_talent_101100	2	101100	23	1020_10#1019_10	#	铁血
24	1024	gui.talent.desc01.101300	gui.talent.desc02.101300	set:talent_icon.json image:g1008_icon_talent_101300	set:talent_detail_icon.json image:g1008_talent_101300	1	101300	24	1020_10	#	稳固
25	1025	gui.talent.desc01.103600	gui.talent.desc02.103600	set:talent_icon.json image:g1008_icon_talent_103600	set:talent_detail_icon_1.json image:g1008_talent_103600	2	103600	25	1022_10	#	冻结
26	1026	gui.talent.desc01.103500	gui.talent.desc02.103500	set:talent_icon.json image:g1008_icon_talent_103500	set:talent_detail_icon_1.json image:g1008_talent_103500	2	103500	26	1022_10	#	寒冰
27	1027	gui.talent.desc01.104000	gui.talent.desc02.104000	set:talent_icon.json image:g1008_icon_talent_104000	set:talent_detail_icon_1.json image:g1008_talent_104000	1	104000	27	1024_10	#	抗性
28	1028	gui.talent.desc01.101400	gui.talent.desc02.101400	set:talent_icon.json image:g1008_icon_talent_101400	set:talent_detail_icon.json image:g1008_talent_101400	2	101400	28	1024_10	#	巨人
29	1029	gui.talent.desc01.104500	gui.talent.desc02.104500	set:talent_icon.json image:g1008_icon_talent_104500	set:talent_detail_icon_1.json image:g1008_talent_104500	1	104500	29	1025_10	#	射手
30	1030	gui.talent.desc01.104400	gui.talent.desc02.104400	set:talent_icon.json image:g1008_icon_talent_104400	set:talent_detail_icon_1.json image:g1008_talent_104400	1	104400	30	1026_10	#	攻速
31	1031	gui.talent.desc01.102800	gui.talent.desc02.102800	set:talent_icon.json image:g1008_icon_talent_102800	set:talent_detail_icon_1.json image:g1008_talent_102800	2	102800	31	1027_10	#	磐石
32	1032	gui.talent.desc01.102400	gui.talent.desc02.102400	set:talent_icon.json image:g1008_icon_talent_102400	set:talent_detail_icon.json image:g1008_talent_102400	1	102400	32	1028_10	#	毛堆
33	1033	gui.talent.desc01.104600	gui.talent.desc02.104600	set:talent_icon.json image:g1008_icon_talent_104600	set:talent_detail_icon_1.json image:g1008_talent_104600	1	104600	33	1029_10	#	迅箭
34	1034	gui.talent.desc01.102701	gui.talent.desc02.102701	set:talent_icon.json image:g1008_icon_talent_102701	set:talent_detail_icon.json image:g1008_talent_102701	2	102701	34	1030_10	#	炽热
35	1035	gui.talent.desc01.104100	gui.talent.desc02.104100	set:talent_icon.json image:g1008_icon_talent_104100	set:talent_detail_icon_1.json image:g1008_talent_104100	1	104100	35	1031_10	#	格挡
36	1036	gui.talent.desc01.104300	gui.talent.desc02.104300	set:talent_icon.json image:g1008_icon_talent_104300	set:talent_detail_icon_1.json image:g1008_talent_104300	1	104300	36	1032_10	#	木墓
37	1037	gui.talent.desc01.102702	gui.talent.desc02.102702	set:talent_icon.json image:g1008_icon_talent_102702	set:talent_detail_icon.json image:g1008_talent_102702	2	102702	37	1033_10	#	烈焰
38	1038	gui.talent.desc01.100600	gui.talent.desc02.100600	set:talent_icon.json image:g1008_icon_talent_100600	set:talent_detail_icon.json image:g1008_talent_100600	2	100600	38	1034_10#1035_10	#	荆棘
39	1039	gui.talent.desc01.102600	gui.talent.desc02.102600	set:talent_icon.json image:g1008_icon_talent_102600	set:talent_detail_icon.json image:g1008_talent_102600	2	102600	39	1035_10	#	赏金
40	1040	gui.talent.desc01.100402	gui.talent.desc02.100402	set:talent_icon.json image:g1008_icon_talent_100402	set:talent_detail_icon.json image:g1008_talent_100402	1	100402	40	1037_10	#	精准射击
41	1041	gui.talent.desc01.100401	gui.talent.desc02.100401	set:talent_icon.json image:g1008_icon_talent_100401	set:talent_detail_icon.json image:g1008_talent_100401	1	100401	41	1034_10	#	弱点攻击
42	1042	gui.talent.desc01.102900	gui.talent.desc02.102900	set:talent_icon.json image:g1008_icon_talent_102900	set:talent_detail_icon_1.json image:g1008_talent_102900	1	102900	42	1039_10	#	羊毛商人
43	1043	gui.talent.desc01.102200	gui.talent.desc02.102200	set:talent_icon.json image:g1008_icon_talent_102200	set:talent_detail_icon.json image:g1008_talent_102200	1	102200	43	1036_10	#	金墓
44	1044	gui.talent.desc01.100503	gui.talent.desc02.100503	set:talent_icon.json image:g1008_icon_talent_100503	set:talent_detail_icon.json image:g1008_talent_100503	1	100503	44	1040_10#1041_10	#	暴击增伤
45	1045	gui.talent.desc01.199903	gui.talent.desc02.199903	set:talent_icon.json image:g1008_icon_talent_199901	set:talent_detail_icon.json image:g1008_talent_199901	3	199903	45	1038_10	1040021	礼物
46	1046	gui.talent.desc01.102100	gui.talent.desc02.102100	set:talent_icon.json image:g1008_icon_talent_102100	set:talent_detail_icon.json image:g1008_talent_102100	2	102100	46	1042_10#1043_10	#	轮回
47	1047	gui.talent.desc01.103900	gui.talent.desc02.103900	set:talent_icon.json image:g1008_icon_talent_103900	set:talent_detail_icon_1.json image:g1008_talent_103900	2	103900	47	1044_10	#	双子
48	1048	gui.talent.desc01.103800	gui.talent.desc02.103800	set:talent_icon.json image:g1008_icon_talent_103800	set:talent_detail_icon_1.json image:g1008_talent_103800	2	103800	48	1044_10	#	雷霆
49	1049	gui.talent.desc01.103100	gui.talent.desc02.103100	set:talent_icon.json image:g1008_icon_talent_103100	set:talent_detail_icon_1.json image:g1008_talent_103100	1	103100	49	1046_10	#	橡木板商人
50	1050	gui.talent.desc01.103000	gui.talent.desc02.103000	set:talent_icon.json image:g1008_icon_talent_103000	set:talent_detail_icon_1.json image:g1008_talent_103000	1	103000	50	1046_10	#	末地石商人
51	1051	gui.talent.desc01.104700	gui.talent.desc02.104700	set:talent_icon.json image:g1008_icon_talent_104700	set:talent_detail_icon_1.json image:g1008_talent_104700	1	104700	51	1002_10	#	弹道
52	1052	gui.talent.desc01.104800	gui.talent.desc02.104800	set:talent_icon.json image:g1008_icon_talent_104800	set:talent_detail_icon_1.json image:g1008_talent_104800	1	104800	52	1051_10	#	感应
53	1053	gui.talent.desc01.104900	gui.talent.desc02.104900	set:talent_icon.json image:g1008_icon_talent_104900	set:talent_detail_icon_1.json image:g1008_talent_104900	1	104900	53	1052_10	#	乘风
54	1054	gui.talent.desc01.105500	gui.talent.desc02.105500	set:talent_icon.json image:g1008_icon_talent_105500	set:talent_detail_icon_1.json image:g1008_talent_105500	2	105500	54	1053_10#1014_10	#	聚宝
55	1055	gui.talent.desc01.105000	gui.talent.desc02.105000	set:talent_icon.json image:g1008_icon_talent_105000	set:talent_detail_icon_1.json image:g1008_talent_105000	1	105000	55	1054_10	#	专业救援
56	1056	gui.talent.desc01.105100	gui.talent.desc02.105100	set:talent_icon.json image:g1008_icon_talent_105100	set:talent_detail_icon_1.json image:g1008_talent_105100	1	105100	56	1055_10	#	耐久
57	1057	gui.talent.desc01.105400	gui.talent.desc02.105400	set:talent_icon.json image:g1008_icon_talent_105400	set:talent_detail_icon_1.json image:g1008_talent_105400	2	105400	57	1058_10#1036_10	#	火焰专精
58	1058	gui.talent.desc01.105200	gui.talent.desc02.105200	set:talent_icon.json image:g1008_icon_talent_105200	set:talent_detail_icon_1.json image:g1008_talent_105200	1	105200	58	1056_10	#	防爆
59	1059	gui.talent.desc01.199904	gui.talent.desc02.199904	set:talent_icon.json image:g1008_icon_talent_199901	set:talent_detail_icon.json image:g1008_talent_199901	3	199904	59	1060_10	1010015	礼物
60	1060	gui.talent.desc01.105300	gui.talent.desc02.105300	set:talent_icon.json image:g1008_icon_talent_105300	set:talent_detail_icon_1.json image:g1008_talent_105300	1	105300	60	1057_10	#	爆破
61	1061	gui.talent.desc01.105600	gui.talent.desc02.105600	set:talent_icon.json image:g1008_icon_talent_105600	set:talent_detail_icon_1.json image:g1008_talent_105600	2	105600	61	1060_10	#	道具商人
62	1062	gui.talent.desc01.101200	gui.talent.desc02.101200	set:talent_icon.json image:g1008_icon_talent_101200	set:talent_detail_icon.json image:g1008_talent_101200	1	101200	62	1028_10	#	暴击抵抗
