{
    "frames": {
        "sneer": {
            "frame": {
                "y": 38, 
                "x": 0, 
                "w": 38, 
                "h": 38
            }, 
            "sourceSize": {
                "h": 38, 
                "w": 38
            }, 
            "offset": {
                "y": 0, 
                "x": 0, 
                "w": 38, 
                "h": 38
            }
        }, 
        "idle": {
            "frame": {
                "y": 0, 
                "x": 0, 
                "w": 38, 
                "h": 38
            }, 
            "sourceSize": {
                "h": 38, 
                "w": 38
            }, 
            "offset": {
                "y": 0, 
                "x": 0, 
                "w": 38, 
                "h": 38
            }
        }
    }, 
    "meta": {
        "scale": "1", 
        "format": "RGBA8888", 
        "app": "http://www.codeandweb.com/texturepacker", 
        "version": "1.0", 
        "type": "frame", 
        "image": "chase.png", 
        "size": {
            "h": 128, 
            "w": 64
        }
    }
}