{
  "gifts": [
    {
      "Id": 1,
      "ItemId": 2803,
      "Name": "item.box1.name",
      "Image": "set:skyblock_gift.json image:common_gift",
      "BigImage": "set:skyblock_gift.json image:green_gift",
      "BuyMoneyType": 3,
      "BuyPrice": 100,
      "OpenMoneyType1": 3,
      "OpenPrice1": 1500,
      "OpenMoneyType2": 1,
      "OpenPrice2": 1,
      "Rewards": "37#38#39#40#41#42#43#44#45#46#47#48#49#50#51#52#53#54#55#56#57#58#59#60#61#62#63#64#65#66#67#68#69#70#71",
      "Weights": "3#3#34#30#30#30#30#30#30#30#30#30#30#30#30#30#30#30#30#30#30#30#30#30#30#30#30#30#30#30#30#30#30#30#30"
    },
    {
      "Id": 2,
      "ItemId": 2802,
      "Name": "item.box2.name",
      "Image": "set:skyblock_gift.json image:fine_gift",
      "BigImage": "set:skyblock_gift.json image:red_gift",
      "BuyMoneyType": 3,
      "BuyPrice": 200,
      "OpenMoneyType1": 0,
      "OpenPrice1": 0,
      "OpenMoneyType2": 1,
      "OpenPrice2": 1,
      "Rewards": "1#2#3#4#5#6#7#8#9#10#11#12#13#14#15#16#17#18#19#20#21#22#23#24#25#26#27#28#29#30#31#32#33#34#35#36",
      "Weights": "1#3#3#33#30#30#30#30#30#30#30#30#30#30#30#30#30#30#30#30#30#30#30#30#30#30#30#30#30#30#30#30#30#30#30#30"
    }
  ]
}