id	游戏类型 (# 默认 g1008)	开启时间	关闭时间	模式名（lang）	任务组	map组	描述组	商店活动id	"游戏模式( 排位 ""qualifying"" 正常 ""normal"" 默认 正常)"	上报模式值	活动菜单	符文限制	天赋限制	宠物限制	道具限制	坐骑限制	成长皮肤	原不可掉落的装备转换成货币（直接配比率 根据掉落等级与购买价格计算）	复活限制装备(除木剑全掉落)	死亡装备掉落等级（默认是1 respawnLimiter 优先级更高）	货币掉落	关闭铁锭转换	团队强化按钮	配置修改路径	队伍资源采集	每日结算获得货币限制	礼物盒	空袭	队伍人数	是否显示loading	开启职业
id	gameType	openDate	closeDate	name	taskGroup	mapGroup	detailsGroup	shopActivityId	gameMode	reportGameMode	activityMenuLimiter	runeLimiter	talentLimiter	petLimiter	propLimiter	mountLimiter	skinLimiter	equipDropConvert	respawnLimiter	equipmentDropLv	currencyDrop	alterIronLimiter	teamUpgrade	csvPath	teamResourceCollection	dailyLimitGetCoin	gameGift	airAttack	teamPlayers	isShowLoading	openJob
10101	g1008	2023-06-07-00-00-00	2024-04-01-07-59-30	gui_chat_classical_mode_text	7000	101	10101	101	normal	classics	1	0	1	1	1	1	1	1	0	1	1	1	1	specialMode/classic/	1	30	0	0	4	1	0
10102	g1008	2024-04-01-08-00-00	2024-06-01-07-59-30	gui_chat_classical_mode_text	7001	102	10102	102	normal	aprilfools	1	0	1	1	1	1	1	1	0	1	1	1	1	specialMode/aprilfools/	1	30	1	1	4	1	0
10103	g1065	2024-06-01-08-00-00	2024-08-01-07-59-30	gui_chat_classical_mode_text	7002	103	10103	103	normal	coc	1	0	1	1	1	1	1	1	0	1	1	1	1	specialMode/coc/	1	30	0	0	10	1	1
