下标	模式分组	排序	锁信息	图标	信息	
index	group	sortId	key	icon	lang	
1	10101	3	propLimiter	set:classic_mode.json image:icon_issue_classic	classic_mode_issue_classic	备忘经典模式的图标，临时用了道具限制的key，后续如果有需要可以改回来
2	10101	4	talentLimiter	set:classic_mode.json image:icon_issue_talent	classic_mode_issue_notalent	
3	10101	5	petLimiter	set:classic_mode.json image:icon_issue_pet	classic_mode_issue_nopetskill	
4	10101	6	mountLimiter	set:classic_mode.json image:icon_issue_horse	classic_mode_issue_noridiing	
5	10101	7	skinLimiter	set:classic_mode.json image:icon_issue_sword	classic_mode_issue_nodigitalsword	
6	10101	8	alterIronLimiter	set:classic_mode.json image:icon_issue_rune	classic_mode_issue_runesetting	备忘经典模式的图标，限制单个符文，临时用了关闭铁锭转换的key，后续如果有需要可以改回来
7	10102	1	propLimiter	set:classic_mode.json image:icon_issue_classic	classic_mode_issue_aprilfools	备忘乐园模式的图标，临时用了道具限制的key，后续如果有需要可以改回来
8	10102	2	airAttack	set:classic_mode.json image:icon_issue_gift_boom	classic_mode_issue_airdrops	
9	10102	3	alterIronLimiter	set:classic_mode.json image:icon_issue_jocker_gift	classic_mode_issue_jocker_gift	备忘乐园模式的图标，用来做小宝箱的提示
10	10102	4	gameGift	set:classic_mode.json image:icon_issue_legends_props	classic_mode_issue_legends_props	
11	10103	1	propLimiter	set:classic_mode.json image:icon_issue_classic	classic_mode_issue_aprilfools	备忘乐园模式的图标，临时用了道具限制的key，后续如果有需要可以改回来
12	10103	2	talentLimiter	set:classic_mode.json image:icon_issue_10v10	classic_mode_issue_10V10	用没有天赋的key，代替新模式10V10的图标
13	10103	3	petLimiter	set:classic_mode.json image:icon_issue_job	classic_mode_issue_eventmodjob	用没有宠物技能的key，代替新模式职业的图标
14	10103	4	mountLimiter	set:classic_mode.json image:icon_issue_food	classic_mode_issue_jobfood	用没有坐骑的key，代替新模式多了食物的图标
