TipType	TipTemplateId	Notice	zh_CN	en_US	pt_BR	ru_RU	ko_KR	de_DE	fr_FR	es_ES	it_IT	in_ID	th_TH	tr_TR	vi_VN	ja_JP	pl_PL
枚举类型	模板说明	备注	中文	英文	葡萄牙语	俄语	韩语	德语	法语	西语	意大利语	印尼语	泰语	土耳其	越南语	日语	波兰
1054001	waitTeleportTip	传送倒计时	距离传送到目的地还剩%1s	Teleport to the destination in %1s	Teleporte para o destino em%1s	Телепорт к месту назначения в%1s	%1s 의 목적지로 순간 이동	um Ziel teleportieren in %1s	Téléportez-vous à la destination en %1s	Transportarse al destino en%1s	Teletrasporta verso la destinazione in %1s	Teleport ke tujuan dalam %1s	งต่อไปยังปลายทางใน %1s	%1s içindeki hedefe ışınlan	Dịch chuyển đến đích trong%1s	%1sで目的地にテレポートします	Teleportuj się do miejsca docelowego za %1s
1054002	gameStartCountDown	游戏开始倒计时	距离游戏开始还有%1s	The game starts in %1s	O jogo começa em%1s	Игра начинается в%1s	게임은 %1s 에서 시작합니다	Das Spiel beginnt in %1s	Le jeu commence dans %1s	El juego comienza en%1s	Il gioco inizia tra %1s	Gim dimulai dalam %1s	เกมเริ่มต้นใน %1s	Oyun%1s ile başlıyor	Trò chơi bắt đầu sau%1s	ゲームは%1sに始まります	Gra rozpoczyna się za %1s
1054003	msgOutOfWorld	跌入虚空的提示	%1s▢FF00FFFF掉入了虚空	%1s ▢FF00FFFFfall into the void	%1s ▢FF00FFFFcai no vazio	%1s ▢FF00FFFF попадают в пустоту	%1s ▢FF00FFFF가 공극에 빠짐	%1s ▢FF00FFFFfallen ins Leere	%1s ▢FF00FFFF tombent dans le vide	%1s ▢FF00FFFF cae al vacío	%1s ▢FF00FFFF cadono nel vuoto	%1s ▢FF00FFFF termasuk dalam kekosongan	%1s ▢FF00FFFFตกลงในช่องว่าง	%1s ▢FF00FFFF boşluğa düşüyor	%1s ▢FF00FFFF rơi vào khoảng trống	%1s ▢FF00FFFFはボイドに落ちます	%1s ▢FF00FFFFwpaść w pustkę
1054004	msgTntRain	Tnt雨提示（%1s）	▢FFFFFF00%1s▢FF00FFFF对▢FFFFFF00(%2s)号岛屿▢FF00FFFF触发了TNT雨	▢FFFFFF00%1s▢FF00FFFF triggered TNT rain on ▢FFFFFF00(%2s) island	▢FFFFFF00%1s▢FF00FFFF provocou chuva de TNT ▢FFFFFF00na ilha (%2s)	▢FFFFFF00%1s▢FF00FFFF вызвал дождь TNT на ▢FFFFFF00(%2s) острове	▢FFFFFF00%1s▢FF00FFFF가 ▢FFFFFF00(%2s) 섬에서 ▢FF00FFFFTNT 비를 트리거했습니다	▢FFFFFF00%1s▢FF00FFFF hat TNT-Regen auf der Insel ▢FFFFFF00(%2s) ausgelöst	▢FFFFFF00%1s▢FF00FFFF a déclenché la pluie TNT sur ▢FFFFFF00l'île de (%2s)	▢FFFFFF00%1s▢FF00FFFF provocó la lluvia de TNT en la isla ▢FFFFFF00 (%2s)	▢FFFFFF00%1s▢FF00FFFF attivato pioggia TNT ▢FFFFFF00sull'isola (%2s)	▢FFFFFF00%1s▢FF00FFFF memicu hujan TNT di pulau ▢FFFFFF00(%2s)	▢FFFFFF00%1s▢FF00FFFFกระตุ้นฝนทีเอ็นทีบน▢FFFFFF00เกาะ(%2s)	▢FFFFFF00%1s▢FF00FFFFtetiklenen TNT yağmuru ▢FFFFFF00(%2s)adada	▢FFFFFF00%1s▢FF00FFFF đã kích hoạt mưa TNT ▢FFFFFF00trên hòn đảo (%2s)	▢FFFFFF00%1s▢FF00FFFFが▢FFFFFF00(%2s)島▢FF00FFFFでTNT雨を引き起こしました	▢FFFFFF00%1s▢FF00FFFF wywołał deszcz TNT na ▢FFFFFF00(%2s) wyspie
1054005	msgArrowRain	箭雨提示（%1s）	▢FFFFFF00%1s▢FF00FFFF对▢FFFFFF00(%2s)号岛屿▢FF00FFFF触发了陨石雨	▢FFFFFF00%1s▢FF00FFFF triggered the meteorite rain on ▢FFFFFF00(%2s) island	▢FFFFFF00%1s▢FF00FFFF provocou a chuva de meteoritos ▢FFFFFF00na ilha (%2s)	▢FFFFFF00%1s▢FF00FFFF вызвал метеоритный дождь на ▢FFFFFF00(%2s) острове	▢FFFFFF00%1s▢FF00FFFF가 ▢FFFFFF00(%2s) 섬에서 ▢FF00FFFF운석 비를 촉발	▢FFFFFF00%1s▢FF00FFFF löste den Meteoritenregen auf der Insel ▢FFFFFF00(%2s) aus	▢FFFFFF00%1s▢FF00FFFF a déclenché la pluie de météorites sur ▢FFFFFF00l'île de (%2s)	▢FFFFFF00%1s▢FF00FFFF provocó la lluvia de meteoritos en la isla ▢FFFFFF00(%2s)	▢FFFFFF00%1s▢FF00FFFF ha innescato la pioggia di meteoriti ▢FFFFFF00sull'isola (%2s)	▢FFFFFF00%1s▢FF00FFFF memicu hujan meteorit di pulau ▢FFFFFF00(%2s)	▢FFFFFF00%1s▢FF00FFFFเรียกฝนอุกกาบาตบน▢FFFFFF00เกาะ(%2s)	▢FFFFFF00%1s▢FF00FFFF göktaşı yağmuru tetikledi ▢FFFFFF00(%2s)adada	▢FFFFFF00%1s▢FF00FFFF đã kích hoạt cơn mưa thiên thạch ▢FFFFFF00trên hòn đảo (%2s)	▢FFFFFF00%1s▢FF00FFFFが▢FFFFFF00(%2s)島▢FF00FFFFで隕石雨を引き起こしました	▢FFFFFF00%1s▢FF00FFFF wywołał deszcz meteorytów na ▢FFFFFF00(%2s) wyspie
1054006	msgWaterRain	水方块雨（%1s）	▢FFFFFF00%1s▢FF00FFFF对▢FFFFFF00(%2s)号岛屿▢FF00FFFF触发了瀑布	▢FFFFFF00%1s▢FF00FFFF triggered the waterfall on ▢FFFFFF00(%2s) island	▢FFFFFF00%1s▢FF00FFFF acionou a cachoeira ▢FFFFFF00na ilha (%2s)	▢FFFFFF00%1s▢FF00FFFF вызвал водопад на ▢FFFFFF00(%2s) острове	▢FFFFFF00%1s▢FF00FFFF가 ▢FFFFFF00(%2s) 섬에서 ▢FF00FFFF 폭포를 트리거했습니다	▢FFFFFF00%1s▢FF00FFFF hat den Wasserfall auf der Insel ▢FFFFFF00(%2s) ausgelöst	▢FFFFFF00%1s▢FF00FFFF a déclenché la cascade sur ▢FFFFFF00l'île de (%2s)	▢FFFFFF00%1s▢FF00FFFF provocó la cascada en la isla ▢FFFFFF00(%2s)	▢FFFFFF00%1s▢FF00FFFF ha attivato la cascata ▢FFFFFF00sull'isola (%2s)	▢FFFFFF00%1s▢FF00FFFF memicu air terjun di pulau ▢FFFFFF0000 (%2s)	▢FFFFFF00%1s▢FF00FFFFเรียกใช้น้ำตกบน▢FFFFFF00เกาะ(%2s)	▢FFFFFF00%1s▢FF00FFFF şelaleyi tetikledi ▢FFFFFF00(%2s)adada	▢FFFFFF00%1s▢FF00FFFF đã kích hoạt thác nước ▢FFFFFF00trên hòn đảo (%2s)	▢FFFFFF00%1s▢FF00FFFFが ▢FFFFFF00(%2s)島▢FF00FFFFで滝を引き起こしました	▢FFFFFF00%1s▢FF00FFFF uruchomił wodospad na ▢FFFFFF00(%2s) wyspie
1054007	msgTransfer	随机传送提示	▢FF00FFFF你即将被传送到另一个位置	▢FF00FFFFYou are about to be teleported to another location.	▢FF00FFFFVocê está prestes a ser teleportado para outro local.	▢FF00FFFFВы собираетесь телепортироваться в другое место.	▢FF00FFFF다른 위치로 순간 이동하려고합니다.	▢FF00FFFFSie werden gerade an einen anderen Ort teleportiert.	▢FF00FFFFVous êtes sur le point d'être téléporté dans un autre endroit.	▢FF00FFFFEstás a punto de transportarse a otra ubicación.	▢FF00FFFFStai per essere teletrasportato in un'altra posizione.	▢FF00FFFFAnda akan dipindahkan ke lokasi lain.	▢FF00FFFFคุณกำลังจะถูกเคลื่อนย้ายไปยังสถานที่อื่น	▢FF00FFFFBaşka bir yere ışınlanacaksınız.	▢FF00FFFFBạn sắp bị dịch chuyển đến một địa điểm khác.	▢FF00FFFFあなたは別の場所にテレポートしようとしています。	▢FF00FFFFZa chwilę zostaniesz teleportowany do innej lokalizacji.
1054008	msgInterchange	交换位置触发者提示	▢FF00FFFF你即将与另一名玩家交换位置	▢FF00FFFFYou are about to exchange location with another player.	▢FF00FFFFVocê está prestes a trocar de local com outro jogador.	▢FF00FFFFВы собираетесь поменяться локацией с другим игроком.	▢FF00FFFF다른 플레이어와 위치를 교환하려고합니다.	▢FF00FFFFSie tauschen gerade den Standort mit einem anderen Spieler aus.	▢FF00FFFFVous êtes sur le point de changer de lieu avec un autre joueur.	▢FF00FFFFEstás a punto de intercambiar ubicación con otro jugador.	▢FF00FFFFStai per scambiare posizione con un altro giocatore.	▢FF00FFFFAnda akan bertukar lokasi dengan pemain lain.	▢FF00FFFFคุณกำลังจะแลกเปลี่ยนตำแหน่งกับผู้เล่นอื่น	▢FF00FFFFBaşka bir oyuncu ile yer değiştirmek üzeresiniz.	▢FF00FFFFBạn sắp trao đổi vị trí với người chơi khác.	▢FF00FFFF他のプレイヤーと場所を交換しようとしています。	▢FF00FFFFZamierzasz wymienić lokalizację z innym graczem.
1054009	msgBeInterchange	交换位置被选中者提示	▢FF00FFFF你即将与另一名玩家交换位置	▢FF00FFFFYou are about to exchange location with another player.	▢FF00FFFFVocê está prestes a trocar de local com outro jogador.	▢FF00FFFFВы собираетесь поменяться локацией с другим игроком.	▢FF00FFFF다른 플레이어와 위치를 교환하려고합니다.	▢FF00FFFFSie tauschen gerade den Standort mit einem anderen Spieler aus.	▢FF00FFFFVous êtes sur le point de changer de lieu avec un autre joueur.	▢FF00FFFFEstás a punto de intercambiar ubicación con otro jugador.	▢FF00FFFFStai per scambiare posizione con un altro giocatore.	▢FF00FFFFAnda akan bertukar lokasi dengan pemain lain.	▢FF00FFFFคุณกำลังจะแลกเปลี่ยนตำแหน่งกับผู้เล่นอื่น	▢FF00FFFFBaşka bir oyuncu ile yer değiştirmek üzeresiniz.	▢FF00FFFFBạn sắp trao đổi vị trí với người chơi khác.	▢FF00FFFF他のプレイヤーと場所を交換しようとしています。	▢FF00FFFFZamierzasz wymienić lokalizację z innym graczem.
1054010	msgFrozen	随机冰冻触发者提示	▢FF00FFFF你把另一名玩家冰冻了!!	▢FF00FFFFYou froze another player!!	▢FF00FFFFVocê congelou outro jogador !!	▢FF00FFFFВы заморозили другого игрока !!	▢FF00FFFF다른 플레이어를 얼렸다!	▢FF00FFFFYou fror einen anderen Spieler ein !!	▢FF00FFFFVous avez gelé un autre joueur !!	▢FF00FFFF¡Has congelado a otro jugador!	▢FF00FFFFHai congelato un altro giocatore !!	▢FF00FFFFAnda membeku pemain lain !!	▢FF00FFFFคุณแข็งผู้เล่นอื่น !!	▢FF00FFFFBaşka bir oyuncuyu dondun !!	▢FF00FFFFBạn đóng băng một người chơi khác !!	▢FF00FFFFあなたは他のプレイヤーを凍結しました!!	▢FF00FFFFZamroziłeś innego gracza !!
1054011	msgBeFrozen	随机冰冻被选中者提示	▢FF00FFFF你被冰冻了!!	▢FF00FFFFYou are frozen!!	▢FF00FFFFVocê está congelado !!	▢FF00FFFFYou заморожены!	▢FF00FFFF당신은 얼었다!	▢FF00FFFFYou sind eingefroren !!	▢FF00FFFFVous êtes gelé !!	▢FF00FFFF¡Estás congelado!	▢FF00FFFFSi è congelato !!	▢FF00FFFFAnda beku !!	▢FF00FFFFคุณถูกแช่แข็งแล้ว !!	▢FF00FFFF Dondurulmuş !!	▢FF00FFFFBạn bị đóng băng !!	▢FF00FFFFあなたは凍りついた!!	▢FF00FFFFJesteś zamrożony!!
1054012	msgInvisibility	隐身提示	▢FF00FFFF你隐身了，受到伤害或者攻击别人会让你现身	▢FF00FFFFYou are invisible now, but getting hurt or attack will make you show up.	▢FF00FFFFVocê está invisível agora, mas se machucar ou atacar fará com que você apareça.	▢FF00FFFFВы сейчас невидимы, но из-за травмы или нападения вы появитесь.	▢FF00FFFF현재 보이지 않지만, 다치거나 공격을 받으면 나타납니다.	▢FF00FFFFSie sind jetzt unsichtbar, aber wenn Sie verletzt oder angegriffen werden, werden Sie angezeigt.	▢FF00FFFFVous êtes invisible maintenant, mais être blessé ou attaqué vous fera apparaître.	▢FF00FFFFEstás invisible ahora, pero los daños y ataques te harán aparecer.	▢FF00FFFFSei invisibile ora, ma farti male o attaccarti ti farà apparire.	▢FF00FFFFAnda tidak terlihat sekarang, tetapi terluka atau diserang akan membuat Anda muncul.	▢FF00FFFFคุณมองไม่เห็นในตอนนี้ แต่การได้รับบาดเจ็บหรือการโจมตีจะทำให้คุณปรากฏตัว	▢FF00FFFFArtık görünmezsin, ama yaralanman ya da saldırı olman seni gösterir.	▢FF00FFFF Hiện tại bạn đang tàng hình, nhưng bị tổn thương hoặc tấn công sẽ khiến bạn xuất hiện.	▢FF00FFFFあなたは今は見えませんが、怪我や攻撃を受けると現れます。	▢FF00FFFFJesteś teraz niewidoczny, ale zranienie lub atak sprawi, że się pojawisz.
1054013	msgGoldApple	金苹果提示	你触发了▢FF00FFFF回血阵	You triggered a ▢FF00FFFFhealth restore blast.	Você acionou uma explosão de restauração de ▢FF00FFFFhealth.	Вы вызвали взрыв ▢FF00FFFFвосстановления здоровья.	▢FF00FFFF건강 회복 폭발을 일으켰습니다.	Sie haben eine ▢FF00FFFFhealth-Wiederherstellung ausgelöst.	Vous avez déclenché une explosion de restauration ▢FF00FFFFhealth.	Has provocado una ▢FF00FFFF explosión de recuperación de salud	Hai attivato un'esplosione di ripristino di ▢FF00FFFFhealth.	Anda memicu  ▢FF00FFFFledakan pemulihan kesehatan.	คุณเปิดใช้▢FF00FFFFงานการฟื้นฟูพลังชีวิต	Bir ▢FF00FFFFhealth geri yükleme patlaması tetiklediniz.	Bạn đã kích hoạt một vụ nổ khôi phục ▢FF00FFFFhealth.	▢FF00FFFF健康回復の爆発 を引き起こした。	Uruchomiłeś wybuch ▢FF00FFFFprzywracania zdrowia.
1054014	msgQuicklyBuild	快速搭建提示	▢FF00FFFF你获得快速搭建的能力，一次可以搭建3个方块	▢FF00FFFFYou got the ability to build quickly, and you can build 3 blocks at a time.	▢FF00FFFFVocê tem a capacidade de construir rapidamente e pode construir 3 blocos por vez.	▢FF00FFFF - у вас есть возможность быстро строить, и вы можете строить 3 блока одновременно.	▢FF00FFFF신속하게 빌드 할 수 있으며 한 번에 3 개의 블록을 만들 수 있습니다.	▢FF00FFFFYou hat die Fähigkeit, schnell zu bauen, und Sie können 3 Blöcke auf einmal bauen.	▢FF00FFFFVous avez la capacité de construire rapidement, et vous pouvez construire 3 blocs à la fois.	▢FF00FFFF Obtienes la capacidad de construcción rápida y puedes construir 3 bloques a la vez.	▢FF00FFFFHai la possibilità di costruire rapidamente e puoi costruire 3 blocchi alla volta.	▢FF00FFFFAnda dapat membangun dengan cepat, dan Anda dapat membangun 3 blok sekaligus.	▢FF00FFFFคุณมีความสามารถในการสร้างได้อย่างรวดเร็วและคุณสามารถสร้างได้ครั้งละ 3 บล็อก	▢FF00FFFFHızla inşa etme yeteneğiniz var ve bir seferde 3 blok oluşturabilirsiniz.	▢FF00FFFFBạn có khả năng xây dựng nhanh chóng và bạn có thể xây dựng 3 khối cùng một lúc.	▢FF00FFFFあなたは迅速に構築する能力を得て、あなたは一度に3ブロックを構築することができます。	▢FF00FFFFMasz możliwość szybkiego budowania i możesz zbudować 3 bloki na raz.
1054015	msgGetProperty	获取特性提示	▢FF00FFFF你获得了超能力，徒手打人会中毒和减速!	▢FF00FFFFYou got the super power, and you will be poisoned and slowed down if you hit others with your hand.	▢FF00FFFFVocê tem o super poder e será envenenado e desacelerado se acertar os outros com a mão.	▢FF00FFFFYou получил сверхдержаву, и вы будете отравлены и замедлены, если ударите других своей рукой.	▢FF00FFFF당신은 초강대국을 얻었고, 당신의 손으로 다른 사람들을 때리면 중독 될 수 있습니다.	▢FF00FFFFYou hat die Superkraft, und Sie werden vergiftet und verlangsamt, wenn Sie andere mit Ihrer Hand schlagen.	▢FF00FFFFVous avez le super pouvoir, et vous serez empoisonné et ralenti si vous frappez les autres avec votre main.	▢FF00FFFF Obtienes el súper poder y serás envenenado y ralentizado si golpeas a otros con tu mano.	▢FF00FFFFHai il superpotere e verrai avvelenato e rallentato se colpisci gli altri con la tua mano.	▢FF00FFFFAnda mendapatkan kekuatan super, dan Anda akan diracuni dan diperlambat jika Anda mengenai orang lain dengan tangan Anda.	▢FF00FFFFคุณมีพลังวิเศษและคุณจะได้รับพิษและทำให้ช้าลงถ้าคุณตีคนอื่นด้วยมือของคุณ	▢FF00FFFFSüper güce sahipsin, başkalarına elinden vurursan, zehirlenecek ve yavaşlayacaksın.	▢FF00FFFF Bạn có siêu năng lực, và bạn sẽ bị đầu độc và làm chậm nếu bạn dùng tay đánh người khác.	▢FF00FFFFあなたはスーパーパワーを手に入れ、他の人を手で叩くと中毒になり、スローダウンします。	▢FF00FFFFMasz super moc i zostaniesz otruty i zwolniony, jeśli uderzysz innych ręką.
1054016	msgThunder	打雷提示（%1s）	▢FFFFFF00%1s▢FF00FFFF触发发了雷暴	▢FFFFFF00%1s ▢FF00FFFFtriggered thunderstorms.	▢FFFFFF00%1s ▢FF00FFFF tempestades provocadas.	▢FFFFFF00%1s ▢FF00FFFFПустила гроза.	▢FFFFFF00%1s ▢FF00FFFF 뇌우가 촉발되었습니다	▢FFFFFF00%1s ▢FF00FFFFausgelöste Gewitter.	▢FFFFFF00%1s▢FF00FFFF orages déclenchés.	▢FFFFFF00%1s ▢FF00FFFF provocó la tormenta eléctrica.	▢FFFFFF00%1s ▢FF00FFFF Temporali innescati.	▢FFFFFF00%1s ▢FF00FFFFpemicu badai petir.	▢FFFFFF00%1▢FF00FFFFพายุฝนฟ้าคะนองรุนแรง	▢FFFFFF00%1s ▢FF00FFFFtetiklenen fırtınalar	▢FFFFFF00%1s ▢FF00FFFF kích hoạt giông bão.	▢FFFFFF00%1s ▢FF00FFFFトリガー雷雨。	▢FFFFFF00%1s ▢FF00FFFFwywołało burze.
1054017	msgIslandFrozen	岛屿冰冻提示（%1s）	▢FFFFFF00%1s▢FF00FFFF对▢FFFFFF00(%2s)号岛屿▢FF00FFFF触发了冰天雪地	▢FFFFFF00%1s ▢FF00FFFFtriggered the ice and snow on ▢FFFFFF00(%2s) island	▢FFFFFF00%1s▢FF00FFFFacionou o gelo e a neve ▢FFFFFF00na ilha (%2s)	▢FFFFFF00%1s▢FF00FFFFвызвал лед и снег на ▢FFFFFF00(%2s) острове	▢FFFFFF00 %1s▢FF00FFFF가 ▢FFFFFF00 (%2s) 섬에서 ▢FF00FFFF얼음과 눈을 유발했습니다	▢FFFFFF00%1s ▢FF00FFFF löste Eis und Schnee ausauf der ▢FFFFFF00(%2s)Insel	▢FFFFFF00%1s ▢FF00FFFF a déclenché la glace et la neige sur ▢FFFFFF00l'île de (%2s)	▢FFFFFF00%1s ▢FF00FFFF provocó el hielo y la nieve en la isla ▢FFFFFF00(%2s)	▢FFFFFF00%1s ▢FF00FFFF ha attivato il ghiaccio e la neve ▢FFFFFF00sull'isola (%2s)	▢FFFFFF00%1s ▢FF00FFFF Memicu es dan salju di pulau ▢FFFFFF00 (%2s)	▢FFFFFF00%1s เรียกน้ำแข็งและหิมะบน▢FFFFFF00เกาะ(%2s)	▢FFFFFF00%1s ▢FF00FFFFbuzu ve karı tetikledi  ▢FFFFFF00(%2s)adada	▢FFFFFF00%1s ▢FF00FFFFgiây  đã kích hoạt băng và tuyết ▢FFFFFF00trên hòn đảo (%2s)	▢FFFFFF00%1s ▢FFFFFF00(%2s)島▢FF00FFFFの氷と雪を誘発	▢FFFFFF00%1s▢FF00FFFF uruchomił lód i śnieg  na ▢FFFFFF00(%2s) wyspie
1054019	msgHotPotatoTelePos	烫手山芋传送	▢FF00FFFF你拿到烫手山芋, 赶紧给别人吧! (即将传送到敌人的身边)	▢FF00FFFFYou got a hot potato, give it to others immediately! (You are about to be teleported to the enemy.)	▢FF00FFFFVocê tem uma batata quente, dá para outras pessoas imediatamente! (Você está prestes a ser teleportado para o inimigo.)	▢FF00FFFFВы получили горячий картофель, немедленно подарите его другим! (Вы собираетесь телепортироваться к врагу.)	▢FF00FFFF당신은 뜨거운 감자를 얻었습니다. (당신은 적에게 순간 이동하려고합니다.)	▢FF00FFFFYou got a hot potato, geben Sie es sofort an andere! (Sie werden gleich zum Feind teleportiert.)	▢FF00FFFFVous avez une patate chaude, donnez-la immédiatement aux autres! (Vous êtes sur le point d'être téléporté vers l'ennemi.)	▢FF00FFFF Tienes una patata caliente. ¡Dásela a otros inmediatamente! (Estás a punto de transportarse al enemigo).	▢FF00FFFFHai una patata bollente, regalala subito agli altri! (Stai per essere teletrasportato dal nemico.)	▢FF00FFFF Kamu punya kentang panas, berikan langsung ke yang lain! (Kamu akan diteleportasi ke musuh.)	▢FF00FFFFคุณได้มันฝรั่งร้อนมามอบให้ผู้อื่นทันที! (คุณกำลังจะถูกส่งต่อไปยังศัตรู)	▢FF00FFFFSıcak bir patates aldınız, hemen başkalarına verin! (Düşmana ışınlanmak üzeresiniz.)	▢FF00FFFFBạn có một củ khoai tây nóng, đưa nó cho người khác ngay lập tức! (Bạn sắp bị dịch chuyển đến kẻ thù.)	▢FF00FFFFあなたはホットポテトを手に入れ、すぐに他の人にあげてください！ （敵にテレポートしようとしています。）	▢FF00FFFFMasz gorącego ziemniaka, natychmiast daj go innym! (Za chwilę zostaniesz teleportowany do wroga.)
1054022	msgIslandFrozen	进入末日阶段	▢FF00FFFF进入末日阶段	▢FF00FFFFEntering the period of the end of the day	▢FF00FFFFInserindo o período do final do dia	▢FF00FFFFВвод периода конца дня	▢FF00FFFF하루의 종료 기간을 입력	▢FF00FFFFEingabe des Tagesendes	▢FF00FFFFSaisie de la période de fin de journée	▢FF00FFFFEntrando en el período del final del día	▢FF00FFFFInserire il periodo di fine giornata	▢FF00FFFFMemasuki periode akhir hari	▢FF00FFFFเข้าสู่ช่วงเวลาของการสิ้นสุดของวัน	▢FF00FFFFGün sonu dönemine girme	▢FF00FFFFBước vào giai đoạn cuối ngày	▢FF00FFFF一日の終わりの期間を入力する	▢FF00FFFFWprowadzanie okresu na koniec dnia
1054023	msgIslandFrozen	游戏结束	游戏结束	Game Over	Fim de jogo	Игра закончена	게임 끝	Spiel ist aus	Jeu terminé	Juego terminado	Gioco finito	Permainan telah berakhir	จบเกม	Oyun bitti	Trò chơi kết thúc	ゲームオーバー	Koniec gry
1054024	msgIslandFrozen	进入末日阶段	▢FF00FFFF进入末日阶段	▢FF00FFFFEntering the period of the end of the day	▢FF00FFFFInserindo o período do final do dia	▢FF00FFFFВвод периода конца дня	▢FF00FFFF하루의 종료 기간을 입력	▢FF00FFFFEingabe des Tagesendes	▢FF00FFFFSaisie de la période de fin de journée	▢FF00FFFFEntrando en el período del final del día	▢FF00FFFFInserire il periodo di fine giornata	▢FF00FFFFMemasuki periode akhir hari	▢FF00FFFFเข้าสู่ช่วงเวลาของการสิ้นสุดของวัน	▢FF00FFFFGün sonu dönemine girme	▢FF00FFFFBước vào giai đoạn cuối ngày	▢FF00FFFF一日の終わりの期間を入力する	▢FF00FFFFWprowadzanie okresu na koniec dnia
1054025	msgIslandFrozen	游戏结束	游戏结束	Game Over	Fim de jogo	Игра закончена	게임 끝	Spiel ist aus	Jeu terminé	Juego terminado	Gioco finito	Permainan telah berakhir	จบเกม	Oyun bitti	Trò chơi kết thúc	ゲームオーバー	Koniec gry
1054026	msgOutOfArea	超出地图范围	你已超出地图范围!!!	You are out of the map!	Você está fora do mapa!	Вы вне карты!	당신은지도에서 벗어났습니다!	Du bist raus aus der Karte!	Vous êtes hors de la carte!	¡Estás fuera del mapa!	Sei fuori dalla mappa!	Anda berada di luar peta!	คุณออกไปจากแผนที่!	Harita dışındasın!	Bạn ra khỏi bản đồ!	あなたは地図から外れています！	Jesteś poza mapą!
1054027	1	龙倒计时	▢FF00FFFF你的骑龙状态即将结束	▢FF00FFFFYour dragon riding state is coming to an end.	▢FF00FFFFSeu estado de montaria em dragão está chegando ao fim.	▢FF00FFFFВаше состояние верховой езды на драконе подходит к концу.	▢FF00FFFF드래곤 라이딩 상태가 끝나고 있습니다.	▢FF00FFFFIhr Drachenreitzustand geht zu Ende.	▢FF00FFFFVotre état de circonscription du dragon touche à sa fin.	▢FF00FFFF Tu estado de montar a dragón está llegando a su fin.	▢FF00FFFFIl tuo stato di cavalcatura dei draghi sta per finire.	▢FF00FFFFKondisi menunggang naga Anda akan segera berakhir.	▢FF00FFFFสถานะการขี่มังกรของคุณใกล้จะสิ้นสุดแล้ว	▢FF00FFFFEjder sürgününüz sona eriyor.	▢FF00FFFF Trạng thái cưỡi rồng của bạn sắp kết thúc.	▢FF00FFFFあなたのドラゴンライディング状態は終わりに近づいています。	▢FF00FFFFTwoja jazda na smoku dobiega końca.
1054028	1	凋零倒计时	▢FF00FFFF你的凋零状态即将结束	▢FF00FFFFYour withering state is coming to an end.	▢FF00FFFFSeu estado de definhamento está chegando ao fim.	▢FF00FFFFВаше состояние увядания подходит к концу.	▢FF00FFFF당신의 시들음 상태가 끝나고 있습니다.	▢FF00FFFFIhr welkender Zustand geht zu Ende.	▢FF00FFFFVotre état de flétrissement touche à sa fin.	▢FF00FFFF Tu estado marchito está llegando a su fin.	▢FF00FFFFIl tuo stato di appassimento sta per finire.	▢FF00FFFFKondisi layu Anda akan segera berakhir.	▢FF00FFFFสถานะการเหี่ยวแห้งของคุณใกล้จะสิ้นสุด	▢FF00FFFFToplama durumunuz sona eriyor.	▢FF00FFFF Trạng thái héo của bạn sắp kết thúc.	▢FF00FFFFあなたの萎縮状態は終わりに近づいています。	▢FF00FFFFTwój miażdżący stan dobiega końca.
1054029	1	事件找不到目标	▢FF00FFFF没有可选择的目标	▢FF00FFFFNo alternative goals	▢FF00FFFFNenhum objetivo alternativo	▢FF00FFFFНет альтернативных целей	▢FF00FFFF대체 목표 없음	▢FF00FFFFKeine alternativen Ziele	▢FF00FFFFNon objectif alternatif	▢FF00FFFF Sin objetivos alternativos	▢FF00FFFFNessun obiettivo alternativo	▢FF00FFFFTidak ada tujuan alternatif	▢FF00FFFFไม่มีเป้าหมายทางเลือก	▢FF00FFFFHiçbir alternatif hedef yok	▢FF00FFFFKhông có mục tiêu thay thế	▢FF00FFFF代替の目標はありません	▢FF00FFFFBrak alternatywnych celów
1054030	msgKillTip	击杀显示	▢FF00FFFF%1s ▢FFFFFFFF击杀了▢FF00FFFF%2s	▢FF00FFFF%1s ▢FFFFFFFF killed ▢FF00FFFF%2s	▢FF00FFFF%1s ▢FFFFFFFF matar ▢FF00FFFF%2s	▢FF00FFFF%1s ▢FFFFFFFF убить ▢FF00FFFF%2s	▢FF00FFFF%1s ▢FFFFFFFF 죽이기 ▢FF00FFFF%2s	▢FF00FFFF%1s ▢FFFFFFFF Töte ▢FF00FFFF%2s getötet	▢FF00FFFF%1s FFFFFFFF Tuer ▢FF00FFFF%2s	▢FF00FFFF%1s ▢FFFFFFFF mató ▢FF00FFFF%2s	▢FF00FFFF%1s ▢FFFFFFFF uccidere ▢FF00FFFF%2s	▢FF00FFFF%1s ▢FFFFFFFF Bunuh ▢FF00FFFF%2s	▢FF00FFFF%1s ▢FFFFFFFFฆ่า▢FF00FFFF%2s	▢FF00FFFF%1s ▢FFFFFFFF öldür ▢FF00FFFF%2s	▢FF00FFFFF%1s ▢FFFFFFFFGiết ▢FF00FFFF%2s	▢FF00FFFF%1s ▢FFFFFFFF殺された▢FF00FFFF%2s	▢FF00FFFF%1s ▢FFFFFFFF zabiłem ▢FF00FFFF%2s
1054031	msgDevilPact	恶魔的契约倒计时	▢FF00FFFF距离死亡还有▢FFFFFFFF%1s▢FF00FFFF秒	▢FF00FFFFDie in ▢FFFFFFFF%1s ▢FF00FFFFseconds	▢FF00FFFFmorto em▢FFFFFFFF%1s ▢FF00FFFFsegundos	▢FF00FFFFмертв через▢FFFFFFFF%1s ▢FF00FFFFсекунды	▢FFFFFFFF%1s  ▢FF00FFFF초 ▢FF00FFFF안에 죽었다	▢FF00FFFFtot in▢FFFFFFFF%1s ▢FF00FFFFSekunden	▢FF00FFFFmort enFFFFFFFF%1s ▢FF00FFFFseconds	▢FF00FFFFmorirás en ▢FFFFFFFF%1s ▢FF00FFFFsegundos	▢FF00FFFFmorto in ▢FFFFFFFF%1s ▢FF00FFFFsecondi	▢FF00FFFFmati dalam ▢FFFFFFFF%1s ▢FF00FFFFdetik	▢FF00FFFFตายใน▢FFFFFFFF%1s ▢FF00FFFFวินาที	▢FFFFFFFF%1s  ▢FF00FFFFsaniye ▢FF00FFFFiçinde ölmek	▢FF00FFFFFchết trong ▢FFFFFFFF%1s ▢FF00FFFFgiây	▢FFFFFFFF%1s ▢FF00FFFF秒で ▢FF00FFFF死ぬ	▢FF00FFFFZgiń w ciągu ▢FFFFFFFF%1s ▢FF00FFFFsekundy
1054032	1	烫手山芋无法传递给背包满的玩家	▢FF00FFFF对方背包已满，无法传递烫手山芋	▢FF00FFFFThe player’s backpack is full and you cannot pass the hot potato.	▢FF00FFFFA mochila do jogador está cheia e você não pode passar a batata quente.	▢FF00FFFFTРюкзак игрока полон, и вы не можете передать горячую картошку.	▢FF00FFFF플레이어의 배낭이 꽉 차서 뜨거운 감자를 전달할 수 없습니다.	▢FF00FFFFDer Rucksack des Spielers ist voll und Sie können die heiße Kartoffel nicht passieren.	▢FF00FFFFLe sac à dos du joueur est plein et vous ne pouvez pas dépasser la patate chaude.	▢FF00FFFFLa mochila del jugador está llena y no puedes pasar la patata caliente.	▢FF00FFFF Lo zaino del giocatore è pieno e non puoi passare la patata bollente.	▢FF00FFFFT Ranselnya penuh dan kamu tidak bisa melewatkan kentang panas.	▢FF00FFFFTกระเป๋าเป้สะพายหลังของผู้เล่นเต็มและคุณไม่สามารถผ่านมันฝรั่งร้อน	▢FF00FFFF oyuncunun sırt çantası dolu ve sıcak patatesten geçemezsiniz.	▢FF00FFFFBa lô của người chơi đầy đủ và bạn không thể vượt qua khoai tây nóng.	▢FF00FFFFプレーヤーのバックパックがいっぱいで、ホットポテトを渡すことはできません。	▢FF00FFFFPlecak gracza jest pełny i nie można podać gorącego ziemniaka.
1054033	1	你触发了TNT雨	▢FF00FFFF你对▢FFFFFF00(%1s)号岛屿▢FF00FFFF触发了TNT雨	▢FF00FFFFYou triggered TNT rain on ▢FFFFFF00(%1s) island	▢FF00FFFFVocê provocou chuva de TNT ▢FFFFFF00na ilha (%1s)	▢FF00FFFFВы вызвали дождь TNT на ▢FFFFFF00(%1s) острове	▢FF00FFFF당신은 ▢FFFFFF00(%1s)섬에서 ▢FF00FFFFTNT 촉발하다	▢FF00FFFFSie TNT-Regen ausgelöst auf der ▢FFFFFF00(%1s)Insel	▢FF00FFFFVous livré la pluie TNT sur ▢FFFFFF00l'île de (%2s)	▢FF00FFFFProvocó la lluvia de TNT en la isla ▢FFFFFF00(%1s)	▢FF00FFFFSu innescata pioggia TNT ▢FFFFFF00sull'isola (%1s)	▢FF00FFFFAnda Telah memicu hujan TNT di pulau ▢FFFFFF00(%1s)	▢FF00FFFFคุณเปิดใช้งานฝนทีเอ็นทีบน▢FFFFFF00เกาะ(%1s)	▢FFFFFF00(%1s)adada ▢FF00FFFFTNT yağmuru tetiklediniz	▢FF00FFFFBạn đã kích hoạt mưa TNT ▢FFFFFF00trên hòn đảo (%2s)	▢FFFFFF00(%1s)島▢FF00FFFFでTNT雨を誘発しました	▢FF00FFFFWywołałeś deszcz TNT  na ▢FFFFFF00(%2s) wyspie
1054034	1	你触发了雨	▢FF00FFFF你对▢FFFFFF00(%1s)号岛屿▢FF00FFFF触发了陨石雨	▢FF00FFFFYou triggered the meteorite rain on ▢FFFFFF00(%1s) island	▢FF00FFFFVocê provocou a chuva de meteoritos ▢FFFFFF00na ilha (%1s)	▢FF00FFFFВы вызвали метеоритный дождь на ▢FFFFFF00(%1s) острове	▢FF00FFFF당신은 ▢FFFFFF00(%1s)섬에서 ▢FF00FFFF운석비 촉발하다	▢FF00FFFFSie löste den Meteoritenregen aus auf der ▢FFFFFF00(%1s)Insel	▢FF00FFFFVous  avez déclenché la pluie de météorite sur ▢FFFFFF00l'île de (%1s)	▢FF00FFFFProvocó la lluvia de meteoritos en la isla ▢FFFFFF00(%1s)	▢FF00FFFFHai attivato la pioggia di meteoriti ▢FFFFFF00sull'isola (%1s)	▢FF00FFFFAnda Memicu hujan meteorit di pulau ▢FFFFFF00(%1s)	▢FF00FFFFคุณเรียกใช้อุกกาบาตฝนบน▢FFFFFF00เกาะ(%1s)	▢FFFFFF00(%1s)adada ▢FF00FFFFgöktaşı yağmuru tetikledin	▢FF00FFFFBạn đã kích hoạt mưa thiên thạch ▢FFFFFF00trên hòn đảo (%2s)	▢FFFFFF00(%1s) 島▢FF00FFFFで隕石雨を引き起こした	▢FF00FFFFWywołałeś meteorytowy deszcz na ▢FFFFFF00(%2s) wyspie
1054035	1		▢FF00FFFF你对▢FFFFFF00(%1s)号岛屿▢FF00FFFF触发了瀑布	▢FF00FFFFYou triggered the waterfall on ▢FFFFFF00(%1s) island	▢FF00FFFFVocê acionou a cachoeira na ilha ▢FFFFFF00na ilha (%1s)	▢FF00FFFFВы вызвали водопад на ▢FFFFFF00(%1s) острове	▢FF00FFFF당신은 ▢FFFFFF00(%1s)섬에서 ▢FF00FFFF폭포 촉발하다	▢FF00FFFFSie löste den Wasserfall aus auf der ▢FFFFFF00(%1s)Insel	▢FF00FFFFVous  avez déclenché la cascade sur ▢FFFFFF00l'île de (%2s)	▢FF00FFFFProvocó la cascada en la isla ▢FFFFFF00(%1s)	▢FF00FFFFHai attivato la cascata ▢FFFFFF00sull'isola (%1s)	▢FF00FFFFAnda Memicu air terjun di pulau ▢FFFFFF00(%1s)	▢FF00FFFFคุณเรียกใช้น้ำตกบน▢FFFFFF00เกาะ(%1s)	▢FFFFFF00(%1s)adadaki ▢FF00FFFFşelaleyi tetikledin	▢FF00FFFFBạn đã kích hoạt thác nước ▢FFFFFF00trên hòn đảo (%2s)	▢FFFFFF00(%1s)島▢FF00FFFFで滝を引き起こした	▢FF00FFFF Uruchomiłeś wodospad  na ▢FFFFFF00(%2s) wyspie
1054036	1		▢FF00FFFF你对▢FFFFFF00(%1s)号岛屿▢FF00FFFF触发了冰天雪地	▢FF00FFFFYou triggered the ice and snow on ▢FFFFFF00(%1s) island	▢FF00FFFFVocê acionou o gelo e a neve ▢FFFFFF00na ilha (%1s)	▢FF00FFFFВы вызвали лед и снег на ▢FFFFFF00(%1s) острове	▢FF00FFFF당신은 ▢FFFFFF00(%1s)섬에서 ▢FF00FFFF얼음과 눈 촉발하다	▢FF00FFFFSie löste Eis und Schnee aus auf der ▢FFFFFF00(%1s)Insel	▢FF00FFFFVous avez déclenché la glace et la neige sur ▢FFFFFF00l'île de (%2s)	▢FF00FFFFProvocó el hielo y la nieve en la isla ▢FFFFFF00(%1s)	▢FF00FFFFHai attivato il ghiaccio e la neve ▢FFFFFF00sull'isola (%1s)	▢FF00FFFFAnda Memicu es dan salju di pulau ▢FFFFFF00(%1s)	▢FF00FFFFคุณก่อให้เกิดน้ำแข็งและหิมะบน▢FFFFFF00เกาะ(%1s)	▢FFFFFF00(%1s)adadaki ▢FF00FFFFbuz ve karı tetiklediniz	▢FF00FFFFBạn đã kích hoạt băng và tuyết ▢FFFFFF00trên hòn đảo (%2s)	▢FFFFFF00(%1s) 島で▢FF00FFFF氷雪を引き起こした	▢FF00FFFF Uruchomiłeś lód i śnieg na ▢FFFFFF00(%2s) wyspie
1054037	1		▢FF00FFFF你触发了雷暴	▢FF00FFFFYou triggered thunderstorms	▢FF00FFFFVocê provocou tempestades	▢FF00FFFFВы вызвали грозы	▢FF00FFFF당신은  천둥 촉발하다	▢FF00FFFFSie haben Gewitter ausgelöst	▢FF00FFFFVous avez déclenché des orages	▢FF00FFFFProvocó la tormenta eléctrica.	▢FF00FFFF Hai innescato temporali	▢FF00FFFFAnda memicu badai	▢FF00FFFFคุณเปิดใช้พายุฝนฟ้าคะนอง	▢FF00FFFF Fırtınaları tetikledin	▢FF00FFFFBạn kích hoạt giông bão	▢FF00FFFFあなたは雷雨を引き起こしました	▢FF00FFFFWywołałeś burze
1054038	1	失败了提示	%1s▢FF00FFFF失败了	%1s ▢FF00FFFFfailed	%1s ▢FF00FFFF falhou	%1s ▢FF00FFFFне удалось	%1s▢FF00FFFF 실패	%1s ▢FF00FFFFgescheitert	%1s ▢FF00FFFFa échoué	%1s ▢FF00FFFFha fallado	%1s ▢FF00FFFF non riuscito	%1s ▢FF00FFFF gagal	%1▢FF00FFFFล้มเหลว	%1s ▢FF00FFFFbaşarısız	%1s ▢FF00FFFF không thành công	％1s▢FF00FFFF失敗	%1s ▢FF00FFFFnie powiodło się
