id	mainShowImage	rewardGroupId	priceGroupId	minTimes	Unnamed: 8
活动ID	展示的大图	奖励组	价格组	保底次数	
id	mainShowImage	rewardGroupId	priceGroupId	minTimes	
1701	set:game_activity_horn_lottery.json image:banner_h19	1701	1	15	活动类型
1702	set:game_activity_horn_lottery.json image:banner_h30	1702	1	15	活动类型
1703	set:game_activity_horn_lottery.json image:banner_h31	1703	1	15	活动类型
1704	set:game_activity_horn_lottery.json image:banner_h32	1704	1	15	活动类型
1705	set:game_activity_horn_lottery.json image:banner_h33	1705	1	15	活动类型
1706	set:game_activity_horn_lottery.json image:banner_h34	1706	1	15	活动类型
1707	set:game_activity_horn_lottery.json image:banner_h35	1707	1	15	活动类型
1708	set:game_activity_horn_lottery.json image:banner_h36	1708	1	15	活动类型
1709	set:game_activity_horn_lottery.json image:banner_h37	1709	1	15	活动类型
1710	set:game_activity_horn_lottery.json image:banner_h38	1710	1	15	活动类型
1711	set:game_activity_horn_lottery.json image:banner_h39	1711	1	15	活动类型
