TipType	TipTemplateId	Notice	zh_CN	en_US	pt_BR	ru_RU	ko_KR	de_DE	fr_FR	es_ES	it_IT	in_ID	th_TH	tr_TR	vi_VN	ja_JP
枚举类型	模板说明	备注	中文	英文	葡萄牙语	俄语	韩语	德语	法语	西语	意大利语	印尼语	泰语	土耳其	越南语	日语
1038001	HASHiddenChangeAndHideHint		▢FF00FF00你有▢FFFF0000%1s秒▢FF00FF00的时间躲藏起来	You have ▢FFFF0000%1s seconds ▢FF00FF00 to hide.	Você tem ▢FFFF0000%1s segundos ▢FF00FF00 para ocultar.	У вас есть ▢FFFF0000%1s секунд ▢FF00FF00, чтобы спрятаться.	숨기려면 ▢FFFF0000%1s 초 ▢FF00FF00 있습니다.	Sie haben ▢FFFF0000%1s Sekunden ▢FF00FF00 zum Ausblenden.	Vous avez ▢FFFF0000%1s secondes ▢FF00FF00 à masquer.	Tienes ▢FFFF0000%1s segundos ▢FF00FF00 para ocultar.	Hai ▢FFFF0000%1s secondo ▢FF00FF00 da nascondere.	Anda memiliki ▢FFFF0000%1s detik ▢FF00FF00 untuk disembunyikan.	คุณมี▢FFFF0000%1s วินาทีวินาทีที่▢FF00FF00ที่จะซ่อน	Gizlemek için ▢FFFF0000%1s saniyeniz ▢FF00FF00 var.	Bạn có ▢FFFF0000%1s giây giây ▢FF00FF00 để ẩn.	隠すために▢FFFF0000%1s秒▢FF00FF00があります。
1038002	HASHideenWaitChangeAndHideHint		▢FF00FF00你有▢FFFF0000%1s秒▢FF00FF00的时间记忆并标记地图	You have ▢FFFF0000%1s seconds ▢FF00FF00 to memorize and mark the map.	Você tem ▢FFFF0000%1s segundos ▢FF00FF00 para memorizar e marcar o mapa.	У вас есть ▢FFFF0000%1s секунд ▢FF00FF00, чтобы запомнить и пометить карту.	지도를 암기하고 표시하려면 ▢FFFF0000%1s 초 ▢FF00FF00가 필요합니다.	Sie haben ▢FFFF0000%1s Sekunden ▢FF00FF00, um die Karte zu speichern und zu markieren.	Vous avez ▢FFFF0000%1s secondes FF00FF00 pour mémoriser et marquer la carte.	Tiene ▢FFFF0000%1s segundos ▢FF00FF00 para memorizar y marcar el mapa.	Hai ▢FFFF0000%1s secondo ▢FF00FF00 per memorizzare e contrassegnare la mappa.	Anda memiliki ▢FFFF0000%1s detik ▢FF00FF00 untuk menghafal dan menandai peta.	คุณมี▢FFFF0000%1s วินาทีวินาที▢FF00FF00เพื่อจดจำและทำเครื่องหมายแผนที่	Haritayı ezberlemek ve işaretlemek için ▢FFFF0000%1s saniye ▢FF00FF00 kodunuz var.	Bạn có ▢FFFF0000%1s giây giây ▢FF00FF00 để ghi nhớ và đánh dấu bản đồ.	あなたは、地図を記憶して印を付けるために▢FFFF0000%1s秒00FF00FF00を持っています。
1038003	HASDiddenClickDisappearActor		▢FF00FF00你可以点击物品使它消失	Click on the item to make it disappear.	Clique no item para fazê-lo desaparecer.	Нажмите на предмет, чтобы он исчез.	항목을 클릭하면 사라집니다.	Klicken Sie auf das Objekt, um es verschwinden zu lassen.	Cliquez sur l'élément pour le faire disparaître.	Haga clic en el elemento para que desaparezca.	Clicca sull'elemento per farlo sparire.	Klik pada item untuk menghilangkannya.	คลิกที่รายการเพื่อทำให้หายไป	Ortadan kaybolması için öğenin üzerine tıklayın.	Nhấp vào phần mềm và làm cho nó.	アイテムをクリックすると消えます。
1038004	HASDiddenClickSignActor		▢FF00FF00你可以点击并标记物品	Click to mark the item.	Clique para marcar o item.	Нажмите, чтобы пометить предмет.	항목을 표시하려면 클릭하십시오.	Klicken Sie, um den Artikel zu markieren.	Cliquez pour marquer l'élément.	Haga clic para marcar el elemento.	Fai clic per contrassegnare l'elemento.	Klik untuk menandai item.	คลิกเพื่อทำเครื่องหมายรายการ	Öğeyi işaretlemek için tıklayın.	Nhấn vào đây để đánh dấu các mục.	クリックしてアイテムをマークします。
1038005	HASDiddenGameStart		▢FF00FF00游戏正式开始，出发！	The game officially begins	O jogo começa oficialmente	Игра официально начинается	게임이 공식적으로 시작됩니다.	Das Spiel beginnt offiziell	Le jeu commence officiellement	El juego comienza oficialmente.	Il gioco inizia ufficialmente	Permainan resmi dimulai	เกมเริ่มอย่างเป็นทางการ	Oyun resmen başlıyor	Trò chơi chính thức bắt đầu	ゲームが正式に始まります
1038006	HASDiddenSecondAssignRoleTimeHint		▢FFFF0000%1s秒后将进行二次变身	The second transform will take place in %1s seconds.	A segunda transformação ocorrerá em%1s segundos.	Второе преобразование произойдет через %1s секунды.	두 번째 변환은 %1s 초 내에 수행됩니다.	Die zweite Transformation findet in%1s Sekunden statt.	La seconde transformation aura lieu dans%1s secondes.	La segunda transformación tendrá lugar en %1s segundos.	La seconda trasformazione avverrà in%1s secondi.	Transformasi kedua akan berlangsung dalam%1s detik.	การแปลงครั้งที่สองจะเกิดขึ้นใน%1s วินาที	İkinci dönüşüm%1s saniye içinde gerçekleşecek.	Biến đổi thứ hai sẽ diễn ra trong%1s giây.	2回目の変換は%1s秒以内に行われます。
1038007	HASDiddenLast45Second		▢FF00FF00搜寻者找错将不再扣血	The finder will not lose blood after finding a wrong target.	O localizador não perderá sangue depois de encontrar um alvo errado.	Искатель не потеряет кровь после обнаружения неправильной цели.	파인더는 잘못된 표적을 찾은 후 혈액을 잃지 않습니다.	Der Finder verliert kein Blut, nachdem er ein falsches Ziel gefunden hat.	Le chercheur ne perdra pas de sang après avoir trouvé une mauvaise cible.	El buscador no perderá sangre después de encontrar un objetivo equivocado.	Il cercatore non perderà sangue dopo aver trovato un bersaglio sbagliato.	Pencari tidak akan kehilangan darah setelah menemukan target yang salah.	ตัวค้นหาจะไม่เสียเลือดหลังจากค้นหาเป้าหมายที่ผิด	Bulucu yanlış bir hedef bulduktan sonra kan kaybetmez.	Người tìm thấy sẽ không mất máu sau khi tìm thấy một mục tiêu sai.	間違った標的を見つけた後もファインダーは失血しません。
1038008	HASDiddenFindTrue		▢FF00FFFF你找到了一个躲藏者	You found a hider.	Você encontrou um hider.	Вы нашли хидера.	너는 숨는 장소 를 발견했다.	Du hast einen Hider gefunden.	Vous avez trouvé un cacher.	Has encontrado un escondite.	Hai trovato un alito.	Anda menemukan penyembunyi.	คุณพบคนขี่ม้า	Bir gizleyici buldun.	Bạn tìm thấy một hider.	あなたはハイダーを見つけました。
1038009	HASDiddenmsgDontBuyGoodsByNoRole		你的角色不可购买此物品	This character cannot purchased this item.	Este personagem não pode comprar este item.	Этот персонаж не может приобрести этот предмет.	이 캐릭터는이 아이템을 구매할 수 없습니다.	Dieser Charakter kann diesen Gegenstand nicht kaufen.	Ce personnage ne peut pas acheter cet objet.	Este personaje no puede comprar este artículo.	Questo personaggio non può acquistare questo oggetto.	Karakter ini tidak dapat membeli item ini.	ตัวละครนี้ไม่สามารถซื้อรายการนี้ได้	Bu karakter bu ürünü satın alamaz.	Nhân vật này không thể mua mặt hàng này.	このキャラクターはこのアイテムを購入することはできません。
