唯一Id	效果类型	玩家特效	屏幕特效	禁止玩家操作	玩家动作	Unnamed: 1
n_id	n_imbue_type	s_player_effect	s_screen_effect	n_ban_operate	s_player_anim	
1	20	g1008_genius_fullice.effect	g1008_genius_freeze.effect	0	#	冻结
2	58	g1008_genius_thunder.effect	g1008_genius_razer.effect	0	#	雷霆
3	6	#	g1008_genius_slowdown.effect	0	#	寒冰
4	19	#	#	0	#	极速
5	52	#	#	0	#	风暴
6	42	g1008_genius_block.effect	#	0	#	格挡概率/磐石
7	75	#	g1008_genius_speedup.effect	0	#	愤怒
8	79	explosion.effect	#	0	#	反弹光罩
9	80	g1008_suit_06_rainbow_wood_dead_02.effect	#	1	test_dead	自爆
10	82	g1008_skill_firerange.effect	#	0	#	火环
