效果名	效果类型	参数1	参数2	参数3	参数4	描述											
伤害	10	增加伤害百分比(10000=100%)	1近战  2射箭 3近战远战			近战和射箭伤害+X%											
吸血	54	吸血百分比(10000=100%)	1近战  2射箭 3近战远战			近战和射箭吸血+X%											
风暴	52	限定触发时间，多少秒内(单位：秒)	攻击次数	触发的buffId（buff类型=11 速度buff）	冷却时间（单位：秒）	近战在N秒内攻击敌人M次后，提升X%的移动速度，持续Y秒											
极速	19	触发的buffId （buff类型=11 速度buff）				射箭命中敌人后，提升X%的移动速度，持续Y秒											
穿甲	45	无视护甲百分比(10000=100%)	1近战  2射箭 3近战远战			近战和射箭穿甲+X%											
寒冰	6	触发概率(10000=100%)	触发的buffId （buff类型=11 速度buff）			近战攻击有X%概率使得敌人减少Y%移动速度，持续Z秒											
冻结	20	触发概率(10000=100%)	冻结时间(单位：秒)			射箭命中敌人有X%概率使得敌人冰冻在原地，无法移动也无法操作，持续Y秒											
击退距离	27	击退距离增加百分比(10000=100%)	1近战  2射箭 3近战远战			近战和射箭击退距离+X%											
炽热/烈焰	55	触发概率(10000=100%)	1近战  2射箭 3近战远战	触发的buffId （buff类型=10 燃烧buff）		攻击有X%概率使得敌人着火N秒，共造成Y点伤害，并较少Z%的治疗量											
暴击率	8	增加暴击率百分比(10000=100%)	1近战  2射箭 3近战远战			暴击率+X%											
荆棘	57	触发的buffId （buff类型=9 减疗buff）				受到攻击时，使得敌人降低治疗量X%，持续Y秒											
暴击伤害	7	增加暴击伤害百分比(10000=100%)	1近战  2射箭 3近战远战			近战和射箭的暴击伤害+X%											
雷霆	58	触发概率(10000=100%)	造成伤害值			攻击有X%概率召唤雷电劈打敌人，造成Y点伤害											
双子	16	触发概率(10000=100%)	造成伤害值			射箭会额外射出一支箭，第二支箭造成X%的伤害											
近战攻速	60	近战攻击速度增加百分比(10000=100%)				近战攻击速度+X%											
拉弓速度 	61	拉弓速度增加百分比(10000=100%)				拉弓速度+X%											
射箭速度	62	射箭速度增加百分比(10000=100%)				射箭速度+X%											
																	
																	
生命值	32	增加生命值百分比				基础生命值+X%											
生命回复	3	自动生命回复百分比(10000=100%)	回复频率(单位：秒)			自动生命回复+X%											
坚韧	49	伤害减免百分比(10000=100%)				受到的伤害减少X%											
铁血	9	治疗量增加百分比(10000=100%)				所有来源的治疗量增加X%											
护甲	1	增加的护甲值				初始护甲+X											
暴击减免 	53	暴击伤害减免百分比(10000=100%)				减少受到的暴击额外伤害X%											
跌落伤害减免	31	跌落伤害减免百分比(10000=100%)				减少跌落伤害X%											
格挡概率/磐石	42	增加格挡概率百分比(10000=100%)	格挡伤害减少百分比(10000=100%)			受到伤害有X%概率触发格挡，格挡可使受到伤害减少Y%											
Debuff韧性	29	debuff减少时间百分比(10000=100%)				减少debuff持续时间X%											
击退韧性	28	击退距离减少百分比(10000=100%)	1近战  2射箭 3近战远战			减少被击退的距离X%											
巨人	34	每秒增加生命值	增加间隔(单位：秒)	增加生命值上限		游戏开始后，每X秒增加1点生命值，最多可增加Y点											
初始羊毛	24	羊毛的物品Id  (itemId = 35)	初始增加数量			初始羊毛+X											
初始铁锭	24	铁锭的物品Id  (itemId = 265)	初始增加数量			初始铁锭+X											
初始木头	24	木头的物品Id  (itemId = 5)	初始增加数量			初始橡木板+X											
修罗	37	击杀敌人后恢复血量百分比(10000=100%)				击杀敌人后，回复X%的生命值											
赏金	38	击杀敌人后获得铁锭数量				击杀敌人后，获得X个铁锭											
复活羊毛	50	羊毛的物品Id  (itemId = 35)	获得数量			复活可获得X个羊毛 											
复活铁锭	50	铁锭的物品Id  (itemId = 265)	获得数量			复活可获得X个铁锭											
复活木头	50	木头的物品Id  (itemId = 5)	获得数量			复活可获得X个橡木板											
轮回	35	减少复活时间百分比(10000=100%)				减少X%的复活时间											
赠送羊毛 	5	羊毛的物品Id  (itemId = 35)	购买赠送数量			购买羊毛时，额外赠送X个											
赠送石头	5	铁锭的物品Id  (itemId = 121)	购买赠送数量			购买末地石时，额外赠送X个											
赠送木头	5	木头的物品Id  (itemId = 5)	购买赠送数量			购买橡木板时，额外赠送X个											
生命值固定值	64	增加生命值固定值				基础生命值+X											
伤害值固定值	63	增加伤害固定值	1近战  2射箭 3近战远战			近战和射箭伤害+X											
抛射物速度增加	65	道具id	增加速度百分比(10000=100%)			抛射物速度+n%											
技能道具CD减少	66	道具id	减少CD百分比(10000=100%)			技能道具CD减少n%											
TNT爆炸伤害增加	67	增加伤害百分比(10000=100%)				TNT爆炸伤害+n%											
触发范围加大	68	范围增加百分比(10000=100%)				触发范围+n%											
滑翔伞距离增加	69	持续时间增加百分比(10000=100%)				持续时间+n%											
替身傀儡持续时间增加	70	持续时间增加百分比(10000=100%)				持续时间+n%											
受到的爆炸伤害减少	71	爆炸伤害减少百分比(10000=100%)				受到的爆炸伤害减少n%											
每X秒获得X个物品	72	物品Id	获得物品数量	时间间隔（单位：秒）		每X秒获得X个物品											
火焰弹根据使用次数增伤	73	触发的buffId				火焰弹每使用一次就提升n%伤害，最高提升m%											
开局随机道具	74	随机池子Id	抽取次数			战斗开始时获得1-3个随机道具											
																	
																	
																	
buff名	buff类型(对应buffConfig的类型)	buff参数说明（多个参数#分割）															
减疗buff	9	减疗百分比 (100 = 100%)															
燃烧buff	10	燃烧伤害#减疗百分比(100=100%) # 伤害间隔(单位：秒)															
速度buff	11	速度增加百分比(填负数 -100=-100%)															
火焰弹增伤buff	15	每次叠加值百分比(1=100%) # 最大值百分比(1=100%)															
																	
攻击触发炮弹	85	触发概率(10000=100%)	弹道特效	爆炸特效	伤害#子弹大小#速度#重力#存在时间#最大目标	近战跟箭矢击中时											
																	
																	
效果类型Id映射关系 只显示天赋系统使用的效果，宠物的不显示																	
1	护甲	ArmorImbue															
3	生命回复	AutoAddHpImbue															
5	赠送羊毛 	BuyItemImbue															
6	寒冰	ColdIceImbue															
7	暴击伤害	CritDamageImbue															
8	暴击率	CritImbue															
9	铁血	CurativeRateImbue															
10	伤害	DamageImbue															
16	双子	ExtraArrowTalentImbue															
19	极速	ExtremeSpeedImbue															
20	冻结	FrozenImbue															
24	初始羊毛	InitItemImbue															
27	击退距离	KnockBackImbue															
28	击退韧性	KnockBackToughnessImbue															
29	Debuff韧性	LessDeBuffTimeImbue															
31	跌落伤害减免	LessFallHurtTalentImbue															
32	生命值	MaxHpImbue															
34	巨人	MaxHpWithTimeImbue															
35	轮回	OnDieCountDownImbue															
37	修罗	OnKillHpImbue															
38	赏金	OnKillIronImbue															
42	格挡概率/磐石	ParryImbue															
45	穿甲	PiercingArmorImbue															
49	坚韧	ReduceHurtImbue															
50	复活羊毛	RespawnItemImbue															
52	风暴	StormImbue															
53	暴击减免 	SubCritDamageImbue															
54	吸血	SuckBloodImbue															
55	炽热/烈焰	SwordFireImbue															
57	荆棘	ThornImbue															
58	雷霆	ThunderclapImbue															
60	近战攻速	MeleeAttackSpeedImbue															
61	拉弓速度 	BowAttackSpeedImbue															
62	射箭速度	ShootAttackSpeedImbue															
63	增加固定值伤害	DamageFixedValueImbue															
64	增加固定值血量	MaxHpFixedValueImbue															
65	抛射物速度增加	ThrowableSpeedImbue															
66	技能道具CD减少	ReduceSkillItemCdImbue															
67	TNT爆炸伤害增加	TNTAddDamageImbue															
68	触发范围加大	AddTriggerAreaImbue															
69	滑翔伞距离增加	AddParagliderTimeImbue															
70	替身傀儡持续时间增加	AddDoubleDummyTimeImbue															
71	受到的爆炸伤害减少	ExplosionReduceDamageImbue															
72	每X秒获得X个物品	IntervalAddItemImbue															
73	火焰弹增伤	AddFlareBombDamageImbue															
74	开局随机道具	InitRandomPropsImbue															
85	攻击触发炮弹	WaterCannonImbue															
86	战斗结束获得精粹	RewardSoulstone															
88888	1	0	5000	g1008_legendary_props_scarecrow_attack.effect	g1008_zisepingzi.effect	500#1#1#0#6000#1	85	4	0	#	#	#	#	击中有50%几率射出一个水球	间隔	持续时间	#
