id	taskGroupId	rewardGroupId	taskLimit	needTimes	moneyType	price	discountPrice
活动ID	任务组	奖励组	任务完成上限	抽一次消耗积分	货币类型	价格	折扣价格
id	taskGroupId	rewardGroupId	taskLimit	needTimes	moneyType	price	discountPrice
1401	3006	1401	0	1	-1	0	0
1402	3009	1402	0	1	-1	0	0
1403	3010	1403	0	1	-1	0	0
1404	3014	1404	0	200	-1	0	0
1405	3010	1405	0	1	-1	0	0
1406	3014	1406	0	200	-1	0	0
1407	3014	1407	0	200	-1	0	0
1408	3010	1408	0	1	-1	0	0
1409	3014	1409	0	200	-1	0	0
806	0	806	0	0	1	50	25
807	0	807	0	0	1	50	25
808	0	808	0	0	1	50	25
809	0	809	0	0	1	50	25
810	0	810	0	0	1	50	25
811	0	811	0	0	1	50	25
