id	blindBoxId	groupId	hint	rewardCount	sound	Unnamed: 5	Unnamed: 6
索引id	盲盒Id	奖励组Id	提示语多语言	抽出奖励个数	停下时的音效		
id	blindBoxId	groupId	hint	lotteryCount	sound		
1	4	1101	BlindBoxRewardList_g1008_1001	1	#		大奖：从以下列表中随机抽取（不重复）
2	4	1102	BlindBoxRewardList_g1008_1002	1	#		礼物2：从以下列表中随机抽取
3	4	2003	BlindBoxRewardList_g1008_1002	1	#		
4	5	1103	BlindBoxRewardList_g1008_1001	1	#		大奖：从以下列表中随机抽取（不重复）
5	5	1104	BlindBoxRewardList_g1008_1002	1	#		礼物2：从以下列表中随机抽取
6	5	1105	BlindBoxRewardList_g1008_1003	1	#		礼物3：从以下列表中随机抽取
7	6	1106	BlindBoxRewardList_g1008_1001	1	#		
8	6	1107	BlindBoxRewardList_g1008_1002	1	#		
9	7	1108	BlindBoxRewardList_g1008_1001	1	#		
10	7	1109	BlindBoxRewardList_g1008_1002	1	#		
11	7	1110	BlindBoxRewardList_g1008_1003	1	#		
12	8	1111	BlindBoxRewardList_g1008_1001	1	#		
13	8	1112	BlindBoxRewardList_g1008_1001	1	#		
14	8	1113	BlindBoxRewardList_g1008_1001	1	#		
15	8	1114	BlindBoxRewardList_g1008_1003	1	#		
16	9	1116	BlindBoxRewardList_g1008_1001	1	9010		
17	9	1117	BlindBoxRewardList_g1008_1002	1	9010		
18	10	1118	BlindBoxRewardList_g1008_1001	1	9010		
19	10	1119	BlindBoxRewardList_g1008_1002	1	9010		
20	10	1120	BlindBoxRewardList_g1008_2003	1	9010		
21	11	1121	BlindBoxRewardList_g1008_1001	1	9010		
22	11	1122	BlindBoxRewardList_g1008_1001	1	9010		
23	11	1123	BlindBoxRewardList_g1008_1001	1	9010		
24	11	1124	BlindBoxRewardList_g1008_1001	1	9010		
25	12	1125	BlindBoxRewardList_g1008_1001	1	9010		
26	12	1126	BlindBoxRewardList_g1008_1002	1	9010		
27	13	1127	BlindBoxRewardList_g1008_1001	1	9010		
28	13	1128	BlindBoxRewardList_g1008_1002	1	9010		
29	13	1129	BlindBoxRewardList_g1008_2003	1	9010		
30	14	1130	BlindBoxRewardList_g1008_1001	1	9010		
31	14	1131	BlindBoxRewardList_g1008_1001	1	9010		
32	14	1132	BlindBoxRewardList_g1008_1001	1	9010		
33	14	1133	BlindBoxRewardList_g1008_1001	1	9010		
34	15	1134	BlindBoxRewardList_g1008_1001	1	9010		
35	15	1135	BlindBoxRewardList_g1008_1002	1	9010		
36	16	1136	BlindBoxRewardList_g1008_1001	1	9010		
37	16	1137	BlindBoxRewardList_g1008_3001	1	9010		
38	16	1138	BlindBoxRewardList_g1008_3005	1	9010		
39	17	1139	BlindBoxRewardList_g1008_1001	1	9010		
40	17	1140	BlindBoxRewardList_g1008_3001	1	9010		
41	17	1141	BlindBoxRewardList_g1008_3002	1	9010		
42	17	1142	BlindBoxRewardList_g1008_3003	1	9010		
43	17	1143	BlindBoxRewardList_g1008_3004	1	9010		
44	18	1144	BlindBoxRewardList_g1008_1001	1	9010		
45	18	1145	BlindBoxRewardList_g1008_1002	1	9010		
46	19	1146	BlindBoxRewardList_g1008_1001	1	9010		
47	19	1147	BlindBoxRewardList_g1008_3001	1	9010		
48	19	1148	BlindBoxRewardList_g1008_3005	1	9010		
49	20	1149	BlindBoxRewardList_g1008_1001	1	9010		
50	20	1150	BlindBoxRewardList_g1008_3001	1	9010		
51	20	1151	BlindBoxRewardList_g1008_3002	1	9010		
52	20	1152	BlindBoxRewardList_g1008_3003	1	9010		
53	20	1153	BlindBoxRewardList_g1008_3004	1	9010		
54	21	1154	BlindBoxRewardList_g1008_1001	1	9010		
55	21	1155	BlindBoxRewardList_g1008_1002	1	9010		
56	22	1156	BlindBoxRewardList_g1008_1001	1	9010		
57	22	1157	BlindBoxRewardList_g1008_3001	1	9010		
58	22	1158	BlindBoxRewardList_g1008_3005	1	9010		
59	23	1159	BlindBoxRewardList_g1008_1001	1	9010		
60	23	1160	BlindBoxRewardList_g1008_3001	1	9010		
61	23	1161	BlindBoxRewardList_g1008_3002	1	9010		
62	23	1162	BlindBoxRewardList_g1008_3003	1	9010		
63	23	1163	BlindBoxRewardList_g1008_3004	1	9010		
64	24	1164	BlindBoxRewardList_g1008_1001	1	9010		
65	24	1165	BlindBoxRewardList_g1008_1002	1	9010		
66	25	1166	BlindBoxRewardList_g1008_1001	1	9010		
67	25	1167	BlindBoxRewardList_g1008_3001	1	9010		
68	25	1168	BlindBoxRewardList_g1008_3005	1	9010		
69	26	1169	BlindBoxRewardList_g1008_1001	1	9010		
70	26	1170	BlindBoxRewardList_g1008_3001	1	9010		
71	26	1171	BlindBoxRewardList_g1008_3002	1	9010		
72	26	1172	BlindBoxRewardList_g1008_3003	1	9010		
73	27	1173	BlindBoxRewardList_g1008_1001	1	9010		
74	27	1174	BlindBoxRewardList_g1008_1002	1	9010		
75	28	1175	BlindBoxRewardList_g1008_1001	1	9010		
76	28	1176	BlindBoxRewardList_g1008_3001	1	9010		
77	28	1177	BlindBoxRewardList_g1008_3002	1	9010		
78	29	1178	BlindBoxRewardList_g1008_1001	1	9010		
79	29	1179	BlindBoxRewardList_g1008_3001	1	9010		
80	29	1180	BlindBoxRewardList_g1008_3002	1	9010		
81	29	1181	BlindBoxRewardList_g1008_3003	1	9010		
82	30	1182	BlindBoxRewardList_g1008_1001	1	9010		
83	30	1183	BlindBoxRewardList_g1008_1002	1	9010		
84	31	1184	BlindBoxRewardList_g1008_1001	1	9010		
85	31	1185	BlindBoxRewardList_g1008_3001	1	9010		
86	31	1186	BlindBoxRewardList_g1008_3002	1	9010		
87	32	1187	BlindBoxRewardList_g1008_1001	1	9010		
88	32	1188	BlindBoxRewardList_g1008_3001	1	9010		
89	32	1189	BlindBoxRewardList_g1008_3002	1	9010		
90	32	1190	BlindBoxRewardList_g1008_3003	1	9010		
91	33	1191	BlindBoxRewardList_g1008_1001	1	9010		
92	33	1192	BlindBoxRewardList_g1008_1001	1	9010		
93	34	1193	BlindBoxRewardList_g1008_1001	1	9010		
94	34	1194	BlindBoxRewardList_g1008_3001	1	9010		
95	34	1195	BlindBoxRewardList_g1008_3002	1	9010		
96	35	1196	BlindBoxRewardList_g1008_1001	1	9010		
97	35	1197	BlindBoxRewardList_g1008_3001	1	9010		
98	35	1198	BlindBoxRewardList_g1008_3002	1	9010		
99	35	1199	BlindBoxRewardList_g1008_3003	1	9010		
