id	name	bigImage	priceRange	moneyType	price	totalTimes	dayTimes	worthGroupId	uniqueId
盲盒id	盲盒名称	大奖图片	盲盒价值范围	开奖货币类型	开奖价格	总抽奖次数	每天可以抽的次数	价值组Id	订单ID
id	name	bigImage	priceRange	moneyType	price	totalTimes	dayTimes	worthGroupId	uniqueId
6	BlindBox_name_1	set:game_activity_blind_3.json image:img_0_icon_1	70~500	1	59	5	5	1	970106
7	BlindBox_name_1	set:game_activity_blind_3.json image:img_0_icon_2	600-3000	1	499	5	5	2	970107
8	BlindBox_name_1	set:game_activity_blind_3.json image:img_0_icon_3	3000-9000	1	1999	5	5	3	970108
9	BlindBox_name_1	set:game_activity_blind_3.json image:img_0_icon_1	360~1200	1	199	5	5	1	970109
10	BlindBox_name_1	set:game_activity_blind_3.json image:img_0_icon_2	1300-3000	1	499	5	5	2	970110
11	BlindBox_name_1	set:game_activity_blind_3.json image:img_0_icon_3	4000-9000	1	1999	5	5	3	970111
12	BlindBox_name_1	set:game_activity_blind_3.json image:img_0_icon_1	305~1550	1	199	5	5	1	970112
13	BlindBox_name_1	set:game_activity_blind_3.json image:img_0_icon_2	550~1688	1	499	5	5	2	970113
14	BlindBox_name_1	set:game_activity_blind_3.json image:img_0_icon_3	4464~7764	1	1999	5	5	3	970114
15	BlindBox_name_1	set:game_activity_blind_4.json image:img_0_icon_1	390~1200	1	99	5	5	6	970115
16	BlindBox_name_1	set:game_activity_blind_4.json image:img_0_icon_2	850-1600	1	299	5	5	7	970116
17	BlindBox_name_1	set:game_activity_blind_4.json image:img_0_icon_3	2300-3000	1	599	5	5	8	970117
18	BlindBox_name_1	set:game_activity_blind_4.json image:img_0_icon_1	470~1200	1	99	5	5	9	970118
19	BlindBox_name_1	set:game_activity_blind_4.json image:img_0_icon_2	850-1800	1	199	5	5	10	970119
20	BlindBox_name_1	set:game_activity_blind_4.json image:img_0_icon_3	2300-3000	1	499	5	5	11	970120
21	BlindBox_name_1	set:game_activity_blind_4.json image:img_0_icon_1	470~1200	1	99	5	5	9	970121
22	BlindBox_name_1	set:game_activity_blind_4.json image:img_0_icon_2	850-1800	1	199	5	5	10	970122
23	BlindBox_name_1	set:game_activity_blind_4.json image:img_0_icon_3	2300-3000	1	499	5	5	11	970123
24	BlindBox_name_1	set:game_activity_blind_3.json image:img_0_icon_1	310~1300	1	99	5	5	12	970124
25	BlindBox_name_1	set:game_activity_blind_3.json image:img_0_icon_2	818~1800	1	199	5	5	13	970125
26	BlindBox_name_1	set:game_activity_blind_3.json image:img_0_icon_3	2400~2400	1	499	5	5	14	970126
27	BlindBox_name_1	set:game_activity_blind_3.json image:img_0_icon_1	656~1576	1	99	5	5	15	970124
28	BlindBox_name_1	set:game_activity_blind_3.json image:img_0_icon_2	1588~2988	1	299	5	5	16	970125
29	BlindBox_name_1	set:game_activity_blind_3.json image:img_0_icon_3	1650~3500	1	299	5	5	17	970126
30	BlindBox_name_1	set:game_activity_blind_4.json image:img_0_icon_1	426~1346	1	199	5	5	15	970124
31	BlindBox_name_1	set:game_activity_blind_4.json image:img_0_icon_2	1588~2988	1	399	5	5	16	970125
32	BlindBox_name_1	set:game_activity_blind_4.json image:img_0_icon_3	1650~3500	1	599	5	5	17	970126
33	BlindBox_name_1	set:game_activity_blind_3.json image:img_0_icon_1	546~1576	1	99	5	5	15	970124
34	BlindBox_name_1	set:game_activity_blind_3.json image:img_0_icon_2	1488~3988	1	299	5	5	16	970125
35	BlindBox_name_1	set:game_activity_blind_3.json image:img_0_icon_3	1950~2100	1	299	5	5	17	970126
