流程id	流程组id	是否必须触发完成条件	流程开始时触发的事件	触发事件参数	流程完成事件	完成条件参数	本步骤提示	本步骤是否可以移动		对应的教学内容	开始	结束					
processId	processGroupId	isMustFinish	beginEvent	beginParam	finishEvent	finishParam	processTip	enableMove									
101	100	1	9	Guide_Dialog_Tip_1	7	GuideTextDialogBox	#	0		转视角	弹出弹窗	关闭弹窗					
102	100	1	6	g1008_xinshouyindao_zuohuadong.effect	6	-30	Guide_Progress_Tip_1	0			向左滑动特效	向左滑动					
103	100	1	6	g1008_xinshouyindao_youhuadong.effect	6	30	Guide_Progress_Tip_1	0			向右滑动特效	向右滑动					
104	100	1	1	GuideOperationContent	7	BedWarPopUpWindows	#	0									
105	100	1	4	1078.5,76,844.5	1	MainControl-forward&2&Guide_Button_Tip_1	#	#		移动	转动视角，看向床	点击前进键					
106	100	1	999	#	1	Main-PoleControl&2&Guide_Button_Tip_19	#	#									
107	100	1	9	Guide_Dialog_Tip_2	7	GuideTextDialogBox	Guide_Progress_Tip_2	#			弹出弹窗	关闭弹窗					
108	100	1	999	#	12	266&2&1070.5,75.1,844.5	Guide_Progress_Tip_2	#		拾取资源	刷新铁锭	走到资源点			流程开始时触发的事件		参数意义
109	100	1	9	Guide_Dialog_Tip_3	7	GuideTextDialogBox	Guide_Progress_Tip_3	#			弹出弹窗	关闭弹窗			无	999	
110	100	1	999	#	1	BedWarGuideMain-Store-Btn&3&Guide_Button_Tip_2	Guide_Progress_Tip_3	#		商店购买	#	点击商店按钮			弹弹窗   	1	弹窗json
111	100	1	999	#	1	BedWarStore-Tabs-List+1+0&2&Guide_Button_Tip_3	Guide_Progress_Tip_3	#			#	点击方块tab			刷新ai	2	ai配置
112	100	1	999	#	1	BedWarNewStore2-Goods-List-Gird+0&2&Guide_Button_Tip_4	Guide_Progress_Tip_3	#			#	点击羊毛item					
113	100	1	999	#	1	BedWarStore-Goods-Buy&4&Guide_Button_Tip_5	Guide_Progress_Tip_3	#			#	点击购买			 转视角	4	看向的坐标
114	100	1	999	#	1	BedWarStore-Goods-Buy&4&Guide_Button_Tip_5	Guide_Progress_Tip_3	#			#	点击购买			锁定视角和移动	5	
115	100	1	999	#	1	BedWarStore-Close&3&Guide_Button_Tip_6	#	#			#	关闭商店			主界面特效	6	特效名
116	100	1	999	#	2	1075.5,75.1,844.5	Guide_Progress_Tip_5	#			#	走到床前			提示点击	7	
117	100	1	9	Guide_Dialog_Tip_4	7	GuideTextDialogBox	Guide_Progress_Tip_4	#			弹出弹窗	关闭弹窗					
118	100	1	7	Main-VisibleBar-SlotTable-ItemSlot2-ItemSlot&2&Guide_Button_Tip_7	999	#	Guide_Progress_Tip_4	#		保护床引导	点击背包第三格的羊毛	#					
119	100	1	4	1078.5,76.5,844.5	9	1078,75,843&1078,76,844&1078,75,845&1077,75,844	Guide_Progress_Tip_4	#			看向床	放置方块引导					
120	100	1	9	Guide_Dialog_Tip_5	7	GuideTextDialogBox	#	#			弹出弹窗	关闭弹窗			完成条件		
121	100	1	9	Guide_Dialog_Tip_6	7	GuideTextDialogBox	Guide_Progress_Tip_5	#			弹出弹窗	关闭弹窗			点击按钮 	1	
122	100	1	4	1081.5,77,852.5	2	1081.5,75.1,852.5	Guide_Progress_Tip_5	#		搭桥引导	看向搭桥点	走向搭桥点			到达目标地点附近	2	
123	100	1	4	1081.5,75,854.5	1	Main-VisibleBar-SlotTable-ItemSlot2-ItemSlot&2&Guide_Button_Tip_7	Guide_Progress_Tip_5	#			看向桥	点击物品栏第三格			击杀ai	3	
124	100	1	9	Guide_Dialog_Tip_7	7	GuideTextDialogBox	Guide_Progress_Tip_6	#			弹出弹窗	关闭弹窗			破坏床	4	
125	100	0	999	#	10	1081,74,853&1081,74,854&1081,74,855&1081,74,856&1081,74,857&1081,74,858&1081,74,859	Guide_Progress_Tip_6	#			#	搭桥引导			使用物品	5	
126	100	1	999	#	1	ModuleBlockMain-FrontPlace&4&Guide_Button_Tip_8	Guide_Progress_Tip_6	#			点击建造按钮（强制）	建好第一个方块			主动转动视角	6	小于0左转，大于0右转
127	100	1	999	#	1	ModuleBlockMain-FrontPlace&4&Guide_Button_Tip_8&1	Guide_Progress_Tip_6	#			点击建造按钮（弱引导）	建好第二个方块			关闭UI	7	
128	100	1	4	1081.5,76,860.5	2	1081.5,75.1,860.5	Guide_Progress_Tip_6	#			看向对面	前往对面			延迟	8	
201	200	1	8	#	999	#	#	#		击杀AI引导	生成床	#			点击建造引导	9	
202	200	1	2	1081.5,75,869.5	999	#	Guide_Progress_Tip_7	#			刷新AI	#			搭桥引导	10	
203	200	1	10	1081.5,75,863	999	#	Guide_Progress_Tip_7	#			AI移动				点击世界坐标	11	
204	200	1	4	1081.5,77,862.5	999	#	Guide_Progress_Tip_7	#			看向AI				刷新物品	12	物品id，数量
205	200	1	9	Guide_Dialog_Tip_8	7	GuideTextDialogBox	Guide_Progress_Tip_7	#			弹出弹窗	关闭弹窗					
206	200	1	9	Guide_Dialog_Tip_9	7	GuideTextDialogBox	Guide_Progress_Tip_7	#			弹出弹窗	关闭弹窗					
207	200	1	7	Main-VisibleBar-SlotTable-ItemSlot0-ItemSlot&2&Guide_Button_Tip_9	11	1081.5,76.2,863	Guide_Progress_Tip_7	#			点击背包第一格的木剑	点击AI					
208	200	1	999	#	3	#	Guide_Progress_Tip_7	#			#	击杀AI					
209	200	1	4	1067.5, 78, 884.5	8	2	#	#			看向AI	等待2秒					
210	200	1	9	Guide_Dialog_Tip_10	7	GuideTextDialogBox	#	#			弹出弹窗	关闭弹窗					
211	200	1	9	Guide_Dialog_Tip_11	7	GuideTextDialogBox	Guide_Progress_Tip_8	#			弹出弹窗	关闭弹窗					
212	200	1	999	#	12	266&4&1081.5,75.1,865.5	Guide_Progress_Tip_8	#		拾取资源	刷新铁锭	走到资源点					
213	200	1	999	#	1	BedWarGuideMain-Store-Btn&3&Guide_Button_Tip_2	#	#		商店购买剪刀和火焰弹	#	点击商店按钮					
214	200	1	999	#	1	BedWarStore-Tabs-List+2+0&2&Guide_Button_Tip_12	#	#			#	点击道具					
215	200	1	999	#	1	BedWarNewStore2-Goods-List-Gird+1&2&Guide_Button_Tip_13	#	#			#	点击火焰弹					
216	200	1	999	#	1	BedWarStore-Goods-Buy&4&Guide_Button_Tip_0	#	#			#	购买火焰弹					
217	200	1	999	#	1	BedWarStore-Close&3&Guide_Button_Tip_6	#	#			#	点击商店关闭按钮					
218	200	1	9	Guide_Dialog_Tip_12	7	GuideTextDialogBox	#	#			弹出弹窗	关闭弹窗					
219	200	1	4	1081.5,79,882.5	1	Main-VisibleBar-SlotTable-ItemSlot3-ItemSlot&2&Guide_Button_Tip_14	Guide_Progress_Tip_9	#		使用火焰弹	wa	点击火焰弹					
220	200	1	999	#	1	ItemSkillMain-Skill-Release-btn&4&Guide_Button_Tip_15	Guide_Progress_Tip_9	#			#	点击使用火焰弹					
221	200	1	9	Guide_Dialog_Tip_13	7	GuideTextDialogBox	Guide_Progress_Tip_9	#			弹出弹窗	关闭弹窗					
222	200	0	7	Main-VisibleBar-SlotTable-ItemSlot2-ItemSlot&2&Guide_Button_Tip_7	10	1081,74,871&1081,74,872&1081,74,873&1081,74,874&1081,74,875&1081,74,876&1081,74,877	Guide_Progress_Tip_9	#		搭桥前往对面	#	搭桥引导					
223	200	1	999	#	2	1081.5,75.1,878.5	Guide_Progress_Tip_9	#			#	前往对面					
224	200	1	9	Guide_Dialog_Tip_14	7	GuideTextDialogBox	Guide_Progress_Tip_9	#			弹出弹窗	关闭弹窗					
225	200	1	999	#	1	Main-VisibleBar-SlotTable-ItemSlot0-ItemSlot&2&Guide_Button_Tip_16	Guide_Progress_Tip_9	#		拆床引导	#	点击剑					
226	200	1	9	Guide_Dialog_Tip_15	7	GuideTextDialogBox	Guide_Progress_Tip_10	#			弹出弹窗	关闭弹窗					
227	200	1	999	#	4	1081,75,883&1080,75,883	Guide_Progress_Tip_10	#			#	破坏床					
228	200	1	4	1067.5, 78, 884.5	999	#	Guide_Progress_Tip_11	#									
229	200	1	9	Guide_Dialog_Tip_16	3	GuideTextDialogBox	Guide_Progress_Tip_11	#			弹出弹窗	关闭弹窗					
230	200	1	9	Guide_Dialog_Tip_17	7	GuideTextDialogBox	#	#			弹出弹窗	关闭弹窗					
231	300	1	9	Guide_Dialog_Tip_new_01	7	GuideTextDialogBox	#	#			弹出弹窗	关闭弹窗					
232	300	1	999	#	1	BedWarMain-Rune	#	#			弹出弹窗	关闭弹窗					
233	300	1	999	#	1	BedWarRuneTroughItem1	#	#			弹出弹窗	关闭弹窗					
234	300	1	999	#	1	BedWarRune-RuneList+0&3&Guide_Button_Tip_new_01	#	#			弹出弹窗	关闭弹窗					
235	300	1	999	#	1	BedWarRune-OneKeyInstall&4&Guide_Button_Tip_new_02	#	#			弹出弹窗	关闭弹窗					
236	300	1	999	#	7	BedWarRune	#	#			弹出弹窗	关闭弹窗					
237	300	1	9	Guide_Dialog_Tip_new_02	7	GuideTextDialogBox	#	#			弹出弹窗	关闭弹窗					
238	300	1	4	npcType:24	999	#	#	#									
