索引	用户id	发放key	数量 (最终以发放最大值为准)	
index	userId	key	num	
1	2653407438	CommunityReward1	1	
2	545826720	CommunityReward1	1	
3	2967707326	CommunityReward1	1	
4	871870574	CommunityReward1	1	
5	3394100048	CommunityReward1	1	
6	2193072880	CommunityReward1	1	
7	221950	CommunityReward1	1	测试号
8	221966	CommunityReward1	1	测试号
9	221982	CommunityReward1	1	测试号
10	221998	CommunityReward1	1	测试号
11	222014	CommunityReward1	1	测试号
12	222030	CommunityReward1	1	测试号
13	80	CommunityReward1	1	测试号
14	112	CommunityReward1	1	测试号
15	240	CommunityReward1	1	测试号
