{
  "说明文档": {
    "respawnPos": "复活点",
    "flag": "旗帜配置",
    "旗帜配置说明(flag)": {
      "actorName": "模型名称",
      "actorPos": "坐标",
      "actorYaw": "朝向",
      "icon": "小地图内图标",
      "canvas": "帆布配置",
      "range": "检测范围",
      "riseTime": "上升时间(秒)",
      "fallTime": "下降时间(秒)",
      "riseScore": "升旗分数",
      "fallScore": "降旗分数",
      "riseTip": "升旗广播提示",
      "fallTip": "降旗广播提示",
      "buff": "增益配置"
    },
    "帆布配置(canvas)": {
      "effect0": "默认特效",
      "effect1": "队伍1特效",
      "effect2": "队伍2特效",
      "yaw": "朝向",
      "floorPos": "底部坐标",
      "topPos": "顶部坐标"
    },
    "增益配置(buff)": {
      "actorName": "模型名称",
      "actorPos": "坐标",
      "actorYaw": "朝向",
      "buffId": "buffId"
    }
  },
  "g1066": [
    {
      "蓝队": "牧场",
      "resId": 1,
      "icon": "set:flag_war.json image:icon_area_horse",
      "protectTime": 30,
      "protectEffect": "g1048_15v15_buff_protect.effect",
      "area": {
        "effect1": "g1048_15v15_flag_aera_red.effect",
        "effect2": "g1048_15v15_flag_aera_blue.effect"
      },
      "respawnPos": {
        "x": 278.5,
        "y": 57,
        "z": 524.5,
        "yaw": 0
      },
      "flag": {
        "actorName": "g1048_flag_15v15.actor",
        "actorPos": {
          "x": 276.5,
          "y": 57,
          "z": 554.5
        },
        "actorYaw": 0,
        "icon": "set:flag_war.json image:g1048_flag_",
        "canvas": {
          "effect0": "g1048_15v15_flag_white.effect",
          "effect1": "g1048_15v15_flag_red.effect",
          "effect2": "g1048_15v15_flag_blue.effect",
          "yaw": 90,
          "floorPos": {
            "x": 276.5,
            "y": 57.7,
            "z": 554.5
          },
          "topPos": {
            "x": 276.5,
            "y": 62.5,
            "z": 554.5
          }
        },
        "range": 5.5,
        "riseTime": 5,
        "fallTime": 5,
        "riseScore": 20,
        "fallScore": 10,
        "riseTip": "g1068_rise_tip_01",
        "fallTip": "g1068_fall_tip_01",
        "buff": {
          "actorName": "g1048_15v15_buff_01.actor",
          "actorPos": {
            "x": 287.58,
            "y": 57,
            "z": 555.69
          },
          "actorYaw": 0,
          "buffId": 9201,
          "onGetTip": "g1068_get_buff_01"
        }
      }
    },
    {
      "红队": "农场",
      "resId": 2,
      "icon": "set:flag_war.json image:icon_area_barley",
      "protectTime": 30,
      "protectEffect": "g1048_15v15_buff_protect.effect",
      "area": {
        "effect1": "g1048_15v15_flag_aera_red.effect",
        "effect2": "g1048_15v15_flag_aera_blue.effect"
      },
      "respawnPos": {
        "x": 461.5,
        "y": 56,
        "z": 525.5,
        "yaw": 6
      },
      "flag": {
        "actorName": "g1048_flag_15v15.actor",
        "actorPos": {
          "x": 454.5,
          "y": 56,
          "z": 555.5
        },
        "actorYaw": 0,
        "icon": "set:flag_war.json image:g1048_flag_",
        "canvas": {
          "effect0": "g1048_15v15_flag_white.effect",
          "effect1": "g1048_15v15_flag_red.effect",
          "effect2": "g1048_15v15_flag_blue.effect",
          "yaw": 90,
          "floorPos": {
            "x": 454.5,
            "y": 56.7,
            "z": 555.5
          },
          "topPos": {
            "x": 454.5,
            "y": 61.5,
            "z": 555.5
          }
        },
        "range": 5.5,
        "riseTime": 5,
        "fallTime": 5,
        "riseScore": 20,
        "fallScore": 10,
        "riseTip": "g1068_rise_tip_02",
        "fallTip": "g1068_fall_tip_02",
        "buff": {
          "actorName": "g1048_15v15_buff_01.actor",
          "actorPos": {
            "x": 443.59,
            "y": 56,
            "z": 555.37
          },
          "actorYaw": 0,
          "buffId": 9201,
          "onGetTip": "g1068_get_buff_02"
        }
      }
    },
    {
      "中立": "铁匠铺",
      "resId": 3,
      "icon": "set:flag_war.json image:icon_area_anvil",
      "protectTime": 30,
      "protectEffect": "g1048_15v15_buff_protect.effect",
      "area": {
        "effect1": "g1048_15v15_flag_aera_red.effect",
        "effect2": "g1048_15v15_flag_aera_blue.effect"
      },
      "respawnPos": {
        "x": 371.5,
        "y": 64,
        "z": 512.5,
        "yaw": 6
      },
      "flag": {
        "actorName": "g1048_flag_15v15.actor",
        "actorPos": {
          "x": 368.5,
          "y": 64,
          "z": 547.5
        },
        "actorYaw": 0,
        "icon": "set:flag_war.json image:g1048_flag_",
        "canvas": {
          "effect0": "g1048_15v15_flag_white.effect",
          "effect1": "g1048_15v15_flag_red.effect",
          "effect2": "g1048_15v15_flag_blue.effect",
          "yaw": 90,
          "floorPos": {
            "x": 368.5,
            "y": 64.7,
            "z": 547.5
          },
          "topPos": {
            "x": 368.5,
            "y": 69.5,
            "z": 547.5
          }
        },
        "range": 5.5,
        "riseTime": 5,
        "fallTime": 5,
        "riseScore": 20,
        "fallScore": 10,
        "riseTip": "g1068_rise_tip_03",
        "fallTip": "g1068_fall_tip_03",
        "buff": {
          "actorName": "g1048_15v15_buff_02.actor",
          "actorPos": {
            "x": 363.68,
            "y": 65,
            "z": 553.47
          },
          "actorYaw": 0,
          "buffId": 9202,
          "onGetTip": "g1068_get_buff_03"
        }
      }
    },
    {
      "中立": "伐木场",
      "resId": 4,
      "icon": "set:flag_war.json image:icon_area_wood",
      "protectTime": 30,
      "protectEffect": "g1048_15v15_buff_protect.effect",
      "area": {
        "effect1": "g1048_15v15_flag_aera_red.effect",
        "effect2": "g1048_15v15_flag_aera_blue.effect"
      },
      "respawnPos": {
        "x": 377.5,
        "y": 78,
        "z": 631.5,
        "yaw": 180
      },
      "flag": {
        "actorName": "g1048_flag_15v15.actor",
        "actorPos": {
          "x": 379.5,
          "y": 78,
          "z": 596.5
        },
        "actorYaw": 0,
        "icon": "set:flag_war.json image:g1048_flag_",
        "canvas": {
          "effect0": "g1048_15v15_flag_white.effect",
          "effect1": "g1048_15v15_flag_red.effect",
          "effect2": "g1048_15v15_flag_blue.effect",
          "yaw": 90,
          "floorPos": {
            "x": 379.5,
            "y": 78.7,
            "z": 596.5
          },
          "topPos": {
            "x": 379.5,
            "y": 83.5,
            "z": 596.5
          }
        },
        "range": 5.5,
        "riseTime": 5,
        "fallTime": 5,
        "riseScore": 20,
        "fallScore": 10,
        "riseTip": "g1068_rise_tip_04",
        "fallTip": "g1068_fall_tip_04",
        "buff": {
          "actorName": "g1048_15v15_buff_04.actor",
          "actorPos": {
            "x": 379.56,
            "y": 78,
            "z": 593.52
          },
          "actorYaw": 0,
          "buffId": 9203,
          "onGetTip": "g1068_get_buff_04"
        }
      }
    },
    {
      "中立": "采石场",
      "resId": 5,
      "icon": "set:flag_war.json image:icon_area_block",
      "protectTime": 30,
      "protectEffect": "g1048_15v15_buff_protect.effect",
      "area": {
        "effect1": "g1048_15v15_flag_aera_red.effect",
        "effect2": "g1048_15v15_flag_aera_blue.effect"
      },
      "respawnPos": {
        "x": 366.5,
        "y": 48,
        "z": 418.5,
        "yaw": 0
      },
      "flag": {
        "actorName": "g1048_flag_15v15.actor",
        "actorPos": {
          "x": 362.5,
          "y": 36,
          "z": 461.5
        },
        "actorYaw": 0,
        "icon": "set:flag_war.json image:g1048_flag_",
        "canvas": {
          "effect0": "g1048_15v15_flag_white.effect",
          "effect1": "g1048_15v15_flag_red.effect",
          "effect2": "g1048_15v15_flag_blue.effect",
          "yaw": 90,
          "floorPos": {
            "x": 362.5,
            "y": 36.7,
            "z": 461.5
          },
          "topPos": {
            "x": 362.5,
            "y": 41.5,
            "z": 461.5
          }
        },
        "range": 5.5,
        "riseTime": 5,
        "fallTime": 5,
        "riseScore": 20,
        "fallScore": 10,
        "riseTip": "g1068_rise_tip_05",
        "fallTip": "g1068_fall_tip_05",
        "buff": {
          "actorName": "g1048_15v15_buff_03.actor",
          "actorPos": {
            "x": 358.5,
            "y": 39,
            "z": 449.5
          },
          "actorYaw": 0,
          "buffId": 9204,
          "onGetTip": "g1068_get_buff_05"
        }
      }
    }
  ]
}