{"frames": {

"help_01":
{
	"frame": {"x":0,"y":0,"w":807,"h":349},
	"offset": {"x":0,"y":0,"w":807,"h":349},
	"sourceSize": {"w":807,"h":349}
},
"help_02":
{
	"frame": {"x":807,"y":0,"w":807,"h":349},
	"offset": {"x":0,"y":0,"w":807,"h":349},
	"sourceSize": {"w":807,"h":349}
},
"help_03":
{
	"frame": {"x":0,"y":349,"w":807,"h":349},
	"offset": {"x":0,"y":0,"w":807,"h":349},
	"sourceSize": {"w":807,"h":349}
},
"help_04":
{
	"frame": {"x":807,"y":349,"w":807,"h":349},
	"offset": {"x":0,"y":0,"w":807,"h":349},
	"sourceSize": {"w":807,"h":349}
},
"help_05":
{
	"frame": {"x":0,"y":698,"w":807,"h":349},
	"offset": {"x":0,"y":0,"w":807,"h":349},
	"sourceSize": {"w":807,"h":349}
},
"help_06":
{
	"frame": {"x":807,"y":698,"w":807,"h":349},
	"offset": {"x":0,"y":0,"w":807,"h":349},
	"sourceSize": {"w":807,"h":349}
},
"help_07":
{
	"frame": {"x":0,"y":1047,"w":807,"h":349},
	"offset": {"x":0,"y":0,"w":807,"h":349},
	"sourceSize": {"w":807,"h":349}
}},
"meta": {
	"app": "https://www.codeandweb.com/texturepacker",
	"version": "1.0",
	"image": "help_icon.png",
	"format": "RGBA8888",
	"size": {"w":2048,"h":2048},
	"scale": "1"
}
}
