{
    "frames": {
        "minimapImage": {
            "frame": {
                "y": 0, 
                "x": 0, 
                "w": 601, 
                "h": 601
            }, 
            "offset": {
                "y": 0, 
                "x": 0, 
                "w": 601, 
                "h": 601
            }, 
            "pivot": {
                "y": 0.5, 
                "x": 0.5
            }, 
            "sourceSize": {
                "h": 601, 
                "w": 601
            }
        }
    }, 
    "meta": {
        "scale": "1", 
        "format": "RGBA8888", 
        "app": "http://www.codeandweb.com/texturepacker", 
        "version": "1.0", 
        "type": "frame", 
        "image": "minimapImage.png", 
        "size": {
            "h": 601, 
            "w": 601
        }
    }
}