{"frames": {

"100001_wheat":
{
	"frame": {"x":800,"y":743,"w":100,"h":100},
	"offset": {"x":0,"y":0,"w":100,"h":100},
	"sourceSize": {"w":100,"h":100}
},
"100002_corn":
{
	"frame": {"x":1000,"y":743,"w":100,"h":100},
	"offset": {"x":0,"y":0,"w":100,"h":100},
	"sourceSize": {"w":100,"h":100}
},
"100003_carrots":
{
	"frame": {"x":1300,"y":743,"w":100,"h":100},
	"offset": {"x":0,"y":0,"w":100,"h":100},
	"sourceSize": {"w":100,"h":100}
},
"100004_sugar_cane":
{
	"frame": {"x":1100,"y":743,"w":100,"h":100},
	"offset": {"x":0,"y":0,"w":100,"h":100},
	"sourceSize": {"w":100,"h":100}
},
"100005_cotton":
{
	"frame": {"x":1200,"y":743,"w":100,"h":100},
	"offset": {"x":0,"y":0,"w":100,"h":100},
	"sourceSize": {"w":100,"h":100}
},
"100006_strawberry":
{
	"frame": {"x":900,"y":743,"w":100,"h":100},
	"offset": {"x":0,"y":0,"w":100,"h":100},
	"sourceSize": {"w":100,"h":100}
},
"100007_tomato":
{
	"frame": {"x":700,"y":743,"w":100,"h":100},
	"offset": {"x":0,"y":0,"w":100,"h":100},
	"sourceSize": {"w":100,"h":100}
},
"100008_pine":
{
	"frame": {"x":100,"y":743,"w":100,"h":100},
	"offset": {"x":0,"y":0,"w":100,"h":100},
	"sourceSize": {"w":100,"h":100}
},
"100009_potatoes":
{
	"frame": {"x":300,"y":743,"w":100,"h":100},
	"offset": {"x":0,"y":0,"w":100,"h":100},
	"sourceSize": {"w":100,"h":100}
},
"100010_cocoa_beans":
{
	"frame": {"x":600,"y":743,"w":100,"h":100},
	"offset": {"x":0,"y":0,"w":100,"h":100},
	"sourceSize": {"w":100,"h":100}
},
"100011_rubber_wood":
{
	"frame": {"x":400,"y":743,"w":100,"h":100},
	"offset": {"x":0,"y":0,"w":100,"h":100},
	"sourceSize": {"w":100,"h":100}
},
"100012_silk":
{
	"frame": {"x":500,"y":743,"w":100,"h":100},
	"offset": {"x":0,"y":0,"w":100,"h":100},
	"sourceSize": {"w":100,"h":100}
},
"100013_chili":
{
	"frame": {"x":1400,"y":743,"w":101,"h":100},
	"offset": {"x":0,"y":0,"w":101,"h":100},
	"sourceSize": {"w":101,"h":100}
},
"100014_rice":
{
	"frame": {"x":205,"y":1045,"w":112,"h":103},
	"offset": {"x":0,"y":0,"w":112,"h":103},
	"sourceSize": {"w":112,"h":103}
},
"100015_the_rose":
{
	"frame": {"x":1205,"y":1045,"w":106,"h":106},
	"offset": {"x":0,"y":0,"w":106,"h":106},
	"sourceSize": {"w":106,"h":106}
},
"100016_jasmine":
{
	"frame": {"x":186,"y":1152,"w":113,"h":109},
	"offset": {"x":0,"y":0,"w":113,"h":109},
	"sourceSize": {"w":113,"h":109}
},
"100017_coffee_beans":
{
	"frame": {"x":948,"y":0,"w":67,"h":53},
	"offset": {"x":0,"y":0,"w":67,"h":53},
	"sourceSize": {"w":67,"h":53}
},
"101001_milk":
{
	"frame": {"x":1601,"y":743,"w":100,"h":100},
	"offset": {"x":0,"y":0,"w":100,"h":100},
	"sourceSize": {"w":100,"h":100}
},
"101002_eggs":
{
	"frame": {"x":200,"y":843,"w":100,"h":100},
	"offset": {"x":0,"y":0,"w":100,"h":100},
	"sourceSize": {"w":100,"h":100}
},
"101003_wool":
{
	"frame": {"x":400,"y":843,"w":100,"h":100},
	"offset": {"x":0,"y":0,"w":100,"h":100},
	"sourceSize": {"w":100,"h":100}
},
"101004_honey":
{
	"frame": {"x":700,"y":843,"w":100,"h":100},
	"offset": {"x":0,"y":0,"w":100,"h":100},
	"sourceSize": {"w":100,"h":100}
},
"101005_bacon":
{
	"frame": {"x":1204,"y":245,"w":114,"h":95},
	"offset": {"x":0,"y":0,"w":114,"h":95},
	"sourceSize": {"w":114,"h":95}
},
"101006_villi":
{
	"frame": {"x":1015,"y":0,"w":72,"h":56},
	"offset": {"x":0,"y":0,"w":72,"h":56},
	"sourceSize": {"w":72,"h":56}
},
"101007_feather":
{
	"frame": {"x":1307,"y":0,"w":48,"h":62},
	"offset": {"x":0,"y":0,"w":48,"h":62},
	"sourceSize": {"w":48,"h":62}
},
"101101_cattle_feed":
{
	"frame": {"x":500,"y":843,"w":100,"h":100},
	"offset": {"x":0,"y":0,"w":100,"h":100},
	"sourceSize": {"w":100,"h":100}
},
"101102_chicken_feed":
{
	"frame": {"x":600,"y":843,"w":100,"h":100},
	"offset": {"x":0,"y":0,"w":100,"h":100},
	"sourceSize": {"w":100,"h":100}
},
"101103_sheep_feed":
{
	"frame": {"x":300,"y":843,"w":100,"h":100},
	"offset": {"x":0,"y":0,"w":100,"h":100},
	"sourceSize": {"w":100,"h":100}
},
"101104_bees_feed":
{
	"frame": {"x":100,"y":843,"w":100,"h":100},
	"offset": {"x":0,"y":0,"w":100,"h":100},
	"sourceSize": {"w":100,"h":100}
},
"101105_pig_feed":
{
	"frame": {"x":1501,"y":743,"w":100,"h":100},
	"offset": {"x":0,"y":0,"w":100,"h":100},
	"sourceSize": {"w":100,"h":100}
},
"101201_bread":
{
	"frame": {"x":1701,"y":743,"w":100,"h":100},
	"offset": {"x":0,"y":0,"w":100,"h":100},
	"sourceSize": {"w":100,"h":100}
},
"101202_cookies":
{
	"frame": {"x":0,"y":843,"w":100,"h":100},
	"offset": {"x":0,"y":0,"w":100,"h":100},
	"sourceSize": {"w":100,"h":100}
},
"101203_bagel":
{
	"frame": {"x":1801,"y":743,"w":100,"h":100},
	"offset": {"x":0,"y":0,"w":100,"h":100},
	"sourceSize": {"w":100,"h":100}
},
"101204_pizza":
{
	"frame": {"x":1901,"y":743,"w":100,"h":100},
	"offset": {"x":0,"y":0,"w":100,"h":100},
	"sourceSize": {"w":100,"h":100}
},
"101205_package":
{
	"frame": {"x":200,"y":743,"w":100,"h":100},
	"offset": {"x":0,"y":0,"w":100,"h":100},
	"sourceSize": {"w":100,"h":100}
},
"101206_banana_bread":
{
	"frame": {"x":317,"y":1045,"w":110,"h":103},
	"offset": {"x":0,"y":0,"w":110,"h":103},
	"sourceSize": {"w":110,"h":103}
},
"101207_seafood_pizza":
{
	"frame": {"x":979,"y":155,"w":107,"h":88},
	"offset": {"x":0,"y":0,"w":107,"h":88},
	"sourceSize": {"w":107,"h":88}
},
"101301_cream":
{
	"frame": {"x":0,"y":743,"w":100,"h":100},
	"offset": {"x":0,"y":0,"w":100,"h":100},
	"sourceSize": {"w":100,"h":100}
},
"101302_cheese":
{
	"frame": {"x":0,"y":643,"w":100,"h":100},
	"offset": {"x":0,"y":0,"w":100,"h":100},
	"sourceSize": {"w":100,"h":100}
},
"101303_butter":
{
	"frame": {"x":200,"y":643,"w":100,"h":100},
	"offset": {"x":0,"y":0,"w":100,"h":100},
	"sourceSize": {"w":100,"h":100}
},
"101304_yogurt":
{
	"frame": {"x":500,"y":643,"w":100,"h":100},
	"offset": {"x":0,"y":0,"w":100,"h":100},
	"sourceSize": {"w":100,"h":100}
},
"101305_yellow_peach_yogurt":
{
	"frame": {"x":989,"y":245,"w":107,"h":94},
	"offset": {"x":0,"y":0,"w":107,"h":94},
	"sourceSize": {"w":107,"h":94}
},
"101401_sugar":
{
	"frame": {"x":300,"y":643,"w":100,"h":100},
	"offset": {"x":0,"y":0,"w":100,"h":100},
	"sourceSize": {"w":100,"h":100}
},
"101402_syrup":
{
	"frame": {"x":400,"y":643,"w":100,"h":100},
	"offset": {"x":0,"y":0,"w":100,"h":100},
	"sourceSize": {"w":100,"h":100}
},
"101403_caramel":
{
	"frame": {"x":100,"y":643,"w":100,"h":100},
	"offset": {"x":0,"y":0,"w":100,"h":100},
	"sourceSize": {"w":100,"h":100}
},
"101404_honey_caramel":
{
	"frame": {"x":1900,"y":543,"w":100,"h":100},
	"offset": {"x":0,"y":0,"w":100,"h":100},
	"sourceSize": {"w":100,"h":100}
},
"101501_cotton_cloth":
{
	"frame": {"x":1300,"y":543,"w":100,"h":100},
	"offset": {"x":0,"y":0,"w":100,"h":100},
	"sourceSize": {"w":100,"h":100}
},
"101502_wool":
{
	"frame": {"x":1500,"y":543,"w":100,"h":100},
	"offset": {"x":0,"y":0,"w":100,"h":100},
	"sourceSize": {"w":100,"h":100}
},
"101503_silk_fabric":
{
	"frame": {"x":1800,"y":543,"w":100,"h":100},
	"offset": {"x":0,"y":0,"w":100,"h":100},
	"sourceSize": {"w":100,"h":100}
},
"101504_shirt":
{
	"frame": {"x":800,"y":843,"w":100,"h":100},
	"offset": {"x":0,"y":0,"w":100,"h":100},
	"sourceSize": {"w":100,"h":100}
},
"101505_sweater":
{
	"frame": {"x":1600,"y":543,"w":100,"h":100},
	"offset": {"x":0,"y":0,"w":100,"h":100},
	"sourceSize": {"w":100,"h":100}
},
"101506_coat":
{
	"frame": {"x":0,"y":1045,"w":100,"h":102},
	"offset": {"x":0,"y":0,"w":100,"h":102},
	"sourceSize": {"w":100,"h":102}
},
"101507_hat":
{
	"frame": {"x":1700,"y":543,"w":100,"h":100},
	"offset": {"x":0,"y":0,"w":100,"h":100},
	"sourceSize": {"w":100,"h":100}
},
"101508_dress":
{
	"frame": {"x":600,"y":643,"w":100,"h":100},
	"offset": {"x":0,"y":0,"w":100,"h":100},
	"sourceSize": {"w":100,"h":100}
},
"101509_suit":
{
	"frame": {"x":800,"y":643,"w":100,"h":100},
	"offset": {"x":0,"y":0,"w":100,"h":100},
	"sourceSize": {"w":100,"h":100}
},
"101510_a_hat,":
{
	"frame": {"x":1226,"y":0,"w":81,"h":60},
	"offset": {"x":0,"y":0,"w":81,"h":60},
	"sourceSize": {"w":81,"h":60}
},
"101601_popcorn":
{
	"frame": {"x":1400,"y":643,"w":100,"h":100},
	"offset": {"x":0,"y":0,"w":100,"h":100},
	"sourceSize": {"w":100,"h":100}
},
"101602_corn_flakes":
{
	"frame": {"x":1600,"y":643,"w":100,"h":100},
	"offset": {"x":0,"y":0,"w":100,"h":100},
	"sourceSize": {"w":100,"h":100}
},
"101603_strawberry_wafer":
{
	"frame": {"x":1900,"y":643,"w":100,"h":100},
	"offset": {"x":0,"y":0,"w":100,"h":100},
	"sourceSize": {"w":100,"h":100}
},
"101604_potato_chips":
{
	"frame": {"x":1700,"y":643,"w":100,"h":100},
	"offset": {"x":0,"y":0,"w":100,"h":100},
	"sourceSize": {"w":100,"h":100}
},
"101605_side_dishes":
{
	"frame": {"x":1800,"y":643,"w":100,"h":100},
	"offset": {"x":0,"y":0,"w":100,"h":100},
	"sourceSize": {"w":100,"h":100}
},
"101606_caramel_bacon":
{
	"frame": {"x":1872,"y":0,"w":107,"h":71},
	"offset": {"x":0,"y":0,"w":107,"h":71},
	"sourceSize": {"w":107,"h":71}
},
"101607_meters_flower_sugar":
{
	"frame": {"x":100,"y":1045,"w":105,"h":102},
	"offset": {"x":0,"y":0,"w":105,"h":102},
	"sourceSize": {"w":105,"h":102}
},
"101701_a_milkshake":
{
	"frame": {"x":1500,"y":643,"w":100,"h":100},
	"offset": {"x":0,"y":0,"w":100,"h":100},
	"sourceSize": {"w":100,"h":100}
},
"101702_cheeseburger":
{
	"frame": {"x":1300,"y":643,"w":100,"h":100},
	"offset": {"x":0,"y":0,"w":100,"h":100},
	"sourceSize": {"w":100,"h":100}
},
"101703_sandwich":
{
	"frame": {"x":700,"y":643,"w":100,"h":100},
	"offset": {"x":0,"y":0,"w":100,"h":100},
	"sourceSize": {"w":100,"h":100}
},
"101704_french_fries":
{
	"frame": {"x":900,"y":643,"w":100,"h":100},
	"offset": {"x":0,"y":0,"w":100,"h":100},
	"sourceSize": {"w":100,"h":100}
},
"101705_a_baked_potato":
{
	"frame": {"x":1194,"y":155,"w":111,"h":88},
	"offset": {"x":0,"y":0,"w":111,"h":88},
	"sourceSize": {"w":111,"h":88}
},
"101706_a_fish_burger":
{
	"frame": {"x":202,"y":245,"w":117,"h":92},
	"offset": {"x":0,"y":0,"w":117,"h":92},
	"sourceSize": {"w":117,"h":92}
},
"101707_fish_and_chips":
{
	"frame": {"x":1419,"y":245,"w":113,"h":96},
	"offset": {"x":0,"y":0,"w":113,"h":96},
	"sourceSize": {"w":113,"h":96}
},
"101801_paper":
{
	"frame": {"x":1200,"y":643,"w":100,"h":100},
	"offset": {"x":0,"y":0,"w":100,"h":100},
	"sourceSize": {"w":100,"h":100}
},
"101802_a_paper_towel":
{
	"frame": {"x":1000,"y":643,"w":100,"h":100},
	"offset": {"x":0,"y":0,"w":100,"h":100},
	"sourceSize": {"w":100,"h":100}
},
"101803_the_wallpaper":
{
	"frame": {"x":1100,"y":643,"w":100,"h":100},
	"offset": {"x":0,"y":0,"w":100,"h":100},
	"sourceSize": {"w":100,"h":100}
},
"101804_books":
{
	"frame": {"x":702,"y":245,"w":97,"h":93},
	"offset": {"x":0,"y":0,"w":97,"h":93},
	"sourceSize": {"w":97,"h":93}
},
"101901_ice_cream":
{
	"frame": {"x":1400,"y":543,"w":100,"h":100},
	"offset": {"x":0,"y":0,"w":100,"h":100},
	"sourceSize": {"w":100,"h":100}
},
"101902_popsicle":
{
	"frame": {"x":600,"y":943,"w":100,"h":100},
	"offset": {"x":0,"y":0,"w":100,"h":100},
	"sourceSize": {"w":100,"h":100}
},
"101903_frozen_yogurt":
{
	"frame": {"x":1300,"y":943,"w":100,"h":100},
	"offset": {"x":0,"y":0,"w":100,"h":100},
	"sourceSize": {"w":100,"h":100}
},
"101904_purple_ice_cream":
{
	"frame": {"x":1600,"y":943,"w":100,"h":100},
	"offset": {"x":0,"y":0,"w":100,"h":100},
	"sourceSize": {"w":100,"h":100}
},
"101905_pineapple_smoothies":
{
	"frame": {"x":1311,"y":1045,"w":100,"h":106},
	"offset": {"x":0,"y":0,"w":100,"h":106},
	"sourceSize": {"w":100,"h":106}
},
"101906_rose_ice_water":
{
	"frame": {"x":553,"y":1152,"w":95,"h":114},
	"offset": {"x":0,"y":0,"w":95,"h":114},
	"sourceSize": {"w":95,"h":114}
},
"102001_taste_the_cake":
{
	"frame": {"x":1200,"y":943,"w":100,"h":100},
	"offset": {"x":0,"y":0,"w":100,"h":100},
	"sourceSize": {"w":100,"h":100}
},
"102002_cocoa_cake":
{
	"frame": {"x":1000,"y":943,"w":100,"h":100},
	"offset": {"x":0,"y":0,"w":100,"h":100},
	"sourceSize": {"w":100,"h":100}
},
"102003_cake_cake":
{
	"frame": {"x":1100,"y":943,"w":100,"h":100},
	"offset": {"x":0,"y":0,"w":100,"h":100},
	"sourceSize": {"w":100,"h":100}
},
"102004_donuts":
{
	"frame": {"x":900,"y":943,"w":100,"h":100},
	"offset": {"x":0,"y":0,"w":100,"h":100},
	"sourceSize": {"w":100,"h":100}
},
"102005_cheese_cake":
{
	"frame": {"x":700,"y":943,"w":100,"h":100},
	"offset": {"x":0,"y":0,"w":100,"h":100},
	"sourceSize": {"w":100,"h":100}
},
"102006_honey_ginger_bread":
{
	"frame": {"x":800,"y":943,"w":100,"h":100},
	"offset": {"x":0,"y":0,"w":100,"h":100},
	"sourceSize": {"w":100,"h":100}
},
"102007_key_lime_pie":
{
	"frame": {"x":1291,"y":71,"w":111,"h":83},
	"offset": {"x":0,"y":0,"w":111,"h":83},
	"sourceSize": {"w":111,"h":83}
},
"102008_coconut_cake":
{
	"frame": {"x":539,"y":1045,"w":107,"h":104},
	"offset": {"x":0,"y":0,"w":107,"h":104},
	"sourceSize": {"w":107,"h":104}
},
"102101_strawberry_jam":
{
	"frame": {"x":1400,"y":943,"w":100,"h":100},
	"offset": {"x":0,"y":0,"w":100,"h":100},
	"sourceSize": {"w":100,"h":100}
},
"102102_yellow_peach_jam":
{
	"frame": {"x":1500,"y":943,"w":100,"h":100},
	"offset": {"x":0,"y":0,"w":100,"h":100},
	"sourceSize": {"w":100,"h":100}
},
"102103_watermelon_sauce":
{
	"frame": {"x":1100,"y":843,"w":100,"h":100},
	"offset": {"x":0,"y":0,"w":100,"h":100},
	"sourceSize": {"w":100,"h":100}
},
"102104_plum_sauce":
{
	"frame": {"x":1400,"y":843,"w":100,"h":100},
	"offset": {"x":0,"y":0,"w":100,"h":100},
	"sourceSize": {"w":100,"h":100}
},
"102105_grape_jam":
{
	"frame": {"x":1600,"y":843,"w":100,"h":100},
	"offset": {"x":0,"y":0,"w":100,"h":100},
	"sourceSize": {"w":100,"h":100}
},
"102106_rose_sauce":
{
	"frame": {"x":1411,"y":1045,"w":108,"h":106},
	"offset": {"x":0,"y":0,"w":108,"h":106},
	"sourceSize": {"w":108,"h":106}
},
"102201_rubber":
{
	"frame": {"x":1500,"y":843,"w":100,"h":100},
	"offset": {"x":0,"y":0,"w":100,"h":100},
	"sourceSize": {"w":100,"h":100}
},
"102202_plastic":
{
	"frame": {"x":1300,"y":843,"w":100,"h":100},
	"offset": {"x":0,"y":0,"w":100,"h":100},
	"sourceSize": {"w":100,"h":100}
},
"102203_glue":
{
	"frame": {"x":1200,"y":843,"w":100,"h":100},
	"offset": {"x":0,"y":0,"w":100,"h":100},
	"sourceSize": {"w":100,"h":100}
},
"102301_plastic_bottles":
{
	"frame": {"x":1000,"y":843,"w":100,"h":100},
	"offset": {"x":0,"y":0,"w":100,"h":100},
	"sourceSize": {"w":100,"h":100}
},
"102302_toy_car":
{
	"frame": {"x":900,"y":843,"w":100,"h":100},
	"offset": {"x":0,"y":0,"w":100,"h":100},
	"sourceSize": {"w":100,"h":100}
},
"102303_plastic_ball":
{
	"frame": {"x":1700,"y":843,"w":100,"h":100},
	"offset": {"x":0,"y":0,"w":100,"h":100},
	"sourceSize": {"w":100,"h":100}
},
"102304_kayaks":
{
	"frame": {"x":0,"y":943,"w":100,"h":100},
	"offset": {"x":0,"y":0,"w":100,"h":100},
	"sourceSize": {"w":100,"h":100}
},
"102305_badminton":
{
	"frame": {"x":368,"y":71,"w":81,"h":77},
	"offset": {"x":0,"y":0,"w":81,"h":77},
	"sourceSize": {"w":81,"h":77}
},
"102306_silly_putty":
{
	"frame": {"x":1730,"y":0,"w":73,"h":68},
	"offset": {"x":0,"y":0,"w":73,"h":68},
	"sourceSize": {"w":73,"h":68}
},
"102401_jelly_beans":
{
	"frame": {"x":300,"y":943,"w":100,"h":100},
	"offset": {"x":0,"y":0,"w":100,"h":100},
	"sourceSize": {"w":100,"h":100}
},
"102402_toffee":
{
	"frame": {"x":500,"y":943,"w":100,"h":100},
	"offset": {"x":0,"y":0,"w":100,"h":100},
	"sourceSize": {"w":100,"h":100}
},
"102403_lollipop":
{
	"frame": {"x":899,"y":245,"w":90,"h":94},
	"offset": {"x":0,"y":0,"w":90,"h":94},
	"sourceSize": {"w":90,"h":94}
},
"102404_chocolate":
{
	"frame": {"x":266,"y":71,"w":102,"h":76},
	"offset": {"x":0,"y":0,"w":102,"h":76},
	"sourceSize": {"w":102,"h":76}
},
"102405_lollipop":
{
	"frame": {"x":100,"y":343,"w":98,"h":99},
	"offset": {"x":0,"y":0,"w":98,"h":99},
	"sourceSize": {"w":98,"h":99}
},
"102406_honey_sugar_pills":
{
	"frame": {"x":1427,"y":0,"w":106,"h":65},
	"offset": {"x":0,"y":0,"w":106,"h":65},
	"sourceSize": {"w":106,"h":65}
},
"102407_the_jelly_of_fruit":
{
	"frame": {"x":1793,"y":71,"w":112,"h":84},
	"offset": {"x":0,"y":0,"w":112,"h":84},
	"sourceSize": {"w":112,"h":84}
},
"102501_chili_sauce":
{
	"frame": {"x":299,"y":1152,"w":59,"h":109},
	"offset": {"x":0,"y":0,"w":59,"h":109},
	"sourceSize": {"w":59,"h":109}
},
"102502_burrito":
{
	"frame": {"x":1089,"y":1045,"w":116,"h":105},
	"offset": {"x":0,"y":0,"w":116,"h":105},
	"sourceSize": {"w":116,"h":105}
},
"102503_spicy_corn_flakes":
{
	"frame": {"x":286,"y":155,"w":116,"h":84},
	"offset": {"x":0,"y":0,"w":116,"h":84},
	"sourceSize": {"w":116,"h":84}
},
"102504_taco":
{
	"frame": {"x":1318,"y":245,"w":101,"h":96},
	"offset": {"x":0,"y":0,"w":101,"h":96},
	"sourceSize": {"w":101,"h":96}
},
"102505_hot_bacon_volume":
{
	"frame": {"x":1799,"y":943,"w":105,"h":101},
	"offset": {"x":0,"y":0,"w":105,"h":101},
	"sourceSize": {"w":105,"h":101}
},
"102506_cold_dishes":
{
	"frame": {"x":82,"y":71,"w":97,"h":74},
	"offset": {"x":0,"y":0,"w":97,"h":74},
	"sourceSize": {"w":97,"h":74}
},
"102507_corn_soup":
{
	"frame": {"x":751,"y":71,"w":104,"h":78},
	"offset": {"x":0,"y":0,"w":104,"h":78},
	"sourceSize": {"w":104,"h":78}
},
"102508_moller_sauce":
{
	"frame": {"x":358,"y":1152,"w":46,"h":112},
	"offset": {"x":0,"y":0,"w":46,"h":112},
	"sourceSize": {"w":46,"h":112}
},
"102601_the_table":
{
	"frame": {"x":1532,"y":245,"w":107,"h":97},
	"offset": {"x":0,"y":0,"w":107,"h":97},
	"sourceSize": {"w":107,"h":97}
},
"102602_the_chair":
{
	"frame": {"x":104,"y":1152,"w":82,"h":108},
	"offset": {"x":0,"y":0,"w":82,"h":108},
	"sourceSize": {"w":82,"h":108}
},
"102603_the_sofa":
{
	"frame": {"x":0,"y":245,"w":101,"h":90},
	"offset": {"x":0,"y":0,"w":101,"h":90},
	"sourceSize": {"w":101,"h":90}
},
"102604_wooden_bed":
{
	"frame": {"x":0,"y":343,"w":100,"h":99},
	"offset": {"x":0,"y":0,"w":100,"h":99},
	"sourceSize": {"w":100,"h":99}
},
"102605_floor_lamp":
{
	"frame": {"x":1945,"y":1045,"w":88,"h":107},
	"offset": {"x":0,"y":0,"w":88,"h":107},
	"sourceSize": {"w":88,"h":107}
},
"102701_flip_flops":
{
	"frame": {"x":1586,"y":155,"w":106,"h":89},
	"offset": {"x":0,"y":0,"w":106,"h":89},
	"sourceSize": {"w":106,"h":89}
},
"102702_sports_shoes":
{
	"frame": {"x":1086,"y":155,"w":108,"h":88},
	"offset": {"x":0,"y":0,"w":108,"h":88},
	"sourceSize": {"w":108,"h":88}
},
"102703_boots":
{
	"frame": {"x":1096,"y":245,"w":108,"h":95},
	"offset": {"x":0,"y":0,"w":108,"h":95},
	"sourceSize": {"w":108,"h":95}
},
"102704_high_heels":
{
	"frame": {"x":198,"y":343,"w":104,"h":99},
	"offset": {"x":0,"y":0,"w":104,"h":99},
	"sourceSize": {"w":104,"h":99}
},
"102705_ugg_boots":
{
	"frame": {"x":1658,"y":0,"w":72,"h":67},
	"offset": {"x":0,"y":0,"w":72,"h":67},
	"sourceSize": {"w":72,"h":67}
},
"102801_pendant":
{
	"frame": {"x":1904,"y":943,"w":99,"h":102},
	"offset": {"x":0,"y":0,"w":99,"h":102},
	"sourceSize": {"w":99,"h":102}
},
"102802_happiness_ring":
{
	"frame": {"x":1736,"y":245,"w":93,"h":97},
	"offset": {"x":0,"y":0,"w":93,"h":97},
	"sourceSize": {"w":93,"h":97}
},
"102803_earrings":
{
	"frame": {"x":1589,"y":1045,"w":109,"h":107},
	"offset": {"x":0,"y":0,"w":109,"h":107},
	"sourceSize": {"w":109,"h":107}
},
"102804_princess":
{
	"frame": {"x":984,"y":1045,"w":105,"h":105},
	"offset": {"x":0,"y":0,"w":105,"h":105},
	"sourceSize": {"w":105,"h":105}
},
"102805_feather_earrings":
{
	"frame": {"x":1598,"y":0,"w":60,"h":66},
	"offset": {"x":0,"y":0,"w":60,"h":66},
	"sourceSize": {"w":60,"h":66}
},
"102901_small_volume_of_sushi":
{
	"frame": {"x":855,"y":71,"w":111,"h":81},
	"offset": {"x":0,"y":0,"w":111,"h":81},
	"sourceSize": {"w":111,"h":81}
},
"102902_lobster_sushi":
{
	"frame": {"x":1087,"y":0,"w":67,"h":58},
	"offset": {"x":0,"y":0,"w":67,"h":58},
	"sourceSize": {"w":67,"h":58}
},
"102903_coconut_milk_soup":
{
	"frame": {"x":742,"y":0,"w":68,"h":50},
	"offset": {"x":0,"y":0,"w":68,"h":50},
	"sourceSize": {"w":68,"h":50}
},
"102904_seafood_over_rice":
{
	"frame": {"x":319,"y":245,"w":105,"h":93},
	"offset": {"x":0,"y":0,"w":105,"h":93},
	"sourceSize": {"w":105,"h":93}
},
"102905_charcoal_burning":
{
	"frame": {"x":554,"y":71,"w":119,"h":78},
	"offset": {"x":0,"y":0,"w":119,"h":78},
	"sourceSize": {"w":119,"h":78}
},
"103001_quiche":
{
	"frame": {"x":1598,"y":71,"w":116,"h":84},
	"offset": {"x":0,"y":0,"w":116,"h":84},
	"sourceSize": {"w":116,"h":84}
},
"103002_grilled_lobster":
{
	"frame": {"x":0,"y":155,"w":116,"h":84},
	"offset": {"x":0,"y":0,"w":116,"h":84},
	"sourceSize": {"w":116,"h":84}
},
"103003_bacon_and_eggs":
{
	"frame": {"x":1065,"y":71,"w":113,"h":82},
	"offset": {"x":0,"y":0,"w":113,"h":82},
	"sourceSize": {"w":113,"h":82}
},
"103004_fried_fish":
{
	"frame": {"x":589,"y":155,"w":119,"h":85},
	"offset": {"x":0,"y":0,"w":119,"h":85},
	"sourceSize": {"w":119,"h":85}
},
"103005_clay_pot":
{
	"frame": {"x":1791,"y":155,"w":109,"h":90},
	"offset": {"x":0,"y":0,"w":109,"h":90},
	"sourceSize": {"w":109,"h":90}
},
"103006_honeydew_muffin":
{
	"frame": {"x":708,"y":155,"w":103,"h":86},
	"offset": {"x":0,"y":0,"w":103,"h":86},
	"sourceSize": {"w":103,"h":86}
},
"103007_shrimp_package":
{
	"frame": {"x":882,"y":0,"w":66,"h":53},
	"offset": {"x":0,"y":0,"w":66,"h":53},
	"sourceSize": {"w":66,"h":53}
},
"103101_scented_candles":
{
	"frame": {"x":1698,"y":1045,"w":94,"h":107},
	"offset": {"x":0,"y":0,"w":94,"h":107},
	"sourceSize": {"w":94,"h":107}
},
"103102_perfume":
{
	"frame": {"x":1829,"y":245,"w":108,"h":98},
	"offset": {"x":0,"y":0,"w":108,"h":98},
	"sourceSize": {"w":108,"h":98}
},
"103103_agent":
{
	"frame": {"x":646,"y":1045,"w":49,"h":104},
	"offset": {"x":0,"y":0,"w":49,"h":104},
	"sourceSize": {"w":49,"h":104}
},
"103104_soap":
{
	"frame": {"x":449,"y":71,"w":105,"h":78},
	"offset": {"x":0,"y":0,"w":105,"h":78},
	"sourceSize": {"w":105,"h":78}
},
"103105_jasmine_essential_oil":
{
	"frame": {"x":1792,"y":1045,"w":62,"h":107},
	"offset": {"x":0,"y":0,"w":62,"h":107},
	"sourceSize": {"w":62,"h":107}
},
"103106_detergent":
{
	"frame": {"x":648,"y":1152,"w":62,"h":114},
	"offset": {"x":0,"y":0,"w":62,"h":114},
	"sourceSize": {"w":62,"h":114}
},
"103201_cocktail":
{
	"frame": {"x":495,"y":1152,"w":58,"h":114},
	"offset": {"x":0,"y":0,"w":58,"h":114},
	"sourceSize": {"w":58,"h":114}
},
"103202_grape_beverage":
{
	"frame": {"x":1519,"y":1045,"w":70,"h":107},
	"offset": {"x":0,"y":0,"w":70,"h":107},
	"sourceSize": {"w":70,"h":107}
},
"103203_cocoa_smoothies":
{
	"frame": {"x":777,"y":1152,"w":90,"h":118},
	"offset": {"x":0,"y":0,"w":90,"h":118},
	"sourceSize": {"w":90,"h":118}
},
"103204_watermelon_juice":
{
	"frame": {"x":0,"y":1152,"w":104,"h":108},
	"offset": {"x":0,"y":0,"w":104,"h":108},
	"sourceSize": {"w":104,"h":108}
},
"103205_ice_tea":
{
	"frame": {"x":404,"y":1152,"w":91,"h":113},
	"offset": {"x":0,"y":0,"w":91,"h":113},
	"sourceSize": {"w":91,"h":113}
},
"103206_tropical_fruit_drinks":
{
	"frame": {"x":710,"y":1152,"w":67,"h":117},
	"offset": {"x":0,"y":0,"w":67,"h":117},
	"sourceSize": {"w":67,"h":117}
},
"103301_a_hot_dog":
{
	"frame": {"x":1154,"y":0,"w":72,"h":58},
	"offset": {"x":0,"y":0,"w":72,"h":58},
	"sourceSize": {"w":72,"h":58}
},
"103302_corn_dog":
{
	"frame": {"x":0,"y":71,"w":82,"h":71},
	"offset": {"x":0,"y":0,"w":82,"h":71},
	"sourceSize": {"w":82,"h":71}
},
"103303_kony_hot_dogs":
{
	"frame": {"x":810,"y":0,"w":72,"h":52},
	"offset": {"x":0,"y":0,"w":72,"h":52},
	"sourceSize": {"w":72,"h":52}
},
"103401_strong_coffee":
{
	"frame": {"x":1355,"y":0,"w":72,"h":64},
	"offset": {"x":0,"y":0,"w":72,"h":64},
	"sourceSize": {"w":72,"h":64}
},
"103402_cappuccino":
{
	"frame": {"x":1905,"y":71,"w":95,"h":84},
	"offset": {"x":0,"y":0,"w":95,"h":84},
	"sourceSize": {"w":95,"h":84}
},
"103403_mocha":
{
	"frame": {"x":695,"y":1045,"w":89,"h":104},
	"offset": {"x":0,"y":0,"w":89,"h":104},
	"sourceSize": {"w":89,"h":104}
},
"103404_hot_chocolate":
{
	"frame": {"x":1397,"y":155,"w":91,"h":89},
	"offset": {"x":0,"y":0,"w":91,"h":89},
	"sourceSize": {"w":91,"h":89}
},
"103501_the_pillow":
{
	"frame": {"x":966,"y":71,"w":99,"h":82},
	"offset": {"x":0,"y":0,"w":99,"h":82},
	"sourceSize": {"w":99,"h":82}
},
"103502_coat":
{
	"frame": {"x":493,"y":155,"w":96,"h":85},
	"offset": {"x":0,"y":0,"w":96,"h":85},
	"sourceSize": {"w":96,"h":85}
},
"103503_the_quilt":
{
	"frame": {"x":179,"y":71,"w":87,"h":76},
	"offset": {"x":0,"y":0,"w":87,"h":76},
	"sourceSize": {"w":87,"h":76}
},
"103601_puppet":
{
	"frame": {"x":799,"y":245,"w":100,"h":94},
	"offset": {"x":0,"y":0,"w":100,"h":94},
	"sourceSize": {"w":100,"h":94}
},
"103602_porcelain_doll":
{
	"frame": {"x":517,"y":245,"w":87,"h":93},
	"offset": {"x":0,"y":0,"w":87,"h":93},
	"sourceSize": {"w":87,"h":93}
},
"103603_doll":
{
	"frame": {"x":897,"y":1045,"w":87,"h":104},
	"offset": {"x":0,"y":0,"w":87,"h":104},
	"sourceSize": {"w":87,"h":104}
},
"103604_doll":
{
	"frame": {"x":1502,"y":71,"w":96,"h":83},
	"offset": {"x":0,"y":0,"w":96,"h":83},
	"sourceSize": {"w":96,"h":83}
},
"103701_the_cup":
{
	"frame": {"x":887,"y":155,"w":92,"h":87},
	"offset": {"x":0,"y":0,"w":92,"h":87},
	"sourceSize": {"w":92,"h":87}
},
"103702_pan":
{
	"frame": {"x":402,"y":155,"w":91,"h":85},
	"offset": {"x":0,"y":0,"w":91,"h":85},
	"sourceSize": {"w":91,"h":85}
},
"103703_the_teapot":
{
	"frame": {"x":1305,"y":155,"w":92,"h":88},
	"offset": {"x":0,"y":0,"w":92,"h":88},
	"sourceSize": {"w":92,"h":88}
},
"103704_cutlery":
{
	"frame": {"x":424,"y":245,"w":93,"h":93},
	"offset": {"x":0,"y":0,"w":93,"h":93},
	"sourceSize": {"w":93,"h":93}
},
"103801_the_guitar":
{
	"frame": {"x":1488,"y":155,"w":98,"h":89},
	"offset": {"x":0,"y":0,"w":98,"h":89},
	"sourceSize": {"w":98,"h":89}
},
"103802_sachs":
{
	"frame": {"x":1900,"y":155,"w":95,"h":90},
	"offset": {"x":0,"y":0,"w":95,"h":90},
	"sourceSize": {"w":95,"h":90}
},
"103803_small_drum":
{
	"frame": {"x":1714,"y":71,"w":79,"h":84},
	"offset": {"x":0,"y":0,"w":79,"h":84},
	"sourceSize": {"w":79,"h":84}
},
"103804_the_accordion":
{
	"frame": {"x":1402,"y":71,"w":100,"h":83},
	"offset": {"x":0,"y":0,"w":100,"h":83},
	"sourceSize": {"w":100,"h":83}
},
"103805_pipe":
{
	"frame": {"x":1692,"y":155,"w":99,"h":90},
	"offset": {"x":0,"y":0,"w":99,"h":90},
	"sourceSize": {"w":99,"h":90}
},
"103901_copper_ore":
{
	"frame": {"x":502,"y":343,"w":100,"h":100},
	"offset": {"x":0,"y":0,"w":100,"h":100},
	"sourceSize": {"w":100,"h":100}
},
"103902_iron_ore":
{
	"frame": {"x":1403,"y":443,"w":100,"h":100},
	"offset": {"x":0,"y":0,"w":100,"h":100},
	"sourceSize": {"w":100,"h":100}
},
"103903_silver_ore":
{
	"frame": {"x":1603,"y":443,"w":100,"h":100},
	"offset": {"x":0,"y":0,"w":100,"h":100},
	"sourceSize": {"w":100,"h":100}
},
"103904_gold_ore":
{
	"frame": {"x":101,"y":245,"w":101,"h":92},
	"offset": {"x":0,"y":0,"w":101,"h":92},
	"sourceSize": {"w":101,"h":92}
},
"103905_platinum_ore":
{
	"frame": {"x":1937,"y":245,"w":91,"h":98},
	"offset": {"x":0,"y":0,"w":91,"h":98},
	"sourceSize": {"w":91,"h":98}
},
"104001_based_corset":
{
	"frame": {"x":359,"y":0,"w":36,"h":36},
	"offset": {"x":0,"y":0,"w":36,"h":36},
	"sourceSize": {"w":36,"h":36}
},
"104002_based_left_corset":
{
	"frame": {"x":1533,"y":0,"w":65,"h":65},
	"offset": {"x":0,"y":0,"w":65,"h":65},
	"sourceSize": {"w":65,"h":65}
},
"104003_based_right_corset":
{
	"frame": {"x":250,"y":0,"w":35,"h":35},
	"offset": {"x":0,"y":0,"w":35,"h":35},
	"sourceSize": {"w":35,"h":35}
},
"104101_fast_corset":
{
	"frame": {"x":0,"y":0,"w":31,"h":33},
	"offset": {"x":0,"y":0,"w":31,"h":33},
	"sourceSize": {"w":31,"h":33}
},
"104102_fast_left_corset":
{
	"frame": {"x":1803,"y":0,"w":69,"h":69},
	"offset": {"x":0,"y":0,"w":69,"h":69},
	"sourceSize": {"w":69,"h":69}
},
"104103_fast_right_corset":
{
	"frame": {"x":285,"y":0,"w":35,"h":35},
	"offset": {"x":0,"y":0,"w":35,"h":35},
	"sourceSize": {"w":35,"h":35}
},
"104201_High_corset":
{
	"frame": {"x":135,"y":0,"w":40,"h":35},
	"offset": {"x":0,"y":0,"w":40,"h":35},
	"sourceSize": {"w":40,"h":35}
},
"104202_High_left_corset":
{
	"frame": {"x":673,"y":71,"w":78,"h":78},
	"offset": {"x":0,"y":0,"w":78,"h":78},
	"sourceSize": {"w":78,"h":78}
},
"104203_High_right_corset":
{
	"frame": {"x":100,"y":0,"w":35,"h":35},
	"offset": {"x":0,"y":0,"w":35,"h":35},
	"sourceSize": {"w":35,"h":35}
},
"104301_shipment_port":
{
	"frame": {"x":784,"y":1045,"w":113,"h":104},
	"offset": {"x":0,"y":0,"w":113,"h":104},
	"sourceSize": {"w":113,"h":104}
},
"104302_cargo_port":
{
	"frame": {"x":427,"y":1045,"w":112,"h":104},
	"offset": {"x":0,"y":0,"w":112,"h":104},
	"sourceSize": {"w":112,"h":104}
},
"104401_sorting_machine":
{
	"frame": {"x":619,"y":0,"w":83,"h":42},
	"offset": {"x":0,"y":0,"w":83,"h":42},
	"sourceSize": {"w":83,"h":42}
},
"104402_send_entrance":
{
	"frame": {"x":702,"y":0,"w":40,"h":46},
	"offset": {"x":0,"y":0,"w":40,"h":46},
	"sourceSize": {"w":40,"h":46}
},
"104403_transfer_export":
{
	"frame": {"x":811,"y":155,"w":76,"h":87},
	"offset": {"x":0,"y":0,"w":76,"h":87},
	"sourceSize": {"w":76,"h":87}
},
"104501_baby_box":
{
	"frame": {"x":320,"y":0,"w":39,"h":36},
	"offset": {"x":0,"y":0,"w":39,"h":36},
	"sourceSize": {"w":39,"h":36}
},
"104502_medium_box":
{
	"frame": {"x":470,"y":0,"w":34,"h":37},
	"offset": {"x":0,"y":0,"w":34,"h":37},
	"sourceSize": {"w":34,"h":37}
},
"104503_large_box":
{
	"frame": {"x":64,"y":0,"w":36,"h":35},
	"offset": {"x":0,"y":0,"w":36,"h":35},
	"sourceSize": {"w":36,"h":35}
},
"104601_miniature_storage_box":
{
	"frame": {"x":504,"y":0,"w":35,"h":38},
	"offset": {"x":0,"y":0,"w":35,"h":38},
	"sourceSize": {"w":35,"h":38}
},
"104602_medium_storage_box":
{
	"frame": {"x":31,"y":0,"w":33,"h":34},
	"offset": {"x":0,"y":0,"w":33,"h":34},
	"sourceSize": {"w":33,"h":34}
},
"104603_large_storage_box":
{
	"frame": {"x":395,"y":0,"w":37,"h":36},
	"offset": {"x":0,"y":0,"w":37,"h":36},
	"sourceSize": {"w":37,"h":36}
},
"104701_planting_monitor":
{
	"frame": {"x":1350,"y":1452,"w":229,"h":345},
	"offset": {"x":0,"y":0,"w":229,"h":345},
	"sourceSize": {"w":229,"h":345}
},
"104702_automatic_seeder":
{
	"frame": {"x":539,"y":0,"w":40,"h":40},
	"offset": {"x":0,"y":0,"w":40,"h":40},
	"sourceSize": {"w":40,"h":40}
},
"104703_automatic_harvester":
{
	"frame": {"x":579,"y":0,"w":40,"h":40},
	"offset": {"x":0,"y":0,"w":40,"h":40},
	"sourceSize": {"w":40,"h":40}
},
"104801_junior_fitting_groove":
{
	"frame": {"x":175,"y":0,"w":37,"h":35},
	"offset": {"x":0,"y":0,"w":37,"h":35},
	"sourceSize": {"w":37,"h":35}
},
"104802_intermediate_fitting_groove":
{
	"frame": {"x":212,"y":0,"w":38,"h":35},
	"offset": {"x":0,"y":0,"w":38,"h":35},
	"sourceSize": {"w":38,"h":35}
},
"104803_large_fitting_groove":
{
	"frame": {"x":432,"y":0,"w":38,"h":36},
	"offset": {"x":0,"y":0,"w":38,"h":36},
	"sourceSize": {"w":38,"h":36}
},
"104901_yellow_peach":
{
	"frame": {"x":1703,"y":443,"w":100,"h":100},
	"offset": {"x":0,"y":0,"w":100,"h":100},
	"sourceSize": {"w":100,"h":100}
},
"104902_watermelon":
{
	"frame": {"x":1503,"y":443,"w":100,"h":100},
	"offset": {"x":0,"y":0,"w":100,"h":100},
	"sourceSize": {"w":100,"h":100}
},
"104903_plum":
{
	"frame": {"x":1303,"y":443,"w":100,"h":100},
	"offset": {"x":0,"y":0,"w":100,"h":100},
	"sourceSize": {"w":100,"h":100}
},
"104904_grapes":
{
	"frame": {"x":800,"y":443,"w":100,"h":100},
	"offset": {"x":0,"y":0,"w":100,"h":100},
	"sourceSize": {"w":100,"h":100}
},
"104905_olive":
{
	"frame": {"x":1000,"y":443,"w":100,"h":100},
	"offset": {"x":0,"y":0,"w":100,"h":100},
	"sourceSize": {"w":100,"h":100}
},
"104906_lemon":
{
	"frame": {"x":1203,"y":443,"w":100,"h":100},
	"offset": {"x":0,"y":0,"w":100,"h":100},
	"sourceSize": {"w":100,"h":100}
},
"104907_coconut":
{
	"frame": {"x":1100,"y":443,"w":103,"h":100},
	"offset": {"x":0,"y":0,"w":103,"h":100},
	"sourceSize": {"w":103,"h":100}
},
"104908_banana":
{
	"frame": {"x":1639,"y":245,"w":97,"h":97},
	"offset": {"x":0,"y":0,"w":97,"h":97},
	"sourceSize": {"w":97,"h":97}
},
"104909_pineapple":
{
	"frame": {"x":1700,"y":943,"w":99,"h":101},
	"offset": {"x":0,"y":0,"w":99,"h":101},
	"sourceSize": {"w":99,"h":101}
},
"104910_fish":
{
	"frame": {"x":604,"y":245,"w":98,"h":93},
	"offset": {"x":0,"y":0,"w":98,"h":93},
	"sourceSize": {"w":98,"h":93}
},
"104911_shrimp":
{
	"frame": {"x":1178,"y":71,"w":113,"h":82},
	"offset": {"x":0,"y":0,"w":113,"h":82},
	"sourceSize": {"w":113,"h":82}
},
"104912_lobster":
{
	"frame": {"x":1854,"y":1045,"w":91,"h":107},
	"offset": {"x":0,"y":0,"w":91,"h":107},
	"sourceSize": {"w":91,"h":107}
},
"105001_copper":
{
	"frame": {"x":1903,"y":443,"w":100,"h":100},
	"offset": {"x":0,"y":0,"w":100,"h":100},
	"sourceSize": {"w":100,"h":100}
},
"105002_iron_ore":
{
	"frame": {"x":100,"y":543,"w":100,"h":100},
	"offset": {"x":0,"y":0,"w":100,"h":100},
	"sourceSize": {"w":100,"h":100}
},
"105003_silver":
{
	"frame": {"x":600,"y":543,"w":100,"h":100},
	"offset": {"x":0,"y":0,"w":100,"h":100},
	"sourceSize": {"w":100,"h":100}
},
"105004_gold":
{
	"frame": {"x":116,"y":155,"w":85,"h":84},
	"offset": {"x":0,"y":0,"w":85,"h":84},
	"sourceSize": {"w":85,"h":84}
},
"105005_platinum_ore":
{
	"frame": {"x":201,"y":155,"w":85,"h":84},
	"offset": {"x":0,"y":0,"w":85,"h":84},
	"sourceSize": {"w":85,"h":84}
},
"105101_the_hammer":
{
	"frame": {"x":800,"y":543,"w":100,"h":100},
	"offset": {"x":0,"y":0,"w":100,"h":100},
	"sourceSize": {"w":100,"h":100}
},
"105102_a_nail":
{
	"frame": {"x":1100,"y":543,"w":100,"h":100},
	"offset": {"x":0,"y":0,"w":100,"h":100},
	"sourceSize": {"w":100,"h":100}
},
"105103_the_paint":
{
	"frame": {"x":900,"y":543,"w":100,"h":100},
	"offset": {"x":0,"y":0,"w":100,"h":100},
	"sourceSize": {"w":100,"h":100}
},
"105104_red_brick":
{
	"frame": {"x":1000,"y":543,"w":100,"h":100},
	"offset": {"x":0,"y":0,"w":100,"h":100},
	"sourceSize": {"w":100,"h":100}
},
"105105_glass":
{
	"frame": {"x":700,"y":543,"w":100,"h":100},
	"offset": {"x":0,"y":0,"w":100,"h":100},
	"sourceSize": {"w":100,"h":100}
},
"105106_the_saw":
{
	"frame": {"x":500,"y":543,"w":100,"h":100},
	"offset": {"x":0,"y":0,"w":100,"h":100},
	"sourceSize": {"w":100,"h":100}
},
"105107_explosive":
{
	"frame": {"x":0,"y":543,"w":100,"h":100},
	"offset": {"x":0,"y":0,"w":100,"h":100},
	"sourceSize": {"w":100,"h":100}
},
"105108_a_shovel":
{
	"frame": {"x":200,"y":543,"w":100,"h":100},
	"offset": {"x":0,"y":0,"w":100,"h":100},
	"sourceSize": {"w":100,"h":100}
},
"105109_the_axe":
{
	"frame": {"x":400,"y":543,"w":100,"h":100},
	"offset": {"x":0,"y":0,"w":100,"h":100},
	"sourceSize": {"w":100,"h":100}
},
"105110_wood":
{
	"frame": {"x":300,"y":543,"w":100,"h":100},
	"offset": {"x":0,"y":0,"w":100,"h":100},
	"sourceSize": {"w":100,"h":100}
},
"105111_the_clay":
{
	"frame": {"x":900,"y":443,"w":100,"h":100},
	"offset": {"x":0,"y":0,"w":100,"h":100},
	"sourceSize": {"w":100,"h":100}
},
"105201_the_corset":
{
	"frame": {"x":700,"y":443,"w":100,"h":100},
	"offset": {"x":0,"y":0,"w":100,"h":100},
	"sourceSize": {"w":100,"h":100}
},
"105202_trough":
{
	"frame": {"x":1002,"y":343,"w":100,"h":100},
	"offset": {"x":0,"y":0,"w":100,"h":100},
	"sourceSize": {"w":100,"h":100}
},
"105203_axis":
{
	"frame": {"x":1202,"y":343,"w":100,"h":100},
	"offset": {"x":0,"y":0,"w":100,"h":100},
	"sourceSize": {"w":100,"h":100}
},
"105204_the_motor":
{
	"frame": {"x":1402,"y":343,"w":100,"h":100},
	"offset": {"x":0,"y":0,"w":100,"h":100},
	"sourceSize": {"w":100,"h":100}
},
"105205_turn_the_chain":
{
	"frame": {"x":1302,"y":343,"w":100,"h":100},
	"offset": {"x":0,"y":0,"w":100,"h":100},
	"sourceSize": {"w":100,"h":100}
},
"105206_circuit_board":
{
	"frame": {"x":1102,"y":343,"w":100,"h":100},
	"offset": {"x":0,"y":0,"w":100,"h":100},
	"sourceSize": {"w":100,"h":100}
},
"105207_accessories_ark":
{
	"frame": {"x":902,"y":343,"w":100,"h":100},
	"offset": {"x":0,"y":0,"w":100,"h":100},
	"sourceSize": {"w":100,"h":100}
},
"105208_pipe_mold":
{
	"frame": {"x":402,"y":343,"w":100,"h":100},
	"offset": {"x":0,"y":0,"w":100,"h":100},
	"sourceSize": {"w":100,"h":100}
},
"400000_road":
{
	"frame": {"x":602,"y":343,"w":100,"h":100},
	"offset": {"x":0,"y":0,"w":100,"h":100},
	"sourceSize": {"w":100,"h":100}
},
"500000_cropland":
{
	"frame": {"x":1800,"y":1302,"w":150,"h":150},
	"offset": {"x":0,"y":0,"w":150,"h":150},
	"sourceSize": {"w":150,"h":150}
},
"500001_wheat_seed":
{
	"frame": {"x":802,"y":343,"w":100,"h":100},
	"offset": {"x":0,"y":0,"w":100,"h":100},
	"sourceSize": {"w":100,"h":100}
},
"500002_corn_seed":
{
	"frame": {"x":702,"y":343,"w":100,"h":100},
	"offset": {"x":0,"y":0,"w":100,"h":100},
	"sourceSize": {"w":100,"h":100}
},
"500003_carrots_seed":
{
	"frame": {"x":1502,"y":343,"w":100,"h":100},
	"offset": {"x":0,"y":0,"w":100,"h":100},
	"sourceSize": {"w":100,"h":100}
},
"500004_sugar_cane_seed":
{
	"frame": {"x":1702,"y":343,"w":100,"h":100},
	"offset": {"x":0,"y":0,"w":100,"h":100},
	"sourceSize": {"w":100,"h":100}
},
"500005_cotton_seed":
{
	"frame": {"x":200,"y":443,"w":100,"h":100},
	"offset": {"x":0,"y":0,"w":100,"h":100},
	"sourceSize": {"w":100,"h":100}
},
"500006_strawberry_seed":
{
	"frame": {"x":400,"y":443,"w":100,"h":100},
	"offset": {"x":0,"y":0,"w":100,"h":100},
	"sourceSize": {"w":100,"h":100}
},
"500007_tomato_seed":
{
	"frame": {"x":600,"y":443,"w":100,"h":100},
	"offset": {"x":0,"y":0,"w":100,"h":100},
	"sourceSize": {"w":100,"h":100}
},
"500008_pine_seed":
{
	"frame": {"x":500,"y":443,"w":100,"h":100},
	"offset": {"x":0,"y":0,"w":100,"h":100},
	"sourceSize": {"w":100,"h":100}
},
"500009_potatoes_seed":
{
	"frame": {"x":300,"y":443,"w":100,"h":100},
	"offset": {"x":0,"y":0,"w":100,"h":100},
	"sourceSize": {"w":100,"h":100}
},
"500010_cocoa_beans_seed":
{
	"frame": {"x":100,"y":443,"w":100,"h":100},
	"offset": {"x":0,"y":0,"w":100,"h":100},
	"sourceSize": {"w":100,"h":100}
},
"500011_rubber_wood_seed":
{
	"frame": {"x":1602,"y":343,"w":100,"h":100},
	"offset": {"x":0,"y":0,"w":100,"h":100},
	"sourceSize": {"w":100,"h":100}
},
"500012_silk_seed":
{
	"frame": {"x":1802,"y":343,"w":100,"h":100},
	"offset": {"x":0,"y":0,"w":100,"h":100},
	"sourceSize": {"w":100,"h":100}
},
"600000_building_01":
{
	"frame": {"x":1650,"y":1302,"w":150,"h":150},
	"offset": {"x":0,"y":0,"w":150,"h":150},
	"sourceSize": {"w":150,"h":150}
},
"600001_building_02":
{
	"frame": {"x":900,"y":1302,"w":150,"h":150},
	"offset": {"x":0,"y":0,"w":150,"h":150},
	"sourceSize": {"w":150,"h":150}
},
"600002_building_03":
{
	"frame": {"x":0,"y":1452,"w":150,"h":150},
	"offset": {"x":0,"y":0,"w":150,"h":150},
	"sourceSize": {"w":150,"h":150}
},
"600003_building_04":
{
	"frame": {"x":1500,"y":1302,"w":150,"h":150},
	"offset": {"x":0,"y":0,"w":150,"h":150},
	"sourceSize": {"w":150,"h":150}
},
"600004_building_05":
{
	"frame": {"x":1200,"y":1302,"w":150,"h":150},
	"offset": {"x":0,"y":0,"w":150,"h":150},
	"sourceSize": {"w":150,"h":150}
},
"700001_building_09":
{
	"frame": {"x":150,"y":1452,"w":150,"h":150},
	"offset": {"x":0,"y":0,"w":150,"h":150},
	"sourceSize": {"w":150,"h":150}
},
"700002_building_10":
{
	"frame": {"x":1350,"y":1302,"w":150,"h":150},
	"offset": {"x":0,"y":0,"w":150,"h":150},
	"sourceSize": {"w":150,"h":150}
},
"700003_building_11":
{
	"frame": {"x":750,"y":1452,"w":150,"h":150},
	"offset": {"x":0,"y":0,"w":150,"h":150},
	"sourceSize": {"w":150,"h":150}
},
"700004_building_12":
{
	"frame": {"x":1050,"y":1452,"w":150,"h":150},
	"offset": {"x":0,"y":0,"w":150,"h":150},
	"sourceSize": {"w":150,"h":150}
},
"700005_building_13":
{
	"frame": {"x":900,"y":1452,"w":150,"h":150},
	"offset": {"x":0,"y":0,"w":150,"h":150},
	"sourceSize": {"w":150,"h":150}
},
"700006_building_14":
{
	"frame": {"x":1200,"y":1452,"w":150,"h":150},
	"offset": {"x":0,"y":0,"w":150,"h":150},
	"sourceSize": {"w":150,"h":150}
},
"700007_building_15":
{
	"frame": {"x":600,"y":1452,"w":150,"h":150},
	"offset": {"x":0,"y":0,"w":150,"h":150},
	"sourceSize": {"w":150,"h":150}
},
"700008_building_16":
{
	"frame": {"x":450,"y":1452,"w":150,"h":150},
	"offset": {"x":0,"y":0,"w":150,"h":150},
	"sourceSize": {"w":150,"h":150}
},
"700009_building_17":
{
	"frame": {"x":300,"y":1452,"w":150,"h":150},
	"offset": {"x":0,"y":0,"w":150,"h":150},
	"sourceSize": {"w":150,"h":150}
},
"700010_building_18":
{
	"frame": {"x":1050,"y":1302,"w":150,"h":150},
	"offset": {"x":0,"y":0,"w":150,"h":150},
	"sourceSize": {"w":150,"h":150}
},
"700011_building_19":
{
	"frame": {"x":150,"y":1302,"w":150,"h":150},
	"offset": {"x":0,"y":0,"w":150,"h":150},
	"sourceSize": {"w":150,"h":150}
},
"700012_building_20":
{
	"frame": {"x":1575,"y":1152,"w":150,"h":150},
	"offset": {"x":0,"y":0,"w":150,"h":150},
	"sourceSize": {"w":150,"h":150}
},
"700013_building_21":
{
	"frame": {"x":1425,"y":1152,"w":150,"h":150},
	"offset": {"x":0,"y":0,"w":150,"h":150},
	"sourceSize": {"w":150,"h":150}
},
"700014_building_22":
{
	"frame": {"x":1275,"y":1152,"w":150,"h":150},
	"offset": {"x":0,"y":0,"w":150,"h":150},
	"sourceSize": {"w":150,"h":150}
},
"700015_building_23":
{
	"frame": {"x":1125,"y":1152,"w":150,"h":150},
	"offset": {"x":0,"y":0,"w":150,"h":150},
	"sourceSize": {"w":150,"h":150}
},
"800001_building_38":
{
	"frame": {"x":1725,"y":1152,"w":150,"h":150},
	"offset": {"x":0,"y":0,"w":150,"h":150},
	"sourceSize": {"w":150,"h":150}
},
"800002_building_39":
{
	"frame": {"x":1875,"y":1152,"w":150,"h":150},
	"offset": {"x":0,"y":0,"w":150,"h":150},
	"sourceSize": {"w":150,"h":150}
},
"800003_building_40":
{
	"frame": {"x":600,"y":1302,"w":150,"h":150},
	"offset": {"x":0,"y":0,"w":150,"h":150},
	"sourceSize": {"w":150,"h":150}
},
"800005_building_42":
{
	"frame": {"x":450,"y":1302,"w":150,"h":150},
	"offset": {"x":0,"y":0,"w":150,"h":150},
	"sourceSize": {"w":150,"h":150}
},
"800007_building_44":
{
	"frame": {"x":750,"y":1302,"w":150,"h":150},
	"offset": {"x":0,"y":0,"w":150,"h":150},
	"sourceSize": {"w":150,"h":150}
},
"800008_building_45":
{
	"frame": {"x":300,"y":1302,"w":150,"h":150},
	"offset": {"x":0,"y":0,"w":150,"h":150},
	"sourceSize": {"w":150,"h":150}
},
"800010_building_47":
{
	"frame": {"x":0,"y":1302,"w":150,"h":150},
	"offset": {"x":0,"y":0,"w":150,"h":150},
	"sourceSize": {"w":150,"h":150}
},
"900001_game_currency":
{
	"frame": {"x":0,"y":443,"w":100,"h":100},
	"offset": {"x":0,"y":0,"w":100,"h":100},
	"sourceSize": {"w":100,"h":100}
},
"900002_ranch_prosperity":
{
	"frame": {"x":1902,"y":343,"w":100,"h":100},
	"offset": {"x":0,"y":0,"w":100,"h":100},
	"sourceSize": {"w":100,"h":100}
},
"900003_exp":
{
	"frame": {"x":302,"y":343,"w":100,"h":100},
	"offset": {"x":0,"y":0,"w":100,"h":100},
	"sourceSize": {"w":100,"h":100}
},
"1031001_build_queue":
{
	"frame": {"x":400,"y":943,"w":100,"h":100},
	"offset": {"x":0,"y":0,"w":100,"h":100},
	"sourceSize": {"w":100,"h":100}
},
"1031002_build_queue":
{
	"frame": {"x":200,"y":943,"w":100,"h":100},
	"offset": {"x":0,"y":0,"w":100,"h":100},
	"sourceSize": {"w":100,"h":100}
},
"1031003_build_queue":
{
	"frame": {"x":100,"y":943,"w":100,"h":100},
	"offset": {"x":0,"y":0,"w":100,"h":100},
	"sourceSize": {"w":100,"h":100}
},
"1031004_build_queue":
{
	"frame": {"x":1900,"y":843,"w":100,"h":100},
	"offset": {"x":0,"y":0,"w":100,"h":100},
	"sourceSize": {"w":100,"h":100}
},
"1031005_build_queue":
{
	"frame": {"x":1800,"y":843,"w":100,"h":100},
	"offset": {"x":0,"y":0,"w":100,"h":100},
	"sourceSize": {"w":100,"h":100}
},
"1031006_build_queue":
{
	"frame": {"x":1200,"y":543,"w":100,"h":100},
	"offset": {"x":0,"y":0,"w":100,"h":100},
	"sourceSize": {"w":100,"h":100}
},
"1031007_build_queue":
{
	"frame": {"x":1803,"y":443,"w":100,"h":100},
	"offset": {"x":0,"y":0,"w":100,"h":100},
	"sourceSize": {"w":100,"h":100}
},
"build_queue_empty":
{
	"frame": {"x":996,"y":1152,"w":129,"h":135},
	"offset": {"x":0,"y":0,"w":129,"h":135},
	"sourceSize": {"w":129,"h":135}
},
"build_queue_full":
{
	"frame": {"x":867,"y":1152,"w":129,"h":135},
	"offset": {"x":0,"y":0,"w":129,"h":135},
	"sourceSize": {"w":129,"h":135}
}},
"meta": {
	"app": "https://www.codeandweb.com/texturepacker",
	"version": "1.0",
	"image": "ranch_items.png",
	"format": "RGBA8888",
	"size": {"w":2048,"h":2048},
	"scale": "1"
}
}
