{"frames": {

"player_house_1":
{
	"frame": {"x":0,"y":0,"w":270,"h":330},
	"offset": {"x":0,"y":0,"w":270,"h":330},
	"sourceSize": {"w":270,"h":330}
},
"player_house_2":
{
	"frame": {"x":270,"y":0,"w":270,"h":330},
	"offset": {"x":0,"y":0,"w":270,"h":330},
	"sourceSize": {"w":270,"h":330}
},
"player_house_3":
{
	"frame": {"x":540,"y":0,"w":270,"h":330},
	"offset": {"x":0,"y":0,"w":270,"h":330},
	"sourceSize": {"w":270,"h":330}
},
"player_house_4":
{
	"frame": {"x":810,"y":0,"w":270,"h":330},
	"offset": {"x":0,"y":0,"w":270,"h":330},
	"sourceSize": {"w":270,"h":330}
},
"player_house_5":
{
	"frame": {"x":1080,"y":0,"w":270,"h":330},
	"offset": {"x":0,"y":0,"w":270,"h":330},
	"sourceSize": {"w":270,"h":330}
},
"player_house_6":
{
	"frame": {"x":1350,"y":0,"w":270,"h":330},
	"offset": {"x":0,"y":0,"w":270,"h":330},
	"sourceSize": {"w":270,"h":330}
},
"player_house_7":
{
	"frame": {"x":1620,"y":0,"w":270,"h":330},
	"offset": {"x":0,"y":0,"w":270,"h":330},
	"sourceSize": {"w":270,"h":330}
},
"player_house_8":
{
	"frame": {"x":0,"y":330,"w":270,"h":330},
	"offset": {"x":0,"y":0,"w":270,"h":330},
	"sourceSize": {"w":270,"h":330}
},
"player_house_9":
{
	"frame": {"x":270,"y":330,"w":270,"h":330},
	"offset": {"x":0,"y":0,"w":270,"h":330},
	"sourceSize": {"w":270,"h":330}
},
"player_house_10":
{
	"frame": {"x":540,"y":330,"w":270,"h":330},
	"offset": {"x":0,"y":0,"w":270,"h":330},
	"sourceSize": {"w":270,"h":330}
}},
"meta": {
	"app": "https://www.codeandweb.com/texturepacker",
	"version": "1.0",
	"image": "ranch_house.png",
	"format": "RGBA8888",
	"size": {"w":2048,"h":1024},
	"scale": "1"
}
}
