TipType	TipTemplateId	Notice	zh_CN	en_US	pt_BR	ru_RU	ko_KR	de_DE	fr_FR	es_ES	it_IT	in_ID	th_TH	tr_TR	vi_VN	ja_JP
枚举类型	模板说明	备注	中文	英文	葡萄牙语	俄语	韩语	德语	法语	西语	意大利语	印尼语	泰语	土耳其	越南语	日语
1039001	BecomeHideHint	躲藏者：躲藏阶段开始	你有%1s秒的时间躲藏起来	You have ▢FFFF0000%1s seconds ▢FF00FF00 to hide.	Você tem ▢FFFF0000%1s segundos ▢FF00FF00 para ocultar.	У вас есть ▢FFFF0000%1s секунд ▢FF00FF00, чтобы спрятаться.	숨기려면 ▢FFFF0000 %1s 초 ▢FF00FF00가 있습니다.	Sie haben ▢FFFF0000%1s Sekunden ▢FF00FF00 zum Ausblenden.	Vous avez ▢FFFF0000%1s secondes ▢FF00FF00 à masquer.	Tienes ▢FFFF0000%1s segundos ▢FF00FF00 para ocultar.	Hai ▢FFFF0000%1s secondo ▢FF00FF00 da nascondere.	Anda memiliki ▢FFFF0000%1s detik ▢FF00FF00 untuk disembunyikan.	คุณมี▢FFFF0000%1s วินาทีวินาทีที่▢FF00FF00ที่จะซ่อน	ToFFFF0000%1s saniyeniz secondsFF00FF00’da saklanacaksınız.	Bạn có ▢FFFF0000%1s giây giây ▢FF00FF00 để ẩn.	隠すために▢FFFF0000%1s秒▢FF00FF00があります。
1039002	GameStart	游戏正式开始	游戏正式开始，出发！	The game officially begins	O jogo começa oficialmente	Игра официально начинается	게임이 공식적으로 시작됩니다.	Das Spiel beginnt offiziell	Le jeu commence officiellement	El juego comienza oficialmente.	Il gioco inizia ufficialmente	Permainan resmi dimulai	เกมเริ่มอย่างเป็นทางการ	Oyun resmen başlıyor	Trò chơi chính thức bắt đầu	ゲームが正式に始まります
1039003	InvincibleTime	最后无敌阶段	搜寻者找错不再扣血	The finder will not lose blood after finding a wrong target.	O localizador não perderá sangue depois de encontrar um alvo errado.	Искатель не потеряет кровь после обнаружения неправильной цели.	파인더는 잘못된 표적을 찾은 후 혈액을 잃지 않습니다.	Der Finder verliert kein Blut, nachdem er ein falsches Ziel gefunden hat.	Le chercheur ne perdra pas de sang après avoir trouvé une mauvaise cible.	El buscador no perderá sangre después de encontrar un objetivo equivocado.	Il cercatore non perderà sangue dopo aver trovato un bersaglio sbagliato.	Pencari tidak akan kehilangan darah setelah menemukan target yang salah.	ตัวค้นหาจะไม่เสียเลือดหลังจากค้นหาเป้าหมายที่ผิด	Bulucu yanlış bir hedef bulduktan sonra kan kaybetmez.	Người tìm thấy sẽ không mất máu sau khi tìm thấy một mục tiêu sai.	間違った標的を見つけた後もファインダーは失血しません。
1039004	WaittingHide	搜寻者：躲藏阶段开始	请等待躲藏者躲藏好	Please wait for the hiders to hide.	Por favor, aguarde os ocultos se esconderem.	Пожалуйста, подождите, пока не спрятаться.	거미가 숨길 때까지 기다려주세요.	Bitte warten Sie, bis sich die Hiders verstecken.	S'il vous plaît attendez que les cacheurs se cachent.	Por favor, espera a que los escondites se escondan.	Per favore attendi che gli hider si nascondano.	Harap tunggu sampai para penyembunyi bersembunyi.	ขอให้รอผู้ที่หลบซ่อนตัวอยู่ก่อน	Lütfen saklayıcıların saklanmasını bekleyin.	Xin vui lòng chờ cho những người đi trốn.	かくれんぼが隠れるのを待ってください。
1039005	FindHider	有玩家被找到时	%1s被%2s找到了	%1s was found by %2s.	%1s foi encontrado por%2s.	%1s был найден%2s.	%1s은 %2s에 의해 발견되었습니다.	%1s wurde von%2s gefunden.	%1s a été trouvé par%2s.	%1s fue encontrado por%2s.	%1s è stato trovato da%2s.	%1s ditemukan oleh%2s.	พบ%1s วินาทีโดย%2s	%1s,%2s tarafından bulundu.	%1s được tìm thấy bởi%2s.	%2sが%1sを見つけました。
1039006	BuyGoodsByWrongRole	购买非角色道具	你的角色不可购买此物品	This character cannot purchased this item.	Este personagem não pode comprar este item.	Этот персонаж не может приобрести этот предмет.	이 캐릭터는이 아이템을 구입할 수 없습니다.	Dieser Charakter kann diesen Gegenstand nicht kaufen.	Ce personnage ne peut pas acheter cet objet.	Este personaje no puede comprar este artículo.	Questo personaggio non può acquistare questo oggetto.	Karakter ini tidak dapat membeli item ini.	ตัวละครนี้ไม่สามารถซื้อรายการนี้ได้	Bu karakter bu ürünü satın alamaz.	Nhân vật này không thể mua mặt hàng này.	このキャラクターはこのアイテムを購入することはできません。
