NPC_ID	mapId	NPC模型	NPC名称（多语言）	NPC（x坐标）	NPC（y坐标）	NPC（z坐标）	NPC转向	NPC类型（1：道具商人，2：升级商人）	Unnamed: 9	备注	放setting表
Id	mapId	Actor	Name	X	Y	Z	Yaw	Type			
1	1	npc103.actor	gui_bed_war_shop_title1	497.5	51.5	12.5	315	1		红道具	沙漠
2	1	npc103.actor	gui_bed_war_shop_title1	504.5	51.5	97.5	45	1		黄道具	沙漠
3	1	npc103.actor	gui_bed_war_shop_title1	419.5	51.5	104.5	135	1		蓝道具	沙漠
4	1	npc103.actor	gui_bed_war_shop_title1	412.5	51.5	19.5	225	1		绿道具	沙漠
5	2	npc103.actor	gui_bed_war_shop_title1	890.5	50	15.5	90	1		红道具	现代
6	2	npc103.actor	gui_bed_war_shop_title1	955.5	50	90.5	180	1		黄道具	现代
7	2	npc103.actor	gui_bed_war_shop_title1	880.5	50	155.5	270	1		蓝道具	现代
8	2	npc103.actor	gui_bed_war_shop_title1	815.5	50	80.5	0	1		绿道具	现代
9	3	npc103.actor	gui_bed_war_shop_title1	1367.5	50	91.5	180	1		红道具	小屋
10	3	npc103.actor	gui_bed_war_shop_title1	1292.5	50	158.5	270	1		黄道具	小屋
11	3	npc103.actor	gui_bed_war_shop_title1	1225.5	50	83.5	0	1		蓝道具	小屋
12	3	npc103.actor	gui_bed_war_shop_title1	1300.5	50	16.5	90	1		绿道具	小屋
13	4	npc103.actor	gui_bed_war_shop_title1	1717.5	100	112.5	90	1		红道具	中式
14	4	npc103.actor	gui_bed_war_shop_title1	1617.5	100	118.5	180	1		黄道具	中式
15	4	npc103.actor	gui_bed_war_shop_title1	1611.5	100	18.5	270	1		蓝道具	中式
16	4	npc103.actor	gui_bed_war_shop_title1	1711.5	100	12.5	0	1		绿道具	中式
17	5	npc103.actor	gui_bed_war_shop_title1	2219.5	79.5	48.5	270	1		红道具	海盗
18	5	npc103.actor	gui_bed_war_shop_title1	2147.5	79.5	130.5	180	1		黄道具	海盗
19	5	npc103.actor	gui_bed_war_shop_title1	2229.5	79.5	202.5	90	1		蓝道具	海盗
20	5	npc103.actor	gui_bed_war_shop_title1	2301.5	79.5	120.5	0	1		绿道具	海盗
21	6	npc103.actor	gui_bed_war_shop_title1	2878.5	86.5	12.5	270	1		红道具	圣诞节
22	6	npc103.actor	gui_bed_war_shop_title1	2958.5	86.5	78.5	0	1		黄道具	圣诞节
23	6	npc103.actor	gui_bed_war_shop_title1	2892.5	86.5	158.5	90	1		蓝道具	圣诞节
24	6	npc103.actor	gui_bed_war_shop_title1	2812.5	86.5	92.5	180	1		绿道具	圣诞节
25	7	npc103.actor	gui_bed_war_shop_title1	500.5	61.5	419.5	90	1		红道具	圣殿
26	7	npc103.actor	gui_bed_war_shop_title1	544.5	61.5	463.5	0	1		蓝道具	圣殿
27	7	npc103.actor	gui_bed_war_shop_title1	544.5	61.5	507.5	180	1		绿道具	圣殿
28	7	npc103.actor	gui_bed_war_shop_title1	500.5	61.5	551.5	90	1		黄道具	圣殿
29	7	npc103.actor	gui_bed_war_shop_title1	456.5	61.5	551.5	270	1		青道具	圣殿
30	7	npc103.actor	gui_bed_war_shop_title1	412.5	61.5	507.5	180	1		白道具	圣殿
31	7	npc103.actor	gui_bed_war_shop_title1	412.5	61.5	463.5	0	1		粉道具	圣殿
32	7	npc103.actor	gui_bed_war_shop_title1	456.5	61.5	419.5	270	1		黑道具	圣殿
33	8	npc103.actor	gui_bed_war_shop_title1	112.5	62.5	425.5	270	1		红道具	气球
34	8	npc103.actor	gui_bed_war_shop_title1	167.5	62.5	480.5	180	1		蓝道具	气球
35	8	npc103.actor	gui_bed_war_shop_title1	167.5	62.5	512.5	0	1		绿道具	气球
36	8	npc103.actor	gui_bed_war_shop_title1	112.5	62.5	567.5	270	1		黄道具	气球
37	8	npc103.actor	gui_bed_war_shop_title1	80.5	62.5	567.5	90	1		青道具	气球
38	8	npc103.actor	gui_bed_war_shop_title1	25.5	62.5	512.5	0	1		白道具	气球
39	8	npc103.actor	gui_bed_war_shop_title1	25.5	62.5	480.5	180	1		粉道具	气球
40	8	npc103.actor	gui_bed_war_shop_title1	80.5	62.5	425.5	90	1		黑道具	气球
41	9	npc103.actor	gui_bed_war_shop_title1	812.5	100.5	448.5	0	1		红道具	精灵
42	9	npc103.actor	gui_bed_war_shop_title1	847.5	100.5	413.5	270	1		蓝道具	精灵
43	9	npc103.actor	gui_bed_war_shop_title1	901.5	100.5	413.5	90	1		绿道具	精灵
44	9	npc103.actor	gui_bed_war_shop_title1	936.5	100.5	448.5	0	1		黄道具	精灵
45	9	npc103.actor	gui_bed_war_shop_title1	936.5	100.5	502.5	180	1		青道具	精灵
46	9	npc103.actor	gui_bed_war_shop_title1	901.5	100.5	537.5	90	1		白道具	精灵
47	9	npc103.actor	gui_bed_war_shop_title1	847.5	100.5	537.5	270	1		粉道具	精灵
48	9	npc103.actor	gui_bed_war_shop_title1	812.5	100.5	502.5	180	1		黑道具	精灵
49	10	npc103.actor	gui_bed_war_shop_title1	1302.5	84	411.5	90	1		红道具	8队圣诞节
50	10	npc103.actor	gui_bed_war_shop_title1	1343.5	84	452.5	0	1		蓝道具	8队圣诞节
51	10	npc103.actor	gui_bed_war_shop_title1	1343.5	84	502.5	180	1		绿道具	8队圣诞节
52	10	npc103.actor	gui_bed_war_shop_title1	1302.5	84	543.5	90	1		黄道具	8队圣诞节
53	10	npc103.actor	gui_bed_war_shop_title1	1252.5	84	543.5	270	1		青道具	8队圣诞节
54	10	npc103.actor	gui_bed_war_shop_title1	1211.5	84	502.5	180	1		白道具	8队圣诞节
55	10	npc103.actor	gui_bed_war_shop_title1	1211.5	84	452.5	0	1		粉道具	8队圣诞节
56	10	npc103.actor	gui_bed_war_shop_title1	1252.5	84	411.5	270	1		黑道具	8队圣诞节
57	11	npc103.actor	gui_bed_war_shop_title1	3418.5	80	29.5	90	1		红道具	太空
58	11	npc103.actor	gui_bed_war_shop_title1	3493.5	80	118.5	180	1		黄道具	太空
59	11	npc103.actor	gui_bed_war_shop_title1	3404.5	80	193.5	270	1		蓝道具	太空
60	11	npc103.actor	gui_bed_war_shop_title1	3329.5	80	104.5	0	1		绿道具	太空
61	12	npc103.actor	gui_bed_war_shop_title1	3978.5	81	12.5	90	1		红道具	风车
62	12	npc103.actor	gui_bed_war_shop_title1	4032.5	81	78.5	180	1		黄道具	风车
63	12	npc103.actor	gui_bed_war_shop_title1	3966.5	81	132.5	270	1		蓝道具	风车
64	12	npc103.actor	gui_bed_war_shop_title1	3912.5	81	66.5	0	1		绿道具	风车
65	13	npc103.actor	gui_bed_war_shop_title1	4599.5	81	19.5	270	1		红道具	城堡
66	13	npc103.actor	gui_bed_war_shop_title1	4695.5	81	99.5	0	1		黄道具	城堡
67	13	npc103.actor	gui_bed_war_shop_title1	4615.5	81	195.5	90	1		蓝道具	城堡
68	13	npc103.actor	gui_bed_war_shop_title1	4519.5	81	115.5	180	1		绿道具	城堡
69	14	npc103.actor	gui_bed_war_shop_title1	5085.5	82	3.5	0	1		红道具	儿童节
70	14	npc103.actor	gui_bed_war_shop_title1	5169.5	82	85.5	90	1		黄道具	儿童节
71	14	npc103.actor	gui_bed_war_shop_title1	5087.5	82	169.5	180	1		蓝道具	儿童节
72	14	npc103.actor	gui_bed_war_shop_title1	5003.5	82	87.5	270	1		绿道具	儿童节
73	15	npc103.actor	gui_bed_war_shop_title1	1732.5	82	407.5	90	1		红道具	糖果世界
74	15	npc103.actor	gui_bed_war_shop_title1	1799.5	82	474.5	0	1		蓝道具	糖果世界
75	15	npc103.actor	gui_bed_war_shop_title1	1799.5	82	532.5	180	1		绿道具	糖果世界
76	15	npc103.actor	gui_bed_war_shop_title1	1732.5	82	599.5	90	1		黄道具	糖果世界
77	15	npc103.actor	gui_bed_war_shop_title1	1674.5	82	599.5	270	1		青道具	糖果世界
78	15	npc103.actor	gui_bed_war_shop_title1	1607.5	82	532.5	180	1		白道具	糖果世界
79	15	npc103.actor	gui_bed_war_shop_title1	1607.5	82	474.5	0	1		粉道具	糖果世界
80	15	npc103.actor	gui_bed_war_shop_title1	1674.5	82	407.5	270	1		黑道具	糖果世界
81	16	npc103.actor	gui_bed_war_shop_title1	5504.5	78	20.5	90	1		红道具	天空神殿
82	16	npc103.actor	gui_bed_war_shop_title1	5574.5	78	104.5	180	1		黄道具	天空神殿
83	16	npc103.actor	gui_bed_war_shop_title1	5490.5	78	174.5	270	1		蓝道具	天空神殿
84	16	npc103.actor	gui_bed_war_shop_title1	5420.5	78	90.5	0	1		绿道具	天空神殿
85	19	npc103.actor	gui_bed_war_shop_title1	5880.5	82	12.5	0	1		红道具	像素王国
86	19	npc103.actor	gui_bed_war_shop_title1	5956.5	82	80.5	90	1		黄道具	像素王国
87	19	npc103.actor	gui_bed_war_shop_title1	5888.5	82	156.5	180	1		蓝道具	像素王国
88	19	npc103.actor	gui_bed_war_shop_title1	5812.5	82	88.5	270	1		绿道具	像素王国
89	20	npc103.actor	gui_bed_war_shop_title1	6297.5	81	199.5	270	1		红道具	高楼
90	20	npc103.actor	gui_bed_war_shop_title1	6209.5	81	97.5	0	1		黄道具	高楼
91	20	npc103.actor	gui_bed_war_shop_title1	6311.5	81	9.5	90	1		蓝道具	高楼
92	20	npc103.actor	gui_bed_war_shop_title1	6399.5	81	111.5	180	1		绿道具	高楼
93	21	npc103.actor	gui_bed_war_shop_title1	6800.5	81	19.5	270	1		红道具	迪士尼
94	21	npc103.actor	gui_bed_war_shop_title1	6895.5	81	100.5	0	1		黄道具	迪士尼
95	21	npc103.actor	gui_bed_war_shop_title1	6814.5	81	195.5	90	1		蓝道具	迪士尼
96	21	npc103.actor	gui_bed_war_shop_title1	6719.5	81	114.5	180	1		绿道具	迪士尼
97	22	npc103.actor	gui_bed_war_shop_title1	7217.5	81	8.5	270	1		红道具	现代2
98	22	npc103.actor	gui_bed_war_shop_title1	7321.5	81	8.5	90	1		黄道具	现代2
99	22	npc103.actor	gui_bed_war_shop_title1	7217.5	81	106.5	270	1		蓝道具	现代2
100	22	npc103.actor	gui_bed_war_shop_title1	7322.5	81	106.5	90	1		绿道具	现代2
101	23	npc103.actor	gui_bed_war_shop_title1	41.5	84	4685.5	270	1		红道具	沙滩10v10
102	23	npc103.actor	gui_bed_war_shop_title1	53.5	84	4507.5	90	1		蓝道具	沙滩10v10
103	24	npc103.actor	gui_bed_war_shop_title1	433.5	83	4537.5	180	1		红道具	王国10v10
104	24	npc103.actor	gui_bed_war_shop_title1	543.5	83	4639.5	0	1		蓝道具	王国10v10
