Index(读表用)	标签ID（对应StoreGoods表）	排序	商店ID	标签多语言	开启时间	关闭时间	标签图标( 老UI专用)	标签背景(新UI专用)	商品列数(新UI专用)	显示类型	Unnamed: 4	Unnamed: 5	Unnamed: 6	Unnamed: 11
Index	Id	Sort	StoreId	Lang	OpenDate	CloseDate	Icon	Bg	Column	ShowType				
1	1	1	1	bed_war_commodity_page7	#	#	set:bed_war_store.json image:ic_arm	#	0	1			StoreId	
2	2	2	1	bed_war_commodity_page4	#	#	set:bed_war_store.json image:ic_block	#	0	1			1：物品商店	
3	3	3	1	bed_war_commodity_page5	#	#	set:bed_war_store.json image:ic_other	#	0	1			2：升级商店	
4	6	6	1	bed_war_commodity_page8	#	#	#	#	0	1			3：商品商店	
5	7	2	3	gui.shop.tab.others	#	#	set:bed_war_store.json image:ic_other	set:bed_war_3_store.json image:chb_0_tool	3	1			4：大厅魔方商店	
6	8	1	3	shop_key	#	#	set:bed_war_store.json image:ic_other	set:bed_war_3_store.json image:chb_0_other	3	1				
7	9	3	3	shop_privilege	#	#	set:bed_war_store.json image:ic_other	set:bed_war_3_store.json image:chb_0_privilige	0	4				
8	10	5	4	gui.shop.tab.others	#	#	set:bed_war_store.json image:ic_other	set:bed_war_3_store.json image:chb_0_tool	3	1		道具商店		道具
9	11	4	4	shop_key	#	#	set:bed_war_store.json image:ic_other	set:bed_war_3_store.json image:chb_0_other	3	1		钥匙商店		钥匙
10	12	7	4	bed_war_NewStore_page4	#	#	set:bed_war_store.json image:ic_other	set:bed_war_3_store.json image:chb_0_freegift	2	1		游戏特权		特权
11	13	6	4	shop_privilege	#	#	set:bed_war_store.json image:ic_other	set:bed_war_3_store.json image:chb_0_privilige	0	4				
12	15	8	4	bed.war.store.week_limit	2023-01-28-08-00-00	2023-06-17-07-59-59	set:bed_war_store.json image:ic_other	set:bed_war_3_store.json image:btn_0_gift_week	1	2				
13	16	2	4	bed.war.store.month_limit	2023-01-28-08-00-00	2023-06-17-07-59-59	set:bed_war_store.json image:ic_other	set:bed_war_3_store.json image:btn_0_gift_month	1	2				
14	17	3	4	ber_war_store_month_card	#	#	set:bed_war_store.json image:ic_other	set:bed_war_3_store.json image:btn_0_month_card	0	3				
17	18	1	4	common.activity.tab.2301	#	#	set:bed_war_store.json image:ic_other	set:bed_war_3_store.json image:btn_0_activity_merchant 	0	5				
