Index(读表用)	货币ID	排序	货币ItemId	商店ID	货币真实ID	Unnamed: 4	Unnamed: 5	Unnamed: 6	Unnamed: 7
Index	Id	Sort	ItemId	StoreId	RealId
1	3	2	264	1	0			ItemId
2	2	1	266	1	0			对应的道具ItemId
3	3	3	264	2	0
4	4	4	388	1	0			铁锭	265
5	5	7	0	3	1			金锭	266
6	6	6	0	3	5			钻石	264
7	7	5	0	3	7			绿宝石	388
8	5	7	0	4	1
9	6	6	0	4	5			StoreId
10	7	5	0	4	7			1：物品商店
11	-1	1	0	3	-1			2：升级商店
12	-1	2	0	4	-1			3：商品商店(游戏)
13	-1	3	0	4	10			4：商品商店(大厅)
14	-1	4	0	4	11
15	-1	1	0	4	12			RealId
								0：没有
								1：魔方
								5：钥匙
								7：卷
