{
  "documentation": {
    "??": "对应JSON文件配置说明",
    "???": "说明文档",
    "Teams": "队伍配置",
    "队伍配置": {
      "teamId": "队伍Id",
      "birthPos": "队伍出生点"
    },
    "TeamSize": "队伍人数(暂时无作用)",
    "MinPlayers": "最小开始人数",
    "WinScore": "胜利积分(夺旗游戏)",
    "FlagActor": "旗帜模型，不配置则没有",
    "RangeRadius": "战斗范围半径，不配置则不检测",
    "ForcePkStreakWin": "强行PK连胜次数(默认15)",
    "EndCooldown": "结束后冷却时间(秒)，不配置则没有",
    "OutRangeTime": "超出战斗范围时间，判负",
    "OutRangeTip": "超出战斗范围提示",
    "HeadEffect": "头顶特效，不配置则没有",
    "StartTip": "开始提示语",
    "WinTip": "胜利提示语",
    "LoseTip": "失败提示语",
    "NoMatchTick": "游戏开始后不匹配帧数(10帧=1秒)",
    "WaitTick": "等待开始帧数(10帧=1秒)",
    "BattleTick": "战斗帧数(10帧=1秒)",
    "RespawnCountdown": "复活倒计时，不配置则没有",
    "WaitMainIcon": "等待过程主界面图标",
    "BattleMainIcon": "战斗过程主界面图标"
  }
}