{"frames": {

"captainmarvel":
{
	"frame": {"x":0,"y":0,"w":274,"h":240},
	"offset": {"x":0,"y":0,"w":274,"h":240},
	"sourceSize": {"w":274,"h":240}
},
"doctorstrange":
{
	"frame": {"x":274,"y":0,"w":274,"h":240},
	"offset": {"x":0,"y":0,"w":274,"h":240},
	"sourceSize": {"w":274,"h":240}
},
"hawkeye":
{
	"frame": {"x":548,"y":0,"w":274,"h":240},
	"offset": {"x":0,"y":0,"w":274,"h":240},
	"sourceSize": {"w":274,"h":240}
},
"loki":
{
	"frame": {"x":0,"y":240,"w":274,"h":240},
	"offset": {"x":0,"y":0,"w":274,"h":240},
	"sourceSize": {"w":274,"h":240}
},
"thanos":
{
	"frame": {"x":274,"y":240,"w":274,"h":240},
	"offset": {"x":0,"y":0,"w":274,"h":240},
	"sourceSize": {"w":274,"h":240}
},
"thor":
{
	"frame": {"x":548,"y":240,"w":274,"h":240},
	"offset": {"x":0,"y":0,"w":274,"h":240},
	"sourceSize": {"w":274,"h":240}
},
"wolverine":
{
	"frame": {"x":0,"y":480,"w":274,"h":240},
	"offset": {"x":0,"y":0,"w":274,"h":240},
	"sourceSize": {"w":274,"h":240}
}},
"meta": {
	"app": "https://www.codeandweb.com/texturepacker",
	"version": "1.0",
	"image": "tycoon_radar.png",
	"format": "RGBA8888",
	"size": {"w":822,"h":720},
	"scale": "1"
}
}
