{
  "documentation": {
    "???": "说明文档",
    "Class": "战场类",
    "Teams": "队伍配置",
    "队伍配置": {
      "teamId": "队伍Id",
      "name": "队伍名称",
      "birthPos": "队伍复活点",
      "initPos": "队伍出生点"
    },
    "TeamSize": "队伍人数(暂时无作用)",
    "MinPlayers": "最小开始人数",
    "WinScore": "胜利积分(夺旗游戏)",
    "FlagActor": "旗帜模型，不配置则没有",
    "RangeRadius": "战斗范围半径，不配置则不检测",
    "ForcePkStreakWin": "强行PK连胜次数(默认15)",
    "EndCooldown": "结束后冷却时间(秒)，不配置则没有",
    "OutRangeTime": "超出战斗范围时间，判负",
    "OutRangeTip": "超出战斗范围提示",
    "HeadEffect": "头顶特效，不配置则没有",
    "StartTip": "开始提示语",
    "WinTip": "胜利提示语",
    "LoseTip": "失败提示语",
    "NoMatchTick": "游戏开始后不匹配帧数(10帧=1秒)",
    "WaitTick": "等待开始帧数(10帧=1秒)",
    "BattleTick": "战斗帧数(10帧=1秒)",
    "RespawnCountdown": "复活倒计时，不配置则没有",
    "InvincibleTime": "复活后无敌时间",
    "WaitMainIcon": "等待过程主界面图标",
    "AirWalls": "空气墙配置(支持多个)",
    "StartDeathArea": "开始游戏前死亡区域(进入就死掉)",
    "DontPlaceBlockArea": "禁止放方块区域(支持多个)",
    "BattleMainIcon": "战斗过程主界面图标"
  },
  "ClanWar_1": {
    "Class": "ClanWar",
    "Teams": [
      {
        "teamId": 1,
        "???": "红队",
        "name": "battle.team.name.1",
        "color": "FFDF3929",
        "birthPos": {
          "x": -152.5,
          "y": 66.5,
          "z": -3.5,
          "yaw": -150
        },
        "initPos": {
          "x": -164.5,
          "y": 66.5,
          "z": -27.5,
          "yaw": 10
        },
        "bodyPart": {
          "master": "team_color",
          "slave": "red"
        }
      },
      {
        "teamId": 2,
        "???": "蓝队",
        "name": "battle.team.name.2",
        "color": "FF0080C0",
        "birthPos": {
          "x": 41.5,
          "y": 66.5,
          "z": -71.5,
          "yaw": 30
        },
        "initPos": {
          "x": 52.5,
          "y": 66.5,
          "z": -48.5,
          "yaw": -170
        },
        "bodyPart": {
          "master": "team_color",
          "slave": "blue"
        }
      }
    ],
    "AirWalls": [
      {
        "minPos": {
          "x": -172,
          "y": 66,
          "z": -35
        },
        "maxPos": {
          "x": -158,
          "y": 75,
          "z": -34
        }
      },
      {
        "minPos": {
          "x": -158,
          "y": 65,
          "z": -21
        },
        "maxPos": {
          "x": -157,
          "y": 70,
          "z": -16
        }
      },
      {
        "minPos": {
          "x": -173,
          "y": 75,
          "z": -31
        },
        "maxPos": {
          "x": -160,
          "y": 76,
          "z": -16
        }
      },
      {
        "minPos": {
          "x": 43,
          "y": 66,
          "z": -43
        },
        "maxPos": {
          "x": 62,
          "y": 76,
          "z": -42
        }
      },
      {
        "minPos": {
          "x": 43,
          "y": 66,
          "z": -62
        },
        "maxPos": {
          "x": 44,
          "y": 71,
          "z": -58
        }
      },
      {
        "minPos": {
          "x": 47,
          "y": 75,
          "z": -63
        },
        "maxPos": {
          "x": 62,
          "y": 76,
          "z": -47
        }
      }
    ],
    "StartDeathArea": {
      "minPos": {
        "x": -157,
        "y": 50,
        "z": -77
      },
      "maxPos": {
        "x": 41,
        "y": 100,
        "z": -17
      }
    },
    "DontPlaceBlockArea": [
      {
        "minPos": {
          "x": -164,
          "y": 66,
          "z": -15
        },
        "maxPos": {
          "x": -142,
          "y": 75,
          "z": 4
        }
      },
      {
        "minPos": {
          "x": -174,
          "y": 64,
          "z": -33
        },
        "maxPos": {
          "x": -158,
          "y": 80,
          "z": -16
        }
      },
      {
        "minPos": {
          "x": 29,
          "y": 65,
          "z": -83
        },
        "maxPos": {
          "x": 53,
          "y": 78,
          "z": -63
        }
      },
      {
        "minPos": {
          "x": 44,
          "y": 65,
          "z": -62
        },
        "maxPos": {
          "x": 64,
          "y": 81,
          "z": -44
        }
      },
      {
        "minPos": {
          "x": -179,
          "y": 68,
          "z": -83
        },
        "maxPos": {
          "x": 67,
          "y": 109,
          "z": 6
        }
      }
    ],
    "TeamSize": 10,
    "MinPlayers": 12,
    "WinScore": 3,
    "WaitTick": 600,
    "NoMatchTick": 3000,
    "BattleTick": 9000,
    "RespawnCountdown": 5,
    "InvincibleTime": 5,
    "StartTip": "",
    "WinTip": "clan.war.win.tip",
    "LoseTip": "clan.war.lose.tip",
    "BattleTimeTip": false,
    "WaitMainIcon": "set:buttons.json image:icon_top_angle2",
    "BattleMainIcon": "set:icon.json image:img_0_battle"
  },
  "ClanWar_2": {
    "Class": "LimitedTimeClanWar",
    "Teams": [
      {
        "teamId": 1,
        "???": "红队",
        "name": "battle.team.name.1",
        "color": "FFDF3929",
        "birthPos": {
          "x": -152.5,
          "y": 66.5,
          "z": -3.5,
          "yaw": -150
        },
        "initPos": {
          "x": -164.5,
          "y": 66.5,
          "z": -27.5,
          "yaw": 10
        },
        "bodyPart": {
          "master": "team_color",
          "slave": "red"
        }
      },
      {
        "teamId": 2,
        "???": "蓝队",
        "name": "battle.team.name.2",
        "color": "FF0080C0",
        "birthPos": {
          "x": 41.5,
          "y": 66.5,
          "z": -71.5,
          "yaw": 30
        },
        "initPos": {
          "x": 52.5,
          "y": 66.5,
          "z": -48.5,
          "yaw": -170
        },
        "bodyPart": {
          "master": "team_color",
          "slave": "blue"
        }
      }
    ],
    "AirWalls": [
      {
        "minPos": {
          "x": -172,
          "y": 66,
          "z": -35
        },
        "maxPos": {
          "x": -158,
          "y": 75,
          "z": -34
        }
      },
      {
        "minPos": {
          "x": -158,
          "y": 65,
          "z": -21
        },
        "maxPos": {
          "x": -157,
          "y": 70,
          "z": -16
        }
      },
      {
        "minPos": {
          "x": -173,
          "y": 75,
          "z": -31
        },
        "maxPos": {
          "x": -160,
          "y": 76,
          "z": -16
        }
      },
      {
        "minPos": {
          "x": 43,
          "y": 66,
          "z": -43
        },
        "maxPos": {
          "x": 62,
          "y": 76,
          "z": -42
        }
      },
      {
        "minPos": {
          "x": 43,
          "y": 66,
          "z": -62
        },
        "maxPos": {
          "x": 44,
          "y": 71,
          "z": -58
        }
      },
      {
        "minPos": {
          "x": 47,
          "y": 75,
          "z": -63
        },
        "maxPos": {
          "x": 62,
          "y": 76,
          "z": -47
        }
      }
    ],
    "StartDeathArea": {
      "minPos": {
        "x": -157,
        "y": 50,
        "z": -77
      },
      "maxPos": {
        "x": 41,
        "y": 100,
        "z": -17
      }
    },
    "DontPlaceBlockArea": [
      {
        "minPos": {
          "x": -164,
          "y": 66,
          "z": -15
        },
        "maxPos": {
          "x": -142,
          "y": 75,
          "z": 4
        }
      },
      {
        "minPos": {
          "x": -174,
          "y": 64,
          "z": -33
        },
        "maxPos": {
          "x": -158,
          "y": 80,
          "z": -16
        }
      },
      {
        "minPos": {
          "x": 29,
          "y": 65,
          "z": -83
        },
        "maxPos": {
          "x": 53,
          "y": 78,
          "z": -63
        }
      },
      {
        "minPos": {
          "x": 44,
          "y": 65,
          "z": -62
        },
        "maxPos": {
          "x": 64,
          "y": 81,
          "z": -44
        }
      },
      {
        "minPos": {
          "x": -179,
          "y": 68,
          "z": -83
        },
        "maxPos": {
          "x": 67,
          "y": 109,
          "z": 6
        }
      }
    ],
    "TeamSize": 10,
    "MinPlayers": 12,
    "WinScore": 3,
    "WaitTick": 600,
    "NoMatchTick": 3000,
    "BattleTick": 9000,
    "RespawnCountdown": 5,
    "InvincibleTime": 5,
    "StartTip": "",
    "WinTip": "clan.war.win.tip",
    "LoseTip": "clan.war.lose.tip",
    "BattleTimeTip": false,
    "WaitMainIcon": "set:buttons.json image:icon_top_angle2",
    "BattleMainIcon": "set:icon.json image:img_0_battle"
  }
}