Id	Actor	Health	Stage1	Stage2	Stage3	Tip	GoType	GoParam
标示	actor	血量	阶段1	阶段2	阶段3	互动提示	跳转类型（1：特殊模式商店；2：活动）	 跳转参数
Id	Actor	Health	Stage1	Stage2	Stage3	Tip	GoType	GoParam
91000	g1008_effigy_01.actor	300	150#status_1	0#status_2	status_3	gui.effigy.tip	1	10101
91101	g1008_effigy_02.actor	300	150#status_1	0#status_2	status_3	gui.effigy.tip_1	1	10102
91102	g1008_effigy_03.actor	300	150#status_1	0#status_2	status_3	gui.effigy.tip_2	2	949
