{
	"101": [
		{
			"GrandPrizeRewardId": 31001,
			"GrandPrizeImage": "set:lucky_lottery.json image:img_show_bg"
		},
		{
			"GrandPrizeRewardId": 31002,
			"GrandPrizeImage": "set:lucky_lottery.json image:img_show_bg"
		},
		{
			"GrandPrizeRewardId": 31003,
			"GrandPrizeImage": "set:lucky_lottery.json image:img_show_bg"
		},
		{
			"GrandPrizeRewardId": 31004,
			"GrandPrizeImage": "set:lucky_lottery.json image:img_show_bg"
		},
		{
			"GrandPrizeRewardId": 31005,
			"GrandPrizeImage": "set:lucky_lottery.json image:img_show_bg"
		},
		{
			"GrandPrizeRewardId": 31006,
			"GrandPrizeImage": "set:lucky_lottery.json image:img_show_bg"
		},
		{
			"GrandPrizeRewardId": 31007,
			"GrandPrizeImage": "set:lucky_lottery.json image:img_show_bg"
		},
		{
			"GrandPrizeRewardId": 31008,
			"GrandPrizeImage": "set:lucky_lottery.json image:img_show_bg"
		},
		{
			"GrandPrizeRewardId": 31009,
			"GrandPrizeImage": "set:lucky_lottery.json image:img_show_bg"
		}
	],
	"102": [
		{
			"GrandPrizeRewardId": 31007,
			"GrandPrizeImage": "set:lucky_lottery.json image:img_show_bg2"
		}
	],
	"104": [
		{
			"GrandPrizeRewardId": 31009,
			"GrandPrizeImage": "set:lucky_lottery.json image:img_show_bg3"
		}
	],
	"105": [
		{
			"GrandPrizeRewardId": 31010,
			"GrandPrizeImage": "set:lucky_lottery.json image:img_show_bg4"
		},
		{
			"GrandPrizeRewardId": 31011,
			"GrandPrizeImage": "set:lucky_lottery.json image:img_show_bg4"
		},
		{
			"GrandPrizeRewardId": 31012,
			"GrandPrizeImage": "set:lucky_lottery.json image:img_show_bg4"
		}
	]
}