id	groupId	groupSeq	moneyType	price	discountPrice	times	extraRewardId	hintLang	uniqueId
序号	价格组id	组内序号	货币类型	价格	折扣价格	单次抽取奖励个数	额外奖励id	提示多语言	订单ID
id	groupId	groupSeq	moneyType	price	discountPrice	times	extraRewardId	hintLang	uniqueId
1	1	1	1	199	#	2	20125	must.lottery.price.hint.1	980101
2	1	2	1	299	#	2	20126	must.lottery.price.hint.2	980102
3	1	3	1	499	#	2	20127	must.lottery.price.hint.2	980103
4	1	4	1	699	#	2	20128	must.lottery.price.hint.2	980104
5	1	5	1	899	#	2	20129	must.lottery.price.hint.2	980105
6	1	6	1	999	#	2	20130	must.lottery.price.hint.2	980106
7	2	1	1	199	#	2	20550	must.lottery.price.hint.1	980107
8	2	2	1	299	#	2	20551	must.lottery.price.hint.2	980108
9	2	3	1	499	#	2	20552	must.lottery.price.hint.2	980109
10	2	4	1	699	#	2	20553	must.lottery.price.hint.2	980110
11	2	5	1	899	#	2	20554	must.lottery.price.hint.2	980111
12	2	6	1	999	#	2	20555	must.lottery.price.hint.2	980112
13	3	1	1	199	#	2	10121	must.lottery.price.hint.1	980113
14	3	2	1	299	#	2	10116	must.lottery.price.hint.2	980114
15	3	3	1	699	#	2	20553	must.lottery.price.hint.2	980115
16	3	4	1	999	#	2	92204	must.lottery.price.hint.2	980116
17	3	5	1	1499	#	2	10122	must.lottery.price.hint.2	980117
18	3	6	1	1999	#	2	20551	must.lottery.price.hint.2	980118
