TipType	TipTemplateId	Notice	zh_CN	en_US	pt_BR	ru_RU	ko_KR	de_DE	fr_FR	es_ES	it_IT	in_ID	th_TH	tr_TR	vi_VN	ja_JP
枚举类型	模板说明	备注	中文	英文	葡萄牙语	俄语	韩语	德语	法语	西语	意大利语	印尼语	泰语	土耳其	越南语	日语
10042001	GameName	游戏名称	建造与射击	Build and shoot	Build and shoot	Build and shoot	Build and shoot	Build and shoot	Build and shoot	Build and shoot	Build and shoot	Build and shoot	Build and shoot	Build and shoot	Build and shoot	Build and shoot
1045001	PixelGunGamemsgNotOperateTip	挂机提醒	▢FF00FF00请不要挂机	▢FF00FF00Please keep online	▢FF00FF00Please keep online	▢FF00FF00Please keep online	▢FF00FF00Please keep online	▢FF00FF00Please keep online	▢FF00FF00Please keep online	▢FF00FF00Please keep online	▢FF00FF00Please keep online	▢FF00FF00Please keep online	▢FF00FF00Please keep online	▢FF00FF00Please keep online	▢FF00FF00Please keep online	▢FF00FF00Please keep online
1045002	GameRunning	作战开始	作战开始，冲啊	Game Start	Game Start	Game Start	Game Start	Game Start	Game Start	Game Start	Game Start	Game Start	Game Start	Game Start	Game Start	Game Start
10042002	WaitingMatch	等待匹配游戏提示语	▢FF00FF00正在匹配游戏，请稍等...	▢FF00FF00Matching game, please wait...	Matching game, please wait...	Matching game, please wait...	Matching game, please wait...	Matching game, please wait...	Matching game, please wait...	Matching game, please wait...	Matching game, please wait...	Matching game, please wait...	Matching game, please wait...	Matching game, please wait...	Matching game, please wait...	Matching game, please wait...
1045003	WaitingBackHall	等待回大厅提示语	▢FF00FF00正在返回大厅，请稍等...	▢FF00FF00Back game hall, please wait...	Back game hall, please wait...	Back game hall, please wait...	Back game hall, please wait...	Back game hall, please wait...	Back game hall, please wait...	Back game hall, please wait...	Back game hall, please wait...	Back game hall, please wait...	Back game hall, please wait...	Back game hall, please wait...	Back game hall, please wait...	Back game hall, please wait...
1053001	PixelChickenCreatSaft	吃鸡提示生成安全区	▢FF00FF00距离生成安全区还有%1s	▢FF00FF00The safe zone generated in %1s	▢FF00FF00The safe zone generated in %1s	▢FF00FF00The safe zone generated in %1s	▢FF00FF00The safe zone generated in %1s	▢FF00FF00The safe zone generated in %1s	▢FF00FF00The safe zone generated in %1s	▢FF00FF00The safe zone generated in %1s	▢FF00FF00The safe zone generated in %1s	▢FF00FF00The safe zone generated in %1s	▢FF00FF00The safe zone generated in %1s	▢FF00FF00The safe zone generated in %1s	▢FF00FF00The safe zone generated in %1s	▢FF00FF00The safe zone generated in %1s
1053002	ChickenIsShringking	正在缩圈中	▢FF00FF00正在缩圈中…	▢FF00FF00Safe Area is Narrowing...	▢FF00FF00Safe Area is Narrowing...	▢FF00FF00Safe Area is Narrowing...	▢FF00FF00Safe Area is Narrowing...	▢FF00FF00Safe Area is Narrowing...	▢FF00FF00Safe Area is Narrowing...	▢FF00FF00Safe Area is Narrowing...	▢FF00FF00Safe Area is Narrowing...	▢FF00FF00Safe Area is Narrowing...	▢FF00FF00Safe Area is Narrowing...	▢FF00FF00Safe Area is Narrowing...	▢FF00FF00Safe Area is Narrowing...	▢FF00FF00Safe Area is Narrowing...
