{
    "地图配置说明": {
        "startPos": "起始坐标",
        "endPos": "结束坐标",
        "smallScale": "小地图比例尺",
        "largeScale": "大地图比例尺",
        "mapImage": "地图图片"
    },
    "g1072": {
        "startPos": {
            "x": -178,
            "y": 0,
            "z": -87
        },
        "endPos": {
            "x": 63,
            "y": 84,
            "z": 8
        },
        "smallScale": 0.9,
        "largeScale": 1,
        "mapImage": "set:minimap.json image:map_001"
    }
}