id	groupId	groupSeq	rewardId	isGrandPrize	price	showBorder	Unnamed: 8	Unnamed: 9	Unnamed: 10	Unnamed: 9.1
序号	奖品组id	组内排序	奖品id	是否为大奖(清空幸运值）	价格（0免费）	显示边框				
id	groupId	groupSeq	rewardId	isGrandPrize	price	showBorder				
1	101	1	42001	0	600	0	新钻石剑	雷切		
2	101	2	42002	0	600	0	新木镐	糖果		
3	101	3	42003	0	288	0	宠物	柯基		
4	101	4	42004	0	288	0	宠物	拳击手		
5	101	5	42005	0	128	0	宠物	炸弹人		
6	101	6	42006	0	358	1	足迹	雷电拖尾		
7	101	7	42007	0	188	1	特效箭	冰晶箭		
8	101	8	42008	0	358	1	刀光	光线刀光		
9	101	9	42009	0	68	0	个星动作	热身运动		
