index	mapId	teamId	温泉切片	温泉切片坐标X	温泉起点X	温泉终点X	Unnamed: 7	Unnamed: 8
index	mapId	teamId	hpSchemetic	hpSchemeticPos	hpStart	hpEnd		
1	1	1	mapzhongshi_wenquan_red.schematic	499,51,12	497,50,9	508,56,20	红队	沙漠
2	1	2	mapzhongshi_wenquan_blue.schematic	412,51,99	409,50,97	420,56,108	蓝队	沙漠
3	1	3	mapzhongshi_wenquan_green.schematic	412,51,12	409,50,9	420,56,20	绿队	沙漠
4	1	4	mapzhongshi_wenquan_yellow.schematic	499,51,99	497,50,97	508,56,108	黄队	沙漠
5	2	1	mapxiandai_wenquan_red.schematic	882,50,11	879,50,8	892,53,19	红队	现代
6	2	2	mapxiandai_wenquan_blue.schematic	882,50,152	879,50,152	892,53,163	蓝队	现代
7	2	3	mapxiandai_wenquan_green.schematic	811,50,82	808,50,79	819,53,92	绿队	现代
8	2	4	mapxiandai_wenquan_yellow.schematic	952,50,82	952,50,79	963,53,92	黄队	现代
9	3	1	mapxiaowu_wenquan_red.schematic	1366,50,85	1366,50,83	1375,56,92	红队	小屋
10	3	2	mapxiaowu_wenquan_blue.schematic	1221,50,85	1218,50,83	1227,56,92	蓝队	小屋
11	3	3	mapxiaowu_wenquan_green.schematic	1294,50,12	1292,50,9	1301,56,18	绿队	小屋
12	3	4	mapxiaowu_wenquan_yellow.schematic	1294,50,157	1292,50,157	1301,56,116	黄队	小屋
13	4	1	mapzhongshi_wenquan_red.schematic	1708100109	1708,99,109	1719103120	红队	中式
14	4	2	mapzhongshi_wenquan_blue.schematic	1615,100,16	1620,99,21	1609,103,10	蓝队	中式
15	4	3	mapzhongshi_wenquan_green.schematic	1708,100,16	1708,99,21	1719,103,10	绿队	中式
16	4	4	mapzhongshi_wenquan_yellow.schematic	1615100109	1620,99,109	1609103120	黄队	中式
17	5	1	mapnew_wenquan_red.schematic	2220,79,43	2220,79,43	2229,81,55	红队	海盗
18	5	2	mapnew_wenquan_blue.schematic	2220,79,198	2220,79,198	2229,81,210	蓝队	海盗
19	5	3	mapnew_wenquan_green.schematic	2297,79,121	2297,79,121	2307,81,132	绿队	海盗
20	5	4	mapnew_wenquan_yellow.schematic	2142,79,121	2142,79,120	2152,81,131	黄队	海盗
21	6	1	g1008_shengdanjie_red.schematic	2879,86,6	2878,86,6	2888,94,16	红队	圣诞节
22	6	2	g1008_shengdanjie_blue.schematic	2884,86,155	2884,86,155	2893,94,165	蓝队	圣诞节
23	6	3	g1008_shengdanjie_green.schematic	2806,86,84	2806,86,84	2816,94,93	绿队	圣诞节
24	6	4	g1008_shengdanjie_yellow.schematic	2955,86,79	2955,86,78	2965,94,87	黄队	圣诞节
25	7	1	maptiankong_wenquan_red.schematic	493,61,415	492,61,414	501,63,426	红队	圣殿
26	7	2	maptiankong_wenquan_blue.schematic	539,61,464	539,61,463	550,63,472	蓝队	圣殿
27	7	3	maptiankong_wenquan_green.schematic	539,61,500	539,61,499	550,63,472	绿队	圣殿
28	7	4	maptiankong_wenquan_yellow.schematic	493,61,546	492,61,545	501,63,557	黄队	圣殿
29	7	5	maptiankong_wenquan_cyan.schematic	457,61,546	456,61,545	465,63,557	青队	圣殿
30	7	6	maptiankong_wenquan_white.schematic	408,61,500	407,61,499	419,63,508	白队	圣殿
31	7	7	maptiankong_wenquan_pink.schematic	408,61,464	407,61,463	419,53,472	粉队	圣殿
32	7	8	maptiankong_wenquan_gray.schematic	457,61,415	456,61,414	465,53,425	黑队	圣殿
33	8	1	mapqiqiu_wenquan_red.schematic	112,62,423	112,62,422	120,64,431	红队	气球
34	8	2	mapqiqiu_wenquan_blue.schematic	163,62,473	162,62,473	171,64,481	蓝队	气球
35	8	3	mapqiqiu_wenquan_green.schematic	163,62,512	162,62,512	171,64,521	绿队	气球
36	8	4	mapqiqiu_wenquan_yellow.schematic	112,62,563	112,62,563	121,64,571	黄队	气球
37	8	5	mapqiqiu_wenquan_cyan.schematic	73,62,563	73,62,562	81,64,571	青队	气球
38	8	6	mapqiqiu_wenquan_white.schematic	23,62,512	22,62,512	31,64,520	白队	气球
39	8	7	mapqiqiu_wenquan_pink.schematic	23,62,473	22,62,473	31,64,481	粉队	气球
40	8	8	mapqiqiu_wenquan_gray.schematic	73,62,423	73,62,422	81,64,431	黑队	气球
41	9	1	mapjinling_wenquan_red.schematic	807100448	807100448	817102455	红队	精灵
42	9	2	mapjinling_wenquan_blue.schematic	847100408	847100408	854102418	蓝队	精灵
43	9	3	mapjinling_wenquan_green.schematic	895100408	895100408	902102418	绿队	精灵
44	9	4	mapjinling_wenquan_yellow.schematic	932100448	932100448	942102455	黄队	精灵
45	9	5	mapjinling_wenquan_cyan.schematic	932100496	932100496	942102502	青队	精灵
46	9	6	mapjinling_wenquan_white.schematic	895100533	895100533	902102543	白队	精灵
47	9	7	mapjinling_wenquan_pink.schematic	847100533	847100532	854102543	粉队	精灵
48	9	8	mapjinling_wenquan_gray.schematic	807100496	807100496	817102503	黑队	精灵
49	10	1	g1008_8shengdan_red.schematic	1295,83,409	1294,82,403	1301,87,413	红队	8队圣诞节
50	10	2	g1008_8shengdan_blue.schematic	1344,83,495	1342,82,454	1352,87,461	蓝队	8队圣诞节
51	10	3	g1008_8shengdan_green.schematic	1344,83,455	1342,82,494	1352,87,501	绿队	8队圣诞节
52	10	4	g1008_8shengdan_yellow.schematic	1295,83,544	1294,82,542	1301,87,552	黄队	8队圣诞节
53	10	5	g1008_8shengdan_cyan.schematic	1255,83,544	1254,82,542	1261,87,552	青队	8队圣诞节
54	10	6	g1008_8shengdan_white.schematic	1209,83,495	1203,82,494	1213,87,501	白队	8队圣诞节
55	10	7	g1008_8shengdan_pink.schematic	1209,83,455	1203,82,454	1213,87,461	粉队	8队圣诞节
56	10	8	g1008_8shengdan_gray.schematic	1255,83,409	1254,82,403	1261,87,413	黑队	8队圣诞节
57	11	1	maptaikong_wenquan_red.schematic	3408,80,30	3408,80,30	3415,81,37	红队	太空
58	11	2	maptaikong_wenquan_blue.schematic	3408,80,186	3408,80,186	3415,81,193	蓝队	太空
59	11	3	maptaikong_wenquan_green.schematic	3330,80,108	3330,80,108	3337,81,115	绿队	太空
60	11	4	maptaikong_wenquan_yellow.schematic	3486,80,108	3486,80,108	3493,81,115	黄队	太空
61	12	1	maptaikong_wenquan_red.schematic	3969,81,7	3969,81,7	3976,82,14	红队	风车
62	12	2	maptaikong_wenquan_blue.schematic	3969,81,131	3969,81,131	3976,82,138	蓝队	风车
63	12	3	maptaikong_wenquan_green.schematic	3907,81,69	3907,81,69	3914,82,76	绿队	风车
64	12	4	maptaikong_wenquan_yellow.schematic	4031,81,69	4031,81,69	4038,82,76	黄队	风车
65	13	1	mapchengbao_wenquan_red.schematic	4604,82,15	4603,81,14	4612,83,30	红队	城堡
66	13	2	mapchengbao_wenquan_blue.schematic	4604,82,195	4603,81,185	4612,83,201	蓝队	城堡
67	13	3	mapchengbao_wenquan_green.schematic	4515,82,104	4514,81,103	4530,83,112	绿队	城堡
68	13	4	mapchengbao_wenquan_yellow.schematic	4695,82,104	4685,81,103	4701,83,112	黄队	城堡
69	14	1	maptaikong_wenquan_red.schematic	5083,82,4	5083,82,4	5090,83,11	红队	儿童节
70	14	2	maptaikong_wenquan_blue.schematic	5083,82,162	5083,82,162	5090,83,169	蓝队	儿童节
71	14	3	maptaikong_wenquan_green.schematic	5004,82,83	5004,82,83	5011,83,90	绿队	儿童节
72	14	4	maptaikong_wenquan_yellow.schematic	5162,82,83	5162,82,83	5169,83,90	黄队	儿童节
73	15	1	maptangguo_wenquan_red.schematic	1724,82,407	1721,82,402	1733,83,415	红队	糖果世界
74	15	2	maptangguo_wenquan_blue.schematic	1793,82,476	1792,82,474	1805,83,486	蓝队	糖果世界
75	15	3	maptangguo_wenquan_green.schematic	1793,82,524	1792,82,521	1805,83,533	绿队	糖果世界
76	15	4	maptangguo_wenquan_yellow.schematic	1724,82,593	1721,82,592	1733,83,605	黄队	糖果世界
77	15	5	maptangguo_wenquan_cyan.schematic	1676,82,593	1674,82,592	1686,83,605	青队	糖果世界
78	15	6	maptangguo_wenquan_white.schematic	1607,82,524	1602,82,521	1615,83,533	白队	糖果世界
79	15	7	maptangguo_wenquan_pink.schematic	1607,82,476	1602,82,474	1615,83,586	粉队	糖果世界
80	15	8	maptangguo_wenquan_gray.schematic	1676,82,407	1674,82,402	1686,83,415	黑队	糖果世界
81	16	1	maptaikong_wenquan_red.schematic	5494,78,15	5493,78,5	5502,79,30	红队	天空神殿
82	16	2	maptaikong_wenquan_blue.schematic	5494,78,173	5493,78,165	5502,79,190	蓝队	天空神殿
83	16	3	maptaikong_wenquan_green.schematic	5415,78,94	5405,78,93	5430,79,102	绿队	天空神殿
84	16	4	maptaikong_wenquan_yellow.schematic	5573,78,94	5565,78,93	5590,79,102	黄队	天空神殿
85	19	1	maptaikong_wenquan_red.schematic	5881,82,13	5881,82,13	5888,83,23	红队	像素王国
86	19	2	maptaikong_wenquan_blue.schematic	5881,82,149	5881,82,146	5888,83,156	蓝队	像素王国
87	19	3	maptaikong_wenquan_green.schematic	5813,82,81	5813,82,81	5823,83,88	绿队	像素王国
88	19	4	maptaikong_wenquan_yellow.schematic	5949,82,81	5946,82,81	5956,83,88	黄队	像素王国
89	20	1	maptaikong_wenquan_red.schematic	6301,81,8	6300,80,6	6316,83,23	红队	高楼
90	20	2	maptaikong_wenquan_blue.schematic	6301,81,194	6294,80,186	6308,83,204	蓝队	高楼
91	20	3	maptaikong_wenquan_green.schematic	6394,81,101	6386,80,101	6403,83,115	绿队	高楼
92	20	4	maptaikong_wenquan_yellow.schematic	6208,81,101	6206,80,94	6223,83,108	黄队	高楼
93	21	1	mapchengbao_wenquan_red.schematic	6804,82,15	6804,81,14	6811,88,30	红队	迪士尼
94	21	2	mapchengbao_wenquan_blue.schematic	6804,82,195	6804,81,185	6811,88,201	蓝队	迪士尼
95	21	3	mapchengbao_wenquan_green.schematic	6715,82,104	6714,81,104	6730,88,111	绿队	迪士尼
96	21	4	mapchengbao_wenquan_yellow.schematic	6895,82,104	6885,81,104	6901,88,111	黄队	迪士尼
97	22	1	maptaikong_wenquan_red.schematic	7218,81,8	7213,80,6	7227,88,15	红队	现代2
98	22	2	maptaikong_wenquan_blue.schematic	7218,81,100	7216,80,100	7230,87,109	蓝队	现代2
99	22	3	maptaikong_wenquan_green.schematic	7314,81,100	7312,80,100	7326,89,109	绿队	现代2
100	22	4	maptaikong_wenquan_yellow.schematic	7313,81,8	7310,80,6	7324,87,14	黄队	现代2
101	23	1	mapchengbao_wenquan_red.schematic	44,84,4681	37,75,4663	59,108,4693	红队	沙滩10v10
102	23	2	mapchengbao_wenquan_blue.schematic	6804,82,195	36,73,4500	58,108,4530	蓝队	沙滩10v10
103	24	1	mapchengbao_wenquan_red.schematic	431,83,4531	400,75,4500	448,120,4548	红队	沙滩10v10
104	24	2	mapchengbao_wenquan_blue.schematic	540,83,4640	529,75,4629	577,120,4677	蓝队	沙滩10v10
