任务Id	事件动作	数量	条件参数	描述	重复组id	奖励	是否同一局	是否赢	是否是mvp	段位等级		
n_taskId	s_action	n_count	s_params	s_desc	n_groupId	s_reward	b_sameRound	b_isWin	b_isMvp	n_segment		
1	destroyBed	30	#	TaskSetting_desc_2	1	200002|1	#	#	#	#	累计拆床达到30张	床霸
2	completeGame	100	#	TaskSetting_desc_3	1	200003|1	#	TRUE	FALSE	#	非MVP获得游戏胜利100场	躺赢专业户
3	dragonKillEnemy	15	#	TaskSetting_desc_4	1	200004|1	TRUE	#	#	#	在同一局游戏中，使用末影龙卷轴击杀15名敌人	驯龙高手
4	killEnemy	30	#	TaskSetting_desc_5	1	200005|1	TRUE	#	#	#	在同一局游戏中击杀30个以上敌人	我要打30个
5	totalRuneLevel	84	#	TaskSetting_desc_6	1	200006|1	#	#	#	#	符文总等级达到84	符文大师
6	upSegment	1	#	TaskSetting_desc_7	1	200007|1	#	#	#	8	达到猎龙者段位	猎龙王者
7	globalRank	1	20	TaskSetting_desc_8	1	200008|1	#	#	#	#	进入全球荣誉排行榜前20	荣耀名人堂
8	blockSkin	30	#	TaskSetting_desc_9	1	200009|1	#	#	#	#	累计收集30个方块皮肤, 参数是tabId	方块艺术家
10	weaponSkin	100	#	TaskSetting_desc_11	1	200011|1	#	#	#	#	累计收集100把武器, 参数是tabId	武器大师
11	actionSkin	30	#	TaskSetting_desc_12	1	200012|1	#	#	#	#	累计收集30个动作, 参数是tabId	炫舞达人
12	titleNum	10	#	TaskSetting_desc_13	1	200013|1	#	#	#	#	累计收集10个成就称号	起床天王
13	giveTask	1	#	TaskSetting_desc_1	1	200001|1	#	#	#	#	登录赠送	起床先锋
14	getReward	1	200014	TaskSetting_desc_14	1	200014|1	#	#	#	#	抽奖中获得海洋主题称号	获得特定奖励
