礼包id	弹出顺序id	商品id	显示价格	优惠图片	奖励id （#分割）
id	sortId	productId	showPrice	discounts	rewardId
100011	#	game.inner.lifelong.100011	$ 4.99	set:bedwar_lifetime_gifts.json image:817%+	310001#310009#310012#310014
100012	1	game.inner.lifelong.100012	$ 9.99	set:bedwar_lifetime_gifts.json image:4900	310002#310010#310008#310016
100013	2	game.inner.lifelong.100013	$ 24.99	set:bedwar_lifetime_gifts.json image:13600	310003#310017#310019#310018
100014	3	game.inner.lifelong.100014	$ 49.99	set:bedwar_lifetime_gifts.json image:24500	310004#310011#310013#310015
100015	4	game.inner.lifelong.100015	$ 99.99	set:bedwar_lifetime_gifts.json image:48000	310005#3049#3017#310026
