id	activityId	rewardGroupId	price	times	uniqueId	moneyType	Giftnamedesc	Discountdesc	Discount	ShowRewardId	tabImage	tabName
奖励挡位id	活动id	奖励组id	购买的金魔方	限购次数	订单id	货币(0默认金魔方）	礼包名多语言	折扣多语言	折前价格	展示道具id	tab背景图	展示道具名称
id	activityId	rewardGroupId	price	times	uniqueId	moneyType	Giftnamedesc	Discountdesc	Discount	ShowRewardId	tabImage	tabName
1	2504	1613	0	1	250401	0	DiamondGift_01	DiamondGift_Discount_01	#	#	#	#
2	2504	1614	199	1	250402	0	DiamondGift_02	DiamondGift_Discount_02	#	#	#	#
3	2504	1615	399	99	250403	0	DiamondGift_03	DiamondGift_Discount_03	#	#	#	#
4	2504	1616	999	99	250404	0	DiamondGift_04	DiamondGift_Discount_04	#	#	#	#
5	2504	1617	1999	99	250405	0	DiamondGift_05	DiamondGift_Discount_05	#	#	#	#
6	2504	1618	2999	99	250406	0	DiamondGift_06	DiamondGift_Discount_06	#	#	#	#
7	2505	1613	0	1	250501	0	DiamondGift_01	DiamondGift_Discount_01	#	#	#	#
8	2505	1614	199	1	250502	0	DiamondGift_02	DiamondGift_Discount_02	#	#	#	#
9	2505	1615	399	99	250503	0	DiamondGift_03	DiamondGift_Discount_03	#	#	#	#
10	2505	1616	999	99	250504	0	DiamondGift_04	DiamondGift_Discount_04	#	#	#	#
11	2505	1617	1999	99	250505	0	DiamondGift_05	DiamondGift_Discount_05	#	#	#	#
12	2505	1618	2999	99	250506	0	DiamondGift_06	DiamondGift_Discount_06	#	#	#	#
13	2506	1619	20	1	250601	0	DiamondGift_07	DiamondGift_Discount_07	50	30007	set:game_activity_diamond_gift2.json image:banner_gift_props	#
14	2506	1620	250	99	250602	0	DiamondGift_08	DiamondGift_Discount_08	500	30007	set:game_activity_diamond_gift2.json image:banner_gift_props	#
15	2506	1621	300	99	250603	0	DiamondGift_09	DiamondGift_Discount_08	600	30008	set:game_activity_diamond_gift2.json image:banner_gift_props	#
16	2506	1622	400	99	250604	0	DiamondGift_10	DiamondGift_Discount_08	800	30010	set:game_activity_diamond_gift2.json image:banner_gift_props	#
17	2506	1623	600	99	250605	0	DiamondGift_11	DiamondGift_Discount_07	1500	30004	set:game_activity_diamond_gift2.json image:banner_gift_props	#
18	2506	1624	300	99	250606	0	DiamondGift_12	DiamondGift_Discount_08	600	30003	set:game_activity_diamond_gift2.json image:banner_gift_props	#
19	2506	1625	180	99	250607	0	DiamondGift_13	DiamondGift_Discount_09	300	30016	set:game_activity_diamond_gift2.json image:banner_gift_props	#
20	2507	1626	1999	1	250701	0	DiamondGift_14	DiamondGift_Discount_11	7376	3059	set:game_activity_diamond_gift2.json image:banner_gift_pet	#
21	2507	1627	1999	1	250702	0	DiamondGift_15	DiamondGift_Discount_10	6476	3044	set:game_activity_diamond_gift2.json image:banner_gift_pet	#
22	2507	1628	1999	1	250703	0	DiamondGift_16	DiamondGift_Discount_10	6476	3038	set:game_activity_diamond_gift2.json image:banner_gift_pet	#
23	2507	1629	999	1	250704	0	DiamondGift_17	DiamondGift_Discount_11	4076	3017	set:game_activity_diamond_gift2.json image:banner_gift_pet	#
24	2508	1630	200	99	250801	0	DiamondGift_18	DiamondGift_Discount_12	450	30007	set:game_activity_diamond_gift2.json image:banner_gift_props	#
25	2508	1631	300	99	250802	0	DiamondGift_19	DiamondGift_Discount_13	900	30003	set:game_activity_diamond_gift2.json image:banner_gift_props	#
26	2508	1632	750	99	250803	0	DiamondGift_20	DiamondGift_Discount_10	2500	30004	set:game_activity_diamond_gift2.json image:banner_gift_props	#
27	2509	1633	0	1	250901	0	DiamondGift_21	DiamondGift_Discount_14	50	92204	set:game_activity_diamond_gift2.json image:banner_gift_pet	#
28	2509	1634	100	1	250902	0	DiamondGift_22	DiamondGift_Discount_13	300	92204	set:game_activity_diamond_gift2.json image:banner_gift_pet	#
29	2509	1635	200	99	250903	0	DiamondGift_23	DiamondGift_Discount_07	500	92204	set:game_activity_diamond_gift2.json image:banner_gift_pet	#
30	2509	1636	800	99	250904	0	DiamondGift_24	DiamondGift_Discount_07	2000	92204	set:game_activity_diamond_gift2.json image:banner_gift_pet	#
31	2509	1637	2000	99	250905	0	DiamondGift_25	DiamondGift_Discount_07	5000	92204	set:game_activity_diamond_gift2.json image:banner_gift_pet	#
32	2510	1613	0	1	251001	0	DiamondGift_01	DiamondGift_Discount_01	#	#	#	#
33	2510	1614	199	1	251002	0	DiamondGift_02	DiamondGift_Discount_02	#	#	#	#
34	2510	1615	399	99	251003	0	DiamondGift_03	DiamondGift_Discount_03	#	#	#	#
35	2510	1616	999	99	251004	0	DiamondGift_04	DiamondGift_Discount_04	#	#	#	#
36	2510	1617	1999	99	251005	0	DiamondGift_05	DiamondGift_Discount_05	#	#	#	#
37	2510	1618	2999	99	251006	0	DiamondGift_06	DiamondGift_Discount_06	#	#	#	#
38	2511	1613	0	1	251101	0	DiamondGift_01	DiamondGift_Discount_01	#	#	#	#
39	2511	1614	199	1	251102	0	DiamondGift_02	DiamondGift_Discount_02	#	#	#	#
40	2511	1615	399	99	251103	0	DiamondGift_03	DiamondGift_Discount_03	#	#	#	#
41	2511	1616	999	99	251104	0	DiamondGift_04	DiamondGift_Discount_04	#	#	#	#
42	2511	1617	1999	99	251105	0	DiamondGift_05	DiamondGift_Discount_05	#	#	#	#
43	2511	1618	2999	99	251106	0	DiamondGift_06	DiamondGift_Discount_06	#	#	#	#
44	2512	1638	199	1	251101	0	DiamondGift_02	DiamondGift_Discount_02	#	#	#	#
45	2512	1639	399	99	251102	0	DiamondGift_03	DiamondGift_Discount_03	#	#	#	#
46	2512	1640	999	99	251103	0	DiamondGift_04	DiamondGift_Discount_04	#	#	#	#
47	2512	1641	2999	99	251104	0	DiamondGift_05	DiamondGift_Discount_05	#	#	#	#
48	2512	1642	5999	99	251105	0	DiamondGift_06	DiamondGift_Discount_06	#	#	#	#
49	2513	1638	199	1	251101	0	DiamondGift_02	DiamondGift_Discount_02	#	#	#	#
50	2513	1639	399	99	251102	0	DiamondGift_03	DiamondGift_Discount_03	#	#	#	#
51	2513	1640	999	99	251103	0	DiamondGift_04	DiamondGift_Discount_04	#	#	#	#
52	2513	1641	2999	99	251104	0	DiamondGift_05	DiamondGift_Discount_05	#	#	#	#
53	2513	1642	5999	99	251105	0	DiamondGift_06	DiamondGift_Discount_06	#	#	#	#
54	2515	1638	199	1	251101	0	DiamondGift_02	DiamondGift_Discount_02	#	#	#	#
55	2515	1639	399	99	251102	0	DiamondGift_03	DiamondGift_Discount_03	#	#	#	#
56	2515	1640	999	99	251103	0	DiamondGift_04	DiamondGift_Discount_04	#	#	#	#
57	2515	1641	2999	99	251104	0	DiamondGift_05	DiamondGift_Discount_05	#	#	#	#
58	2515	1642	5999	99	251105	0	DiamondGift_06	DiamondGift_Discount_06	#	#	#	#
59	2516	1638	199	1	251101	0	DiamondGift_02	DiamondGift_Discount_02	#	#	#	#
60	2516	1639	399	99	251102	0	DiamondGift_03	DiamondGift_Discount_03	#	#	#	#
61	2516	1640	999	99	251103	0	DiamondGift_04	DiamondGift_Discount_04	#	#	#	#
62	2516	1641	2999	99	251104	0	DiamondGift_05	DiamondGift_Discount_05	#	#	#	#
63	2516	1642	5999	99	251105	0	DiamondGift_06	DiamondGift_Discount_06	#	#	#	#
64	2517	1638	199	1	251101	0	DiamondGift_02	DiamondGift_Discount_02	#	#	#	#
65	2517	1639	399	99	251102	0	DiamondGift_03	DiamondGift_Discount_03	#	#	#	#
66	2517	1640	999	99	251103	0	DiamondGift_04	DiamondGift_Discount_04	#	#	#	#
67	2517	1641	2999	99	251104	0	DiamondGift_05	DiamondGift_Discount_05	#	#	#	#
68	2517	1642	5999	99	251105	0	DiamondGift_06	DiamondGift_Discount_06	#	#	#	#
69	2518	1638	199	1	251101	0	DiamondGift_02	DiamondGift_Discount_02	#	#	#	#
70	2518	1639	399	99	251102	0	DiamondGift_03	DiamondGift_Discount_03	#	#	#	#
71	2518	1640	999	99	251103	0	DiamondGift_04	DiamondGift_Discount_04	#	#	#	#
72	2518	1641	2999	99	251104	0	DiamondGift_05	DiamondGift_Discount_05	#	#	#	#
73	2518	1642	5999	99	251105	0	DiamondGift_06	DiamondGift_Discount_06	#	#	#	#
74	2519	1638	199	1	251101	0	DiamondGift_02	DiamondGift_Discount_02	#	#	#	#
75	2519	1639	399	99	251102	0	DiamondGift_03	DiamondGift_Discount_03	#	#	#	#
76	2519	1640	999	99	251103	0	DiamondGift_04	DiamondGift_Discount_04	#	#	#	#
77	2519	1641	2999	99	251104	0	DiamondGift_05	DiamondGift_Discount_05	#	#	#	#
78	2519	1642	5999	99	251105	0	DiamondGift_06	DiamondGift_Discount_06	#	#	#	#
79	2520	1638	199	1	251101	0	DiamondGift_02	DiamondGift_Discount_02	#	#	#	#
80	2520	1639	399	99	251102	0	DiamondGift_03	DiamondGift_Discount_03	#	#	#	#
81	2520	1640	999	99	251103	0	DiamondGift_04	DiamondGift_Discount_04	#	#	#	#
82	2520	1641	2999	99	251104	0	DiamondGift_05	DiamondGift_Discount_05	#	#	#	#
83	2520	1642	5999	99	251105	0	DiamondGift_06	DiamondGift_Discount_06	#	#	#	#
84	2522	1638	199	1	251101	0	DiamondGift_02	DiamondGift_Discount_02	#	#	#	#
85	2522	1639	399	99	251102	0	DiamondGift_03	DiamondGift_Discount_03	#	#	#	#
86	2522	1640	999	99	251103	0	DiamondGift_04	DiamondGift_Discount_04	#	#	#	#
87	2522	1641	2999	99	251104	0	DiamondGift_05	DiamondGift_Discount_05	#	#	#	#
88	2522	1642	5999	99	251105	0	DiamondGift_06	DiamondGift_Discount_06	#	#	#	#
89	2523	1638	199	1	251101	0	DiamondGift_02	DiamondGift_Discount_02	#	#	#	#
90	2523	1639	399	99	251102	0	DiamondGift_03	DiamondGift_Discount_03	#	#	#	#
91	2523	1640	999	99	251103	0	DiamondGift_04	DiamondGift_Discount_04	#	#	#	#
92	2523	1641	2999	99	251104	0	DiamondGift_05	DiamondGift_Discount_05	#	#	#	#
93	2523	1642	5999	99	251105	0	DiamondGift_06	DiamondGift_Discount_06	#	#	#	#
94	2524	1638	199	1	251101	0	DiamondGift_02	DiamondGift_Discount_02	#	#	#	#
95	2524	1639	399	99	251102	0	DiamondGift_03	DiamondGift_Discount_03	#	#	#	#
96	2524	1640	999	99	251103	0	DiamondGift_04	DiamondGift_Discount_04	#	#	#	#
97	2524	1641	2999	99	251104	0	DiamondGift_05	DiamondGift_Discount_05	#	#	#	#
98	2524	1642	5999	99	251105	0	DiamondGift_06	DiamondGift_Discount_06	#	#	#	#
99	2525	1643	600	1	252501	0	DiamondGift_21	DiamondGift_Discount_15	1200	13160	set:game_activity_diamond_gift2.json image:banner_gift_runes	#
100	2525	1644	1980	1	252502	0	DiamondGift_22	DiamondGift_Discount_16	3600	13160	set:game_activity_diamond_gift2.json image:banner_gift_runes	#
101	2525	1645	1980	1	252503	0	DiamondGift_23	DiamondGift_Discount_16	3600	13161	set:game_activity_diamond_gift2.json image:banner_gift_runes	#
102	2525	1646	2700	1	252504	0	DiamondGift_24	DiamondGift_Discount_17	3600	13160	set:game_activity_diamond_gift2.json image:banner_gift_runes	#
103	2525	1647	2700	1	252505	0	DiamondGift_25	DiamondGift_Discount_17	3600	13161	set:game_activity_diamond_gift2.json image:banner_gift_runes	#
104	2526	1638	199	1	251101	0	DiamondGift_02	DiamondGift_Discount_02	#	#	#	#
105	2526	1639	399	99	251102	0	DiamondGift_03	DiamondGift_Discount_03	#	#	#	#
106	2526	1640	999	99	251103	0	DiamondGift_04	DiamondGift_Discount_04	#	#	#	#
107	2526	1641	2999	99	251104	0	DiamondGift_05	DiamondGift_Discount_05	#	#	#	#
108	2526	1642	5999	99	251105	0	DiamondGift_06	DiamondGift_Discount_06	#	#	#	#
109	2527	1638	199	1	251101	0	DiamondGift_02	DiamondGift_Discount_02	#	#	#	#
110	2527	1639	399	99	251102	0	DiamondGift_03	DiamondGift_Discount_03	#	#	#	#
111	2527	1640	999	99	251103	0	DiamondGift_04	DiamondGift_Discount_04	#	#	#	#
112	2527	1641	2999	99	251104	0	DiamondGift_05	DiamondGift_Discount_05	#	#	#	#
113	2527	1642	5999	99	251105	0	DiamondGift_06	DiamondGift_Discount_06	#	#	#	#
114	2528	1638	199	1	251101	0	DiamondGift_02	DiamondGift_Discount_02	#	#	#	#
115	2528	1639	399	99	251102	0	DiamondGift_03	DiamondGift_Discount_03	#	#	#	#
116	2528	1640	999	99	251103	0	DiamondGift_04	DiamondGift_Discount_04	#	#	#	#
117	2528	1641	2999	99	251104	0	DiamondGift_05	DiamondGift_Discount_05	#	#	#	#
118	2528	1642	5999	99	251105	0	DiamondGift_06	DiamondGift_Discount_06	#	#	#	#
119	2530	1638	199	1	251101	0	DiamondGift_02	DiamondGift_Discount_02	#	#	#	#
120	2530	1639	399	99	251102	0	DiamondGift_03	DiamondGift_Discount_03	#	#	#	#
121	2530	1640	999	99	251103	0	DiamondGift_04	DiamondGift_Discount_04	#	#	#	#
122	2530	1641	2999	99	251104	0	DiamondGift_05	DiamondGift_Discount_05	#	#	#	#
123	2530	1642	5999	99	251105	0	DiamondGift_06	DiamondGift_Discount_06	#	#	#	#
124	2531	1638	199	1	251101	0	DiamondGift_02	DiamondGift_Discount_02	#	#	#	#
125	2531	1639	399	99	251102	0	DiamondGift_03	DiamondGift_Discount_03	#	#	#	#
126	2531	1640	999	99	251103	0	DiamondGift_04	DiamondGift_Discount_04	#	#	#	#
127	2531	1641	2999	99	251104	0	DiamondGift_05	DiamondGift_Discount_05	#	#	#	#
128	2531	1642	5999	99	251105	0	DiamondGift_06	DiamondGift_Discount_06	#	#	#	#
129	2532	1638	199	1	251101	0	DiamondGift_02	DiamondGift_Discount_02	#	#	#	#
130	2532	1639	399	99	251102	0	DiamondGift_03	DiamondGift_Discount_03	#	#	#	#
131	2532	1640	999	99	251103	0	DiamondGift_04	DiamondGift_Discount_04	#	#	#	#
132	2532	1641	2999	99	251104	0	DiamondGift_05	DiamondGift_Discount_05	#	#	#	#
133	2532	1642	5999	99	251105	0	DiamondGift_06	DiamondGift_Discount_06	#	#	#	#
134	2533	1648	299	1	253301	0	DiamondGift_26	DiamondGift_Discount_18	4464	3006	set:game_activity_diamond_gift2.json image:banner_gift_pet	#
135	2533	1649	499	1	253302	0	DiamondGift_27	DiamondGift_Discount_19	12764	3028	set:game_activity_diamond_gift2.json image:banner_gift_pet	#
136	2533	1650	1999	1	253303	0	DiamondGift_28	DiamondGift_Discount_20	8876	3038	set:game_activity_diamond_gift2.json image:banner_gift_pet	#
137	2533	1651	199	1	253304	0	DiamondGift_29	DiamondGift_Discount_21	1534	7011	set:game_activity_diamond_gift2.json image:banner_gift_pet	#
138	2533	1652	199	1	253305	0	DiamondGift_30	DiamondGift_Discount_22	2564	2003	set:game_activity_diamond_gift2.json image:banner_gift_pet	#
139	2534	1653	299	1	251101	0	DiamondGift_02	DiamondGift_Discount_23	1600	10128	set:game_activity_diamond_gift2.json image:banner_gift_soulstone	#
140	2534	1654	499	99	251102	0	DiamondGift_03	DiamondGift_Discount_24	2000	10129	set:game_activity_diamond_gift2.json image:banner_gift_soulstone	#
141	2534	1655	999	99	251103	0	DiamondGift_04	DiamondGift_Discount_25	4000	10130	set:game_activity_diamond_gift2.json image:banner_gift_soulstone	#
142	2534	1656	1999	99	251104	0	DiamondGift_05	DiamondGift_Discount_26	8000	10131	set:game_activity_diamond_gift2.json image:banner_gift_soulstone	#
143	2534	1657	4999	99	251105	0	DiamondGift_06	DiamondGift_Discount_27	20000	10132	set:game_activity_diamond_gift2.json image:banner_gift_soulstone	#
144	2535	1658	199	1	253501	0	DiamondGift_29	DiamondGift_Discount_22	2964	7019	set:game_activity_diamond_gift2.json image:banner_gift_pet	#
145	2535	1659	599	1	253502	0	DiamondGift_31	DiamondGift_Discount_28	3600	16007	set:game_activity_diamond_gift2.json image:banner_gift_pet	#
146	2535	1660	899	1	253503	0	DiamondGift_27	DiamondGift_Discount_29	9864	3033	set:game_activity_diamond_gift2.json image:banner_gift_pet	#
147	2535	1661	1999	1	253504	0	DiamondGift_28	DiamondGift_Discount_30	10876	3008	set:game_activity_diamond_gift2.json image:banner_gift_pet	#
148	2535	1662	1999	1	253505	0	DiamondGift_32	DiamondGift_Discount_28	12000	6040004	set:game_activity_diamond_gift2.json image:banner_gift_pet	#
149	2536	1638	199	1	251101	0	DiamondGift_02	DiamondGift_Discount_02	#	#	#	#
150	2536	1639	399	99	251102	0	DiamondGift_03	DiamondGift_Discount_03	#	#	#	#
151	2536	1640	999	99	251103	0	DiamondGift_04	DiamondGift_Discount_04	#	#	#	#
152	2536	1641	2999	99	251104	0	DiamondGift_05	DiamondGift_Discount_05	#	#	#	#
153	2536	1642	5999	99	251105	0	DiamondGift_06	DiamondGift_Discount_06	#	#	#	#
154	2537	1638	199	1	251101	0	DiamondGift_02	DiamondGift_Discount_02	#	#	#	#
155	2537	1639	399	99	251102	0	DiamondGift_03	DiamondGift_Discount_03	#	#	#	#
156	2537	1640	999	99	251103	0	DiamondGift_04	DiamondGift_Discount_04	#	#	#	#
157	2537	1641	2999	99	251104	0	DiamondGift_05	DiamondGift_Discount_05	#	#	#	#
158	2537	1642	5999	99	251105	0	DiamondGift_06	DiamondGift_Discount_06	#	#	#	#
159	2538	1666	1699	1	253501	0	DiamondGift_27	DiamondGift_Discount_30	8876	3059	set:game_activity_diamond_gift2.json image:banner_gift_pet	#
160	2538	1665	2199	1	253502	0	DiamondGift_28	DiamondGift_Discount_30	10876	3054	set:game_activity_diamond_gift2.json image:banner_gift_pet	#
161	2538	1669	999	1	253503	0	DiamondGift_31	DiamondGift_Discount_20	4300	1040018	set:game_activity_diamond_gift2.json image:banner_gift_pet	#
162	2538	1663	299	1	253504	0	DiamondGift_29	DiamondGift_Discount_21	2352	7052	set:game_activity_diamond_gift2.json image:banner_gift_pet	#
163	2538	1668	299	1	253505	0	DiamondGift_33	DiamondGift_Discount_21	2352	20405	set:game_activity_diamond_gift2.json image:banner_gift_pet	#
164	2538	1667	299	1	253505	0	DiamondGift_34	DiamondGift_Discount_28	1492	5041	set:game_activity_diamond_gift2.json image:banner_gift_pet	#
165	2538	1664	299	1	253505	0	DiamondGift_35	DiamondGift_Discount_30	1952	6028	set:game_activity_diamond_gift2.json image:banner_gift_pet	#
166	2539	1638	199	1	251101	0	DiamondGift_02	DiamondGift_Discount_02	#	#	#	#
167	2539	1639	399	99	251102	0	DiamondGift_03	DiamondGift_Discount_03	#	#	#	#
168	2539	1640	999	99	251103	0	DiamondGift_04	DiamondGift_Discount_04	#	#	#	#
169	2539	1641	2999	99	251104	0	DiamondGift_05	DiamondGift_Discount_05	#	#	#	#
170	2539	1642	5999	99	251105	0	DiamondGift_06	DiamondGift_Discount_06	#	#	#	#
171	2540	1638	199	1	251101	0	DiamondGift_02	DiamondGift_Discount_02	#	#	#	#
172	2540	1639	399	99	251102	0	DiamondGift_03	DiamondGift_Discount_03	#	#	#	#
173	2540	1640	999	99	251103	0	DiamondGift_04	DiamondGift_Discount_04	#	#	#	#
174	2540	1641	2999	99	251104	0	DiamondGift_05	DiamondGift_Discount_05	#	#	#	#
175	2540	1642	5999	99	251105	0	DiamondGift_06	DiamondGift_Discount_06	#	#	#	#
176	2541	1638	199	1	251101	0	DiamondGift_02	DiamondGift_Discount_02	#	#	#	#
177	2541	1639	399	99	251102	0	DiamondGift_03	DiamondGift_Discount_03	#	#	#	#
178	2541	1640	999	99	251103	0	DiamondGift_04	DiamondGift_Discount_04	#	#	#	#
179	2541	1641	2999	99	251104	0	DiamondGift_05	DiamondGift_Discount_05	#	#	#	#
180	2541	1642	5999	99	251105	0	DiamondGift_06	DiamondGift_Discount_06	#	#	#	#
181	2542	1638	199	1	251101	0	DiamondGift_02	DiamondGift_Discount_02	#	#	#	#
182	2542	1639	399	99	251102	0	DiamondGift_03	DiamondGift_Discount_03	#	#	#	#
183	2542	1640	999	99	251103	0	DiamondGift_04	DiamondGift_Discount_04	#	#	#	#
184	2542	1641	2999	99	251104	0	DiamondGift_05	DiamondGift_Discount_05	#	#	#	#
185	2542	1642	5999	99	251105	0	DiamondGift_06	DiamondGift_Discount_06	#	#	#	#
186	2543	1670	299	1	253501	0	DiamondGift_29	DiamondGift_Discount_30	1704	7062	set:game_activity_diamond_gift2.json image:banner_gift_pet	#
187	2543	1671	599	1	253502	0	DiamondGift_31	DiamondGift_Discount_30	3300	91601	set:game_activity_diamond_gift2.json image:banner_gift_pet	#
188	2543	1673	1999	1	253503	0	DiamondGift_28	DiamondGift_Discount_27	7976	3057	set:game_activity_diamond_gift2.json image:banner_gift_pet	#
189	2543	1672	3999	1	253504	0	DiamondGift_28	DiamondGift_Discount_10	13976	92201	set:game_activity_diamond_gift2.json image:banner_gift_pet	#
190	2543	1674	1999	1	253505	0	DiamondGift_32	DiamondGift_Discount_30	12000	6040001	set:game_activity_diamond_gift2.json image:banner_gift_pet	#
191	2545	1638	199	1	251101	0	DiamondGift_02	DiamondGift_Discount_02	#	#	#	#
192	2545	1639	399	99	251102	0	DiamondGift_03	DiamondGift_Discount_03	#	#	#	#
193	2545	1640	999	99	251103	0	DiamondGift_04	DiamondGift_Discount_04	#	#	#	#
194	2545	1641	2999	99	251104	0	DiamondGift_05	DiamondGift_Discount_05	#	#	#	#
195	2545	1642	5999	99	251105	0	DiamondGift_06	DiamondGift_Discount_06	#	#	#	#
196	2546	1638	199	1	251101	0	DiamondGift_02	DiamondGift_Discount_02	#	#	#	#
197	2546	1639	399	99	251102	0	DiamondGift_03	DiamondGift_Discount_03	#	#	#	#
198	2546	1640	999	99	251103	0	DiamondGift_04	DiamondGift_Discount_04	#	#	#	#
199	2546	1641	2999	99	251104	0	DiamondGift_05	DiamondGift_Discount_05	#	#	#	#
200	2546	1642	5999	99	251105	0	DiamondGift_06	DiamondGift_Discount_06	#	#	#	#
201	2547	1638	199	1	251101	0	DiamondGift_02	DiamondGift_Discount_02	#	#	#	#
202	2547	1639	399	99	251102	0	DiamondGift_03	DiamondGift_Discount_03	#	#	#	#
203	2547	1640	999	99	251103	0	DiamondGift_04	DiamondGift_Discount_04	#	#	#	#
204	2547	1641	2999	99	251104	0	DiamondGift_05	DiamondGift_Discount_05	#	#	#	#
205	2547	1642	5999	99	251105	0	DiamondGift_06	DiamondGift_Discount_06	#	#	#	#
206	2548	1638	199	1	251101	0	DiamondGift_02	DiamondGift_Discount_02	#	#	#	#
207	2548	1639	399	1	251102	0	DiamondGift_03	DiamondGift_Discount_03	#	#	#	#
208	2548	1640	999	1	251103	0	DiamondGift_04	DiamondGift_Discount_04	#	#	#	#
209	2548	1641	2999	1	251104	0	DiamondGift_05	DiamondGift_Discount_05	#	#	#	#
210	2548	1642	5999	1	251105	0	DiamondGift_06	DiamondGift_Discount_06	#	#	#	#
211	2549	1638	199	1	251101	0	DiamondGift_02	DiamondGift_Discount_02	#	#	#	#
212	2549	1639	399	1	251102	0	DiamondGift_03	DiamondGift_Discount_03	#	#	#	#
213	2549	1640	999	1	251103	0	DiamondGift_04	DiamondGift_Discount_04	#	#	#	#
214	2549	1641	2999	1	251104	0	DiamondGift_05	DiamondGift_Discount_05	#	#	#	#
215	2549	1642	5999	1	251105	0	DiamondGift_06	DiamondGift_Discount_06	#	#	#	#
216	2550	1638	199	1	251101	0	DiamondGift_02	DiamondGift_Discount_02	#	#	#	#
217	2550	1639	399	1	251102	0	DiamondGift_03	DiamondGift_Discount_03	#	#	#	#
218	2550	1640	999	1	251103	0	DiamondGift_04	DiamondGift_Discount_04	#	#	#	#
219	2550	1641	2999	1	251104	0	DiamondGift_05	DiamondGift_Discount_05	#	#	#	#
220	2550	1642	5999	1	251105	0	DiamondGift_06	DiamondGift_Discount_06	#	#	#	#
221	2551	1638	199	1	251101	0	DiamondGift_02	DiamondGift_Discount_02	#	#	#	#
222	2551	1639	399	1	251102	0	DiamondGift_03	DiamondGift_Discount_03	#	#	#	#
223	2551	1640	999	1	251103	0	DiamondGift_04	DiamondGift_Discount_04	#	#	#	#
224	2551	1641	2999	1	251104	0	DiamondGift_05	DiamondGift_Discount_05	#	#	#	#
225	2551	1642	5999	1	251105	0	DiamondGift_06	DiamondGift_Discount_06	#	#	#	#
226	2552	1638	199	1	251101	0	DiamondGift_02	DiamondGift_Discount_02	#	#	#	#
227	2552	1639	399	1	251102	0	DiamondGift_03	DiamondGift_Discount_03	#	#	#	#
228	2552	1640	999	1	251103	0	DiamondGift_04	DiamondGift_Discount_04	#	#	#	#
229	2552	1641	2999	1	251104	0	DiamondGift_05	DiamondGift_Discount_05	#	#	#	#
230	2552	1642	5999	1	251105	0	DiamondGift_06	DiamondGift_Discount_06	#	#	#	#
231	2553	1638	199	1	251101	0	DiamondGift_02	DiamondGift_Discount_02	#	#	#	#
232	2553	1639	399	1	251102	0	DiamondGift_03	DiamondGift_Discount_03	#	#	#	#
233	2553	1640	999	1	251103	0	DiamondGift_04	DiamondGift_Discount_04	#	#	#	#
234	2553	1641	2999	1	251104	0	DiamondGift_05	DiamondGift_Discount_05	#	#	#	#
235	2553	1642	5999	1	251105	0	DiamondGift_06	DiamondGift_Discount_06	#	#	#	#
236	2554	1638	199	1	251101	0	DiamondGift_02	DiamondGift_Discount_02	#	#	#	#
237	2554	1639	399	1	251102	0	DiamondGift_03	DiamondGift_Discount_03	#	#	#	#
238	2554	1640	999	1	251103	0	DiamondGift_04	DiamondGift_Discount_04	#	#	#	#
239	2554	1641	2999	1	251104	0	DiamondGift_05	DiamondGift_Discount_05	#	#	#	#
240	2554	1642	5999	1	251105	0	DiamondGift_06	DiamondGift_Discount_06	#	#	#	#
241	2555	1638	199	1	251101	0	DiamondGift_02	DiamondGift_Discount_02	#	#	#	#
242	2555	1639	399	1	251102	0	DiamondGift_03	DiamondGift_Discount_03	#	#	#	#
243	2555	1640	999	1	251103	0	DiamondGift_04	DiamondGift_Discount_04	#	#	#	#
244	2555	1641	2999	1	251104	0	DiamondGift_05	DiamondGift_Discount_05	#	#	#	#
245	2555	1642	5999	1	251105	0	DiamondGift_06	DiamondGift_Discount_06	#	#	#	#
246	2556	1638	199	1	251101	0	DiamondGift_02	DiamondGift_Discount_02	#	#	#	#
247	2556	1639	399	1	251102	0	DiamondGift_03	DiamondGift_Discount_03	#	#	#	#
248	2556	1640	999	1	251103	0	DiamondGift_04	DiamondGift_Discount_04	#	#	#	#
249	2556	1641	2999	1	251104	0	DiamondGift_05	DiamondGift_Discount_05	#	#	#	#
250	2556	1642	5999	1	251105	0	DiamondGift_06	DiamondGift_Discount_06	#	#	#	#
251	2557	1638	199	1	251101	0	DiamondGift_02	DiamondGift_Discount_02	#	#	#	#
252	2557	1639	399	1	251102	0	DiamondGift_03	DiamondGift_Discount_03	#	#	#	#
253	2557	1640	999	1	251103	0	DiamondGift_04	DiamondGift_Discount_04	#	#	#	#
254	2557	1641	2999	1	251104	0	DiamondGift_05	DiamondGift_Discount_05	#	#	#	#
255	2557	1642	5999	1	251105	0	DiamondGift_06	DiamondGift_Discount_06	#	#	#	#
256	2558	1638	199	1	251101	0	DiamondGift_02	DiamondGift_Discount_02	#	#	#	#
257	2558	1639	399	1	251102	0	DiamondGift_03	DiamondGift_Discount_03	#	#	#	#
258	2558	1640	999	1	251103	0	DiamondGift_04	DiamondGift_Discount_04	#	#	#	#
259	2558	1641	2999	1	251104	0	DiamondGift_05	DiamondGift_Discount_05	#	#	#	#
260	2558	1642	5999	1	251105	0	DiamondGift_06	DiamondGift_Discount_06	#	#	#	#
261	2559	1648	299	1	253301	0	DiamondGift_26	DiamondGift_Discount_18	4464	3006	set:game_activity_diamond_gift2.json image:banner_gift_pet	#
262	2559	1649	499	1	253302	0	DiamondGift_27	DiamondGift_Discount_19	12764	3028	set:game_activity_diamond_gift2.json image:banner_gift_pet	#
263	2559	1650	1999	1	253303	0	DiamondGift_28	DiamondGift_Discount_20	8876	3038	set:game_activity_diamond_gift2.json image:banner_gift_pet	#
264	2559	1651	199	1	253304	0	DiamondGift_29	DiamondGift_Discount_21	1534	7011	set:game_activity_diamond_gift2.json image:banner_gift_pet	#
265	2559	1658	199	1	253501	0	DiamondGift_29	DiamondGift_Discount_22	2964	7019	set:game_activity_diamond_gift2.json image:banner_gift_pet	#
266	2559	1659	599	1	253502	0	DiamondGift_31	DiamondGift_Discount_28	3600	16007	set:game_activity_diamond_gift2.json image:banner_gift_pet	#
267	2559	1662	2499	1	253505	0	DiamondGift_32	DiamondGift_Discount_28	12000	6040004	set:game_activity_diamond_gift2.json image:banner_gift_pet	#
268	2559	1652	199	1	253305	0	DiamondGift_30	DiamondGift_Discount_22	2564	2003	set:game_activity_diamond_gift2.json image:banner_gift_pet	#
