Id	Svga	Frame	FrameEffect
标示	svga文件名	头像框图片	头像框特效
Id	Svga	Frame	FrameEffect
1	frame_bronze.png	set:bed_war_3_app_head_frame.json image:g1008_touxiangkuang_pingtai_01	#
2	frame_green_crowns.png	set:bed_war_3_app_head_frame.json image:g1008_touxiangkuang_pingtai_02	#
3	frame_coin_shine_ACW.svga	#	g1008_touxiangkuang_pingtai_03.effect
4	frame_blue_shine_ACW.svga	#	g1008_touxiangkuang_pingtai_04.effect
5	frame_gold_shine_ACW.svga@extra@santa_topright.svga	#	g1008_touxiangkuang_pingtai_05.effect
