Id	CoinId	Price	RewardId	GetWayDesc	Rank	Unnamed: 5
标示	价格类型（魔方1或钥匙5,非卖品#）	价格	对应奖励ID	获取途径描述	排序值	
Id	CoinId	Price	RewardId	GetWayDesc	Rank	
0	#	#	107000	#	1	默认头像
108	#	#	107008	get.by.activity	2	
109	#	#	107009	get.by.creditScore	3	
110	#	#	107010	get.by.activity	4	
111	#	#	107011	get.by.activity	5	
112	#	#	107012	get.by.activity	6	
113	#	#	107013	get.by.activity	7	
114	#	#	107014	get.by.activity	8	
115	#	#	107015	get.by.activity	9	
116	#	#	107016	get.by.activity	10	
118	#	#	107018	get.by.activity	11	
119	#	#	107019	get.by.activity	15	
120	#	#	107020	get.by.activity	12	
121	#	#	107021	get.by.activity	13	
122	#	#	107022	get.by.activity	14	
123	#	#	107023	get.by.activity	16	
124	#	#	107024	get.by.activity	20	
125	#	#	107025	get.by.activity	19	
126	#	#	107026	get.by.activity	18	
127	#	#	107027	get.by.activity	17	
128	#	#	107028	get.by.activity	21	
129	#	#	107029	get.by.activity	22	
130	#	#	107030	get.by.activity	23	
131	#	#	107031	get.by.activity	24	
132	#	#	107032	get.by.activity	25	
133	#	#	107033	get.by.activity	26	
134	#	#	107034	get.by.activity	27	
