Id	Frame	FrameEffect
标示	头像框图片	头像框特效
Id	Frame	FrameEffect
0	set:bed_war_3_head_frame.json image:g1008_touxiangkuang_00	#
101	set:bed_war_3_head_frame.json image:g1008_touxiangkuang_01	g1008_touxiangkuang_01.effect
102	set:bed_war_3_head_frame.json image:g1008_touxiangkuang_02	g1008_touxiangkuang_02.effect
103	set:bed_war_3_head_frame.json image:g1008_touxiangkuang_03	g1008_touxiangkuang_03.effect
104	set:bed_war_3_head_frame.json image:g1008_touxiangkuang_04	g1008_touxiangkuang_04.effect
108	set:bed_war_3_head_frame.json image:g1008_touxiangkuang_08	g1008_touxiangkuang_08.effect
109	set:bed_war_3_head_frame.json image:g1008_touxiangkuang_09	g1008_touxiangkuang_09.effect
110	set:bed_war_3_head_frame.json image:g1008_touxiangkuang_10	g1008_touxiangkuang_10.effect
111	set:bed_war_3_head_frame.json image:g1008_touxiangkuang_11	g1008_touxiangkuang_11_1.effect
112	set:bed_war_3_head_frame.json image:g1008_touxiangkuang_12	g1008_touxiangkuang_12.effect
113	set:bed_war_3_head_frame.json image:g1008_touxiangkuang_13	g1008_touxiangkuang_13.effect
114	set:bed_war_3_head_frame.json image:g1008_touxiangkuang_14	g1008_touxiangkuang_14.effect
115	set:bed_war_3_head_frame.json image:g1008_touxiangkuang_15	g1008_touxiangkuang_15.effect
116	set:bed_war_3_head_frame.json image:g1008_touxiangkuang_16	g1008_touxiangkuang_16.effect
118	set:bed_war_3_head_frame.json image:g1008_touxiangkuang_18	g1008_touxiangkuang_18.effect
119	set:bed_war_3_head_frame.json image:g1008_touxiangkuang_19	g1008_touxiangkuang_19.effect
120	set:bed_war_3_head_frame.json image:g1008_touxiangkuang_20	g1008_touxiangkuang_20.effect
121	set:bed_war_3_head_frame.json image:g1008_touxiangkuang_21	g1008_touxiangkuang_21.effect
122	set:bed_war_3_head_frame.json image:g1008_touxiangkuang_22	g1008_touxiangkuang_22.effect
123	set:bed_war_3_head_frame.json image:g1008_touxiangkuang_23	g1008_touxiangkuang_23.effect
124	set:bed_war_3_head_frame.json image:g1008_touxiangkuang_24	g1008_touxiangkuang_24.effect
125	set:bed_war_3_head_frame.json image:g1008_touxiangkuang_25	g1008_touxiangkuang_25.effect
126	set:bed_war_3_head_frame.json image:g1008_touxiangkuang_26	g1008_touxiangkuang_26.effect
127	set:bed_war_3_head_frame.json image:g1008_touxiangkuang_27	g1008_touxiangkuang_27.effect
128	set:bed_war_3_head_frame_1.json image:g1008_touxiangkuang_28	g1008_touxiangkuang_28.effect
129	set:bed_war_3_head_frame_1.json image:g1008_touxiangkuang_29	g1008_touxiangkuang_29.effect
130	set:bed_war_3_head_frame_1.json image:g1008_touxiangkuang_30	g1008_touxiangkuang_30.effect
131	set:bed_war_3_head_frame_1.json image:g1008_touxiangkuang_31	g1008_touxiangkuang_31.effect
132	set:bed_war_3_head_frame_1.json image:g1008_touxiangkuang_32	g1008_touxiangkuang_32.effect
133	set:bed_war_3_head_frame_1.json image:g1008_touxiangkuang_33	g1008_touxiangkuang_33.effect
134	set:bed_war_3_head_frame_1.json image:g1008_touxiangkuang_34	g1008_touxiangkuang_34.effect
