{
    "frames": {
        "yaoxiang": {
            "frame": {
                "y": 593, 
                "x": 300, 
                "w": 100, 
                "h": 100
            }, 
            "sourceSize": {
                "h": 100, 
                "w": 100
            }, 
            "offset": {
                "y": 0, 
                "x": 0, 
                "w": 100, 
                "h": 100
            }
        }, 
        "apple": {
            "frame": {
                "y": 100, 
                "x": 334, 
                "w": 100, 
                "h": 100
            }, 
            "sourceSize": {
                "h": 100, 
                "w": 100
            }, 
            "offset": {
                "y": 0, 
                "x": 0, 
                "w": 100, 
                "h": 100
            }
        }, 
        "g1051_yijibao_03_b": {
            "frame": {
                "y": 462, 
                "x": 326, 
                "w": 163, 
                "h": 131
            }, 
            "sourceSize": {
                "h": 131, 
                "w": 163
            }, 
            "offset": {
                "y": 0, 
                "x": 0, 
                "w": 163, 
                "h": 131
            }
        }, 
        "g1051_shoes_03_b": {
            "frame": {
                "y": 331, 
                "x": 326, 
                "w": 163, 
                "h": 131
            }, 
            "sourceSize": {
                "h": 131, 
                "w": 163
            }, 
            "offset": {
                "y": 0, 
                "x": 0, 
                "w": 163, 
                "h": 131
            }
        }, 
        "g1051_toukui_02_b": {
            "frame": {
                "y": 331, 
                "x": 652, 
                "w": 163, 
                "h": 131
            }, 
            "sourceSize": {
                "h": 131, 
                "w": 163
            }, 
            "offset": {
                "y": 0, 
                "x": 0, 
                "w": 163, 
                "h": 131
            }
        }, 
        "g1051_shoes_01_b": {
            "frame": {
                "y": 331, 
                "x": 0, 
                "w": 163, 
                "h": 131
            }, 
            "sourceSize": {
                "h": 131, 
                "w": 163
            }, 
            "offset": {
                "y": 0, 
                "x": 0, 
                "w": 163, 
                "h": 131
            }
        }, 
        "dangao": {
            "frame": {
                "y": 100, 
                "x": 734, 
                "w": 100, 
                "h": 100
            }, 
            "sourceSize": {
                "h": 100, 
                "w": 100
            }, 
            "offset": {
                "y": 0, 
                "x": 0, 
                "w": 100, 
                "h": 100
            }
        }, 
        "g1051_toukui_03_b": {
            "frame": {
                "y": 331, 
                "x": 815, 
                "w": 163, 
                "h": 131
            }, 
            "sourceSize": {
                "h": 131, 
                "w": 163
            }, 
            "offset": {
                "y": 0, 
                "x": 0, 
                "w": 163, 
                "h": 131
            }
        }, 
        "g1051_yijibao_02_b": {
            "frame": {
                "y": 462, 
                "x": 163, 
                "w": 163, 
                "h": 131
            }, 
            "sourceSize": {
                "h": 131, 
                "w": 163
            }, 
            "offset": {
                "y": 0, 
                "x": 0, 
                "w": 163, 
                "h": 131
            }
        }, 
        "02": {
            "frame": {
                "y": 0, 
                "x": 300, 
                "w": 100, 
                "h": 100
            }, 
            "sourceSize": {
                "h": 100, 
                "w": 100
            }, 
            "offset": {
                "y": 0, 
                "x": 0, 
                "w": 100, 
                "h": 100
            }
        }, 
        "03": {
            "frame": {
                "y": 0, 
                "x": 500, 
                "w": 34, 
                "h": 34
            }, 
            "sourceSize": {
                "h": 34, 
                "w": 34
            }, 
            "offset": {
                "y": 0, 
                "x": 0, 
                "w": 34, 
                "h": 34
            }
        }, 
        "01": {
            "frame": {
                "y": 0, 
                "x": 100, 
                "w": 100, 
                "h": 100
            }, 
            "sourceSize": {
                "h": 100, 
                "w": 100
            }, 
            "offset": {
                "y": 0, 
                "x": 0, 
                "w": 100, 
                "h": 100
            }
        }, 
        "06": {
            "frame": {
                "y": 0, 
                "x": 834, 
                "w": 100, 
                "h": 100
            }, 
            "sourceSize": {
                "h": 100, 
                "w": 100
            }, 
            "offset": {
                "y": 0, 
                "x": 0, 
                "w": 100, 
                "h": 100
            }
        }, 
        "07": {
            "frame": {
                "y": 100, 
                "x": 0, 
                "w": 100, 
                "h": 100
            }, 
            "sourceSize": {
                "h": 100, 
                "w": 100
            }, 
            "offset": {
                "y": 0, 
                "x": 0, 
                "w": 100, 
                "h": 100
            }
        }, 
        "04": {
            "frame": {
                "y": 0, 
                "x": 534, 
                "w": 100, 
                "h": 100
            }, 
            "sourceSize": {
                "h": 100, 
                "w": 100
            }, 
            "offset": {
                "y": 0, 
                "x": 0, 
                "w": 100, 
                "h": 100
            }
        }, 
        "05": {
            "frame": {
                "y": 0, 
                "x": 734, 
                "w": 100, 
                "h": 100
            }, 
            "sourceSize": {
                "h": 100, 
                "w": 100
            }, 
            "offset": {
                "y": 0, 
                "x": 0, 
                "w": 100, 
                "h": 100
            }
        }, 
        "jijiubao": {
            "frame": {
                "y": 462, 
                "x": 689, 
                "w": 100, 
                "h": 100
            }, 
            "sourceSize": {
                "h": 100, 
                "w": 100
            }, 
            "offset": {
                "y": 0, 
                "x": 0, 
                "w": 100, 
                "h": 100
            }
        }, 
        "08": {
            "frame": {
                "y": 100, 
                "x": 100, 
                "w": 100, 
                "h": 100
            }, 
            "sourceSize": {
                "h": 100, 
                "w": 100
            }, 
            "offset": {
                "y": 0, 
                "x": 0, 
                "w": 100, 
                "h": 100
            }
        }, 
        "09": {
            "frame": {
                "y": 100, 
                "x": 200, 
                "w": 100, 
                "h": 100
            }, 
            "sourceSize": {
                "h": 100, 
                "w": 100
            }, 
            "offset": {
                "y": 0, 
                "x": 0, 
                "w": 100, 
                "h": 100
            }
        }, 
        "g1051_fangdanyi_trunk_01_b": {
            "frame": {
                "y": 200, 
                "x": 489, 
                "w": 163, 
                "h": 131
            }, 
            "sourceSize": {
                "h": 131, 
                "w": 163
            }, 
            "offset": {
                "y": 0, 
                "x": 0, 
                "w": 163, 
                "h": 131
            }
        }, 
        "1": {
            "frame": {
                "y": 0, 
                "x": 0, 
                "w": 100, 
                "h": 100
            }, 
            "sourceSize": {
                "h": 100, 
                "w": 100
            }, 
            "offset": {
                "y": 0, 
                "x": 0, 
                "w": 100, 
                "h": 100
            }
        }, 
        "niupa": {
            "frame": {
                "y": 462, 
                "x": 889, 
                "w": 100, 
                "h": 100
            }, 
            "sourceSize": {
                "h": 100, 
                "w": 100
            }, 
            "offset": {
                "y": 0, 
                "x": 0, 
                "w": 100, 
                "h": 100
            }
        }, 
        "3": {
            "frame": {
                "y": 0, 
                "x": 400, 
                "w": 100, 
                "h": 100
            }, 
            "sourceSize": {
                "h": 100, 
                "w": 100
            }, 
            "offset": {
                "y": 0, 
                "x": 0, 
                "w": 100, 
                "h": 100
            }
        }, 
        "2": {
            "frame": {
                "y": 0, 
                "x": 200, 
                "w": 100, 
                "h": 100
            }, 
            "sourceSize": {
                "h": 100, 
                "w": 100
            }, 
            "offset": {
                "y": 0, 
                "x": 0, 
                "w": 100, 
                "h": 100
            }
        }, 
        "4": {
            "frame": {
                "y": 0, 
                "x": 634, 
                "w": 100, 
                "h": 100
            }, 
            "sourceSize": {
                "h": 100, 
                "w": 100
            }, 
            "offset": {
                "y": 0, 
                "x": 0, 
                "w": 100, 
                "h": 100
            }
        }, 
        "g1051_yijibao_01_b": {
            "frame": {
                "y": 462, 
                "x": 0, 
                "w": 163, 
                "h": 131
            }, 
            "sourceSize": {
                "h": 131, 
                "w": 163
            }, 
            "offset": {
                "y": 0, 
                "x": 0, 
                "w": 163, 
                "h": 131
            }
        }, 
        "app_shop_diamonds_mods": {
            "frame": {
                "y": 100, 
                "x": 300, 
                "w": 34, 
                "h": 34
            }, 
            "sourceSize": {
                "h": 34, 
                "w": 34
            }, 
            "offset": {
                "y": 0, 
                "x": 0, 
                "w": 34, 
                "h": 34
            }
        }, 
        "furou": {
            "frame": {
                "y": 100, 
                "x": 834, 
                "w": 100, 
                "h": 100
            }, 
            "sourceSize": {
                "h": 100, 
                "w": 100
            }, 
            "offset": {
                "y": 0, 
                "x": 0, 
                "w": 100, 
                "h": 100
            }
        }, 
        "kele": {
            "frame": {
                "y": 462, 
                "x": 789, 
                "w": 100, 
                "h": 100
            }, 
            "sourceSize": {
                "h": 100, 
                "w": 100
            }, 
            "offset": {
                "y": 0, 
                "x": 0, 
                "w": 100, 
                "h": 100
            }
        }, 
        "g1051_fangdanyi_trousers_03_b": {
            "frame": {
                "y": 200, 
                "x": 326, 
                "w": 163, 
                "h": 131
            }, 
            "sourceSize": {
                "h": 131, 
                "w": 163
            }, 
            "offset": {
                "y": 0, 
                "x": 0, 
                "w": 163, 
                "h": 131
            }
        }, 
        "jiaban": {
            "frame": {
                "y": 462, 
                "x": 589, 
                "w": 100, 
                "h": 100
            }, 
            "sourceSize": {
                "h": 100, 
                "w": 100
            }, 
            "offset": {
                "y": 0, 
                "x": 0, 
                "w": 100, 
                "h": 100
            }
        }, 
        "zhen": {
            "frame": {
                "y": 593, 
                "x": 400, 
                "w": 100, 
                "h": 100
            }, 
            "sourceSize": {
                "h": 100, 
                "w": 100
            }, 
            "offset": {
                "y": 0, 
                "x": 0, 
                "w": 100, 
                "h": 100
            }
        }, 
        "g1051_fangdanyi_trousers_02_b": {
            "frame": {
                "y": 200, 
                "x": 163, 
                "w": 163, 
                "h": 131
            }, 
            "sourceSize": {
                "h": 131, 
                "w": 163
            }, 
            "offset": {
                "y": 0, 
                "x": 0, 
                "w": 163, 
                "h": 131
            }
        }, 
        "shengmingjinghua": {
            "frame": {
                "y": 593, 
                "x": 0, 
                "w": 100, 
                "h": 100
            }, 
            "sourceSize": {
                "h": 100, 
                "w": 100
            }, 
            "offset": {
                "y": 0, 
                "x": 0, 
                "w": 100, 
                "h": 100
            }
        }, 
        "bijiben": {
            "frame": {
                "y": 100, 
                "x": 534, 
                "w": 100, 
                "h": 100
            }, 
            "sourceSize": {
                "h": 100, 
                "w": 100
            }, 
            "offset": {
                "y": 0, 
                "x": 0, 
                "w": 100, 
                "h": 100
            }
        }, 
        "g1051_fangdanyi_trunk_03_b": {
            "frame": {
                "y": 200, 
                "x": 815, 
                "w": 163, 
                "h": 131
            }, 
            "sourceSize": {
                "h": 131, 
                "w": 163
            }, 
            "offset": {
                "y": 0, 
                "x": 0, 
                "w": 163, 
                "h": 131
            }
        }, 
        "guantou": {
            "frame": {
                "y": 462, 
                "x": 489, 
                "w": 100, 
                "h": 100
            }, 
            "sourceSize": {
                "h": 100, 
                "w": 100
            }, 
            "offset": {
                "y": 0, 
                "x": 0, 
                "w": 100, 
                "h": 100
            }
        }, 
        "dajiejing": {
            "frame": {
                "y": 100, 
                "x": 634, 
                "w": 100, 
                "h": 100
            }, 
            "sourceSize": {
                "h": 100, 
                "w": 100
            }, 
            "offset": {
                "y": 0, 
                "x": 0, 
                "w": 100, 
                "h": 100
            }
        }, 
        "g1051_toukui_01_b": {
            "frame": {
                "y": 331, 
                "x": 489, 
                "w": 163, 
                "h": 131
            }, 
            "sourceSize": {
                "h": 131, 
                "w": 163
            }, 
            "offset": {
                "y": 0, 
                "x": 0, 
                "w": 163, 
                "h": 131
            }
        }, 
        "bengdai": {
            "frame": {
                "y": 100, 
                "x": 434, 
                "w": 100, 
                "h": 100
            }, 
            "sourceSize": {
                "h": 100, 
                "w": 100
            }, 
            "offset": {
                "y": 0, 
                "x": 0, 
                "w": 100, 
                "h": 100
            }
        }, 
        "wushui": {
            "frame": {
                "y": 593, 
                "x": 200, 
                "w": 100, 
                "h": 100
            }, 
            "sourceSize": {
                "h": 100, 
                "w": 100
            }, 
            "offset": {
                "y": 0, 
                "x": 0, 
                "w": 100, 
                "h": 100
            }
        }, 
        "tuzi": {
            "frame": {
                "y": 593, 
                "x": 100, 
                "w": 100, 
                "h": 100
            }, 
            "sourceSize": {
                "h": 100, 
                "w": 100
            }, 
            "offset": {
                "y": 0, 
                "x": 0, 
                "w": 100, 
                "h": 100
            }
        }, 
        "g1051_fangdanyi_trunk_02_b": {
            "frame": {
                "y": 200, 
                "x": 652, 
                "w": 163, 
                "h": 131
            }, 
            "sourceSize": {
                "h": 131, 
                "w": 163
            }, 
            "offset": {
                "y": 0, 
                "x": 0, 
                "w": 163, 
                "h": 131
            }
        }, 
        "g1051_shoes_02_b": {
            "frame": {
                "y": 331, 
                "x": 163, 
                "w": 163, 
                "h": 131
            }, 
            "sourceSize": {
                "h": 131, 
                "w": 163
            }, 
            "offset": {
                "y": 0, 
                "x": 0, 
                "w": 163, 
                "h": 131
            }
        }, 
        "g1051_fangdanyi_trousers_01_b": {
            "frame": {
                "y": 200, 
                "x": 0, 
                "w": 163, 
                "h": 131
            }, 
            "sourceSize": {
                "h": 131, 
                "w": 163
            }, 
            "offset": {
                "y": 0, 
                "x": 0, 
                "w": 163, 
                "h": 131
            }
        }
    }, 
    "meta": {
        "scale": "1", 
        "format": "RGBA8888", 
        "app": "https://www.codeandweb.com/texturepacker", 
        "version": "1.0", 
        "type": "frame", 
        "image": "prop.png", 
        "size": {
            "h": 1024, 
            "w": 1024
        }
    }
}