{
    "frames": {
        "high_box": {
            "frame": {
                "x": 1,
                "y": 1,
                "w": 199,
                "h": 207
            },
            "offset": {
                "x": 0,
                "y": 0,
                "w": 199,
                "h": 207
            },
            "sourceSize": {
                "w": 199,
                "h": 207
            }
        },
        "high_end_box": {
            "frame": {
                "x": 202,
                "y": 1,
                "w": 199,
                "h": 207
            },
            "offset": {
                "x": 0,
                "y": 0,
                "w": 199,
                "h": 207
            },
            "sourceSize": {
                "w": 199,
                "h": 207
            }
        },
        "middle_box": {
            "frame": {
                "x": 1,
                "y": 210,
                "w": 199,
                "h": 207
            },
            "offset": {
                "x": 0,
                "y": 0,
                "w": 199,
                "h": 207
            },
            "sourceSize": {
                "w": 199,
                "h": 207
            }
        },
        "primary_box": {
            "frame": {
                "x": 202,
                "y": 210,
                "w": 199,
                "h": 207
            },
            "offset": {
                "x": 0,
                "y": 0,
                "w": 199,
                "h": 207
            },
            "sourceSize": {
                "w": 199,
                "h": 207
            }
        }
    },
    "meta": {
        "app": "https://www.codeandweb.com/texturepacker",
        "version": "1.0",
        "image": "supply.png",
        "format": "RGBA8888",
        "size": {
            "w": 512,
            "h": 512
        },
        "scale": "1",
        "type": "frame"
    }
}