{
    "frames": {
        "vip1": {
            "frame": {
                "x": 0,
                "y": 0,
                "w": 100,
                "h": 100
            },
            "offset": {
                "x": 0,
                "y": 0,
                "w": 100,
                "h": 100
            },
            "sourceSize": {
                "w": 100,
                "h": 100
            },
            "pivot": {
                "x": 0.5,
                "y": 0.5
            }
        },
        "vip2": {
            "frame": {
                "x": 100,
                "y": 0,
                "w": 100,
                "h": 100
            },
            "offset": {
                "x": 0,
                "y": 0,
                "w": 100,
                "h": 100
            },
            "sourceSize": {
                "w": 100,
                "h": 100
            },
            "pivot": {
                "x": 0.5,
                "y": 0.5
            }
        },
        "vip3": {
            "frame": {
                "x": 200,
                "y": 0,
                "w": 100,
                "h": 100
            },
            "offset": {
                "x": 0,
                "y": 0,
                "w": 100,
                "h": 100
            },
            "sourceSize": {
                "w": 100,
                "h": 100
            },
            "pivot": {
                "x": 0.5,
                "y": 0.5
            }
        }
    },
    "meta": {
        "app": "http://www.codeandweb.com/texturepacker",
        "version": "1.0",
        "image": "walkingdead_vip.png",
        "format": "RGBA8888",
        "size": {
            "w": 300,
            "h": 100
        },
        "scale": "1",
        "type": "frame"
    }
}