{
  "?power": "战斗力数值计算",
  "power": {
    "MaxHealth": 4,
    "Attack": 20,
    "Defense": 40,
    "Productivity": 5
  },
  "?attr_point_random": "初始属性随机权重(默认)",
  "attr_point_random": {
    "5": 23000,
    "6": 36000,
    "7": 24000,
    "8": 12000,
    "9": 4000,
    "10": 1000
  },
  "?attr_point_activity": "初始属性随机权重(活动)",
  "attr_point_activity": {
    "5": 0,
    "6": 51000,
    "7": 30000,
    "8": 14000,
    "9": 4000,
    "10": 1000
  },
  "?attr_ratio": "属性兑换比例",
  "attr_ratio": {
    "MaxHealth": 5,
    "Attack": 1,
    "Defense": 0.5,
    "Productivity": 4
  },
  "?elements": "元素配置---非正式",
  "elements": {
    "1": "set:new_icon.json image:icon_atb_fire",
    "2": "set:new_icon.json image:icon_atb_thunder"
  },
  "?skill_slot": "技能槽配置(技能槽:解锁等级)",
  "skill_slot": {
    "1": 1,
    "2": 1,
    "3": 3,
    "4": 5
  },
  "?inc_skill_count_prob": "打书增加技能数概率(万分之n)",
  "inc_skill_count_prob": {
    "1": 10000,
    "2": 10000,
    "3": 1500,
    "4": 300,
    "5": 80
  },
  "?work_circle_time": "打工周期时长(秒)---非正式",
  "work_circle_time": 18000
}