序号	奖励组Id	在奖励组中顺序	是否大奖（1是，0不是）	奖品数量	真实奖励	奖励类型	奖品标题	奖品名称	奖品图片	奖品描述	显示类型(1:图片；2:模型）	Unnamed: 11
id	rewardGroupId	order	isGrandReward	num	realId	type	title	name	image	desc	showType	
1	1	1	0	10	900008	RewardSetting	BoxSetting_title	RewardSetting_900001	set:tequan.json image:key_daoju	AppShopGoods_desc_1001	1	钥匙
2	1	2	0	2	30010	RewardSetting	BoxSetting_title	RewardSetting_900003	set:bedwar_item.json image:g1008_props_flameBomb	CommodityMechant_desc_5_49	1	火焰弹
3	1	3	0	2	30011	RewardSetting	BoxSetting_title	RewardSetting_600002	set:bedwar_item.json image:g1008_props_goldenApple	CommodityMechant_desc_5_55	1	金苹果
4	1	4	0	1	900011	RewardSetting	BoxSetting_title	RewardSetting_900004	set:dress_shop_sword_1.json image:g1008_sword_04_b	DressSetting_desc_1020001	1	巨刃
5	1	5	0	10	60102	RewardSetting	BoxSetting_title	ShopConfig_name_901	set:icon_haojiao.json image:haojiao	ShopConfig_desc_901	1	号角
6	1	6	0	2	600011	RewardSetting	BoxSetting_title	RewardSetting_600004	set:tequan.json image:gold_chest	LicenseReward_desc_60103	1	黄金宝箱
7	1	7	1	1	900014	RewardSetting	BoxSetting_title	RewardSetting_900007	set:tequan.json image:futou	DressSetting_desc_2040001	2	女武神之斧
8	2	1	0	50	300016	RewardSetting	BoxSetting_title	RewardSetting_900005	set:talent_icon.json image:img_0_icon_talents_stone	RewardSetting_3000	1	精粹*50
9	2	2	0	2	30010	RewardSetting	BoxSetting_title	RewardSetting_900003	set:bedwar_item.json image:g1008_props_flameBomb	CommodityMechant_desc_5_49	1	火焰弹
10	2	3	0	50	300016	RewardSetting	BoxSetting_title	RewardSetting_900005	set:talent_icon.json image:img_0_icon_talents_stone	RewardSetting_3000	1	精粹*50
11	2	4	0	2	600011	RewardSetting	BoxSetting_title	RewardSetting_600004	set:tequan.json image:gold_chest	LicenseReward_desc_60103	1	黄金宝箱
12	2	5	0	50	300016	RewardSetting	BoxSetting_title	RewardSetting_900005	set:talent_icon.json image:img_0_icon_talents_stone	RewardSetting_3000	1	精粹*50
13	2	6	0	20	600013	RewardSetting	BoxSetting_title	RewardSetting_600006	set:tequan.json image:key_daoju	AppShopGoods_desc_1001	1	钥匙
14	2	7	1	1	600014	RewardSetting	BoxSetting_title	RewardSetting_600007	set:tequan.json image:small_diamond_chest	LicenseReward_desc_60104	2	钻石宝箱
15	3	1	0	1000	50002	RewardSetting	BoxSetting_title	RewardSetting_900001	set:tequan.json image:key_daoju	AppShopGoods_desc_1001	1	钥匙
16	3	2	0	2	30010	RewardSetting	BoxSetting_title	RewardSetting_900003	set:bedwar_item.json image:g1008_props_flameBomb	CommodityMechant_desc_5_49	1	火焰弹
17	3	3	0	2	30011	RewardSetting	BoxSetting_title	RewardSetting_600002	set:bedwar_item.json image:g1008_props_goldenApple	CommodityMechant_desc_5_55	1	金苹果
18	3	4	0	1	900011	RewardSetting	BoxSetting_title	RewardSetting_900004	set:dress_shop_sword_1.json image:g1008_sword_04_b	DressSetting_desc_1020001	1	巨刃
19	3	5	0	10	60102	RewardSetting	BoxSetting_title	ShopConfig_name_901	set:icon_haojiao.json image:haojiao	ShopConfig_desc_901	1	号角
20	3	6	0	2	600011	RewardSetting	BoxSetting_title	RewardSetting_600004	set:tequan.json image:gold_chest	LicenseReward_desc_60103	1	黄金宝箱
21	3	7	1	1	900014	RewardSetting	BoxSetting_title	RewardSetting_900007	set:tequan.json image:futou	DressSetting_desc_2040001	2	女武神之斧
22	4	1	0	50	300016	RewardSetting	BoxSetting_title	RewardSetting_900005	set:talent_icon.json image:img_0_icon_talents_stone	RewardSetting_3000	1	精粹*50
23	4	1	0	10	300042	RewardSetting	BoxSetting_title	RewardSetting_300042	set:bed_war_return.json image:icon_checkin_score	RewardSetting_RewardSetting_300042	1	积分*10
24	4	2	0	2	30010	RewardSetting	BoxSetting_title	RewardSetting_900003	set:bedwar_item.json image:g1008_props_flameBomb	CommodityMechant_desc_5_49	1	火焰弹
25	4	2	0	10	300042	RewardSetting	BoxSetting_title	RewardSetting_300042	set:bed_war_return.json image:icon_checkin_score	RewardSetting_RewardSetting_300042	1	积分*10
26	4	3	0	50	300016	RewardSetting	BoxSetting_title	RewardSetting_900005	set:talent_icon.json image:img_0_icon_talents_stone	RewardSetting_3000	1	精粹*50
27	4	3	0	20	300042	RewardSetting	BoxSetting_title	RewardSetting_300042	set:bed_war_return.json image:icon_checkin_score	RewardSetting_RewardSetting_300042	1	积分*20
28	4	4	0	2	600011	RewardSetting	BoxSetting_title	RewardSetting_600004	set:tequan.json image:gold_chest	LicenseReward_desc_60103	1	黄金宝箱
29	4	4	0	10	300042	RewardSetting	BoxSetting_title	RewardSetting_300042	set:bed_war_return.json image:icon_checkin_score	RewardSetting_RewardSetting_300042	1	积分*10
30	4	5	0	50	300016	RewardSetting	BoxSetting_title	RewardSetting_900005	set:talent_icon.json image:img_0_icon_talents_stone	RewardSetting_3000	1	精粹*50
31	4	5	0	10	300042	RewardSetting	BoxSetting_title	RewardSetting_300042	set:bed_war_return.json image:icon_checkin_score	RewardSetting_RewardSetting_300042	1	积分*10
32	4	6	0	20	600013	RewardSetting	BoxSetting_title	RewardSetting_600006	set:tequan.json image:key_daoju	AppShopGoods_desc_1001	1	钥匙
33	4	6	0	10	300042	RewardSetting	BoxSetting_title	RewardSetting_300042	set:bed_war_return.json image:icon_checkin_score	RewardSetting_RewardSetting_300042	1	积分*10
34	4	7	1	1	600014	RewardSetting	BoxSetting_title	RewardSetting_600007	set:tequan.json image:small_diamond_chest	LicenseReward_desc_60104	2	钻石宝箱
35	4	7	1	30	300042	RewardSetting	BoxSetting_title	RewardSetting_300042	set:bed_war_return.json image:icon_checkin_score	RewardSetting_RewardSetting_300042	1	积分*30
