签到Id	签到类型	对应类型配置	游戏类型	开始时间	结束时间	奖励组	循环方式	是否启动时自动打开（1打开，0不开）	签到活动名称多语言	签到标题多语言	签到描述多语言	签到背景	备注	循环方式.1
id	checkInType	typeConfigId	gameType	beginDate	endDate	rewardGroups	recyclable	isSelfStarting	checkInName	checkInTitle	checkInDesc	checkInBg		
1	1	#	g1046	2021-08-31 00:00:00	#	1	1	0	bed.war.new.sign.in.tab1	bed.war.new.sign.in.title1	bed.war.new.sign.in.desc1	set:check_in.json image:img_0_bg_1		1为不循环
2	1	#	g1046	2021-08-31 00:00:00	2021-09-31 00:00:00	2	2	0	bed.war.new.sign.in.tab2	bed.war.new.sign.in.title2	bed.war.new.sign.in.desc2	set:check_in.json image:img_0_bg_2		2为循环最后一个奖励组，如1→2→3→3→3
3	2	1001	g1046	2021-08-31 00:00:00	#	4#4	2	1	gui.activity.return.title	gui.activity.return.title	bed.war.new.sign.in.desc2	set:check_in.json image:img_0_bg_2		3从新开始循环
														
														奖励组
														用#分隔开
														
														标题和描述
														若为空可填#
