排序,从1开始递增	礼包id	礼包持续时间（s）	价值	价格	名称	介绍	顶部图片	宣传图	页签图	奖励组					
index	giftId	duration	value	price	name	desc	topImage	image	tabImage	rewardGroupId					
101	50001011	43200	100	40	250%+	gui.trigger.gift.desc.text1	set:trigger_gift_2.json image:img_0_gift_1	set:trigger_gift_bg_1.json image:img_0_gift_1	set:trigger_gift.json image:icon_0_gift1	50001011	新玩家2级	金甲礼包	30		set:trigger_gift.json image:icon_0_gift1
102	50001021	43200	500	400	125%+	gui.trigger.gift.desc.text1	set:trigger_gift_2.json image:img_0_gift_2	set:trigger_gift_bg_1.json image:img_0_gift_2	set:trigger_gift.json image:icon_0_gift2	50001021	新玩家5级	TNT	100		set:trigger_gift.json image:icon_0_gift2
103	50001022	43200	900	630	140%+	gui.trigger.gift.desc.text1	set:trigger_gift_2.json image:img_0_gift_3	set:trigger_gift_bg_2.json image:img_0_gift_3	set:trigger_gift.json image:icon_0_gift3	50001022		末影龙	30		set:trigger_gift.json image:icon_0_gift3
104	50001031	43200	1200	840	140%+	gui.trigger.gift.desc.text1	set:trigger_gift_2.json image:img_0_gift_6	set:trigger_gift_bg_2.json image:img_0_gift_4	set:trigger_gift.json image:icon_0_gift4	50001031	付费玩家600+	保护3	2		set:trigger_gift.json image:icon_0_gift4
105	50001032	43200	1200	840	140%+	gui.trigger.gift.desc.text1	set:trigger_gift_2.json image:img_0_gift_5	set:trigger_gift_bg_3.json image:img_0_gift_5	set:trigger_gift.json image:icon_0_gift5	50001032		吸血3	2		set:trigger_gift.json image:icon_0_gift5
106	50001033	43200	1200	840	140%+	gui.trigger.gift.desc.text1	set:trigger_gift_2.json image:img_0_gift_4	set:trigger_gift_bg_3.json image:img_0_gift_6 	set:trigger_gift.json image:icon_0_gift6	50001033		修罗3	2		set:trigger_gift.json image:icon_0_gift6
107	50001041	43200	1800	1260	140%+	gui.trigger.gift.desc.text1	set:trigger_gift_2.json image:img_0_gift_6	set:trigger_gift_bg_2.json image:img_0_gift_4	set:trigger_gift.json image:icon_0_gift4	50001041	付费玩家1200+	保护3	4		
108	50001042	43200	1800	1260	140%+	gui.trigger.gift.desc.text1	set:trigger_gift_2.json image:img_0_gift_5	set:trigger_gift_bg_3.json image:img_0_gift_5	set:trigger_gift.json image:icon_0_gift5	50001042		吸血3	4		
109	50001043	43200	1800	1260	140%+	gui.trigger.gift.desc.text1	set:trigger_gift_2.json image:img_0_gift_4	set:trigger_gift_bg_3.json image:img_0_gift_6 	set:trigger_gift.json image:icon_0_gift6	50001043		修罗3	4		
110	50001051	43200	600	480	125%+	gui.trigger.gift.desc.text1	set:trigger_gift_2.json image:img_0_gift_7	set:trigger_gift_bg_1.json image:img_0_gift_1	set:trigger_gift.json image:icon_0_gift1	50001051	付费玩家3000+	钻石甲礼包	30		
111	50001052	86400	5000	2500	200%+	gui.trigger.gift.desc.text1	set:trigger_gift_2.json image:img_0_gift_8	set:trigger_gift_bg_1.json image:img_0_gift_1	set:trigger_gift.json image:icon_0_gift1	50001052		钻石甲皮肤	1		
112	50001053	43200	2400	1920	125%+	gui.trigger.gift.desc.text1	set:trigger_gift_2.json image:img_0_gift_6	set:trigger_gift_bg_2.json image:img_0_gift_4	set:trigger_gift.json image:icon_0_gift4	50001053		保护3	4		
113	50001054	43200	2400	1920	125%+	gui.trigger.gift.desc.text1	set:trigger_gift_2.json image:img_0_gift_5	set:trigger_gift_bg_3.json image:img_0_gift_5	set:trigger_gift.json image:icon_0_gift5	50001054		吸血3	4		
114	50001055	43200	2400	1920	125%+	gui.trigger.gift.desc.text1	set:trigger_gift_2.json image:img_0_gift_4	set:trigger_gift_bg_3.json image:img_0_gift_6 	set:trigger_gift.json image:icon_0_gift6	50001055		修罗3	4		
115	50001061	43200	600	480	125%+	gui.trigger.gift.desc.text1	set:trigger_gift_2.json image:img_0_gift_7	set:trigger_gift_bg_1.json image:img_0_gift_1	set:trigger_gift.json image:icon_0_gift1	50001061	付费玩家5000+	钻石甲礼包	30		
116	50001062	86400	5000	2500	200%+	gui.trigger.gift.desc.text1	set:trigger_gift_2.json image:img_0_gift_8	set:trigger_gift_bg_1.json image:img_0_gift_1	set:trigger_gift.json image:icon_0_gift1	50001062		钻石甲皮肤	1		
117	50001063	43200	2400	1920	125%+	gui.trigger.gift.desc.text1	set:trigger_gift_2.json image:img_0_gift_6	set:trigger_gift_bg_2.json image:img_0_gift_4	set:trigger_gift.json image:icon_0_gift4	50001063		保护3	4		
118	50001064	43200	2400	1920	125%+	gui.trigger.gift.desc.text1	set:trigger_gift_2.json image:img_0_gift_5	set:trigger_gift_bg_3.json image:img_0_gift_5	set:trigger_gift.json image:icon_0_gift5	50001064		吸血3	4		
119	50001065	43200	2400	1920	125%+	gui.trigger.gift.desc.text1	set:trigger_gift_2.json image:img_0_gift_4	set:trigger_gift_bg_3.json image:img_0_gift_6 	set:trigger_gift.json image:icon_0_gift6	50001065		修罗3	4		
120	50001071	43200	600	480	125%+	gui.trigger.gift.desc.text1	set:trigger_gift_2.json image:img_0_gift_7	set:trigger_gift_bg_1.json image:img_0_gift_1	set:trigger_gift.json image:icon_0_gift1	50001071	付费玩家10000+	钻石甲礼包	30		
121	50001072	86400	5000	2500	200%+	gui.trigger.gift.desc.text1	set:trigger_gift_2.json image:img_0_gift_8	set:trigger_gift_bg_1.json image:img_0_gift_1	set:trigger_gift.json image:icon_0_gift1	50001072		钻石甲皮肤	1		
122	50001073	43200	2400	1920	125%+	gui.trigger.gift.desc.text1	set:trigger_gift_2.json image:img_0_gift_6	set:trigger_gift_bg_2.json image:img_0_gift_4	set:trigger_gift.json image:icon_0_gift4	50001073		保护3	4		
123	50001074	43200	2400	1920	125%+	gui.trigger.gift.desc.text1	set:trigger_gift_2.json image:img_0_gift_5	set:trigger_gift_bg_3.json image:img_0_gift_5	set:trigger_gift.json image:icon_0_gift5	50001074		吸血3	4		
124	50001075	43200	2400	1920	125%+	gui.trigger.gift.desc.text1	set:trigger_gift_2.json image:img_0_gift_4	set:trigger_gift_bg_3.json image:img_0_gift_6 	set:trigger_gift.json image:icon_0_gift6	50001075		修罗3	4		
