序号	奖品组id	真实奖励id	数量	图片	品质	图片缩放（填#为原始大小）	奖励类型	奖品名多语言	奖品描述多语言						
seq	rewardGroupId	realId	num	image	quality	imageScale	type	name	desc						
1	50001011	30029	10	set:bedwar_xindaoju.json image:g1008_suit_gold	yellow	1	RewardSetting	RewardSetting_30029	RewardSetting_desc_30029	金甲套装	新玩家2级	所有的武器	Gun	特权	Privilege
3	50001021	30007	100	set:bedwaritem.json image:TNT	yellow	1	RewardSetting	ShopConfig_name_5	DressSetting_des_30007	TNT		武器碎片	GunChip	reward表	RewardSetting
4	50001022	30004	30	set:bedwar_xindaoju.json image:g1008_dragon_knight	yellow	1	RewardSetting	CommodityMechant_name_5_66	CommodityMechant_desc_5_66	末影龙	新玩家5级	道具	Prop		
5	50001031	201056	2	set:runeIcon.json image:rune_10903	yellow	1	RewardSetting	BoxSetting_name_201056	BoxSetting_desc_201056	保护3	道具礼包	道具碎片	PropChip		yellow
6	50001032	201048	2	set:runeIcon.json image:rune_10403	yellow	1	RewardSetting	BoxSetting_name_201048	BoxSetting_desc_201048	吸血3		金币	Currency		purple
7	50001033	201058	2	set:runeIcon.json image:rune_11203	yellow	1	RewardSetting	BoxSetting_name_201058	BoxSetting_desc_201058	修罗3	付费玩家600+	钥匙	YaoShi		blue
8	50001041	201056	3	set:runeIcon.json image:rune_10903	yellow	1	RewardSetting	BoxSetting_name_201056	BoxSetting_desc_201056	保护3	符文礼包	武器强化券	Ticket 		
9	50001042	201048	3	set:runeIcon.json image:rune_10403	yellow	1	RewardSetting	BoxSetting_name_201048	BoxSetting_desc_201048	吸血3					
10	50001043	201058	3	set:runeIcon.json image:rune_11203	yellow	1	RewardSetting	BoxSetting_name_201058	BoxSetting_desc_201058	修罗3	付费玩家1200+				
11	50001051	30030	30	set:bedwar_xindaoju.json image:g1008_suit_emerald	yellow	1	RewardSetting	RewardSetting_30030	RewardSetting_desc_30030	钻石甲套装	符文礼包				
13	50001052	6040101	1	set:bedwar_license_reward_season14.json image:g1008_head_01_rainbow_emerald_b	yellow	1	RewardSetting	DressSetting_name_6040101	DressSetting_desc_6040001	战争套装	付费玩家3000+				
14	50001052	6040201	1	set:bedwar_license_reward_season14.json image:g1008_chest_01_rainbow_emerald_b	yellow	1	RewardSetting	DressSetting_name_6040201	DressSetting_desc_6040001	战争套装	钻石甲礼包				
15	50001052	6040301	1	set:bedwar_license_reward_season14.json image:g1008_thigh_01_rainbow_emerald_b	yellow	1	RewardSetting	DressSetting_name_6040301	DressSetting_desc_6040001	战争套装	钻石甲皮肤				
16	50001052	6040401	1	set:bedwar_license_reward_season14.json image:g1008_foot_01_rainbow_emerald_b	yellow	1	RewardSetting	DressSetting_name_6040401	DressSetting_desc_6040001	战争套装	符文礼包				
17	50001053	201056	4	set:runeIcon.json image:rune_10903	yellow	1	RewardSetting	BoxSetting_name_201056	BoxSetting_desc_201056	保护3					
18	50001054	201048	4	set:runeIcon.json image:rune_10403	yellow	1	RewardSetting	BoxSetting_name_201048	BoxSetting_desc_201048	吸血3					
19	50001055	201058	4	set:runeIcon.json image:rune_11203	yellow	1	RewardSetting	BoxSetting_name_201058	BoxSetting_desc_201058	修罗3	付费玩家5000+				
20	50001061	30030	30	set:bedwar_xindaoju.json image:g1008_suit_emerald	yellow	1	RewardSetting	RewardSetting_30030	RewardSetting_desc_30030	钻石甲套装	钻石甲礼包				
22	50001062	6040101	1	set:bedwar_license_reward_season14.json image:g1008_head_01_rainbow_emerald_b	yellow	1	RewardSetting	DressSetting_name_6040101	DressSetting_desc_6040001	战争套装	符文礼包				
23	50001062	6040201	1	set:bedwar_license_reward_season14.json image:g1008_chest_01_rainbow_emerald_b	yellow	1	RewardSetting	DressSetting_name_6040201	DressSetting_desc_6040001	战争套装					
24	50001062	6040301	1	set:bedwar_license_reward_season14.json image:g1008_thigh_01_rainbow_emerald_b	yellow	1	RewardSetting	DressSetting_name_6040301	DressSetting_desc_6040001	战争套装					
25	50001062	6040401	1	set:bedwar_license_reward_season14.json image:g1008_foot_01_rainbow_emerald_b	yellow	1	RewardSetting	DressSetting_name_6040401	DressSetting_desc_6040001	战争套装	付费玩家10000+				
26	50001063	201056	4	set:runeIcon.json image:rune_10903	yellow	1	RewardSetting	BoxSetting_name_201056	BoxSetting_desc_201056	保护3	钻石甲礼包				
27	50001064	201048	4	set:runeIcon.json image:rune_10403	yellow	1	RewardSetting	BoxSetting_name_201048	BoxSetting_desc_201048	吸血3	钻石甲皮肤				
28	50001065	201058	4	set:runeIcon.json image:rune_11203	yellow	1	RewardSetting	BoxSetting_name_201058	BoxSetting_desc_201058	修罗3	符文礼包				
29	50001071	30030	30	set:bedwar_xindaoju.json image:g1008_suit_emerald	yellow	1	RewardSetting	RewardSetting_30030	RewardSetting_desc_30030	钻石甲套装					
31	50001072	6040101	1	set:bedwar_license_reward_season14.json image:g1008_head_01_rainbow_emerald_b	yellow	1	RewardSetting	DressSetting_name_6040101	DressSetting_desc_6040001	战争套装					
32	50001072	6040201	1	set:bedwar_license_reward_season14.json image:g1008_chest_01_rainbow_emerald_b	yellow	1	RewardSetting	DressSetting_name_6040201	DressSetting_desc_6040001	战争套装					
33	50001072	6040301	1	set:bedwar_license_reward_season14.json image:g1008_thigh_01_rainbow_emerald_b	yellow	1	RewardSetting	DressSetting_name_6040301	DressSetting_desc_6040001	战争套装					
34	50001072	6040401	1	set:bedwar_license_reward_season14.json image:g1008_foot_01_rainbow_emerald_b	yellow	1	RewardSetting	DressSetting_name_6040401	DressSetting_desc_6040001	战争套装					
35	50001073	201056	4	set:runeIcon.json image:rune_10903	yellow	1	RewardSetting	BoxSetting_name_201056	BoxSetting_desc_201056	保护3					
36	50001074	201048	4	set:runeIcon.json image:rune_10403	yellow	1	RewardSetting	BoxSetting_name_201048	BoxSetting_desc_201048	吸血3					
37	50001075	201058	4	set:runeIcon.json image:rune_11203	yellow	1	RewardSetting	BoxSetting_name_201058	BoxSetting_desc_201058	修罗3					
