排序,从1开始递增	配置id（唯一即可）	触发条件	触发条件参数	上一次胜利使用过的物品ID（0为无条件触发）	创号时间小于等于（小时）（0为无条件触发）	累计消耗魔方（生涯）	是否可重复触发	触发最短间隔(s)	礼包组id	玩家ID尾号2位大小(例如：0-33)				
index	triggerId	trigger	param	param2	param3	rechargePoints	isRepeatable	cd	giftGroupId	tailNumber				
101	5000101	1	2	0	48	0	0	172800	5000101	#		触发条件		CD
102	5000102	1	5	0	120	0	0	172800	5000102	#		1	等级	0
103	5000103	1	1	0	0	600	0	172800	5000103	#		2	段位分	0
104	5000104	1	1	0	0	1200	0	172800	5000104	#		3	连胜	43200
105	5000105	1	1	0	0	3000	0	172800	5000105	#		4	连败	43200
106	5000106	1	1	0	0	5000	0	172800	5000106	#		5	连续游玩	43200
107	5000107	1	1	0	0	10000	0	172800	5000107	#				
