{
    "frames": {
        "thief": {
            "frame": {
				"x": 0,
                "y": 0,
                "h": 64,
                "w": 64
            },
			"offset": {
				"x": 0,
				"y": 0
			},
            "sourceSize": {
                "h": 64,
                "w": 64
            }
        },
		"hunter": {
            "frame": {
				"x": 64,
                "y": 0,
                "h": 64,
                "w": 64
            },
			"offset": {
				"x": 0,
				"y": 0
			},
            "sourceSize": {
                "h": 64,
                "w": 64
            }
        },
		"bomb": {
            "frame": {
				"x": 128,
                "y": 0,
                "h": 64,
                "w": 64
            },
			"offset": {
				"x": 0,
				"y": 0
			},
            "sourceSize": {
                "h": 64,
                "w": 64
            }
        }
    },
    "meta": {
		"app": "https://www.codeandweb.com/texturepacker",
		"version": "1.0",
		"image": "superwall.png",
		"format": "RGBA8888",
		"size": {
			"w": 192,
			"h": 64
		},
		"scale": "1"
    }
}