{"frames": {

"armor_star1":
{
	"frame": {"x":0,"y":0,"w":170,"h":150},
	"offset": {"x":0,"y":0,"w":170,"h":150},
	"sourceSize": {"w":170,"h":150}
},
"armor_star2":
{
	"frame": {"x":170,"y":0,"w":170,"h":150},
	"offset": {"x":0,"y":0,"w":170,"h":150},
	"sourceSize": {"w":170,"h":150}
},
"armor_star3":
{
	"frame": {"x":340,"y":0,"w":170,"h":150},
	"offset": {"x":0,"y":0,"w":170,"h":150},
	"sourceSize": {"w":170,"h":150}
},
"armor_star4":
{
	"frame": {"x":0,"y":150,"w":170,"h":150},
	"offset": {"x":0,"y":0,"w":170,"h":150},
	"sourceSize": {"w":170,"h":150}
},
"armor_star5":
{
	"frame": {"x":170,"y":150,"w":170,"h":150},
	"offset": {"x":0,"y":0,"w":170,"h":150},
	"sourceSize": {"w":170,"h":150}
}},
"meta": {
	"app": "https://www.codeandweb.com/texturepacker",
	"version": "1.0",
	"image": "armor_star.png",
	"format": "RGBA8888",
	"size": {"w":512,"h":512},
	"scale": "1"
}
}
