{
    "frames": {
        "gun_2": {
            "frame": {
                "y": 0, 
                "x": 68, 
                "w": 68, 
                "h": 68
            }, 
            "sourceSize": {
                "h": 68, 
                "w": 68
            }, 
            "offset": {
                "y": 0, 
                "x": 0, 
                "w": 68, 
                "h": 68
            }
        }, 
        "gun_3": {
            "frame": {
                "y": 0, 
                "x": 136, 
                "w": 68, 
                "h": 68
            }, 
            "sourceSize": {
                "h": 68, 
                "w": 68
            }, 
            "offset": {
                "y": 0, 
                "x": 0, 
                "w": 68, 
                "h": 68
            }
        }, 
        "gun_1": {
            "frame": {
                "y": 0, 
                "x": 0, 
                "w": 68, 
                "h": 68
            }, 
            "sourceSize": {
                "h": 68, 
                "w": 68
            }, 
            "offset": {
                "y": 0, 
                "x": 0, 
                "w": 68, 
                "h": 68
            }
        }, 
        "gun_4": {
            "frame": {
                "y": 68, 
                "x": 0, 
                "w": 68, 
                "h": 68
            }, 
            "sourceSize": {
                "h": 68, 
                "w": 68
            }, 
            "offset": {
                "y": 0, 
                "x": 0, 
                "w": 68, 
                "h": 68
            }
        }, 
        "gun_5": {
            "frame": {
                "y": 68, 
                "x": 68, 
                "w": 68, 
                "h": 68
            }, 
            "sourceSize": {
                "h": 68, 
                "w": 68
            }, 
            "offset": {
                "y": 0, 
                "x": 0, 
                "w": 68, 
                "h": 68
            }
        }
    }, 
    "meta": {
        "scale": "1", 
        "format": "RGBA8888", 
        "app": "https://www.codeandweb.com/texturepacker", 
        "version": "1.0", 
        "type": "frame", 
        "image": "gun_upgrade.png", 
        "size": {
            "h": 256, 
            "w": 256
        }
    }
}