{
    "frames": {
        "bg_gift_bag_5": {
            "frame": {
                "y": 0, 
                "x": 1052, 
                "w": 263, 
                "h": 478
            }, 
            "sourceSize": {
                "h": 478, 
                "w": 263
            }, 
            "offset": {
                "y": 0, 
                "x": 0, 
                "w": 263, 
                "h": 478
            }
        }, 
        "bg_gift_bag_4": {
            "frame": {
                "y": 0, 
                "x": 789, 
                "w": 263, 
                "h": 478
            }, 
            "sourceSize": {
                "h": 478, 
                "w": 263
            }, 
            "offset": {
                "y": 0, 
                "x": 0, 
                "w": 263, 
                "h": 478
            }
        }, 
        "bg_gift_bag_1": {
            "frame": {
                "y": 0, 
                "x": 0, 
                "w": 263, 
                "h": 478
            }, 
            "sourceSize": {
                "h": 478, 
                "w": 263
            }, 
            "offset": {
                "y": 0, 
                "x": 0, 
                "w": 263, 
                "h": 478
            }
        }, 
        "bg_gift_bag_3": {
            "frame": {
                "y": 0, 
                "x": 526, 
                "w": 263, 
                "h": 478
            }, 
            "sourceSize": {
                "h": 478, 
                "w": 263
            }, 
            "offset": {
                "y": 0, 
                "x": 0, 
                "w": 263, 
                "h": 478
            }
        }, 
        "bg_gift_bag_2": {
            "frame": {
                "y": 0, 
                "x": 263, 
                "w": 263, 
                "h": 478
            }, 
            "sourceSize": {
                "h": 478, 
                "w": 263
            }, 
            "offset": {
                "y": 0, 
                "x": 0, 
                "w": 263, 
                "h": 478
            }
        }
    }, 
    "meta": {
        "scale": "1", 
        "format": "RGBA8888", 
        "app": "https://www.codeandweb.com/texturepacker", 
        "version": "1.0", 
        "type": "frame", 
        "image": "pixel_gun_gift_bags.png", 
        "size": {
            "h": 478, 
            "w": 1315
        }
    }
}