{
    "frames": {
        "task_8": {
            "frame": {
                "y": 258, 
                "x": 86, 
                "w": 86, 
                "h": 86
            }, 
            "sourceSize": {
                "h": 86, 
                "w": 86
            }, 
            "offset": {
                "y": 0, 
                "x": 0, 
                "w": 86, 
                "h": 86
            }
        }, 
        "task_1": {
            "frame": {
                "y": 0, 
                "x": 0, 
                "w": 86, 
                "h": 86
            }, 
            "sourceSize": {
                "h": 86, 
                "w": 86
            }, 
            "offset": {
                "y": 0, 
                "x": 0, 
                "w": 86, 
                "h": 86
            }
        }, 
        "task_2": {
            "frame": {
                "y": 0, 
                "x": 86, 
                "w": 86, 
                "h": 86
            }, 
            "sourceSize": {
                "h": 86, 
                "w": 86
            }, 
            "offset": {
                "y": 0, 
                "x": 0, 
                "w": 86, 
                "h": 86
            }
        }, 
        "task_3": {
            "frame": {
                "y": 86, 
                "x": 0, 
                "w": 86, 
                "h": 86
            }, 
            "sourceSize": {
                "h": 86, 
                "w": 86
            }, 
            "offset": {
                "y": 0, 
                "x": 0, 
                "w": 86, 
                "h": 86
            }
        }, 
        "task_4": {
            "frame": {
                "y": 86, 
                "x": 86, 
                "w": 86, 
                "h": 86
            }, 
            "sourceSize": {
                "h": 86, 
                "w": 86
            }, 
            "offset": {
                "y": 0, 
                "x": 0, 
                "w": 86, 
                "h": 86
            }
        }, 
        "task_5": {
            "frame": {
                "y": 172, 
                "x": 0, 
                "w": 86, 
                "h": 86
            }, 
            "sourceSize": {
                "h": 86, 
                "w": 86
            }, 
            "offset": {
                "y": 0, 
                "x": 0, 
                "w": 86, 
                "h": 86
            }
        }, 
        "task_6": {
            "frame": {
                "y": 172, 
                "x": 86, 
                "w": 86, 
                "h": 86
            }, 
            "sourceSize": {
                "h": 86, 
                "w": 86
            }, 
            "offset": {
                "y": 0, 
                "x": 0, 
                "w": 86, 
                "h": 86
            }
        }, 
        "task_7": {
            "frame": {
                "y": 258, 
                "x": 0, 
                "w": 86, 
                "h": 86
            }, 
            "sourceSize": {
                "h": 86, 
                "w": 86
            }, 
            "offset": {
                "y": 0, 
                "x": 0, 
                "w": 86, 
                "h": 86
            }
        }
    }, 
    "meta": {
        "scale": "1", 
        "format": "RGBA8888", 
        "app": "http://www.codeandweb.com/texturepacker", 
        "version": "1.0", 
        "type": "frame", 
        "image": "task_icon.png", 
        "size": {
            "h": 512, 
            "w": 256
        }
    }
}