Id	CoinId	Price	RewardId	GetWayDesc	Rank
标示	价格类型（魔方1或钥匙5,非卖品#）	价格	对应奖励ID	获取途径描述	排序值
Id	CoinId	Price	RewardId	GetWayDesc	Rank
0	#	#	0	#	1
110001	#	#	110001	get.by.license	2
110002	#	#	110002	get.by.license	3
110003	#	#	110003	get.by.license	4
110004	#	#	110004	get.by.license	5
110005	#	#	110005	get.by.license	6
110006	#	#	110006	get.by.license	7
110007	#	#	110007	get.by.license	8
110008	#	#	110008	get.by.license	9
110009	#	#	110009	get.by.license	10
110010	#	#	110010	get.by.license	11
110011	#	#	110011	get.by.license	11
110012	#	#	110012	get.by.license	12
110013	#	#	110013	get.by.license	13
110014	#	#	110014	get.by.license	14
110015	#	#	110015	get.by.license	15
110016	#	#	110016	get.by.license	16
110017	#	#	110017	get.by.license	17
