Id	BackImg	BackIcon	Effect
标示	背景图片	前景图片	特效
Id	BackImg	BackIcon	Effect
0	set:game_backdrop.json image:g1008_backdrop_default	#	#
110001	set:game_backdrop.json image:g1008_backdrop_01	set:game_backdrop_front.json image:g1008_frontage_01	g1008_backdrop_01.effect
110002	set:game_backdrop.json image:g1008_backdrop_02	set:game_backdrop_front.json image:g1008_frontage_02	#
110003	set:game_backdrop.json image:g1008_backdrop_03	set:game_backdrop_front.json image:g1008_frontage_03	#
110004	set:game_backdrop.json image:g1008_backdrop_04	set:game_backdrop_front.json image:g1008_frontage_04	#
110005	set:game_backdrop.json image:g1008_backdrop_05	set:game_backdrop_front_1.json image:g1008_frontage_05	#
110006	set:game_backdrop_1.json image:g1008_backdrop_06	#	#
110007	set:game_backdrop_1.json image:g1008_backdrop_07	set:game_backdrop_front_1.json image:g1008_frontage_07	#
110008	set:game_backdrop_1.json image:g1008_backdrop_08	set:game_backdrop_front_1.json image:g1008_frontage_08	#
110009	set:game_backdrop_1.json image:g1008_backdrop_09	set:game_backdrop_front_1.json image:g1008_frontage_09	#
110010	set:game_backdrop_1.json image:g1008_backdrop_10	set:game_backdrop_front_2.json image:g1008_frontage_10	#
110011	set:game_backdrop_1.json image:g1008_backdrop_11	set:game_backdrop_front_2.json image:g1008_frontage_11	#
110012	set:game_backdrop_2.json image:g1008_backdrop_12	set:game_backdrop_front_2.json image:g1008_frontage_12	#
110013	set:game_backdrop_2.json image:g1008_backdrop_13	set:game_backdrop_front_2.json image:g1008_frontage_13	#
110014	set:game_backdrop_2.json image:g1008_backdrop_14	set:game_backdrop_front_3.json image:g1008_frontage_14	#
110015	set:game_backdrop_2.json image:g1008_backdrop_15	set:game_backdrop_front_3.json image:g1008_frontage_15	#
110016	set:game_backdrop_2.json image:g1008_backdrop_16	set:game_backdrop_front_3.json image:g1008_frontage_16	#
110017	set:game_backdrop_2.json image:g1008_backdrop_17	set:game_backdrop_front_3.json image:g1008_frontage_17	#
