{
    "frames": {
        "kill_8": {
            "frame": {
                "y": 266, 
                "x": 1239, 
                "w": 413, 
                "h": 266
            }, 
            "sourceSize": {
                "h": 266, 
                "w": 413
            }, 
            "offset": {
                "y": 0, 
                "x": 0, 
                "w": 413, 
                "h": 266
            }
        }, 
        "kill_3": {
            "frame": {
                "y": 0, 
                "x": 826, 
                "w": 413, 
                "h": 266
            }, 
            "sourceSize": {
                "h": 266, 
                "w": 413
            }, 
            "offset": {
                "y": 0, 
                "x": 0, 
                "w": 413, 
                "h": 266
            }
        }, 
        "kill_2": {
            "frame": {
                "y": 0, 
                "x": 413, 
                "w": 413, 
                "h": 266
            }, 
            "sourceSize": {
                "h": 266, 
                "w": 413
            }, 
            "offset": {
                "y": 0, 
                "x": 0, 
                "w": 413, 
                "h": 266
            }
        }, 
        "kill_1": {
            "frame": {
                "y": 0, 
                "x": 0, 
                "w": 413, 
                "h": 266
            }, 
            "sourceSize": {
                "h": 266, 
                "w": 413
            }, 
            "offset": {
                "y": 0, 
                "x": 0, 
                "w": 413, 
                "h": 266
            }
        }, 
        "kill_7": {
            "frame": {
                "y": 266, 
                "x": 826, 
                "w": 413, 
                "h": 266
            }, 
            "sourceSize": {
                "h": 266, 
                "w": 413
            }, 
            "offset": {
                "y": 0, 
                "x": 0, 
                "w": 413, 
                "h": 266
            }
        }, 
        "kill_6": {
            "frame": {
                "y": 266, 
                "x": 413, 
                "w": 413, 
                "h": 266
            }, 
            "sourceSize": {
                "h": 266, 
                "w": 413
            }, 
            "offset": {
                "y": 0, 
                "x": 0, 
                "w": 413, 
                "h": 266
            }
        }, 
        "kill_5": {
            "frame": {
                "y": 266, 
                "x": 0, 
                "w": 413, 
                "h": 266
            }, 
            "sourceSize": {
                "h": 266, 
                "w": 413
            }, 
            "offset": {
                "y": 0, 
                "x": 0, 
                "w": 413, 
                "h": 266
            }
        }, 
        "kill_4": {
            "frame": {
                "y": 0, 
                "x": 1239, 
                "w": 413, 
                "h": 266
            }, 
            "sourceSize": {
                "h": 266, 
                "w": 413
            }, 
            "offset": {
                "y": 0, 
                "x": 0, 
                "w": 413, 
                "h": 266
            }
        }
    }, 
    "meta": {
        "scale": "1", 
        "format": "RGBA8888", 
        "app": "http://www.texturepacker.com", 
        "version": "1.0", 
        "type": "frame", 
        "image": "combo_kill.png", 
        "size": {
            "h": 532, 
            "w": 1652
        }
    }
}