{
    "frames": {
        "11": {
            "frame": {
                "y": 2, 
                "x": 1652, 
                "w": 163, 
                "h": 131
            }, 
            "sourceSize": {
                "h": 131, 
                "w": 163
            }, 
            "offset": {
                "y": 0, 
                "x": 0, 
                "w": 163, 
                "h": 131
            }
        }, 
        "10": {
            "frame": {
                "y": 2, 
                "x": 1322, 
                "w": 163, 
                "h": 131
            }, 
            "sourceSize": {
                "h": 131, 
                "w": 163
            }, 
            "offset": {
                "y": 0, 
                "x": 0, 
                "w": 163, 
                "h": 131
            }
        }, 
        "1": {
            "frame": {
                "y": 2, 
                "x": 992, 
                "w": 163, 
                "h": 131
            }, 
            "sourceSize": {
                "h": 131, 
                "w": 163
            }, 
            "offset": {
                "y": 0, 
                "x": 0, 
                "w": 163, 
                "h": 131
            }
        }, 
        "3": {
            "frame": {
                "y": 2, 
                "x": 1157, 
                "w": 163, 
                "h": 131
            }, 
            "sourceSize": {
                "h": 131, 
                "w": 163
            }, 
            "offset": {
                "y": 0, 
                "x": 0, 
                "w": 163, 
                "h": 131
            }
        }, 
        "2": {
            "frame": {
                "y": 2, 
                "x": 1487, 
                "w": 163, 
                "h": 131
            }, 
            "sourceSize": {
                "h": 131, 
                "w": 163
            }, 
            "offset": {
                "y": 0, 
                "x": 0, 
                "w": 163, 
                "h": 131
            }
        }, 
        "5": {
            "frame": {
                "y": 2, 
                "x": 2, 
                "w": 163, 
                "h": 131
            }, 
            "sourceSize": {
                "h": 131, 
                "w": 163
            }, 
            "offset": {
                "y": 0, 
                "x": 0, 
                "w": 163, 
                "h": 131
            }
        }, 
        "4": {
            "frame": {
                "y": 2, 
                "x": 827, 
                "w": 163, 
                "h": 131
            }, 
            "sourceSize": {
                "h": 131, 
                "w": 163
            }, 
            "offset": {
                "y": 0, 
                "x": 0, 
                "w": 163, 
                "h": 131
            }
        }, 
        "7": {
            "frame": {
                "y": 2, 
                "x": 662, 
                "w": 163, 
                "h": 131
            }, 
            "sourceSize": {
                "h": 131, 
                "w": 163
            }, 
            "offset": {
                "y": 0, 
                "x": 0, 
                "w": 163, 
                "h": 131
            }
        }, 
        "6": {
            "frame": {
                "y": 2, 
                "x": 332, 
                "w": 163, 
                "h": 131
            }, 
            "sourceSize": {
                "h": 131, 
                "w": 163
            }, 
            "offset": {
                "y": 0, 
                "x": 0, 
                "w": 163, 
                "h": 131
            }
        }, 
        "9": {
            "frame": {
                "y": 2, 
                "x": 167, 
                "w": 163, 
                "h": 131
            }, 
            "sourceSize": {
                "h": 131, 
                "w": 163
            }, 
            "offset": {
                "y": 0, 
                "x": 0, 
                "w": 163, 
                "h": 131
            }
        }, 
        "8": {
            "frame": {
                "y": 2, 
                "x": 497, 
                "w": 163, 
                "h": 131
            }, 
            "sourceSize": {
                "h": 131, 
                "w": 163
            }, 
            "offset": {
                "y": 0, 
                "x": 0, 
                "w": 163, 
                "h": 131
            }
        }
    }, 
    "meta": {
        "scale": "1", 
        "format": "RGBA8888", 
        "app": "http://www.texturepacker.com", 
        "version": "1.0", 
        "type": "frame", 
        "image": "game_blocks.png", 
        "size": {
            "h": 135, 
            "w": 1817
        }
    }
}