index	suitId	rewardId	weights	sort	Unnamed: 8	Unnamed: 9	Unnamed: 10
序号，无意义	套装id	奖品id	抽奖权重	排序			
index	suitId	rewardId	weights	sort			
1	202	43001	100000	1	末影套装(铁)	套装(头)	
2	202	43002	100000	2	末影套装(铁)	套装(甲)	
3	202	43003	100000	3	末影套装(铁)	套装(腿)	
4	202	43004	100	4	末影套装(铁)	套装(鞋)	
5	302	43005	100000	1	末影套装(金)	套装(头)	
6	302	43006	1	2	末影套装(金)	套装(甲)	
7	302	43007	100000	3	末影套装(金)	套装(腿)	
8	302	43008	1000	4	末影套装(金)	套装(鞋)	
9	402	43009	100	1	末影套装(钻)	套装(头)	
10	402	43010	100000	2	末影套装(钻)	套装(甲)	
11	402	43011	1000	3	末影套装(钻)	套装(腿)	
12	402	43012	1000	4	末影套装(钻)	套装(鞋)	
