{
	"901": {
		"GrandPrizeLuckyPid": 2,
		"GrandPrizeRewardId": 41995,
		"GrandPrizeImage": "set:lucky_lottery_6.json image:img_skill_book"
	},
	"907": {
		"GrandPrizeLuckyPid": 2,
		"GrandPrizeRewardId": 41995,
		"GrandPrizeImage": "set:lucky_lottery_6.json image:img_skill_book"
	},
	"906": {
		"GrandPrizeLuckyPid": 2,
		"GrandPrizeRewardId": 41995,
		"GrandPrizeImage": "set:lucky_lottery_6.json image:img_skill_book"
	},
	"3": {
		"GrandPrizeLuckyPid": 1,
		"GrandPrizeRewardId": 41256,
		"GrandPrizeImage": "set:lucky_lottery.json image:img_gatlin_newyear"
	},
	"4": {
		"GrandPrizeLuckyPid": 1,
		"GrandPrizeRewardId": 41276,
		"GrandPrizeImage": "set:lucky_lottery.json image:img_gatlin_gold"
	},
	"7": {
		"GrandPrizeLuckyPid": 1,
		"GrandPrizeRewardId": 41257,
		"GrandPrizeImage": "set:lucky_lottery.json image:img_gatlin_gold"
	},
	"9": {
		"GrandPrizeLuckyPid": 1,
		"GrandPrizeRewardId": 41409,
		"GrandPrizeImage": "set:lucky_lottery.json image:img_halberd"
	},
	"12": {
		"GrandPrizeLuckyPid": 1,
		"GrandPrizeRewardId": 41274,
		"GrandPrizeImage": "set:lucky_lottery.json image:img_angel_ring"
	},
	"14": {
		"GrandPrizeLuckyPid": 1,
		"GrandPrizeRewardId": 41465,
		"GrandPrizeImage": "set:lucky_lottery.json image:img_zeus"
	},
	"18": {
		"GrandPrizeLuckyPid": 1,
		"GrandPrizeRewardId": 41577,
		"GrandPrizeImage": "set:lucky_lottery_2.json image:img_hades"
	},
	"21": {
		"GrandPrizeLuckyPid": 1,
		"GrandPrizeRewardId": 41612,
		"GrandPrizeImage": "set:lucky_lottery_2.json image:img_ares"
	},
	"23": {
		"GrandPrizeLuckyPid": 1,
		"GrandPrizeRewardId": 41634,
		"GrandPrizeImage": "set:lucky_lottery_2.json image:img_christmas_wand"
	},
	"28": {
		"GrandPrizeLuckyPid": 1,
		"GrandPrizeRewardId": 41729,
		"GrandPrizeImage": "set:lucky_lottery_3.json image:img_apollo"
	},
	"29": {
		"GrandPrizeLuckyPid": 1,
		"GrandPrizeRewardId": 41731,
		"GrandPrizeImage": "set:lucky_lottery_3.json image:img_gatlin_ender"
	},
	"31": {
		"GrandPrizeLuckyPid": 1,
		"GrandPrizeRewardId": 41750,
		"GrandPrizeImage": "set:lucky_lottery_3.json image:img_ramadan"
	},
	"33": {
		"GrandPrizeLuckyPid": 1,
		"GrandPrizeRewardId": 41276,
		"GrandPrizeImage": "set:lucky_lottery.json image:img_angel_staff"
	},
	"34": {
		"GrandPrizeLuckyPid": 1,
		"GrandPrizeRewardId": 41820,
		"GrandPrizeImage": "set:lucky_lottery_4.json image:img_fenrir"
	},
	"37": {
		"GrandPrizeLuckyPid": 1,
		"GrandPrizeRewardId": 41810,
		"GrandPrizeImage": "set:lucky_lottery_4.json image:img_shadowless"
	},
	"40": {
		"GrandPrizeLuckyPid": 1,
		"GrandPrizeRewardId": 41859,
		"GrandPrizeImage": "set:lucky_lottery_4.json image:img_valkyrie"
	},
	"43": {
		"GrandPrizeLuckyPid": 1,
		"GrandPrizeRewardId": 41907,
		"GrandPrizeImage": "set:lucky_lottery_5.json image:img_summer_wand"
	},
	"45": {
		"GrandPrizeLuckyPid": 1,
		"GrandPrizeRewardId": 41935,
		"GrandPrizeImage": "set:lucky_lottery_5.json image:img_summer_gatlin"
	},
	"47": {
		"GrandPrizeLuckyPid": 1,
		"GrandPrizeRewardId": 41960,
		"GrandPrizeImage": "set:lucky_lottery_5.json image:img_jormungandr"
	},
	"49": {
		"GrandPrizeLuckyPid": 1,
		"GrandPrizeRewardId": 41985,
		"GrandPrizeImage": "set:lucky_lottery_6.json image:img_thor"
	},
	"53": {
		"GrandPrizeLuckyPid": 1,
		"GrandPrizeRewardId": 42095,
		"GrandPrizeImage": "set:lucky_lottery_6.json image:img_hel"
	},
	"58": {
		"GrandPrizeLuckyPid": 1,
		"GrandPrizeRewardId": 42126,
		"GrandPrizeImage": "set:lucky_lottery_7.json image:img_hermes"
	},
	"61": {
		"GrandPrizeLuckyPid": 1,
		"GrandPrizeRewardId": 42235,
		"GrandPrizeImage": "set:lucky_lottery_7.json image:img_hephaestus"
	},
	"64": {
		"GrandPrizeLuckyPid": 1,
		"GrandPrizeRewardId": 42259,
		"GrandPrizeImage": "set:lucky_lottery_8.json image:img_chione"
	},
	"70": {
		"GrandPrizeLuckyPid": 1,
		"GrandPrizeRewardId": 41256,
		"GrandPrizeImage": "set:lucky_lottery_9.json image:img_gatlin_newyear"
	},
	"72": {
		"GrandPrizeLuckyPid": 1,
		"GrandPrizeRewardId": 42366,
		"GrandPrizeImage": "set:lucky_lottery_9.json image:img_medusa"
	},
	"75": {
		"GrandPrizeLuckyPid": 1,
		"GrandPrizeRewardId": 42395,
		"GrandPrizeImage": "set:lucky_lottery_10.json image:img_pride"
	},
	"79": {
		"GrandPrizeLuckyPid": 1,
		"GrandPrizeRewardId": 42417,
		"GrandPrizeImage": "set:lucky_lottery_10.json image:img_envy"
	},
	"83": {
		"GrandPrizeLuckyPid": 1,
		"GrandPrizeRewardId": 42454,
		"GrandPrizeImage": "set:lucky_lottery_11.json image:img_beelzebub"
	},
	"3001": {
		"GrandPrizeLuckyPid": 3,
		"GrandPrizeRewardId": 42138,
		"GrandPrizeImage": "set:lucky_lottery_7.json image:img_escape",
		"Shop": {
			"Icon": "set:create_team.json image:btn_act_shop",
			"OpenUI": "GUICommonShop",
			"ShopId": 5,
			"Name": "escape_coins_shop_name"
		}
	},	
	"3002": {
		"GrandPrizeLuckyPid": 4,
		"GrandPrizeRewardId": 42223,
		"GrandPrizeImage": "set:lucky_lottery_8.json image:img_bg_7th"
	},	
	"3003": {
		"GrandPrizeLuckyPid": 4,
		"GrandPrizeRewardId": 42291,
		"GrandPrizeImage": "set:lucky_lottery_8.json image:img_2024_christmas",
		"Shop": {
			"Icon": "set:create_team.json image:btn_act_shop",
			"OpenUI": "GUICommonShop",
			"ShopId": 6,
			"Name": "2024_christmas_coins_shop_name"
		}
	},	
	"3004": {
		"GrandPrizeLuckyPid": 5,
		"GrandPrizeRewardId": 42369,
		"GrandPrizeImage": "set:lucky_lottery_9.json image:img_red_envelope"
	},	
	"3005": {
		"GrandPrizeLuckyPid": 4,
		"GrandPrizeRewardId": 41342,
		"GrandPrizeImage": "set:lucky_lottery_10.json image:img_skull"
	},	
	"3006": {
		"GrandPrizeLuckyPid": 3,
		"GrandPrizeRewardId": 42430,
		"GrandPrizeImage": "set:lucky_lottery_11.json image:img_flag",
		"Shop": {
			"Icon": "set:create_team.json image:btn_act_shop",
			"OpenUI": "GUICommonShop",
			"ShopId": 7,
			"Name": "flag_coins_shop_name"
		}
	}
}