{
	"?配置说明": {
		"collectId": "收集的道具Id",
		"collectCount": "收集道具数量",
		"rewardId": "终极奖励Id",
		"rewardCount": "终极奖励数量(时间)",
		"openUI": "打开UI配置",
		"purchase": "付费配置",
		"onceReward": "每次缴纳获得的奖励"
	},
	"1001": {
		"collectId": 1308,
		"collectCount": 2000000,
        "rewardId": 62001,
        "rewardCount": 2592000,
		"onceReward": [
			[12001, 1000]
		]
	},
	"1002": {
		"collectId": 1408,
		"collectCount": 5000000,
		"rewardId": 62002,
		"rewardCount": 2592000,
		"onceReward": [
			[12001, 1000]
		]
	},
	"1003": {
		"collectId": 1500,
		"collectCount": 5000000,
		"rewardId": 0,
		"rewardCount": 0,
		"openUI": "GUIQuickTeleport#gui_island_map_title",
		"purchase": {
			"uniqueId": 100301,
            "price": 50,
			"rewards": [
				[41893, 10],
				[41922, 1]
			]
		},
		"onceReward": [
			[12001, 1000],
			[41894, 1]
		]
	},
	"1005": {
		"collectId": 1519,
		"collectCount": 5000000,
		"rewardId": 0,
		"rewardCount": 0,
		"openUI": "GUIQuickTeleport#gui_island_map_title",
		"purchase": {
			"uniqueId": 100501,
            "price": 50,
			"rewards": [
				[41923, 10],
				[41922, 1]
			]
		},
		"onceReward": [
			[12001, 1000],
			[41894, 1]
		]
	},
	"1007": {
		"collectId": 1520,
		"collectCount": 5000000,
		"rewardId": 0,
		"rewardCount": 0,
		"openUI": "GUIQuickTeleport#gui_island_map_title",
		"purchase": {
			"uniqueId": 100701,
            "price": 50,
			"rewards": [
				[41924, 10],
				[41922, 1]
			]
		},
		"onceReward": [
			[12001, 1000],
			[41894, 1]
		]
	}
}