索引	id	动作图标	动作名	Unnamed: 4	Unnamed: 5	Unnamed: 6
index	id	image	name			
1	1	set:bedwar_taunt.json image:g1008_boy_taunt_01	taunt_01		拥抱钱雨	快捷指令-个性动作表
2	2	set:bedwar_taunt.json image:g1008_boy_taunt_02	taunt_02		大金链子	需联表生效
3	3	set:bedwar_taunt.json image:g1008_boy_taunt_03	taunt_03		闪耀登场	CustomShopAction
4	4	set:bedwar_taunt.json image:g1008_boy_taunt_04	taunt_04		秀肌肉	
5	5	set:bedwar_taunt.json image:g1008_boy_taunt_05	taunt_05		托马斯回旋	
6	6	set:bedwar_taunt.json image:g1008_boy_taunt_06	taunt_06		棒球手	
7	7	set:bedwar_taunt.json image:g1008_boy_taunt_07	taunt_07		抹杀	
8	8	set:bedwar_taunt.json image:g1008_boy_taunt_08	taunt_08		摇起来	
9	9	set:bedwar_taunt.json image:g1008_boy_taunt_09	taunt_09		热身运动	
10	10	set:bedwar_taunt.json image:g1008_boy_taunt_10	taunt_10		得意洋洋	
11	11	set:bedwar_taunt.json image:g1008_boy_taunt_11	taunt_11		你过来啊	
12	12	set:bedwar_license_reward.json image:g1008_boy_taunt_12	taunt_12		倒立	
13	13	set:bedwar_license_reward.json image:g1008_boy_taunt_13	taunt_13		蹬腿	
14	14	set:bedwar_license_reward_season4.json image:g1008_boy_taunt_14	taunt_14		你输了	
15	15	set:bedwar_license_reward_season4.json image:g1008_boy_taunt_15	taunt_15		甩手舞	
16	16	set:bedwar_license_reward_season4.json image:g1008_boy_taunt_16	taunt_16		摇摆	
17	17	set:bedwar_license_reward_season4.json image:g1008_boy_taunt_17	taunt_17		骑马	
18	18	set:bedwar_license_reward_season8.json image:g1008_boy_taunt_18	taunt_18		愉悦	
20	20	set:bedwar_license_reward_season10.json image:g1008_boy_taunt_20	taunt_20		蹦迪	
21	21	set:bedwar_license_reward_season11.json image:g1008_boy_taunt_21	taunt_21		远眺	
22	22	set:bedwar_license_reward_season12.json image:g1008_boy_taunt_22	taunt_22		回旋踢	
23	23	set:bedwar_license_reward_season13.json image:g1008_boy_taunt_23	taunt_23		气功波	
24	24	set:bedwar_license_reward_season13.json image:g1008_boy_taunt_24	taunt_24		剑阵	
25	25	set:bedwar_license_reward_season15.json image:g1008_boy_taunt_25	taunt_25		雕刻	
27	27	set:bedwar_license_reward_season16.json image:g1008_boy_taunt_27	taunt_27		升龙	
28	28	set:bedwar_license_reward_season17.json image:g1008_boy_taunt_28	taunt_28		凝神	
29	29	set:bedwar_license_reward_season18.json image:g1008_boy_taunt_29	taunt_29		节拍	
30	30	set:bedwar_license_reward_season18.json image:g1008_boy_taunt_30	taunt_30		愉快的一天	
31	31	set:bedwar_license_reward_season19.json image:g1008_boy_taunt_31	taunt_31		5031	
32	32	set:bedwar_license_reward_season19.json image:g1008_boy_taunt_32	taunt_32		5032	
33	33	set:bedwar_license_reward_season19.json image:g1008_boy_taunt_33	taunt_33		5033	
34	34	set:bedwar_license_reward_season22.json image:g1008_boy_taunt_34	taunt_34		5034	
35	35	set:bedwar_license_reward_season23.json image:g1008_boy_taunt_35	taunt_35		5035	
37	37	set:bedwar_license_reward_season24.json image:g1008_boy_taunt_37	taunt_37		5037	
39	39	set:bedwar_license_reward_season25.json image:g1008_boy_taunt_39	taunt_39		5039	
40	40	set:bedwar_license_reward_season26.json image:g1008_boy_taunt_40	taunt_40		5040	
41	41	set:bedwar_license_reward_season27.json image:g1008_boy_taunt_41	taunt_41		5041	
42	42	set:bedwar_license_reward_season27.json image:g1008_boy_taunt_42	taunt_42		5042	
43	43	set:bedwar_license_reward_season29.json image:g1008_boy_taunt_43	taunt_43		5043	
44	44	set:bedwar_license_reward_season28.json image:g1008_boy_taunt_44	taunt_44		5044	
45	45	set:bedwar_license_reward_season29.json image:g1008_boy_taunt_45	taunt_45		5045	
46	46	set:bedwar_license_reward_season30.json image:g1008_boy_taunt_46	taunt_46		5046	
50	50	set:bedwar_license_reward_season30.json image:g1008_boy_taunt_50	taunt_50		5050	
51	51	set:bedwar_license_reward_season31.json image:g1008_boy_taunt_51	taunt_51		5051	
52	52	set:bedwar_license_reward_season31.json image:g1008_boy_taunt_52	taunt_52		5052	
53	53	set:bedwar_license_reward_season32.json image:g1008_boy_taunt_53	taunt_53		5053	
54	54	set:bedwar_license_reward_season33.json image:g1008_boy_taunt_54	taunt_54		5054	
55	55	set:bedwar_license_reward_season34.json image:g1008_boy_taunt_55	taunt_55		5055	
56	56	set:bedwar_license_reward_season35.json image:g1008_boy_taunt_56	taunt_56		5056	
57	57	set:bedwar_license_reward_season38.json image:g1008_boy_taunt_57	taunt_57		跪拜	
58	58	set:bedwar_license_reward_season36.json image:g1008_boy_taunt_58	taunt_58		嘲讽	
59	59	set:bedwar_license_reward_season37.json image:g1008_boy_taunt_59	taunt_59		迪斯科	
60	60	set:bedwar_license_reward_season36.json image:g1008_boy_taunt_60	taunt_60		倒地	
61	61	set:bedwar_license_reward_season36.json image:g1008_boy_taunt_61	taunt_61		头晕	
63	63	set:bedwar_license_reward_season37.json image:g1008_boy_taunt_63	taunt_63		飞升	
64	64	set:bedwar_license_reward_season38.json image:g1008_boy_taunt_64	taunt_64		拳击	
65	65	set:bedwar_license_reward_season39.json image:g1008_boy_taunt_65	taunt_65		丧尸	
66	66	set:bedwar_license_reward_season40.json image:g1008_boy_taunt_66	taunt_66		凤凰涅槃	
67	67	set:bedwar_license_reward_season41.json image:g1008_boy_taunt_67	taunt_67		自信	
68	68	set:bedwar_license_reward_season40.json image:g1008_boy_taunt_68	taunt_68		派对舞蹈	
69	69	set:bedwar_license_reward_season40.json image:g1008_boy_taunt_69	taunt_69		绑拉舞	
70	70	set:bedwar_license_reward_season42.json image:g1008_boy_taunt_70	taunt_70		打鼓	
71	71	set:bedwar_license_reward_season43.json image:g1008_boy_taunt_71	taunt_71		斩击动作	
72	72	set:bedwar_license_reward_season44.json image:g1008_boy_taunt_72	taunt_72		小丑动作	
73	73	set:bedwar_license_reward_season45.json image:g1008_boy_taunt_73	taunt_73		魔法师动作	
74	74	set:bedwar_license_reward_season46.json image:g1008_boy_taunt_74	taunt_74		游泳	
75	75	set:bedwar_license_reward_season47.json image:g1008_boy_taunt_75	taunt_75		挖矿	
