顺序	商品id	图片	特效	名称	tabId	允许购买 填1可购买	货币类型	价格
id	rewardId	icon	effect	name	tabId	canBuy	moneyType	price
1	#	set:emoji.json image:img_0_phiz_angry	#	gui.emoji.name.1	1	1	1	0
2	#	set:emoji.json image:img_0_phiz_cry	#	gui.emoji.name.2	1	1	1	0
3	#	set:emoji.json image:img_0_phiz_darkcircles	#	gui.emoji.name.3	1	1	1	0
4	#	set:emoji.json image:img_0_phiz_daze	#	gui.emoji.name.4	1	1	1	0
5	#	set:emoji.json image:img_0_phiz_funny	#	gui.emoji.name.5	1	1	1	0
6	#	set:emoji.json image:img_0_phiz_good	#	gui.emoji.name.6	1	1	1	0
7	#	set:emoji.json image:img_0_phiz_gosh	#	gui.emoji.name.7	1	1	1	0
8	#	set:emoji.json image:img_0_phiz_hello	#	gui.emoji.name.8	1	1	1	0
9	#	set:emoji.json image:img_0_phiz_love	#	gui.emoji.name.9	1	1	1	0
10	#	set:emoji.json image:img_0_phiz_nosebleed	#	gui.emoji.name.10	1	1	1	0
11	#	set:emoji.json image:img_0_phiz_shutup	#	gui.emoji.name.11	1	1	1	0
12	#	set:emoji.json image:img_0_phiz_shy	#	gui.emoji.name.12	1	1	1	0
13	#	set:emoji.json image:img_0_phiz_speechless	#	gui.emoji.name.13	1	1	1	0
14	#	set:emoji.json image:img_0_phiz_surprised	#	gui.emoji.name.14	1	1	1	0
15	#	set:emoji.json image:img_0_phiz_think	#	gui.emoji.name.15	1	1	1	0
16	#	set:emoji.json image:img_0_phiz_threwup	#	gui.emoji.name.16	1	1	1	0
17	109001	set:game_emoji.json image:g1008_emoticons_benson_01 	#	gui.emoji.name.17	1	0	1	200
18	109002	set:game_emoji.json image:g1008_emoticons_benson_02	#	gui.emoji.name.18	1	0	1	200
19	109003	set:game_emoji.json image:g1008_emoticons_benson_03 	#	gui.emoji.name.19	1	0	1	200
20	109004	set:game_emoji.json image:g1008_emoticons_benson_04	#	gui.emoji.name.20	1	0	1	200
21	109005	set:game_emoji.json image:g1008_emoticons_blazing_01	g1008_emoticons_blazing_01.effect	gui.emoji.name.21	4	0	1	300
22	109006	set:game_emoji.json image:g1008_emoticons_blazing_02	g1008_emoticons_blazing_02.effect	gui.emoji.name.22	4	0	1	300
23	109007	set:game_emoji.json image:g1008_emoticons_blazing_03	g1008_emoticons_blazing_03.effect	gui.emoji.name.23	4	0	1	300
24	109008	set:game_emoji.json image:g1008_emoticons_blazing_04	g1008_emoticons_blazing_04.effect	gui.emoji.name.24	4	0	1	300
25	109009	set:game_emoji.json image:g1008_emoticons_benson_05 	#	gui.emoji.name.25	1	0	1	200
26	109010	set:game_emoji.json image:g1008_emoticons_benson_06	#	gui.emoji.name.26	1	0	1	200
27	109011	set:game_emoji.json image:g1008_emoticons_benson_07 	#	gui.emoji.name.27	1	0	1	200
28	109012	set:game_emoji.json image:g1008_emoticons_benson_08	#	gui.emoji.name.28	1	0	1	200
29	109013	set:game_emoji.json image:g1008_emoticons_benson_09 	#	gui.emoji.name.29	1	0	1	200
30	109014	set:game_emoji.json image:g1008_emoticons_benson_10	g1008_emoticons_benson_10.effect	gui.emoji.name.30	5	0	1	300
31	109015	set:game_emoji.json image:g1008_emoticons_benson_11	#	gui.emoji.name.31	1	0	1	300
32	109016	set:game_emoji.json image:g1008_emoticons_benson_12	g1008_emoticons_benson_12.effect	gui.emoji.name.32	5	0	1	300
33	109018	set:game_emoji.json image:g1008_emoticons_benson_13	#	gui.emoji.name.33	2	0	1	200
34	109019	set:game_emoji.json image:g1008_emoticons_benson_14	#	gui.emoji.name.34	2	0	1	200
35	109020	set:game_emoji.json image:g1008_emoticons_benson_15 	#	gui.emoji.name.35	2	0	1	200
36	109021	set:game_emoji.json image:g1008_emoticons_benson_16	#	gui.emoji.name.36	2	0	1	200
37	109022	set:game_emoji.json image:g1008_emoticons_benson_17	#	gui.emoji.name.37	2	0	1	200
38	109023	set:game_emoji.json image:g1008_emoticons_panda_01	#	gui.emoji.name.38	3	0	1	200
39	109024	set:game_emoji.json image:g1008_emoticons_panda_02	#	gui.emoji.name.39	3	0	1	200
40	109025	set:game_emoji.json image:g1008_emoticons_panda_03	#	gui.emoji.name.40	3	0	1	200
41	109026	set:game_emoji.json image:g1008_emoticons_blazing_19	#	gui.emoji.name.41	2	0	1	200
42	109027	set:game_emoji.json image:g1008_emoticons_blazing_20	#	gui.emoji.name.42	2	0	1	200
43	109028	set:game_emoji.json image:g1008_emoticons_blazing_21	#	gui.emoji.name.43	2	0	1	200
44	109029	set:game_emoji.json image:g1008_emoticons_blazing_22	#	gui.emoji.name.44	2	0	1	200
45	109030	set:game_emoji.json image:g1008_emoticons_blazing_23	#	gui.emoji.name.45	2	0	1	200
46	109031	set:game_emoji.json image:g1008_emoticons_blazing_24	#	gui.emoji.name.46	2	0	1	200
47	109032	set:game_emoji.json image:g1008_emoticons_blazing_25	#	gui.emoji.name.47	2	0	1	200
48	109033	set:game_emoji.json image:g1008_emoticons_blazing_26	#	gui.emoji.name.48	2	0	1	200
49	109034	set:game_emoji.json image:g1008_emoticons_panda_04	#	gui.emoji.name.49	3	0	1	200
50	109035	set:game_emoji.json image:g1008_emoticons_panda_05	#	gui.emoji.name.50	3	0	1	200
51	109036	set:game_emoji.json image:g1008_emoticons_panda_06	#	gui.emoji.name.51	3	0	1	200
52	109037	set:game_emoji.json image:g1008_emoticons_christmas_01	#	gui.emoji.name.52	2	0	1	200
53	109038	set:game_emoji.json image:g1008_emoticons_christmas_02	#	gui.emoji.name.53	2	0	1	200
54	109039	set:game_emoji.json image:g1008_emoticons_christmas_03	#	gui.emoji.name.54	2	0	1	200
55	109040	set:game_emoji.json image:g1008_emoticons_christmas_04	#	gui.emoji.name.55	2	0	1	200
56	109041	set:game_emoji.json image:g1008_emoticons_cyber_01	#	gui.emoji.name.56	2	0	1	200
57	109042	set:game_emoji.json image:g1008_emoticons_cyber_02	#	gui.emoji.name.57	2	0	1	200
58	109043	set:game_emoji.json image:g1008_emoticons_cyber_03	#	gui.emoji.name.58	2	0	1	200
59	109044	set:game_emoji.json image:g1008_emoticons_cyber_04	#	gui.emoji.name.59	2	0	1	200
60	109045	set:game_emoji.json image:g1008_emoticons_moon_01	#	gui.emoji.name.60	2	0	1	200
61	109046	set:game_emoji.json image:g1008_emoticons_moon_02	#	gui.emoji.name.61	2	0	1	200
62	109047	set:game_emoji.json image:g1008_emoticons_moon_03	#	gui.emoji.name.62	2	0	1	200
63	109048	set:game_emoji.json image:g1008_emoticons_moon_04	#	gui.emoji.name.63	2	0	1	200
64	109049	set:game_emoji_1.json image:g1008_emoticons_rocky_01	#	gui.emoji.name.64	2	0	1	200
65	109050	set:game_emoji_1.json image:g1008_emoticons_rocky_02	#	gui.emoji.name.65	2	0	1	200
66	109051	set:game_emoji_1.json image:g1008_emoticons_rocky_03	#	gui.emoji.name.66	2	0	1	200
67	109052	set:game_emoji_1.json image:g1008_emoticons_rocky_04	#	gui.emoji.name.67	2	0	1	200
68	109053	set:game_emoji_1.json image:g1008_emoticons_odin_01	#	gui.emoji.name.68	2	0	1	200
69	109054	set:game_emoji_1.json image:g1008_emoticons_odin_02	#	gui.emoji.name.69	2	0	1	200
70	109055	set:game_emoji_1.json image:g1008_emoticons_odin_03	#	gui.emoji.name.70	2	0	1	200
71	109056	set:game_emoji_1.json image:g1008_emoticons_odin_04	#	gui.emoji.name.71	2	0	1	200
72	109057	set:game_emoji_1.json image:g1008_emoticons_fox_01	#	gui.emoji.name.72	2	0	1	200
73	109058	set:game_emoji_1.json image:g1008_emoticons_fox_02	#	gui.emoji.name.73	2	0	1	200
74	109059	set:game_emoji_1.json image:g1008_emoticons_fox_03	#	gui.emoji.name.74	2	0	1	200
75	109060	set:game_emoji_1.json image:g1008_emoticons_fox_04	#	gui.emoji.name.75	2	0	1	200
76	109061	set:game_emoji_1.json image:g1008_emoticons_hailong_01	#	gui.emoji.name.76	2	0	1	200
77	109062	set:game_emoji_1.json image:g1008_emoticons_hailong_02	#	gui.emoji.name.77	2	0	1	200
78	109063	set:game_emoji_1.json image:g1008_emoticons_hailong_03	#	gui.emoji.name.78	2	0	1	200
79	109064	set:game_emoji_1.json image:g1008_emoticons_hailong_04	#	gui.emoji.name.79	2	0	1	200
