id	期数	开始日期	结束日期	挑战名多语言	图集名
id	times	startDate	endDate	title	atlas
1	1	2020-08-27-00-00-00	2020-09-28-23-59-59	treasureChallenge	treasureChallenge_1
2	2	2020-09-29-00-00-00	2020-10-26-23-59-59	treasureChallenge	treasureChallenge_1
3	3	2020-10-27-00-00-00	2020-11-23-23-59-59	treasureChallenge	treasureChallenge_1
4	4	2020-11-24-00-00-00	2020-12-21-23-59-59	treasureChallenge	treasureChallenge_1
5	5	2020-12-22-00-00-00	2021-01-25-23-59-59	treasureChallenge	treasureChallenge_1
6	6	2021-01-26-00-00-00	2021-02-22-23-59-59	treasureChallenge	treasureChallenge_1
7	7	2021-02-23-00-00-00	2021-03-29-23-59-59	treasureChallenge	treasureChallenge_1
8	8	2021-03-30-00-00-00	2021-04-26-23-59-59	treasureChallenge	treasureChallenge_1
9	9	2021-04-27-00-00-00	2021-06-04-07-59-59	treasureChallenge	treasureChallenge_1
10	10	2021-06-04-08-00-00	2021-07-06-07-59-59	treasureChallenge	treasureChallenge_1
11	11	2021-07-06-08-00-00	2021-08-03-07-59-59	treasureChallenge	treasureChallenge_1
12	12	2021-08-03-08-00-00	2021-09-07-07-59-59	treasureChallenge	treasureChallenge_1
13	13	2021-09-07-08-00-00	2021-10-05-07-59-59	treasureChallenge	treasureChallenge_1
14	14	2021-10-05-08-00-00	2021-11-01-07-59-59	treasureChallenge	treasureChallenge_1
15	15	2021-11-01-08-00-00	2021-12-01-07-59-59	treasureChallenge	treasureChallenge_1
16	16	2021-12-01-08-00-00	2022-01-01-07-59-59	treasureChallenge	treasureChallenge_1
17	17	2022-01-01-08-00-00	2022-02-01-07-59-59	treasureChallenge	treasureChallenge_1
18	18	2022-02-01-08-00-00	2022-03-01-07-59-59	treasureChallenge	treasureChallenge_1
19	19	2022-03-01-08-00-00	2022-04-01-07-59-59	treasureChallenge	treasureChallenge_1
20	20	2022-04-01-08-00-00	2022-05-01-07-59-59	treasureChallenge	treasureChallenge_1
21	21	2022-05-01-08-00-00	2022-06-01-07-59-59	treasureChallenge	treasureChallenge_1
22	22	2022-06-01-08-00-00	2022-07-01-07-59-59	treasureChallenge	treasureChallenge_1
23	23	2022-07-01-08-00-00	2022-08-01-07-59-59	treasureChallenge	treasureChallenge_1
24	24	2022-08-01-08-00-00	2022-09-01-07-59-59	treasureChallenge	treasureChallenge_1
25	25	2022-09-01-08-00-00	2022-10-01-07-59-59	treasureChallenge	treasureChallenge_1
26	26	2022-10-01-08-00-00	2022-11-01-07-59-59	treasureChallenge	treasureChallenge_1
27	27	2022-11-01-08-00-00	2022-12-01-07-59-59	treasureChallenge	treasureChallenge_1
28	28	2022-12-01-08-00-00	2023-01-01-07-59-59	treasureChallenge	treasureChallenge_1
29	29	2023-01-01-08-00-00	2023-02-01-07-59-59	treasureChallenge	treasureChallenge_1
30	30	2023-02-01-08-00-00	2023-03-01-07-59-59	treasureChallenge	treasureChallenge_1
31	31	2023-03-01-08-00-00	2023-04-01-07-59-59	treasureChallenge	treasureChallenge_1
32	32	2023-04-01-08-00-00	2023-05-01-07-59-59	treasureChallenge	treasureChallenge_1
33	33	2023-05-01-08-00-00	2023-06-01-07-59-59	treasureChallenge	treasureChallenge_1
34	34	2023-06-01-08-00-00	2023-07-01-07-59-59	treasureChallenge	treasureChallenge_1
35	35	2023-07-01-08-00-00	2023-08-01-07-59-59	treasureChallenge	treasureChallenge_1
36	36	2023-08-01-08-00-00	2023-09-01-07-59-59	treasureChallenge	treasureChallenge_1
37	37	2023-09-01-08-00-00	2023-10-01-07-59-59	treasureChallenge	treasureChallenge_1
38	38	2023-10-01-08-00-00	2023-11-01-07-59-59	treasureChallenge	treasureChallenge_1
39	39	2023-11-01-08-00-00	2023-12-01-07-59-59	treasureChallenge	treasureChallenge_1
40	40	2023-12-01-08-00-00	2024-01-01-07-59-59	treasureChallenge	treasureChallenge_1
41	41	2024-01-01-08-00-00	2024-02-01-07-59-59	treasureChallenge	treasureChallenge_1
42	42	2024-02-01-08-00-00	2024-03-01-07-59-59	treasureChallenge	treasureChallenge_1
43	43	2024-03-01-08-00-00	2024-04-01-07-59-59	treasureChallenge	treasureChallenge_1
44	44	2024-04-01-08-00-00	2024-05-01-07-59-59	treasureChallenge	treasureChallenge_1
45	45	2024-05-01-08-00-00	2024-06-01-07-59-59	treasureChallenge	treasureChallenge_1
46	46	2024-06-01-08-00-00	2024-07-01-07-59-59	treasureChallenge	treasureChallenge_1
47	47	2024-07-01-08-00-00	2024-08-01-07-59-59	treasureChallenge	treasureChallenge_1
