id	期数	展示方式(图片1/模型2/图片+边框3)	奖励名称	道具图片	奖品简介多语言	道具模型名字	UI上播的动作	模型比例	模型高度偏移	子页模型比例	子页模型高度偏移	是否显示推荐	奖品id	奖品类型（1定制商店/2符文/3装饰）	装饰Tab页	奖品数量	所需点数	最快完成天数	任务组	排序（同期从1开始）	Unnamed: 21	Unnamed: 22	天数
id	times	type	name	image	introduce	ActorName	uiSkillName	scale1	offset1	scale2	offset2	isRecommend	itemId	itemType	dressTab	itemNum	needPoints	minDays	taskGroupId	seq			
1	1	1	CustomShopGoods_Name_5002	set:bedwar_taunt.json image:g1008_boy_taunt_02	reward_description_taunt	#	#	1.8	15	1.85	25	1	5002	1	0	1	430	7	103	4		动作-大金链	7
2	1	1	RuneSetting_name_10402	set:runeIcon.json image:rune_10402	reward_description_rune_1	#	#	1.2	-18	1.45	0	0	20402	2	0	1	280	4	102	5		符文-吸血2	4
3	1	1	RuneSetting_name_10701	set:runeIcon.json image:rune_10701	reward_description_rune_2	#	#	1.2	-18	1.45	0	0	20701	2	0	1	160	2	101	8		符文-生命1	2
4	1	1	RuneSetting_name_10701	set:runeIcon.json image:rune_10701	reward_description_rune_2	#	#	1.2	-18	1.45	0	0	20701	2	0	1	160	2	101	7		符文-生命1	2
5	1	1	RuneSetting_name_10702	set:runeIcon.json image:rune_10702	reward_description_rune_3	#	#	1.2	-18	1.45	0	0	20702	2	0	1	280	4	102	6		符文-生命2	4
6	1	1	item.g1008_helmet_2_rainbow.mesh.name	set:dress_shop.json image:g1008_helmet_2_rainbow_b	reward_description_helmet	#	#	1.3	-18	1.45	0	1	2266	3	5	1	330	5	104	1		头盔-彩红兽	5
7	1	1	item.g1008_pickaxe_14.name	set:dress_shop.json image:g1008_pickaxe_14_b	reward_description_pickaxe	#	#	1.3	-18	1.45	0	1	2130	3	4	1	230	3	102	2		镐子-指路者	3
8	1	1	item.g1008_axe_03.name	set:dress_shop.json image:g1008_axe_03_b	reward_description_axe	#	#	1.3	-18	1.45	0	1	2099	3	3	1	230	3	102	3		斧头-双刃斧	3
9	2	1	DressSetting_name_902	set:bedwar_license_reward.json image:g1008_helmet_8_rainbow_b	DressSetting_des_902	#	#	1.3	-18	1.45	0	1	902	3	5	1	430	7	103	1		头盔-床霸头盔	7
10	2	1	RuneSetting_name_10101	set:runeIcon.json image:rune_10101	RuneSetting_des_10101	#	#	1.2	-18	1.45	0	0	20101	2	0	1	160	2	101	6		符文-剑刃Ⅰ	2
11	2	1	CustomShopGoods_Name_5007	set:bedwar_taunt.json image:g1008_boy_taunt_07	reward_description_taunt	#	#	1.8	15	1.85	25	1	5007	1	0	1	430	7	103	3		动作-抹杀	7
12	2	1	DressSetting_name_2271	set:dress_shop.json image:g1008_helmet_3_rainbow_b	reward_description_helmet	#	#	1.3	-18	1.45	0	1	2271	3	5	1	330	5	104	2		头盔-机器战士	5
13	2	1	DressSetting_name_2101	set:dress_shop.json image:g1008_axe_05_b	reward_description_axe	#	#	1.3	-18	1.45	0	0	2101	3	3	1	230	3	102	4		斧头-碎颅者	3
14	2	1	DressSetting_name_2119	set:dress_shop.json image:g1008_pickaxe_03_b	reward_description_pickaxe	#	#	1.3	-18	1.45	0	0	2119	3	4	1	230	3	102	5		镐子-流浪者之锄	3
15	3	1	DressSetting_name_2276	set:dress_shop.json image:g1008_helmet_5_rainbow_b	reward_description_helmet	#	#	1.3	-18	1.45	0	1	2276	3	5	1	430	7	103	1		头盔-恐惧头盔	7
16	3	1	CustomShopGoods_Name_5008	set:bedwar_taunt.json image:g1008_boy_taunt_08	reward_description_taunt	#	#	1.8	15	1.85	25	1	5008	1	0	1	430	7	103	2		动作-摇起来	7
17	3	1	DressSetting_name_2137	set:dress_shop.json image:g1008_bow_01_b	reward_description_bow	#	#	1.3	-18	1.45	0	0	2137	3	2	1	330	5	104	3		弓-黄金战弓	5
18	3	1	DressSetting_name_2128	set:dress_shop.json image:g1008_pickaxe_12_b	reward_description_pickaxe	#	#	1.3	-18	1.45	0	0	2128	3	4	1	230	3	102	4		镐子-破坏者	3
19	3	1	DressSetting_name_2108	set:dress_shop.json image:g1008_axe_12_b	reward_description_axe	#	#	1.3	-18	1.45	0	0	2108	3	3	1	230	3	102	5		斧子-荣耀战斧	3
20	3	1	RuneSetting_name_10701	set:runeIcon.json image:rune_10701	reward_description_rune_2	#	#	1.2	-18	1.45	0	0	20701	2	0	1	160	2	101	6		符文-生命1	2
21	4	1	CustomShopGoods_Name_5006	set:bedwar_taunt.json image:g1008_boy_taunt_06	reward_description_taunt	#	#	1.8	15	1.85	25	1	5006	1	0	1	430	7	103	1		棒球手	7
22	4	1	DressSetting_name_2080	set:dress_shop.json image:g1008_sword_04_b	reward_description_sword	#	#	1.3	-18	1.45	0	1	2080	3	1	1	330	5	104	2		巨刃	5
23	4	1	DressSetting_name_2138	set:dress_shop.json image:g1008_bow_02_b	reward_description_bow	#	#	1.3	-18	1.45	0	1	2138	3	2	1	430	7	103	3		钻石圣弓	7
24	4	1	DressSetting_name_2104	set:dress_shop.json image:g1008_axe_08_b	reward_description_axe	#	#	1.3	-18	1.45	0	1	2104	3	3	1	330	5	104	4		巨灵	5
25	4	1	DressSetting_name_2123	set:dress_shop.json image:g1008_pickaxe_07_b	reward_description_pickaxe	#	#	1.3	-18	1.45	0	1	2123	3	4	1	330	5	104	5		圣痕	5
26	4	1	RuneSetting_name_10101	set:runeIcon.json image:rune_10101	RuneSetting_des_10101	#	#	1.2	-18	1.45	0	0	20101	2	0	1	160	2	101	6		符文-剑刃Ⅰ	2
27	5	1	DressSetting_name_902	set:bedwar_license_reward.json image:g1008_helmet_8_rainbow_b	DressSetting_des_902	#	#	1.3	-18	1.45	0	1	902	3	5	1	430	7	103	1		头盔-床霸头盔	7
28	5	1	RuneSetting_name_10101	set:runeIcon.json image:rune_10101	RuneSetting_des_10101	#	#	1.2	-18	1.45	0	0	20101	2	0	1	160	2	101	6		符文-剑刃Ⅰ	2
29	5	1	CustomShopGoods_Name_5007	set:bedwar_taunt.json image:g1008_boy_taunt_07	reward_description_taunt	#	#	1.8	15	1.85	25	1	5007	1	0	1	430	7	103	3		动作-抹杀	7
30	5	1	DressSetting_name_2271	set:dress_shop.json image:g1008_helmet_3_rainbow_b	reward_description_helmet	#	#	1.3	-18	1.45	0	1	2271	3	5	1	330	5	104	2		头盔-机器战士	5
31	5	1	DressSetting_name_2101	set:dress_shop.json image:g1008_axe_05_b	reward_description_axe	#	#	1.3	-18	1.45	0	0	2101	3	3	1	230	3	102	4		斧头-碎颅者	3
32	5	1	DressSetting_name_2119	set:dress_shop.json image:g1008_pickaxe_03_b	reward_description_pickaxe	#	#	1.3	-18	1.45	0	0	2119	3	4	1	230	3	102	5		镐子-流浪者之锄	3
33	6	1	DressSetting_name_2276	set:dress_shop.json image:g1008_helmet_5_rainbow_b	reward_description_helmet	#	#	1.3	-18	1.45	0	1	2276	3	5	1	430	7	103	1		头盔-恐惧头盔	7
34	6	1	CustomShopGoods_Name_5008	set:bedwar_taunt.json image:g1008_boy_taunt_08	reward_description_taunt	#	#	1.8	15	1.85	25	1	5008	1	0	1	430	7	103	2		动作-摇起来	7
35	6	1	DressSetting_name_2137	set:dress_shop.json image:g1008_bow_01_b	reward_description_bow	#	#	1.3	-18	1.45	0	0	2137	3	2	1	330	5	104	3		弓-黄金战弓	5
36	6	1	DressSetting_name_2128	set:dress_shop.json image:g1008_pickaxe_12_b	reward_description_pickaxe	#	#	1.3	-18	1.45	0	0	2128	3	4	1	230	3	102	4		镐子-破坏者	3
37	6	1	DressSetting_name_2108	set:dress_shop.json image:g1008_axe_12_b	reward_description_axe	#	#	1.3	-18	1.45	0	0	2108	3	3	1	230	3	102	5		斧子-荣耀战斧	3
38	6	1	RuneSetting_name_10701	set:runeIcon.json image:rune_10701	reward_description_rune_2	#	#	1.2	-18	1.45	0	0	20701	2	0	1	160	2	101	6		符文-生命1	2
39	7	1	CustomShopGoods_Name_5002	set:bedwar_taunt.json image:g1008_boy_taunt_02	reward_description_taunt	#	#	1.8	15	1.85	25	1	5002	1	0	1	430	7	103	2		动作-大金链	7
40	7	1	RuneSetting_name_10701	set:runeIcon.json image:rune_10701	reward_description_rune_2	#	#	1.2	-18	1.45	0	0	20701	2	0	1	160	2	101	6		符文-生命1	2
41	7	1	RuneSetting_name_10702	set:runeIcon.json image:rune_10702	reward_description_rune_3	#	#	1.2	-18	1.45	0	0	20702	2	0	1	280	4	102	5		符文-生命2	4
42	7	1	DressSetting_name_901	set:bedwar_license_reward.json image:g1008_helmet_7_rainbow_b	reward_description_helmet	#	#	1.3	-18	1.45	0	1	901	3	5	1	330	5	104	1		头盔-电视机头盔	5
43	7	1	item.g1008_pickaxe_14.name	set:dress_shop.json image:g1008_pickaxe_14_b	reward_description_pickaxe	#	#	1.3	-18	1.45	0	1	2130	3	4	1	230	3	102	3		镐子-指路者	3
44	7	1	item.g1008_axe_03.name	set:dress_shop.json image:g1008_axe_03_b	reward_description_axe	#	#	1.3	-18	1.45	0	1	2099	3	3	1	230	3	102	4		斧头-双刃斧	3
45	8	1	DressSetting_name_902	set:bedwar_license_reward.json image:g1008_helmet_8_rainbow_b	DressSetting_des_902	#	#	1.3	-18	1.45	0	1	902	3	5	1	430	7	103	1		头盔-床霸头盔	7
46	8	1	RuneSetting_name_10101	set:runeIcon.json image:rune_10101	RuneSetting_des_10101	#	#	1.2	-18	1.45	0	0	20101	2	0	1	160	2	101	6		符文-剑刃Ⅰ	2
47	8	1	CustomShopGoods_Name_5007	set:bedwar_taunt.json image:g1008_boy_taunt_07	reward_description_taunt	#	#	1.8	15	1.85	25	1	5007	1	0	1	430	7	103	3		动作-抹杀	7
48	8	1	DressSetting_name_2271	set:dress_shop.json image:g1008_helmet_3_rainbow_b	reward_description_helmet	#	#	1.3	-18	1.45	0	1	2271	3	5	1	330	5	104	2		头盔-机器战士	5
49	8	1	DressSetting_name_2101	set:dress_shop.json image:g1008_axe_05_b	reward_description_axe	#	#	1.3	-18	1.45	0	0	2101	3	3	1	230	3	102	4		斧头-碎颅者	3
50	8	1	DressSetting_name_2119	set:dress_shop.json image:g1008_pickaxe_03_b	reward_description_pickaxe	#	#	1.3	-18	1.45	0	0	2119	3	4	1	230	3	102	5		镐子-流浪者之锄	3
51	9	1	DressSetting_name_906	set:bedwar_license_reward_season5.json image:g1008_helmet_12_rainbow_b	reward_description_helmet	#	#	1.3	-18	1.45	0	1	906	3	5	1	430	7	103	1		头盔-法老头盔	7
52	9	1	CustomShopGoods_Name_5014	set:bedwar_license_reward_season4.json image:g1008_boy_taunt_14	reward_description_taunt	#	#	1.8	15	1.85	25	1	5014	1	0	1	430	7	103	2		动作-你输了	7
53	9	1	RuneSetting_name_10702	set:runeIcon.json image:rune_10702	reward_description_rune_3	#	#	1.2	-18	1.45	0	0	20702	2	0	1	280	4	102	3		符文-生命2	4
54	9	1	RuneSetting_name_10101	set:runeIcon.json image:rune_10101	RuneSetting_des_10101	#	#	1.2	-18	1.45	0	0	20101	2	0	1	160	2	101	4		符文-剑刃Ⅰ	2
55	9	1	DressSetting_name_2100	set:dress_shop.json image:g1008_axe_04_b	reward_description_axe	#	#	1.3	-18	1.45	0	0	2100	3	3	1	230	3	102	5		斧头-铁碎牙	3
56	9	1	DressSetting_name_2120	set:dress_shop.json image:g1008_pickaxe_04_b	reward_description_pickaxe	#	#	1.3	-18	1.45	0	0	2120	3	4	1	230	3	102	6		镐子-部落铁镐	3
57	10	1	DressSetting_name_2276	set:dress_shop.json image:g1008_helmet_5_rainbow_b	reward_description_helmet	#	#	1.3	-18	1.45	0	1	2276	3	5	1	430	7	103	1		头盔-恐惧头盔	7
58	10	1	CustomShopGoods_Name_5008	set:bedwar_taunt.json image:g1008_boy_taunt_08	reward_description_taunt	#	#	1.8	15	1.85	25	1	5008	1	0	1	430	7	103	2		动作-摇起来	7
59	10	1	DressSetting_name_2137	set:dress_shop.json image:g1008_bow_01_b	reward_description_bow	#	#	1.3	-18	1.45	0	0	2137	3	2	1	330	5	104	3		弓-黄金战弓	5
60	10	1	DressSetting_name_2128	set:dress_shop.json image:g1008_pickaxe_12_b	reward_description_pickaxe	#	#	1.3	-18	1.45	0	0	2128	3	4	1	230	3	102	4		镐子-破坏者	3
61	10	1	DressSetting_name_2108	set:dress_shop.json image:g1008_axe_12_b	reward_description_axe	#	#	1.3	-18	1.45	0	0	2108	3	3	1	230	3	102	5		斧子-荣耀战斧	3
62	10	1	RuneSetting_name_10701	set:runeIcon.json image:rune_10701	reward_description_rune_2	#	#	1.2	-18	1.45	0	0	20701	2	0	1	160	2	101	6		符文-生命1	2
63	11	1	CustomShopGoods_Name_5006	set:bedwar_taunt.json image:g1008_boy_taunt_06	reward_description_taunt	#	#	1.8	15	1.85	25	1	5006	1	0	1	430	7	103	1		棒球手	7
64	11	1	DressSetting_name_1020001	set:dress_shop.json image:g1008_sword_04_b	reward_description_sword	#	#	1.3	-18	1.45	0	1	1020001	3	1	1	330	5	104	2		巨刃	5
65	11	1	DressSetting_name_4010002	set:dress_shop.json image:g1008_bow_02_b	reward_description_bow	#	#	1.3	-18	1.45	0	1	4010002	3	2	1	430	7	103	3		钻石圣弓	7
66	11	1	DressSetting_name_2040002	set:dress_shop.json image:g1008_axe_08_b	reward_description_axe	#	#	1.3	-18	1.45	0	1	2040002	3	3	1	330	5	104	4		巨灵	5
67	11	1	DressSetting_name_3040001	set:dress_shop.json image:g1008_pickaxe_07_b	reward_description_pickaxe	#	#	1.3	-18	1.45	0	1	3040001	3	4	1	330	5	104	5		圣痕	5
68	11	1	RuneSetting_name_10101	set:runeIcon.json image:rune_10101	RuneSetting_des_10101	#	#	1.2	-18	1.45	0	0	20101	2	0	1	160	2	101	6		符文-剑刃Ⅰ	2
69	12	1	DressSetting_name_5010011	set:bedwar_license_reward_season5.json image:g1008_helmet_12_rainbow_b	reward_description_helmet	#	#	1.3	-18	1.45	0	1	5010011	3	5	1	430	7	103	1		法老头盔	7
70	12	1	CustomShopGoods_Name_5014	set:bedwar_license_reward_season4.json image:g1008_boy_taunt_14	reward_description_taunt	#	#	1.8	15	1.85	25	1	5014	1	0	1	430	7	103	2		你输了	7
71	12	1	RuneSetting_name_10702	set:runeIcon.json image:rune_10702	reward_description_rune_3	#	#	1.2	-18	1.45	0	0	20702	2	0	1	280	4	102	3		生命2	4
72	12	1	RuneSetting_name_10101	set:runeIcon.json image:rune_10101	RuneSetting_des_10101	#	#	1.2	-18	1.45	0	0	20101	2	0	1	160	2	101	4		剑刃Ⅰ	2
73	12	1	DressSetting_name_2020001	set:dress_shop.json image:g1008_axe_04_b	reward_description_axe	#	#	1.3	-18	1.45	0	0	2020001	3	3	1	230	3	102	5		铁碎牙	3
74	12	1	DressSetting_name_3020001	set:dress_shop.json image:g1008_pickaxe_04_b	reward_description_pickaxe	#	#	1.3	-18	1.45	0	0	3020001	3	4	1	230	3	102	6		部落铁镐	3
75	13	1	DressSetting_name_5010007	set:bedwar_license_reward.json image:g1008_helmet_8_rainbow_b	DressSetting_desc_5010007	#	#	1.3	-18	1.45	0	1	902	3	5	1	430	7	103	1		头盔-床霸头盔	7
76	13	1	RuneSetting_name_10101	set:runeIcon.json image:rune_10101	RuneSetting_des_10101	#	#	1.2	-18	1.45	0	0	20101	2	0	1	160	2	101	6		符文-剑刃Ⅰ	7
77	13	1	CustomShopGoods_Name_5007	set:bedwar_taunt.json image:g1008_boy_taunt_07	reward_description_taunt	#	#	1.8	15	1.85	25	1	5007	1	0	1	430	7	103	3		动作-抹杀	4
78	13	1	DressSetting_name_5010003	set:dress_shop.json image:g1008_helmet_3_rainbow_b	DressSetting_desc_5010003	#	#	1.3	-18	1.45	0	1	2271	3	5	1	330	5	104	2		头盔-机器战士	2
79	13	1	DressSetting_name_2020002	set:dress_shop.json image:g1008_axe_05_b	DressSetting_desc_2020002	#	#	1.3	-18	1.45	0	0	2101	3	3	1	230	3	102	4		斧头-碎颅者	3
80	13	1	DressSetting_name_3010003	set:dress_shop.json image:g1008_pickaxe_03_b	DressSetting_desc_3010003	#	#	1.3	-18	1.45	0	0	2119	3	4	1	230	3	102	5		镐子-流浪者之锄	3
81	14	1	DressSetting_name_1030008	set:dress_shop.json image:g1008_sword_23_b	DressSetting_desc_1030008	#	#	1.3	-18	1.45	0	1	1030008	3	5	1	430	7	103	1		教会之枪	7
82	14	1	CustomShopGoods_Name_5008	set:bedwar_taunt.json image:g1008_boy_taunt_08	reward_description_taunt	#	#	1.8	15	1.85	25	1	5008	1	0	1	430	7	103	2		动作-摇起来	7
83	14	1	DressSetting_name_4010001	set:dress_shop.json image:g1008_bow_01_b	reward_description_bow	#	#	1.3	-18	1.45	0	0	4010001	3	2	1	330	5	104	3		弓-黄金战弓	5
84	14	1	DressSetting_name_3030003	set:dress_shop.json image:g1008_pickaxe_12_b	reward_description_pickaxe	#	#	1.3	-18	1.45	0	0	3030003	3	4	1	230	3	102	4		镐子-破坏者	3
85	14	1	DressSetting_name_2030003	set:dress_shop.json image:g1008_axe_12_b	reward_description_axe	#	#	1.3	-18	1.45	0	0	2030003	3	3	1	230	3	102	5		斧子-荣耀战斧	3
86	14	1	RuneSetting_name_10701	set:runeIcon.json image:rune_10701	reward_description_rune_2	#	#	1.2	-18	1.45	0	0	20701	2	0	1	160	2	101	6		符文-生命1	2
87	15	1	DressSetting_name_1040007	set:dress_shop.json image:g1008_sword_29_b	DressSetting_desc_1040007	#	#	1.8	15	1.85	25	1	1040007	1	0	1	430	7	103	1		冰息	7
88	15	1	CustomShopGoods_Name_5011	set:bedwar_taunt.json image:g1008_boy_taunt_11	reward_description_taunt	#	#	1.8	15	1.85	25	1	5011	1	0	1	430	7	103	2		动作-你过来啊	5
89	15	1	DressSetting_name_4010002	set:dress_shop.json image:g1008_bow_02_b	reward_description_bow	#	#	1.3	-18	1.45	0	1	4010002	3	2	1	430	7	103	3		钻石圣弓	7
90	15	1	DressSetting_name_2040002	set:dress_shop.json image:g1008_axe_08_b	reward_description_axe	#	#	1.3	-18	1.45	0	1	2040002	3	3	1	330	5	104	4		巨灵	5
91	15	1	DressSetting_name_3040001	set:dress_shop.json image:g1008_pickaxe_07_b	reward_description_pickaxe	#	#	1.3	-18	1.45	0	1	3040001	3	4	1	330	5	104	5		圣痕	5
92	15	1	RuneSetting_name_10101	set:runeIcon.json image:rune_10101	RuneSetting_des_10101	#	#	1.2	-18	1.45	0	0	20101	2	0	1	160	2	101	6		符文-剑刃Ⅰ	2
93	16	1	DressSetting_name_2010006	set:dress_shop.json image:g1008_axe_29_b	DressSetting_des_2010006	#	#	1.3	-18	1.45	0	1	2010006	3	5	1	430	7	103	1		古纹	7
94	16	1	CustomShopGoods_Name_5014	set:bedwar_license_reward_season4.json image:g1008_boy_taunt_14	reward_description_taunt	#	#	1.8	15	1.85	25	1	5014	1	0	1	430	7	103	2		你输了	7
95	16	1	RuneSetting_name_10702	set:runeIcon.json image:rune_10702	reward_description_rune_3	#	#	1.2	-18	1.45	0	0	20702	2	0	1	280	4	102	3		生命2	4
96	16	1	RuneSetting_name_10101	set:runeIcon.json image:rune_10101	RuneSetting_des_10101	#	#	1.2	-18	1.45	0	0	20101	2	0	1	160	2	101	4		剑刃Ⅰ	2
97	16	1	DressSetting_name_2020001	set:dress_shop.json image:g1008_axe_04_b	reward_description_axe	#	#	1.3	-18	1.45	0	0	2020001	3	3	1	230	3	102	5		铁碎牙	3
98	16	1	DressSetting_name_3020001	set:dress_shop.json image:g1008_pickaxe_04_b	reward_description_pickaxe	#	#	1.3	-18	1.45	0	0	3020001	3	4	1	230	3	102	6		部落铁镐	3
99	17	1	DressSetting_name_1010008	set:dress_shop.json image:g1008_sword_35_b	DressSetting_desc_1010008	#	#	1.3	-18	1.45	0	1	1010008	3	5	1	430	7	103	1		姜饼(剑)	7
100	17	1	RuneSetting_name_10101	set:runeIcon.json image:rune_10101	RuneSetting_des_10101	#	#	1.2	-18	1.45	0	0	20101	2	0	1	160	2	101	5		符文-剑刃Ⅰ	7
101	17	1	DressSetting_name_5010003	set:dress_shop.json image:g1008_helmet_3_rainbow_b	DressSetting_desc_5010003	#	#	1.3	-18	1.45	0	1	2271	3	5	1	330	5	104	2		头盔-机器战士	2
102	17	1	DressSetting_name_2020002	set:dress_shop.json image:g1008_axe_05_b	DressSetting_desc_2020002	#	#	1.3	-18	1.45	0	0	2101	3	3	1	230	3	102	3		斧头-碎颅者	3
103	17	1	DressSetting_name_3010003	set:dress_shop.json image:g1008_pickaxe_03_b	DressSetting_desc_3010003	#	#	1.3	-18	1.45	0	0	2119	3	4	1	230	3	102	4		镐子-流浪者之锄	3
104	18	1	DressSetting_name_3010009	set:dress_shop.json image:g1008_pickaxe_33_b	DressSetting_des_3010009	#	#	1.3	-18	1.45	0	1	3010009	3	5	1	430	7	103	1		海螺	7
105	18	1	CustomShopGoods_Name_5008	set:bedwar_taunt.json image:g1008_boy_taunt_08	reward_description_taunt	#	#	1.8	15	1.85	25	1	5008	1	0	1	430	7	103	2		动作-摇起来	7
106	18	1	DressSetting_name_4010001	set:dress_shop.json image:g1008_bow_01_b	reward_description_bow	#	#	1.3	-18	1.45	0	0	4010001	3	2	1	330	5	104	3		弓-黄金战弓	5
107	18	1	DressSetting_name_3030003	set:dress_shop.json image:g1008_pickaxe_12_b	reward_description_pickaxe	#	#	1.3	-18	1.45	0	0	3030003	3	4	1	230	3	102	4		镐子-破坏者	3
108	18	1	DressSetting_name_2030003	set:dress_shop.json image:g1008_axe_12_b	reward_description_axe	#	#	1.3	-18	1.45	0	0	2030003	3	3	1	230	3	102	5		斧子-荣耀战斧	3
109	18	1	RuneSetting_name_10701	set:runeIcon.json image:rune_10701	reward_description_rune_2	#	#	1.2	-18	1.45	0	0	20701	2	0	1	160	2	101	6		符文-生命1	2
110	19	1	DressSetting_name_2030006	set:dress_shop.json image:g1008_axe_68_b	DressSetting_desc_2030006	#	#	1.3	-18	1.45	0	1	2030006	3	5	1	430	7	103	1		2030006	7
111	19	1	DressSetting_name_1030008	set:dress_shop.json image:g1008_sword_23_b	DressSetting_desc_1030008	#	#	1.3	-18	1.45	0	1	1030008	3	5	1	430	7	103	2		教会之枪	7
112	19	1	RuneSetting_name_10602	set:runeIcon.json image:rune_10602	RuneSetting_des_10602	#	#	1.3	-18	1.45	0	0	20602	2	0	1	230	3	102	3		火剑Ⅱ	3
113	19	1	RuneSetting_name_11502	set:runeIcon.json image:rune_11502	RuneSetting_des_11502	#	#	1.3	-18	1.45	0	0	21502	2	0	1	230	3	102	4		幸运Ⅱ	3
114	19	1	RuneSetting_name_10701	set:runeIcon.json image:rune_10701	RuneSetting_des_10701	#	#	1.3	-18	1.45	0	0	20701	2	0	1	160	2	101	5		强壮Ⅰ	3
115	19	1	RuneSetting_name_11901	set:runeIcon.json image:rune_11901	RuneSetting_des_11901	#	#	1.2	-18	1.45	0	0	21901	2	0	1	160	2	101	6		羊毛Ⅰ	2
116	20	1	DressSetting_name_1040007	set:dress_shop.json image:g1008_sword_29_b	DressSetting_desc_1040007	#	#	1.8	15	1.85	25	1	1040007	1	0	1	430	7	103	1		冰息	7
117	20	1	DressSetting_name_2010006	set:dress_shop.json image:g1008_axe_29_b	DressSetting_des_2010006	#	#	1.3	-18	1.45	0	1	2010006	3	5	1	430	7	103	2		古纹	7
118	20	1	RuneSetting_name_11302	set:runeIcon.json image:rune_11302	RuneSetting_des_11302	#	#	1.3	-18	1.45	0	0	21302	2	0	1	230	3	102	3		丰收Ⅱ	3
119	20	1	RuneSetting_name_12502	set:runeIcon.json image:rune_12502	RuneSetting_des_12502	#	#	1.3	-18	1.45	0	0	22502	2	0	1	230	3	102	4		毛堆Ⅱ	3
120	20	1	RuneSetting_name_10101	set:runeIcon.json image:rune_10101	RuneSetting_des_10101	#	#	1.3	-18	1.45	0	0	20101	2	0	1	160	2	101	5		剑刃Ⅰ	3
121	20	1	RuneSetting_name_10701	set:runeIcon.json image:rune_10701	RuneSetting_des_10701	#	#	1.2	-18	1.45	0	0	20701	2	0	1	160	2	101	6		强壮Ⅰ	2
122	21	1	DressSetting_name_3030006	set:dress_shop.json image:g1008_pickaxe_69_b	DressSetting_desc_3030006	#	#	1.8	15	1.85	25	1	3030006	1	0	1	430	7	103	1		3030006	7
123	21	1	DressSetting_name_1010008	set:dress_shop.json image:g1008_sword_35_b	DressSetting_desc_1010008	#	#	1.3	-18	1.45	0	1	1010008	3	5	1	430	7	103	2		姜饼(剑)	7
124	21	1	RuneSetting_name_10202	set:runeIcon.json image:rune_10202	RuneSetting_des_10202	#	#	1.3	-18	1.45	0	0	20202	2	0	1	230	3	102	3		弓箭Ⅱ	3
125	21	1	RuneSetting_name_11802	set:runeIcon.json image:rune_11802	RuneSetting_des_11802	#	#	1.3	-18	1.45	0	0	21802	2	0	1	230	3	102	4		金锭Ⅱ	3
126	21	1	RuneSetting_name_10901	set:runeIcon.json image:rune_10901	RuneSetting_des_10901	#	#	1.3	-18	1.45	0	0	20901	2	0	1	160	2	101	5		保护Ⅰ	3
127	21	1	RuneSetting_name_11201	set:runeIcon.json image:rune_11201	RuneSetting_des_11201	#	#	1.2	-18	1.45	0	0	21201	2	0	1	160	2	101	6		修罗Ⅰ	2
128	22	1	DressSetting_name_2040008	set:dress_shop.json image:g1008_axe_89_b	DressSetting_des_2040008	#	#	1.8	15	1.85	25	1	2040008	1	0	1	430	7	103	1		2040008	7
129	22	1	DressSetting_name_3010009	set:dress_shop.json image:g1008_pickaxe_33_b	DressSetting_des_3010009	#	#	1.3	-18	1.45	0	1	3010009	3	5	1	430	7	103	2		海螺	7
130	22	1	RuneSetting_name_11002	set:runeIcon.json image:rune_11002	RuneSetting_des_11002	#	#	1.3	-18	1.45	0	0	11002	2	0	1	230	3	102	3		壮大Ⅱ	3
131	22	1	RuneSetting_name_11402	set:runeIcon.json image:rune_11402	RuneSetting_des_11402	#	#	1.3	-18	1.45	0	0	11402	2	0	1	230	3	102	4		祝福Ⅱ	3
132	22	1	RuneSetting_name_10101	set:runeIcon.json image:rune_10101	RuneSetting_des_10101	#	#	1.3	-18	1.45	0	0	10101	2	0	1	160	2	101	5		剑刃Ⅰ	3
133	22	1	RuneSetting_name_11701	set:runeIcon.json image:rune_11701	RuneSetting_des_11701	#	#	1.2	-18	1.45	0	0	21701	2	0	1	160	2	101	6		铁锭Ⅰ	2
134	23	1	DressSetting_name_1010008	set:dress_shop.json image:g1008_sword_35_b	DressSetting_desc_1010008	#	#	1.3	-18	1.45	0	1	1010008	3	5	1	430	7	103	1		姜饼(剑)	7
135	23	1	DressSetting_name_2030006	set:dress_shop.json image:g1008_axe_68_b	DressSetting_desc_2030006	#	#	1.3	-18	1.45	0	1	2030006	3	5	1	430	7	103	2		2030006	7
136	23	1	RuneSetting_name_10602	set:runeIcon.json image:rune_10602	RuneSetting_des_10602	#	#	1.3	-18	1.45	0	0	20602	2	0	1	230	3	102	3		火剑Ⅱ	3
137	23	1	RuneSetting_name_12502	set:runeIcon.json image:rune_12502	RuneSetting_des_12502	#	#	1.3	-18	1.45	0	0	22502	2	0	1	230	3	102	4		毛堆Ⅱ	3
138	23	1	RuneSetting_name_10701	set:runeIcon.json image:rune_10701	RuneSetting_des_10701	#	#	1.3	-18	1.45	0	0	20701	2	0	1	160	2	101	5		强壮Ⅰ	3
139	23	1	RuneSetting_name_11201	set:runeIcon.json image:rune_11201	RuneSetting_des_11201	#	#	1.2	-18	1.45	0	0	21201	2	0	1	160	2	101	6		修罗Ⅰ	2
140	24	1	DressSetting_name_2040009	set:dress_shop.json image:g1008_axe_90_b	DressSetting_desc_2040009	#	#	1.3	-18	1.45	0	1	2040009	3	5	1	430	7	103	1		2040009	7
141	24	1	DressSetting_name_3030006	set:dress_shop.json image:g1008_pickaxe_69_b	DressSetting_desc_3030006	#	#	1.3	-18	1.45	0	1	3030006	3	5	1	430	7	103	2		3030006	7
142	24	1	RuneSetting_name_10802	set:runeIcon.json image:rune_10802	RuneSetting_des_10802	#	#	1.3	-18	1.45	0	0	20802	2	0	1	230	3	102	3		恢复Ⅱ	3
143	24	1	RuneSetting_name_11502	set:runeIcon.json image:rune_11502	RuneSetting_des_11502	#	#	1.3	-18	1.45	0	0	21502	2	0	1	230	3	102	4		幸运Ⅱ	3
144	24	1	RuneSetting_name_10501	set:runeIcon.json image:rune_10501	RuneSetting_des_10501	#	#	1.3	-18	1.45	0	0	20501	2	0	1	160	2	101	5		暴击Ⅰ	3
145	24	1	RuneSetting_name_11901	set:runeIcon.json image:rune_11901	RuneSetting_des_11901	#	#	1.2	-18	1.45	0	0	21901	2	0	1	160	2	101	6		羊毛Ⅰ	2
146	25	1	DressSetting_name_2030007	set:dress_shop.json image:g1008_axe_69_b	DressSetting_desc_2030007	#	#	1.3	-18	1.45	0	1	2030007	3	5	1	430	7	103	1		2030007	7
147	25	1	DressSetting_name_1040007	set:dress_shop.json image:g1008_sword_29_b	DressSetting_desc_1040007	#	#	1.8	15	1.85	25	1	1040007	3	5	1	430	7	103	2		1040007	7
148	25	1	RuneSetting_name_12302	set:runeIcon.json image:rune_12302	RuneSetting_des_12302	#	#	1.3	-18	1.45	0	0	22302	2	0	1	230	3	102	3		铁墓Ⅱ	3
149	25	1	RuneSetting_name_11602	set:runeIcon.json image:rune_11602	RuneSetting_des_11602	#	#	1.3	-18	1.45	0	0	21602	2	0	1	230	3	102	4		复活Ⅱ	3
150	25	1	RuneSetting_name_10101	set:runeIcon.json image:rune_10101	RuneSetting_des_10101	#	#	1.3	-18	1.45	0	0	20101	2	0	1	160	2	101	5		剑刃Ⅰ	3
151	25	1	RuneSetting_name_10901	set:runeIcon.json image:rune_10901	RuneSetting_des_10901	#	#	1.2	-18	1.45	0	0	20901	2	0	1	160	2	101	6		保护Ⅰ	2
152	26	1	DressSetting_name_3030008	set:dress_shop.json image:g1008_pickaxe_71_b	DressSetting_desc_3030008	#	#	1.3	-18	1.45	0	1	3030008	3	5	1	430	7	103	1		3030008	7
153	26	1	DressSetting_name_2040008	set:dress_shop.json image:g1008_axe_89_b	DressSetting_des_2040008	#	#	1.8	15	1.85	25	1	2040008	3	5	1	430	7	103	2		2040008	7
154	26	1	RuneSetting_name_10202	set:runeIcon.json image:rune_10202	RuneSetting_des_10202	#	#	1.3	-18	1.45	0	0	20202	2	0	1	230	3	102	3		弓箭Ⅱ	3
155	26	1	RuneSetting_name_12502	set:runeIcon.json image:rune_12502	RuneSetting_des_12502	#	#	1.3	-18	1.45	0	0	22502	2	0	1	230	3	102	4		毛堆Ⅱ	3
156	26	1	RuneSetting_name_10701	set:runeIcon.json image:rune_10701	RuneSetting_des_10701	#	#	1.3	-18	1.45	0	0	20701	2	0	1	160	2	101	5		强壮Ⅰ	3
157	26	1	RuneSetting_name_11201	set:runeIcon.json image:rune_11201	RuneSetting_des_11201	#	#	1.2	-18	1.45	0	0	21201	2	0	1	160	2	101	6		修罗Ⅰ	2
158	27	1	DressSetting_name_1010008	set:dress_shop.json image:g1008_sword_35_b	DressSetting_desc_1010008	#	#	1.3	-18	1.45	0	1	1010008	3	5	1	430	7	103	1		1010008	7
159	27	1	DressSetting_name_2040009	set:dress_shop.json image:g1008_axe_90_b	DressSetting_desc_2040009	#	#	1.3	-18	1.45	0	1	2040009	3	5	1	430	7	103	2		2040009	7
160	27	1	RuneSetting_name_10602	set:runeIcon.json image:rune_10602	RuneSetting_des_10602	#	#	1.3	-18	1.45	0	0	20602	2	0	1	230	3	102	3		火剑Ⅱ	3
161	27	1	RuneSetting_name_11502	set:runeIcon.json image:rune_11502	RuneSetting_des_11502	#	#	1.3	-18	1.45	0	0	21502	2	0	1	230	3	102	4		幸运Ⅱ	3
162	27	1	RuneSetting_name_10901	set:runeIcon.json image:rune_10901	RuneSetting_des_10901	#	#	1.3	-18	1.45	0	0	20901	2	0	1	160	2	101	5		保护Ⅰ	3
163	27	1	RuneSetting_name_11901	set:runeIcon.json image:rune_11901	RuneSetting_des_11901	#	#	1.2	-18	1.45	0	0	21901	2	0	1	160	2	101	6		羊毛Ⅰ	2
164	28	1	DressSetting_name_3010009	set:dress_shop.json image:g1008_pickaxe_33_b	DressSetting_des_3010009	#	#	1.3	-18	1.45	0	1	3010009	3	5	1	430	7	103	1		海螺	7
165	28	1	RuneSetting_name_11302	set:runeIcon.json image:rune_11302	RuneSetting_des_11302	#	#	1.3	-18	1.45	0	0	21302	2	0	1	230	3	102	2		丰收Ⅱ	3
166	28	1	RuneSetting_name_12502	set:runeIcon.json image:rune_12502	RuneSetting_des_12502	#	#	1.3	-18	1.45	0	0	22502	2	0	1	230	3	102	3		毛堆Ⅱ	3
167	28	1	RuneSetting_name_10101	set:runeIcon.json image:rune_10101	RuneSetting_des_10101	#	#	1.3	-18	1.45	0	0	20101	2	0	1	160	2	101	4		剑刃Ⅰ	3
168	28	1	RuneSetting_name_10701	set:runeIcon.json image:rune_10701	RuneSetting_des_10701	#	#	1.2	-18	1.45	0	0	20701	2	0	1	160	2	101	5		强壮Ⅰ	2
169	29	1	DressSetting_name_2030006	set:dress_shop.json image:g1008_axe_68_b	DressSetting_desc_2030006	#	#	1.3	-18	1.45	0	1	2030006	3	5	1	430	7	103	1		2030006	7
170	29	1	RuneSetting_name_10602	set:runeIcon.json image:rune_10602	RuneSetting_des_10602	#	#	1.3	-18	1.45	0	0	20602	2	0	1	230	3	102	2		火剑Ⅱ	3
171	29	1	RuneSetting_name_12502	set:runeIcon.json image:rune_12502	RuneSetting_des_12502	#	#	1.3	-18	1.45	0	0	22502	2	0	1	230	3	102	3		毛堆Ⅱ	3
172	29	1	RuneSetting_name_10701	set:runeIcon.json image:rune_10701	RuneSetting_des_10701	#	#	1.3	-18	1.45	0	0	20701	2	0	1	160	2	101	4		强壮Ⅰ	3
173	29	1	RuneSetting_name_11201	set:runeIcon.json image:rune_11201	RuneSetting_des_11201	#	#	1.2	-18	1.45	0	0	21201	2	0	1	160	2	101	5		修罗Ⅰ	2
174	30	1	DressSetting_name_3030006	set:dress_shop.json image:g1008_pickaxe_69_b	DressSetting_desc_3030006	#	#	1.3	-18	1.45	0	1	3030006	3	5	1	430	7	103	1		3030006	7
175	30	1	RuneSetting_name_10802	set:runeIcon.json image:rune_10802	RuneSetting_des_10802	#	#	1.3	-18	1.45	0	0	20802	2	0	1	230	3	102	2		恢复Ⅱ	3
176	30	1	RuneSetting_name_11502	set:runeIcon.json image:rune_11502	RuneSetting_des_11502	#	#	1.3	-18	1.45	0	0	21502	2	0	1	230	3	102	3		幸运Ⅱ	3
177	30	1	RuneSetting_name_10501	set:runeIcon.json image:rune_10501	RuneSetting_des_10501	#	#	1.3	-18	1.45	0	0	20501	2	0	1	160	2	101	4		暴击Ⅰ	3
178	30	1	RuneSetting_name_11901	set:runeIcon.json image:rune_11901	RuneSetting_des_11901	#	#	1.2	-18	1.45	0	0	21901	2	0	1	160	2	101	5		羊毛Ⅰ	2
179	31	1	DressSetting_name_2040008	set:dress_shop.json image:g1008_axe_89_b	DressSetting_des_2040008	#	#	1.8	15	1.85	25	1	2040008	1	0	1	430	7	103	1		2040008	7
180	31	1	RuneSetting_name_11002	set:runeIcon.json image:rune_11002	RuneSetting_des_11002	#	#	1.3	-18	1.45	0	0	11002	2	0	1	230	3	102	2		壮大Ⅱ	3
181	31	1	RuneSetting_name_11402	set:runeIcon.json image:rune_11402	RuneSetting_des_11402	#	#	1.3	-18	1.45	0	0	11402	2	0	1	230	3	102	3		祝福Ⅱ	3
182	31	1	RuneSetting_name_10101	set:runeIcon.json image:rune_10101	RuneSetting_des_10101	#	#	1.3	-18	1.45	0	0	10101	2	0	1	160	2	101	4		剑刃Ⅰ	3
183	31	1	RuneSetting_name_11701	set:runeIcon.json image:rune_11701	RuneSetting_des_11701	#	#	1.2	-18	1.45	0	0	21701	2	0	1	160	2	101	5		铁锭Ⅰ	2
184	32	1	DressSetting_name_3030008	set:dress_shop.json image:g1008_pickaxe_71_b	DressSetting_desc_3030008	#	#	1.3	-18	1.45	0	1	3030008	3	5	1	430	7	103	1		3030008	7
185	32	1	RuneSetting_name_11002	set:runeIcon.json image:rune_11002	RuneSetting_des_11002	#	#	1.3	-18	1.45	0	0	11002	2	0	1	230	3	102	2		壮大Ⅱ	3
186	32	1	RuneSetting_name_11402	set:runeIcon.json image:rune_11402	RuneSetting_des_11402	#	#	1.3	-18	1.45	0	0	11402	2	0	1	230	3	102	3		祝福Ⅱ	3
187	32	1	RuneSetting_name_10101	set:runeIcon.json image:rune_10101	RuneSetting_des_10101	#	#	1.3	-18	1.45	0	0	10101	2	0	1	160	2	101	4		剑刃Ⅰ	3
188	32	1	RuneSetting_name_11701	set:runeIcon.json image:rune_11701	RuneSetting_des_11701	#	#	1.2	-18	1.45	0	0	21701	2	0	1	160	2	101	5		铁锭Ⅰ	2
189	33	1	DressSetting_name_2030007	set:dress_shop.json image:g1008_axe_69_b	DressSetting_desc_2030007	#	#	1.3	-18	1.45	0	1	2030007	3	5	1	430	7	103	1		灼火斧	7
190	33	1	DressSetting_name_4010009	set:dress_shop.json image:g1008_bow_09_b	DressSetting_desc_4010009	#	#	1.3	-18	1.45	0	1	4010009	3	5	1	430	7	103	2		虎狩弓	7
191	33	1	DressSetting_name_3020010	set:dress_shop.json image:g1008_pickaxe_32_b	DressSetting_desc_3020010	#	#	1.3	-18	1.45	0	0	3020010	3	5	1	230	3	102	3		战斗机	3
192	33	1	DressSetting_name_1010008	set:dress_shop.json image:g1008_sword_35_b	DressSetting_desc_1010008	#	#	1.3	-18	1.45	0	0	1010008	3	5	1	230	3	102	4		姜饼(剑)	3
193	34	1	DressSetting_name_2030007	set:dress_shop.json image:g1008_axe_69_b	DressSetting_desc_2030007	#	#	1.3	-18	1.45	0	1	2030007	3	5	1	430	7	103	1		2030007	7
194	34	1	DressSetting_name_1040007	set:dress_shop.json image:g1008_sword_29_b	DressSetting_desc_1040007	#	#	1.8	15	1.85	25	1	1040007	3	5	1	430	7	103	2		1040007	7
195	34	1	RuneSetting_name_10202	set:runeIcon.json image:rune_10202	RuneSetting_des_10202	#	#	1.3	-18	1.45	0	0	20202	2	0	1	230	3	102	3		弓箭Ⅱ	3
196	34	1	RuneSetting_name_11602	set:runeIcon.json image:rune_11602	RuneSetting_des_11602	#	#	1.3	-18	1.45	0	0	21602	2	0	1	230	3	102	4		复活Ⅱ	3
197	34	1	RuneSetting_name_10101	set:runeIcon.json image:rune_10101	RuneSetting_des_10101	#	#	1.3	-18	1.45	0	0	20101	2	0	1	160	2	101	5		剑刃Ⅰ	3
198	34	1	RuneSetting_name_10901	set:runeIcon.json image:rune_10901	RuneSetting_des_10901	#	#	1.2	-18	1.45	0	0	20901	2	0	1	160	2	101	6		保护Ⅰ	2
199	35	1	DressSetting_name_3020014	set:dress_shop.json image:g1008_pickaxe_57_b	DressSetting_desc_3020014	#	#	1.3	-18	1.45	0	1	3020014	3	5	1	430	7	103	1		骷髅铁镐	7
200	35	1	RuneSetting_name_11302	set:runeIcon.json image:rune_11302	RuneSetting_des_11302	#	#	1.3	-18	1.45	0	0	21302	2	0	1	230	3	102	2		丰收Ⅱ	3
201	35	1	RuneSetting_name_12502	set:runeIcon.json image:rune_12502	RuneSetting_des_12502	#	#	1.3	-18	1.45	0	0	22502	2	0	1	230	3	102	3		毛堆Ⅱ	3
202	35	1	RuneSetting_name_10101	set:runeIcon.json image:rune_10101	RuneSetting_des_10101	#	#	1.3	-18	1.45	0	0	20101	2	0	1	160	2	101	4		剑刃Ⅰ	3
203	35	1	RuneSetting_name_10701	set:runeIcon.json image:rune_10701	RuneSetting_des_10701	#	#	1.2	-18	1.45	0	0	20701	2	0	1	160	2	101	5		强壮Ⅰ	2
204	36	1	DressSetting_name_2030006	set:dress_shop.json image:g1008_axe_68_b	DressSetting_desc_2030006	#	#	1.3	-18	1.45	0	1	2030006	3	5	1	430	7	103	1		2030006	7
205	36	1	RuneSetting_name_10602	set:runeIcon.json image:rune_10602	RuneSetting_des_10602	#	#	1.3	-18	1.45	0	0	20602	2	0	1	230	3	102	2		火剑Ⅱ	3
206	36	1	RuneSetting_name_12502	set:runeIcon.json image:rune_12502	RuneSetting_des_12502	#	#	1.3	-18	1.45	0	0	22502	2	0	1	230	3	102	3		毛堆Ⅱ	3
207	36	1	RuneSetting_name_10701	set:runeIcon.json image:rune_10701	RuneSetting_des_10701	#	#	1.3	-18	1.45	0	0	20701	2	0	1	160	2	101	4		强壮Ⅰ	3
208	36	1	RuneSetting_name_11201	set:runeIcon.json image:rune_11201	RuneSetting_des_11201	#	#	1.2	-18	1.45	0	0	21201	2	0	1	160	2	101	5		修罗Ⅰ	2
209	37	1	DressSetting_name_2040008	set:dress_shop.json image:g1008_axe_89_b	DressSetting_des_2040008	#	#	1.8	15	1.85	25	1	2040008	1	0	1	430	7	103	1		2040008	7
210	37	1	RuneSetting_name_11002	set:runeIcon.json image:rune_11002	RuneSetting_des_11002	#	#	1.3	-18	1.45	0	0	11002	2	0	1	230	3	102	2		壮大Ⅱ	3
211	37	1	RuneSetting_name_11402	set:runeIcon.json image:rune_11402	RuneSetting_des_11402	#	#	1.3	-18	1.45	0	0	11402	2	0	1	230	3	102	3		祝福Ⅱ	3
212	37	1	RuneSetting_name_10101	set:runeIcon.json image:rune_10101	RuneSetting_des_10101	#	#	1.3	-18	1.45	0	0	10101	2	0	1	160	2	101	4		剑刃Ⅰ	3
213	37	1	RuneSetting_name_11901	set:runeIcon.json image:rune_11901	RuneSetting_des_11901	#	#	1.2	-18	1.45	0	0	21901	2	0	1	160	2	101	5		羊毛Ⅰ	2
214	38	1	DressSetting_name_2040009	set:dress_shop_axe.json image:g1008_axe_90_b	DressSetting_desc_2040009	#	#	1.3	-18	1.45	0	1	2040009	3	5	1	430	7	103	1		2040009	7
215	38	1	CustomShopGoods_Name_5014	set:bedwar_license_reward_season4.json image:g1008_boy_taunt_14	reward_description_taunt	#	#	1.8	15	1.85	25	1	5014	1	0	1	430	7	103	2		你输了	7
216	38	1	RuneSetting_name_10202	set:runeIcon.json image:rune_10202	RuneSetting_des_10202	#	#	1.3	-18	1.45	0	0	20202	2	0	1	230	3	102	3		祝福Ⅱ	3
217	38	1	RuneSetting_name_11802	set:runeIcon.json image:rune_11802	RuneSetting_des_11802	#	#	1.3	-18	1.45	0	0	21802	2	0	1	230	3	102	4		剑刃Ⅰ	3
218	38	1	RuneSetting_name_10901	set:runeIcon.json image:rune_10901	RuneSetting_des_10901	#	#	1.3	-18	1.45	0	0	20901	2	0	1	160	2	101	5		羊毛Ⅰ	2
219	38	1	RuneSetting_name_11201	set:runeIcon.json image:rune_11201	RuneSetting_des_11201	#	#	1.2	-18	1.45	0	0	21201	2	0	1	160	2	101	6			
220	39	1	DressSetting_name_3030006	set:dress_shop_pickaxe.json image:g1008_pickaxe_69_b	DressSetting_desc_3030006	#	#	1.3	-18	1.45	0	1	3030006	3	5	1	430	7	103	1		3030006	7
221	39	1	DressSetting_name_1030008	set:dress_shop_sword_1.json image:g1008_sword_23_b	DressSetting_desc_1030008	#	#	1.3	-18	1.45	0	1	1030008	3	5	1	430	7	103	2		教会之枪	7
222	39	1	RuneSetting_name_10202	set:runeIcon.json image:rune_10202	RuneSetting_des_10202	#	#	1.3	-18	1.45	0	0	20202	2	0	1	230	3	102	3		祝福Ⅱ	3
223	39	1	RuneSetting_name_11802	set:runeIcon.json image:rune_11802	RuneSetting_des_11802	#	#	1.3	-18	1.45	0	0	21802	2	0	1	230	3	102	4		剑刃Ⅰ	3
224	39	1	RuneSetting_name_10901	set:runeIcon.json image:rune_10901	RuneSetting_des_10901	#	#	1.3	-18	1.45	0	0	20901	2	0	1	160	2	101	5		羊毛Ⅰ	2
225	39	1	RuneSetting_name_11201	set:runeIcon.json image:rune_11201	RuneSetting_des_11201	#	#	1.2	-18	1.45	0	0	21201	2	0	1	160	2	101	6			
226	40	1	DressSetting_name_2030007	set:dress_shop_axe.json image:g1008_axe_69_b	DressSetting_desc_2030007	#	#	1.3	-18	1.45	0	1	2030007	3	5	1	430	7	103	1		灼火斧	7
227	40	1	DressSetting_name_4010003	set:dress_shop_bow.json image:g1008_bow_03_b	DressSetting_desc_4010003	#	#	1.3	-18	1.45	0	1	4010003	3	5	1	430	7	103	2		地狱烈焰弓	7
228	40	1	RuneSetting_name_10802	set:runeIcon.json image:rune_10802	RuneSetting_des_10802	#	#	1.3	-18	1.45	0	0	20802	2	0	1	230	3	102	3		恢复Ⅱ	3
229	40	1	RuneSetting_name_11502	set:runeIcon.json image:rune_11502	RuneSetting_des_11502	#	#	1.3	-18	1.45	0	0	21502	2	0	1	230	3	102	4		幸运Ⅱ	3
230	40	1	RuneSetting_name_10501	set:runeIcon.json image:rune_10501	RuneSetting_des_10501	#	#	1.3	-18	1.45	0	0	20501	2	0	1	160	2	101	5		暴击Ⅰ	3
231	40	1	RuneSetting_name_11901	set:runeIcon.json image:rune_11901	RuneSetting_des_11901	#	#	1.2	-18	1.45	0	0	21901	2	0	1	160	2	101	6		羊毛Ⅰ	2
232	41	1	DressSetting_name_2030004	set:dress_shop_axe.json image:g1008_axe_23_b	DressSetting_desc_2030004	#	#	1.3	-18	1.45	0	1	2030004	3	5	1	430	7	103	1		仙人掌	7
233	41	1	DressSetting_name_1030009	set:dress_shop_sword_1.json image:g1008_sword_34_b	DressSetting_desc_1030009	#	#	1.3	-18	1.45	0	1	1030009	3	5	1	430	7	103	2		日冕	7
234	41	1	DressSetting_name_3040004	set:dress_shop_pickaxe.json image:g1008_pickaxe_19_b	DressSetting_desc_3040004	#	#	1.3	-18	1.45	0	1	3040004	3	5	1	430	7	103	3		水晶剑组合	7
235	41	1	RuneSetting_name_10202	set:runeIcon.json image:rune_10202	RuneSetting_des_10202	#	#	1.3	-18	1.45	0	0	20202	2	0	1	230	3	102	4		弓箭Ⅱ	3
236	41	1	RuneSetting_name_11602	set:runeIcon.json image:rune_11602	RuneSetting_des_11602	#	#	1.3	-18	1.45	0	0	21602	2	0	1	230	3	102	5		复活Ⅱ	3
237	41	1	RuneSetting_name_10101	set:runeIcon.json image:rune_10101	RuneSetting_des_10101	#	#	1.3	-18	1.45	0	0	20101	2	0	1	160	2	101	6		剑刃Ⅰ	3
238	41	1	RuneSetting_name_10901	set:runeIcon.json image:rune_10901	RuneSetting_des_10901	#	#	1.2	-18	1.45	0	0	20901	2	0	1	160	2	101	7		保护Ⅰ	2
239	42	1	DressSetting_name_2040004	set:dress_shop_axe_2.json image:g1008_axe_19_b	DressSetting_desc_2040004	#	#	1.3	-18	1.45	0	1	2040004	3	5	1	430	7	103	1		圣洁大斧	7
240	42	1	DressSetting_name_3010007	set:dress_shop_pickaxe.json image:g1008_pickaxe_21_b	DressSetting_desc_3010007	#	#	1.3	-18	1.45	0	1	3010007	3	5	1	430	7	103	2		马桶塞	7
241	42	1	DressSetting_name_1020006	set:dress_shop_sword_1.json image:g1008_sword_18_b	DressSetting_desc_1020006	#	#	1.3	-18	1.45	0	1	1020006	3	5	1	430	7	103	3		蔚蓝陨石剑	7
242	42	1	RuneSetting_name_10602	set:runeIcon.json image:rune_10602	RuneSetting_des_10602	#	#	1.3	-18	1.45	0	0	20602	2	0	1	230	3	102	3		火剑Ⅱ	3
243	42	1	RuneSetting_name_11502	set:runeIcon.json image:rune_11502	RuneSetting_des_11502	#	#	1.3	-18	1.45	0	0	21502	2	0	1	230	3	102	4		幸运Ⅱ	3
244	42	1	RuneSetting_name_10701	set:runeIcon.json image:rune_10701	RuneSetting_des_10701	#	#	1.3	-18	1.45	0	0	20701	2	0	1	160	2	101	5		强壮Ⅰ	3
245	42	1	RuneSetting_name_11901	set:runeIcon.json image:rune_11901	RuneSetting_des_11901	#	#	1.2	-18	1.45	0	0	21901	2	0	1	160	2	101	6		羊毛Ⅰ	2
246	43	1	DressSetting_name_4010002	set:dress_shop_bow.json image:g1008_bow_02_b	reward_description_bow	#	#	1.3	-18	1.45	0	1	4010002	3	2	1	430	7	103	1		钻石圣弓	
247	43	1	DressSetting_name_2020002	set:dress_shop_axe.json image:g1008_axe_05_b	DressSetting_desc_2020002	#	#	1.3	-18	1.45	0	1	2101	3	3	1	230	3	102	2		斧头-碎颅者	
248	43	1	DressSetting_name_3010009	set:dress_shop_pickaxe.json image:g1008_pickaxe_33_b	DressSetting_des_3010009	#	#	1.3	-18	1.45	0	1	3010009	3	5	1	430	7	103	3		海螺	
249	43	1	RuneSetting_name_11302	set:runeIcon.json image:rune_11302	RuneSetting_des_11302	#	#	1.3	-18	1.45	0	0	21302	2	0	1	230	3	102	4		丰收Ⅱ	3
250	43	1	RuneSetting_name_12502	set:runeIcon.json image:rune_12502	RuneSetting_des_12502	#	#	1.3	-18	1.45	0	0	22502	2	0	1	230	3	102	5		毛堆Ⅱ	3
251	43	1	RuneSetting_name_10101	set:runeIcon.json image:rune_10101	RuneSetting_des_10101	#	#	1.3	-18	1.45	0	0	20101	2	0	1	160	2	101	6		剑刃Ⅰ	3
252	43	1	RuneSetting_name_10701	set:runeIcon.json image:rune_10701	RuneSetting_des_10701	#	#	1.2	-18	1.45	0	0	20701	2	0	1	160	2	101	7		强壮Ⅰ	2
253	44	1	DressSetting_name_2030007	set:dress_shop_axe.json image:g1008_axe_69_b	DressSetting_desc_2030007	#	#	1.3	-18	1.45	0	1	2030007	3	5	1	430	7	103	1		灼火斧	7
254	44	1	DressSetting_name_4010009	set:dress_shop_bow.json image:g1008_bow_09_b	DressSetting_desc_4010009	#	#	1.3	-18	1.45	0	1	4010009	3	5	1	430	7	103	2		虎狩弓	7
255	44	1	DressSetting_name_3020010	set:dress_shop_pickaxe.json image:g1008_pickaxe_32_b	DressSetting_desc_3020010	#	#	1.3	-18	1.45	0	0	3020010	3	5	1	230	3	102	3		战斗机	3
256	44	1	DressSetting_name_1010008	set:dress_shop_sword_1.json image:g1008_sword_35_b	DressSetting_desc_1010008	#	#	1.3	-18	1.45	0	0	1010008	3	5	1	230	3	102	4		姜饼(剑)	3
257	45	1	DressSetting_name_2020003	set:dress_shop_axe.json image:g1008_axe_06_b	DressSetting_desc_2020003	#	#	1.3	-18	1.45	0	1	2020003	3	3	1	230	3	102	1		豪杰大夫	
258	45	1	DressSetting_name_1020004	set:dress_shop_sword_1.json image:g1008_sword_16_b	DressSetting_desc_1020004	#	#	1.3	-18	1.45	0	1	1020004	3	5	1	430	7	103	2		合金大剑	3
259	45	1	RuneSetting_name_11002	set:runeIcon.json image:rune_11002	RuneSetting_des_11002	#	#	1.3	-18	1.45	0	0	11002	2	0	1	230	3	102	3		壮大Ⅱ	3
260	45	1	RuneSetting_name_11402	set:runeIcon.json image:rune_11402	RuneSetting_des_11402	#	#	1.3	-18	1.45	0	0	11402	2	0	1	230	3	102	4		祝福Ⅱ	3
261	45	1	RuneSetting_name_10602	set:runeIcon.json image:rune_10602	RuneSetting_des_10602	#	#	1.3	-18	1.45	0	0	20602	2	0	1	230	3	102	5		火剑Ⅱ	
262	46	1	DressSetting_name_2040003	set:dress_shop_axe.json image:g1008_axe_09_b	DressSetting_desc_2040003	#	#	1.3	-18	1.45	0	1	2040003	3	5	1	430	7	103	1		诸神黄昏	
263	46	1	DressSetting_name_3010008	set:dress_shop_pickaxe.json image:g1008_pickaxe_31_b	DressSetting_desc_3010008	#	#	1.3	-18	1.45	0	1	3010008	3	5	1	430	7	103	2		糖果	3
264	46	1	RuneSetting_name_13202	set:runeIcon_1.json image:rune_13202	RuneSetting_des_13202	#	#	1.3	-18	1.45	0	0	13202	2	0	1	230	3	102	3		反击Ⅱ	3
265	46	1	RuneSetting_name_13302	set:runeIcon_1.json image:rune_13302	RuneSetting_des_13302	#	#	1.3	-18	1.45	0	0	13302	2	0	1	230	3	102	4		喷墨Ⅱ	3
266	46	1	RuneSetting_name_13402	set:runeIcon_1.json image:rune_13402	RuneSetting_des_13402	#	#	1.3	-18	1.45	0	0	13402	2	0	1	230	3	102	5		死战Ⅱ	
267	47	1	DressSetting_name_3020014	set:dress_shop_pickaxe.json image:g1008_pickaxe_57_b	DressSetting_desc_3020014	#	#	1.3	-18	1.45	0	1	3020014	3	5	1	430	7	103	1		骷髅铁镐	
268	47	1	RuneSetting_name_11302	set:runeIcon.json image:rune_11302	RuneSetting_des_11302	#	#	1.3	-18	1.45	0	0	21302	2	0	1	230	3	102	2		丰收Ⅱ	3
269	47	1	RuneSetting_name_12502	set:runeIcon.json image:rune_12502	RuneSetting_des_12502	#	#	1.3	-18	1.45	0	0	22502	2	0	1	230	3	102	3		毛堆Ⅱ	3
270	47	1	RuneSetting_name_10101	set:runeIcon.json image:rune_10101	RuneSetting_des_10101	#	#	1.3	-18	1.45	0	0	20101	2	0	1	160	2	101	4		剑刃Ⅰ	3
271	47	1	RuneSetting_name_10701	set:runeIcon.json image:rune_10701	RuneSetting_des_10701	#	#	1.2	-18	1.45	0	0	20701	2	0	1	160	2	101	5		强壮Ⅰ	2
