Season	SeasonStartDate	SeasonEndDate	SeasonAdImage	SeasonMenuImage	SeasonMainImage	ExchangeStartDate	ExchangeEndDate	buyLV_Up	License_Pay	Luxury_Pay	SeasonTaskGrop	DailyTaskGrop	LicenseId	LuxuryId	BuyLevelId	LuxuryRewardEXP	WeekEXPLimit	SeasonLang	License_Name	License_Info	Luxury_Name	Luxury_Info	SeasonImage	ShowBuyLevel	PetActorName	PetName	PetValue	PetSize1	PetOffsetX1	PetOffsetY1	PetSize2	PetOffsetX2	PetOffsetY2	PetShowSkillName	PetSkillName	ShowHornEffect	ShowCustomImage	ShowCustomGoods
赛季	赛季开始	赛季结束	赛季宣传图	赛季战斗界面切页	赛季大厅主界面切页	兑换物品开始	兑换物品结束	购买1级需要的金魔方	通行证金魔方价格	豪华通行证金魔方价格	赛季任务组	每日任务组	通行证商品Id	豪华通行证商品Id	买等级商品Id	豪华通行证奖励经验	周经验上限	赛季多语言	通行证名称	通行证介绍	豪华通行证名称	豪华通行证介绍	赛季宣传图	弹出购买页面的等级	赛季大奖宠物模型名	赛季宣传宠物名称多语言	赛季宣传宠物价值	通行证购买宠物大小	通行证购买界面左右偏移	通行证购买界面上下偏移	宣传界面宠物大小	宣传界面左右偏移	宣传界面上下偏移	宠物出场动作	宠物动作	分包展示号角入口	分包展示商品图片	分包展示商品
Season	SeasonStartDate	SeasonEndDate	SeasonAdImage	SeasonMenuImage	SeasonMainImage	ExchangeStartDate	ExchangeEndDate	BuyLevel	LicensePrice	LuxuryPrice	SeasonTaskGroup	DailyTaskGroup	LicenseId	LuxuryId	BuyLevelId	LuxuryRewardEXP	WeekEXPLimit	SeasonLang	License_Name	License_Info	Luxury_Name	Luxury_Info	SeasonImage	ShowBuyLevel	PetActorName	PetName	PetValue	PetSize1	PetOffsetX1	PetOffsetY1	PetSize2	PetOffsetX2	PetOffsetY2	PetShowSkillName	PetSkillName	ShowHornEffect	ShowCustomImage	ShowCustomGoods
1	2023,05,16,08,00,00	2023,06,03,07,59,59	set:bedwar_licensereward.json image:buy_license	set:game_activity_lobby.json image:btn_0_soulstone_pass	set:game_activity_lobby.json image:btn_0_soulstone_pass	2023,05,16,08,00,00	2023,06,03,07,59,59	20	299	299	2011	4001	100108	1000008	100111	1000	11500	1	LicenseSeason_License_Name_1	LicenseSeason_License_Info_1	LicenseSeason_Luxury_Name_2	LicenseSeason_Luxury_Info_2	set:bedwar_licensereward.json image:display_image1	5#10#15#20#25#30#35#40#45#50#55#60#65#70#75#80#85#90#95#100#105#110#115#120#125#130#135#140#145#150#155#160#165#170#175#180#185#190#195#200	g1008_pet_60.actor	CustomShopGoods_Name_3060	2988	300	120	60	270	-5	80	show	taunt	g1008_haojiaorukou_10.effect	set:bed_war_3_indie_main.json image:img_0_shop	5010017#5010013#5010015#5010016
2	2023,06,03,08,00,00	2023,06,17,07,59,59	set:bedwar_licensereward.json image:buy_license	set:game_activity_lobby.json image:btn_0_soulstone_pass	set:game_activity_lobby.json image:btn_0_soulstone_pass	2023,06,03,08,00,00	2023,06,17,07,59,59	20	299	299	2011	4001	100108	1000008	100111	1000	11500	2	LicenseSeason_License_Name_1	LicenseSeason_License_Info_1	LicenseSeason_Luxury_Name_2	LicenseSeason_Luxury_Info_2	set:bedwar_licensereward.json image:display_image1	5#10#15#20#25#30#35#40#45#50#55#60#65#70#75#80#85#90#95#100#105#110#115#120#125#130#135#140#145#150#155#160#165#170#175#180#185#190#195#200	g1008_pet_60.actor	CustomShopGoods_Name_3060	2988	300	120	60	270	-5	80	show	taunt	g1008_haojiaorukou_10.effect	set:bed_war_3_indie_main.json image:img_0_shop	5010017#5010013#5010015#5010016
3	2023,06,17,08,00,00	2023,07,01,07,59,59	set:bedwar_licensereward.json image:buy_license	set:game_activity_lobby.json image:btn_0_soulstone_pass	set:game_activity_lobby.json image:btn_0_soulstone_pass	2023,06,17,08,00,00	2023,07,01,07,59,59	20	299	299	2011	4001	100110	1000010	100111	1000	11500	3	LicenseSeason_License_Name_1	LicenseSeason_License_Info_1	LicenseSeason_Luxury_Name_2	LicenseSeason_Luxury_Info_2	set:bedwar_licensereward.json image:display_image1	5#10#15#20#25#30#35#40#45#50#55#60#65#70#75#80#85#90#95#100#105#110#115#120#125#130#135#140#145#150#155#160#165#170#175#180#185#190#195#200	g1008_pet_60.actor	CustomShopGoods_Name_3060	2988	300	120	60	270	-5	80	show	taunt	g1008_haojiaorukou_10.effect	set:bed_war_3_indie_main.json image:img_0_shop	5010017#5010013#5010015#5010016
4	2023,07,01,08,00,00	2023,07,15,07,59,59	set:bedwar_licensereward.json image:buy_license	set:game_activity_lobby.json image:btn_0_soulstone_pass	set:game_activity_lobby.json image:btn_0_soulstone_pass	2023,07,01,08,00,00	2023,07,15,07,59,59	20	299	299	2011	4001	100110	1000010	100111	1000	11500	4	LicenseSeason_License_Name_1	LicenseSeason_License_Info_1	LicenseSeason_Luxury_Name_2	LicenseSeason_Luxury_Info_2	set:bedwar_licensereward.json image:display_image1	5#10#15#20#25#30#35#40#45#50#55#60#65#70#75#80#85#90#95#100#105#110#115#120#125#130#135#140#145#150#155#160#165#170#175#180#185#190#195#200	g1008_pet_60.actor	CustomShopGoods_Name_3060	2988	300	120	60	270	-5	80	show	taunt	g1008_haojiaorukou_10.effect	set:bed_war_3_indie_main.json image:img_0_shop	5010017#5010013#5010015#5010016
5	2023,07,15,08,00,00	2023,07,29,07,59,59	set:bedwar_licensereward.json image:buy_license	set:game_activity_lobby.json image:btn_0_soulstone_pass	set:game_activity_lobby.json image:btn_0_soulstone_pass	2023,07,15,08,00,00	2023,07,29,07,59,59	20	299	299	2011	4001	100110	1000010	100111	700	11500	5	LicenseSeason_License_Name_1	LicenseSeason_License_Info_1	LicenseSeason_Luxury_Name_2	LicenseSeason_Luxury_Info_2	set:bedwar_licensereward.json image:display_image1	5#10#15#20#25#30#35#40#45#50#55#60#65#70#75#80#85#90#95#100#105#110#115#120#125#130#135#140#145#150#155#160#165#170#175#180#185#190#195#200	g1008_pet_60.actor	CustomShopGoods_Name_3060	2988	300	120	60	270	-5	80	show	taunt	g1008_haojiaorukou_10.effect	set:bed_war_3_indie_main.json image:img_0_shop	5010017#5010013#5010015#5010016
6	2023,07,29,08,00,00	2023,08,12,07,59,59	set:bedwar_licensereward.json image:buy_license	set:game_activity_lobby.json image:btn_0_soulstone_pass_battle	set:game_activity_lobby.json image:btn_0_soulstone_pass	2023,07,29,08,00,00	2023,08,12,07,59,59	20	299	299	2011	4001	100110	1000010	100111	700	11500	6	LicenseSeason_License_Name_1	LicenseSeason_License_Info_1	LicenseSeason_Luxury_Name_2	LicenseSeason_Luxury_Info_2	set:bedwar_licensereward.json image:display_image1	5#10#15#20#25#30#35#40#45#50#55#60#65#70#75#80#85#90#95#100#105#110#115#120#125#130#135#140#145#150#155#160#165#170#175#180#185#190#195#200	g1008_pet_60.actor	CustomShopGoods_Name_3060	2988	300	120	60	270	-5	80	show	taunt	g1008_haojiaorukou_10.effect	set:bed_war_3_indie_main.json image:img_0_shop	5010017#5010013#5010015#5010016
7	2023,08,12,08,00,00	2023,08,26,07,59,59	set:bedwar_licensereward.json image:buy_license	set:game_activity_lobby.json image:btn_0_soulstone_pass_battle	set:game_activity_lobby.json image:btn_0_soulstone_pass	2023,08,12,08,00,00	2023,08,26,07,59,59	20	299	299	2011	4001	100110	1000010	100111	700	11500	7	LicenseSeason_License_Name_1	LicenseSeason_License_Info_1	LicenseSeason_Luxury_Name_2	LicenseSeason_Luxury_Info_2	set:bedwar_licensereward.json image:display_image1	5#10#15#20#25#30#35#40#45#50#55#60#65#70#75#80#85#90#95#100#105#110#115#120#125#130#135#140#145#150#155#160#165#170#175#180#185#190#195#200	g1008_pet_60.actor	CustomShopGoods_Name_3060	2988	300	120	60	270	-5	80	show	taunt	g1008_haojiaorukou_10.effect	set:bed_war_3_indie_main.json image:img_0_shop	5010017#5010013#5010015#5010016
8	2023,08,26,08,00,00	2023,09,09,07,59,59	set:bedwar_licensereward.json image:buy_license	set:game_activity_lobby.json image:btn_0_soulstone_pass_battle	set:game_activity_lobby.json image:btn_0_soulstone_pass	2023,08,26,08,00,00	2023,09,09,07,59,59	20	299	299	2011	4001	100110	1000010	100111	700	11500	8	LicenseSeason_License_Name_1	LicenseSeason_License_Info_1	LicenseSeason_Luxury_Name_2	LicenseSeason_Luxury_Info_2	set:bedwar_licensereward.json image:display_image1	5#10#15#20#25#30#35#40#45#50#55#60#65#70#75#80#85#90#95#100#105#110#115#120#125#130#135#140#145#150#155#160#165#170#175#180#185#190#195#200	g1008_pet_60.actor	CustomShopGoods_Name_3060	2988	300	120	60	270	-5	80	show	taunt	g1008_haojiaorukou_10.effect	set:bed_war_3_indie_main.json image:img_0_shop	5010017#5010013#5010015#5010016
9	2023,09,09,08,00,00	2023,09,23,07,59,59	set:bedwar_licensereward.json image:buy_license	set:game_activity_lobby.json image:btn_0_soulstone_pass_battle	set:game_activity_lobby.json image:btn_0_soulstone_pass	2023,09,09,08,00,00	2023,09,23,07,59,59	20	299	299	2011	4001	100110	1000010	100111	700	11500	9	LicenseSeason_License_Name_1	LicenseSeason_License_Info_1	LicenseSeason_Luxury_Name_2	LicenseSeason_Luxury_Info_2	set:bedwar_licensereward.json image:display_image1	5#10#15#20#25#30#35#40#45#50#55#60#65#70#75#80#85#90#95#100#105#110#115#120#125#130#135#140#145#150#155#160#165#170#175#180#185#190#195#200	g1008_pet_60.actor	CustomShopGoods_Name_3060	2988	300	120	60	270	-5	80	show	taunt	g1008_haojiaorukou_10.effect	set:bed_war_3_indie_main.json image:img_0_shop	5010017#5010013#5010015#5010016
10	2023,09,23,08,00,00	2023,10,07,07,59,59	set:bedwar_licensereward.json image:buy_license	set:game_activity_lobby.json image:btn_0_soulstone_pass_battle	set:game_activity_lobby.json image:btn_0_soulstone_pass	2023,09,23,08,00,00	2023,10,07,07,59,59	20	299	299	2011	4001	100110	1000010	100111	700	11500	10	LicenseSeason_License_Name_1	LicenseSeason_License_Info_1	LicenseSeason_Luxury_Name_2	LicenseSeason_Luxury_Info_2	set:bedwar_licensereward.json image:display_image1	5#10#15#20#25#30#35#40#45#50#55#60#65#70#75#80#85#90#95#100#105#110#115#120#125#130#135#140#145#150#155#160#165#170#175#180#185#190#195#200	g1008_pet_60.actor	CustomShopGoods_Name_3060	2988	300	120	60	270	-5	80	show	taunt	g1008_haojiaorukou_10.effect	set:bed_war_3_indie_main.json image:img_0_shop	5010017#5010013#5010015#5010016
11	2023,10,07,08,00,00	2023,10,21,07,59,59	set:bedwar_licensereward.json image:buy_license	set:game_activity_lobby.json image:btn_0_soulstone_pass_battle	set:game_activity_lobby.json image:btn_0_soulstone_pass	2023,10,07,08,00,00	2023,10,21,07,59,59	20	299	299	2011	4001	100110	1000010	100111	700	11500	11	LicenseSeason_License_Name_1	LicenseSeason_License_Info_1	LicenseSeason_Luxury_Name_2	LicenseSeason_Luxury_Info_2	set:bedwar_licensereward.json image:display_image1	5#10#15#20#25#30#35#40#45#50#55#60#65#70#75#80#85#90#95#100#105#110#115#120#125#130#135#140#145#150#155#160#165#170#175#180#185#190#195#200	g1008_pet_60.actor	CustomShopGoods_Name_3060	2988	300	120	60	270	-5	80	show	taunt	g1008_haojiaorukou_10.effect	set:bed_war_3_indie_main.json image:img_0_shop	5010017#5010013#5010015#5010016
12	2023,10,21,08,00,00	2023,11,04,07,59,59	set:bedwar_licensereward.json image:buy_license	set:game_activity_lobby.json image:btn_0_soulstone_pass_battle	set:game_activity_lobby.json image:btn_0_soulstone_pass	2023,10,21,08,00,00	2023,11,04,07,59,59	20	299	299	2011	4001	100110	1000010	100111	700	11500	12	LicenseSeason_License_Name_1	LicenseSeason_License_Info_1	LicenseSeason_Luxury_Name_2	LicenseSeason_Luxury_Info_2	set:bedwar_licensereward.json image:display_image1	5#10#15#20#25#30#35#40#45#50#55#60#65#70#75#80#85#90#95#100#105#110#115#120#125#130#135#140#145#150#155#160#165#170#175#180#185#190#195#200	g1008_pet_60.actor	CustomShopGoods_Name_3060	2988	300	120	60	270	-5	80	show	taunt	g1008_haojiaorukou_10.effect	set:bed_war_3_indie_main.json image:img_0_shop	5010017#5010013#5010015#5010016
13	2023,11,04,08,00,00	2023,11,18,07,59,59	set:bedwar_licensereward.json image:buy_license	set:game_activity_lobby.json image:btn_0_soulstone_pass_battle	set:game_activity_lobby.json image:btn_0_soulstone_pass	2023,11,04,08,00,00	2023,11,18,07,59,59	20	299	299	2011	4001	100110	1000010	100111	700	11500	13	LicenseSeason_License_Name_1	LicenseSeason_License_Info_1	LicenseSeason_Luxury_Name_2	LicenseSeason_Luxury_Info_2	set:bedwar_licensereward.json image:display_image1	5#10#15#20#25#30#35#40#45#50#55#60#65#70#75#80#85#90#95#100#105#110#115#120#125#130#135#140#145#150#155#160#165#170#175#180#185#190#195#200	g1008_pet_60.actor	CustomShopGoods_Name_3060	2988	300	120	60	270	-5	80	show	taunt	g1008_haojiaorukou_10.effect	set:bed_war_3_indie_main.json image:img_0_shop	5010017#5010013#5010015#5010016
14	2023,11,18,08,00,00	2023,12,02,07,59,59	set:bedwar_licensereward.json image:buy_license	set:game_activity_lobby.json image:btn_0_soulstone_pass_battle	set:game_activity_lobby.json image:btn_0_soulstone_pass	2023,11,18,08,00,00	2023,12,02,07,59,59	20	999	999	2011	4001	100110	1000010	100111	700	11500	14	LicenseSeason_License_Name_1	LicenseSeason_License_Info_1	LicenseSeason_Luxury_Name_2	LicenseSeason_Luxury_Info_2	set:bedwar_licensereward.json image:display_image1	5#10#15#20#25#30#35#40#45#50#55#60#65#70#75#80#85#90#95#100#105#110#115#120#125#130#135#140#145#150#155#160#165#170#175#180#185#190#195#200	g1008_pet_60.actor	CustomShopGoods_Name_3060	2988	300	120	60	270	-5	80	show	taunt	g1008_haojiaorukou_10.effect	set:bed_war_3_indie_main.json image:img_0_shop	5010017#5010013#5010015#5010016
15	2023,12,02,08,00,00	2023,12,16,07,59,59	set:bedwar_licensereward.json image:buy_license	set:game_activity_lobby.json image:btn_0_soulstone_pass_battle	set:game_activity_lobby.json image:btn_0_soulstone_pass	2023,12,02,08,00,00	2023,12,16,07,59,59	20	299	299	2011	4001	100110	1000010	100111	700	11500	15	LicenseSeason_License_Name_1	LicenseSeason_License_Info_1	LicenseSeason_Luxury_Name_2	LicenseSeason_Luxury_Info_2	set:bedwar_licensereward.json image:display_image1	5#10#15#20#25#30#35#40#45#50#55#60#65#70#75#80#85#90#95#100#105#110#115#120#125#130#135#140#145#150#155#160#165#170#175#180#185#190#195#200	g1008_pet_60.actor	CustomShopGoods_Name_3060	2988	300	120	60	270	-5	80	show	taunt	g1008_haojiaorukou_10.effect	set:bed_war_3_indie_main.json image:img_0_shop	5010017#5010013#5010015#5010016
16	2023,12,16,08,00,00	2023,12,30,07,59,59	set:bedwar_licensereward.json image:buy_license	set:game_activity_lobby.json image:btn_0_soulstone_pass_battle	set:game_activity_lobby.json image:btn_0_soulstone_pass	2023,12,16,08,00,00	2023,12,30,07,59,59	20	299	299	2011	4001	100110	1000010	100111	700	11500	16	LicenseSeason_License_Name_1	LicenseSeason_License_Info_1	LicenseSeason_Luxury_Name_2	LicenseSeason_Luxury_Info_2	set:bedwar_licensereward.json image:display_image1	5#10#15#20#25#30#35#40#45#50#55#60#65#70#75#80#85#90#95#100#105#110#115#120#125#130#135#140#145#150#155#160#165#170#175#180#185#190#195#200	g1008_pet_60.actor	CustomShopGoods_Name_3060	2988	300	120	60	270	-5	80	show	taunt	g1008_haojiaorukou_10.effect	set:bed_war_3_indie_main.json image:img_0_shop	5010017#5010013#5010015#5010016
17	2023,12,30,08,00,00	2024,01,13,07,59,59	set:bedwar_licensereward.json image:buy_license	set:game_activity_lobby.json image:btn_0_soulstone_pass_battle	set:game_activity_lobby.json image:btn_0_soulstone_pass	2023,12,30,08,00,00	2024,01,13,07,59,59	20	299	299	2011	4001	100110	1000010	100111	700	11500	17	LicenseSeason_License_Name_1	LicenseSeason_License_Info_1	LicenseSeason_Luxury_Name_2	LicenseSeason_Luxury_Info_2	set:bedwar_licensereward.json image:display_image1	5#10#15#20#25#30#35#40#45#50#55#60#65#70#75#80#85#90#95#100#105#110#115#120#125#130#135#140#145#150#155#160#165#170#175#180#185#190#195#200	g1008_pet_60.actor	CustomShopGoods_Name_3060	2988	300	120	60	270	-5	80	show	taunt	g1008_haojiaorukou_10.effect	set:bed_war_3_indie_main.json image:img_0_shop	5010017#5010013#5010015#5010016
18	2024,01,13,08,00,00	2024,01,27,07,59,59	set:bedwar_licensereward.json image:buy_license	set:game_activity_lobby.json image:btn_0_soulstone_pass_battle	set:game_activity_lobby.json image:btn_0_soulstone_pass	2024,01,13,08,00,00	2024,01,27,07,59,59	20	299	299	2011	4001	100110	1000010	100111	700	11500	18	LicenseSeason_License_Name_1	LicenseSeason_License_Info_1	LicenseSeason_Luxury_Name_2	LicenseSeason_Luxury_Info_2	set:bedwar_licensereward.json image:display_image1	5#10#15#20#25#30#35#40#45#50#55#60#65#70#75#80#85#90#95#100#105#110#115#120#125#130#135#140#145#150#155#160#165#170#175#180#185#190#195#200	g1008_pet_60.actor	CustomShopGoods_Name_3060	2988	300	120	60	270	-5	80	show	taunt	g1008_haojiaorukou_10.effect	set:bed_war_3_indie_main.json image:img_0_shop	5010017#5010013#5010015#5010016
19	2024,01,27,08,00,00	2024,02,10,07,59,59	set:bedwar_licensereward.json image:buy_license	set:game_activity_lobby.json image:btn_0_soulstone_pass_battle	set:game_activity_lobby.json image:btn_0_soulstone_pass	2024,01,27,08,00,00	2024,02,10,07,59,59	20	299	299	2011	4001	100110	1000010	100111	700	11500	19	LicenseSeason_License_Name_1	LicenseSeason_License_Info_1	LicenseSeason_Luxury_Name_2	LicenseSeason_Luxury_Info_2	set:bedwar_licensereward.json image:display_image1	5#10#15#20#25#30#35#40#45#50#55#60#65#70#75#80#85#90#95#100#105#110#115#120#125#130#135#140#145#150#155#160#165#170#175#180#185#190#195#200	g1008_pet_60.actor	CustomShopGoods_Name_3060	2988	300	120	60	270	-5	80	show	taunt	g1008_haojiaorukou_10.effect	set:bed_war_3_indie_main.json image:img_0_shop	5010017#5010013#5010015#5010016
20	2024,02,10,08,00,00	2024,02,24,07,59,59	set:bedwar_licensereward.json image:buy_license	set:game_activity_lobby.json image:btn_0_soulstone_pass_battle	set:game_activity_lobby.json image:btn_0_soulstone_pass	2024,02,10,08,00,00	2024,02,24,07,59,59	20	299	299	2011	4001	100110	1000010	100111	700	11500	20	LicenseSeason_License_Name_1	LicenseSeason_License_Info_1	LicenseSeason_Luxury_Name_2	LicenseSeason_Luxury_Info_2	set:bedwar_licensereward.json image:display_image1	5#10#15#20#25#30#35#40#45#50#55#60#65#70#75#80#85#90#95#100#105#110#115#120#125#130#135#140#145#150#155#160#165#170#175#180#185#190#195#200	g1008_pet_60.actor	CustomShopGoods_Name_3060	2988	300	120	60	270	-5	80	show	taunt	g1008_haojiaorukou_10.effect	set:bed_war_3_indie_main.json image:img_0_shop	5010017#5010013#5010015#5010016
21	2024,02,24,08,00,00	2024,03,09,07,59,59	set:bedwar_licensereward.json image:buy_license	set:game_activity_lobby.json image:btn_0_soulstone_pass_battle	set:game_activity_lobby.json image:btn_0_soulstone_pass	2024,02,24,08,00,00	2024,03,09,07,59,59	20	299	299	2011	4001	100110	1000010	100111	700	11500	21	LicenseSeason_License_Name_1	LicenseSeason_License_Info_1	LicenseSeason_Luxury_Name_2	LicenseSeason_Luxury_Info_2	set:bedwar_licensereward.json image:display_image1	5#10#15#20#25#30#35#40#45#50#55#60#65#70#75#80#85#90#95#100#105#110#115#120#125#130#135#140#145#150#155#160#165#170#175#180#185#190#195#200	g1008_pet_60.actor	CustomShopGoods_Name_3060	2988	300	120	60	270	-5	80	show	taunt	g1008_haojiaorukou_10.effect	set:bed_war_3_indie_main.json image:img_0_shop	5010017#5010013#5010015#5010016
22	2024,03,09,08,00,00	2024,03,23,07,59,59	set:bedwar_licensereward.json image:buy_license	set:game_activity_lobby.json image:btn_0_soulstone_pass_battle	set:game_activity_lobby.json image:btn_0_soulstone_pass	2024,03,09,08,00,00	2024,03,23,07,59,59	20	299	299	2011	4001	100110	1000010	100111	700	11500	22	LicenseSeason_License_Name_1	LicenseSeason_License_Info_1	LicenseSeason_Luxury_Name_2	LicenseSeason_Luxury_Info_2	set:bedwar_licensereward.json image:display_image1	5#10#15#20#25#30#35#40#45#50#55#60#65#70#75#80#85#90#95#100#105#110#115#120#125#130#135#140#145#150#155#160#165#170#175#180#185#190#195#200	g1008_pet_60.actor	CustomShopGoods_Name_3060	2988	300	120	60	270	-5	80	show	taunt	g1008_haojiaorukou_10.effect	set:bed_war_3_indie_main.json image:img_0_shop	5010017#5010013#5010015#5010016
23	2024,03,23,08,00,00	2024,04,06,07,59,59	set:bedwar_licensereward.json image:buy_license	set:game_activity_lobby.json image:btn_0_soulstone_pass_battle	set:game_activity_lobby.json image:btn_0_soulstone_pass	2024,03,23,08,00,00	2024,04,06,07,59,59	20	299	299	2011	4001	100110	1000010	100111	700	11500	23	LicenseSeason_License_Name_1	LicenseSeason_License_Info_1	LicenseSeason_Luxury_Name_2	LicenseSeason_Luxury_Info_2	set:bedwar_licensereward.json image:display_image1	5#10#15#20#25#30#35#40#45#50#55#60#65#70#75#80#85#90#95#100#105#110#115#120#125#130#135#140#145#150#155#160#165#170#175#180#185#190#195#200	g1008_pet_60.actor	CustomShopGoods_Name_3060	2988	300	120	60	270	-5	80	show	taunt	g1008_haojiaorukou_10.effect	set:bed_war_3_indie_main.json image:img_0_shop	5010017#5010013#5010015#5010016
24	2024,04,06,08,00,00	2024,04,20,07,59,59	set:bedwar_licensereward.json image:buy_license	set:game_activity_lobby.json image:btn_0_soulstone_pass_battle	set:game_activity_lobby.json image:btn_0_soulstone_pass	2024,04,06,08,00,00	2024,04,20,07,59,59	20	299	299	2011	4001	100110	1000010	100111	700	11500	24	LicenseSeason_License_Name_1	LicenseSeason_License_Info_1	LicenseSeason_Luxury_Name_2	LicenseSeason_Luxury_Info_2	set:bedwar_licensereward.json image:display_image1	5#10#15#20#25#30#35#40#45#50#55#60#65#70#75#80#85#90#95#100#105#110#115#120#125#130#135#140#145#150#155#160#165#170#175#180#185#190#195#200	g1008_pet_60.actor	CustomShopGoods_Name_3060	2988	300	120	60	270	-5	80	show	taunt	g1008_haojiaorukou_10.effect	set:bed_war_3_indie_main.json image:img_0_shop	5010017#5010013#5010015#5010016
25	2024,04,20,08,00,00	2024,05,04,07,59,59	set:bedwar_licensereward.json image:buy_license	set:game_activity_lobby.json image:btn_0_soulstone_pass_battle	set:game_activity_lobby.json image:btn_0_soulstone_pass	2024,04,20,08,00,00	2024,05,04,07,59,59	20	299	299	2011	4001	100110	1000010	100111	700	11500	25	LicenseSeason_License_Name_1	LicenseSeason_License_Info_1	LicenseSeason_Luxury_Name_2	LicenseSeason_Luxury_Info_2	set:bedwar_licensereward.json image:display_image1	5#10#15#20#25#30#35#40#45#50#55#60#65#70#75#80#85#90#95#100#105#110#115#120#125#130#135#140#145#150#155#160#165#170#175#180#185#190#195#200	g1008_pet_60.actor	CustomShopGoods_Name_3060	2988	300	120	60	270	-5	80	show	taunt	g1008_haojiaorukou_10.effect	set:bed_war_3_indie_main.json image:img_0_shop	5010017#5010013#5010015#5010016
26	2024,05,04,08,00,00	2024,05,18,07,59,59	set:bedwar_licensereward.json image:buy_license	set:game_activity_lobby.json image:btn_0_soulstone_pass_battle	set:game_activity_lobby.json image:btn_0_soulstone_pass	2024,05,04,08,00,00	2024,05,18,07,59,59	20	299	299	2011	4001	100110	1000010	100111	700	11500	26	LicenseSeason_License_Name_1	LicenseSeason_License_Info_1	LicenseSeason_Luxury_Name_2	LicenseSeason_Luxury_Info_2	set:bedwar_licensereward.json image:display_image1	5#10#15#20#25#30#35#40#45#50#55#60#65#70#75#80#85#90#95#100#105#110#115#120#125#130#135#140#145#150#155#160#165#170#175#180#185#190#195#200	g1008_pet_60.actor	CustomShopGoods_Name_3060	2988	300	120	60	270	-5	80	show	taunt	g1008_haojiaorukou_10.effect	set:bed_war_3_indie_main.json image:img_0_shop	5010017#5010013#5010015#5010016
27	2024,05,18,08,00,00	2024,06,01,07,59,59	set:bedwar_licensereward.json image:buy_license	set:game_activity_lobby.json image:btn_0_soulstone_pass_battle	set:game_activity_lobby.json image:btn_0_soulstone_pass	2024,05,18,08,00,00	2024,06,01,07,59,59	20	299	299	2011	4001	100110	1000010	100111	700	11500	27	LicenseSeason_License_Name_1	LicenseSeason_License_Info_1	LicenseSeason_Luxury_Name_2	LicenseSeason_Luxury_Info_2	set:bedwar_licensereward.json image:display_image1	5#10#15#20#25#30#35#40#45#50#55#60#65#70#75#80#85#90#95#100#105#110#115#120#125#130#135#140#145#150#155#160#165#170#175#180#185#190#195#200	g1008_pet_60.actor	CustomShopGoods_Name_3060	2988	300	120	60	270	-5	80	show	taunt	g1008_haojiaorukou_10.effect	set:bed_war_3_indie_main.json image:img_0_shop	5010017#5010013#5010015#5010016
28	2024,06,01,08,00,00	2024,06,15,07,59,59	set:bedwar_licensereward.json image:buy_license	set:game_activity_lobby.json image:btn_0_soulstone_pass_battle	set:game_activity_lobby.json image:btn_0_soulstone_pass	2024,06,01,08,00,00	2024,06,15,07,59,59	20	299	299	2011	4001	100110	1000010	100111	700	11500	28	LicenseSeason_License_Name_1	LicenseSeason_License_Info_1	LicenseSeason_Luxury_Name_2	LicenseSeason_Luxury_Info_2	set:bedwar_licensereward.json image:display_image1	5#10#15#20#25#30#35#40#45#50#55#60#65#70#75#80#85#90#95#100#105#110#115#120#125#130#135#140#145#150#155#160#165#170#175#180#185#190#195#200	g1008_pet_60.actor	CustomShopGoods_Name_3060	2988	300	120	60	270	-5	80	show	taunt	g1008_haojiaorukou_10.effect	set:bed_war_3_indie_main.json image:img_0_shop	5010017#5010013#5010015#5010016
29	2024,06,15,08,00,00	2024,06,29,07,59,59	set:bedwar_licensereward.json image:buy_license	set:game_activity_lobby.json image:btn_0_soulstone_pass_battle	set:game_activity_lobby.json image:btn_0_soulstone_pass	2024,06,15,08,00,00	2024,06,29,07,59,59	20	299	299	2011	4001	100110	1000010	100111	700	11500	29	LicenseSeason_License_Name_1	LicenseSeason_License_Info_1	LicenseSeason_Luxury_Name_2	LicenseSeason_Luxury_Info_2	set:bedwar_licensereward.json image:display_image1	5#10#15#20#25#30#35#40#45#50#55#60#65#70#75#80#85#90#95#100#105#110#115#120#125#130#135#140#145#150#155#160#165#170#175#180#185#190#195#200	g1008_pet_60.actor	CustomShopGoods_Name_3060	2988	300	120	60	270	-5	80	show	taunt	g1008_haojiaorukou_10.effect	set:bed_war_3_indie_main.json image:img_0_shop	5010017#5010013#5010015#5010016
30	2024,06,29,08,00,00	2024,07,13,07,59,59	set:bedwar_licensereward.json image:buy_license	set:game_activity_lobby.json image:btn_0_soulstone_pass_battle	set:game_activity_lobby.json image:btn_0_soulstone_pass	2024,06,29,08,00,00	2024,07,13,07,59,59	20	299	299	2011	4001	100110	1000010	100111	700	11500	30	LicenseSeason_License_Name_1	LicenseSeason_License_Info_1	LicenseSeason_Luxury_Name_2	LicenseSeason_Luxury_Info_2	set:bedwar_licensereward.json image:display_image1	5#10#15#20#25#30#35#40#45#50#55#60#65#70#75#80#85#90#95#100#105#110#115#120#125#130#135#140#145#150#155#160#165#170#175#180#185#190#195#200	g1008_pet_60.actor	CustomShopGoods_Name_3060	2988	300	120	60	270	-5	80	show	taunt	g1008_haojiaorukou_10.effect	set:bed_war_3_indie_main.json image:img_0_shop	5010017#5010013#5010015#5010016
31	2024,07,13,08,00,00	2024,07,27,07,59,59	set:bedwar_licensereward.json image:buy_license	set:game_activity_lobby.json image:btn_0_soulstone_pass_battle	set:game_activity_lobby.json image:btn_0_soulstone_pass	2024,06,29,08,00,00	2024,07,13,07,59,59	20	299	299	2011	4001	100110	1000010	100111	700	11500	31	LicenseSeason_License_Name_1	LicenseSeason_License_Info_1	LicenseSeason_Luxury_Name_2	LicenseSeason_Luxury_Info_2	set:bedwar_licensereward.json image:display_image1	5#10#15#20#25#30#35#40#45#50#55#60#65#70#75#80#85#90#95#100#105#110#115#120#125#130#135#140#145#150#155#160#165#170#175#180#185#190#195#200	g1008_pet_60.actor	CustomShopGoods_Name_3060	2988	300	120	60	270	-5	80	show	taunt	g1008_haojiaorukou_10.effect	set:bed_war_3_indie_main.json image:img_0_shop	5010017#5010013#5010015#5010016
32	2024,07,27,08,00,00	2024,08,10,07,59,59	set:bedwar_licensereward.json image:buy_license	set:game_activity_lobby.json image:btn_0_soulstone_pass_battle	set:game_activity_lobby.json image:btn_0_soulstone_pass	2024,06,29,08,00,00	2024,07,13,07,59,59	20	299	299	2011	4001	100110	1000010	100111	700	11500	32	LicenseSeason_License_Name_1	LicenseSeason_License_Info_1	LicenseSeason_Luxury_Name_2	LicenseSeason_Luxury_Info_2	set:bedwar_licensereward.json image:display_image1	5#10#15#20#25#30#35#40#45#50#55#60#65#70#75#80#85#90#95#100#105#110#115#120#125#130#135#140#145#150#155#160#165#170#175#180#185#190#195#200	g1008_pet_60.actor	CustomShopGoods_Name_3060	2988	300	120	60	270	-5	80	show	taunt	g1008_haojiaorukou_10.effect	set:bed_war_3_indie_main.json image:img_0_shop	5010017#5010013#5010015#5010016
33	2024,08,10,08,00,00	2024,08,24,07,59,59	set:bedwar_licensereward.json image:buy_license	set:game_activity_lobby.json image:btn_0_soulstone_pass_battle	set:game_activity_lobby.json image:btn_0_soulstone_pass	2024,06,29,08,00,00	2024,07,13,07,59,59	20	299	299	2011	4001	100110	1000010	100111	700	11500	33	LicenseSeason_License_Name_1	LicenseSeason_License_Info_1	LicenseSeason_Luxury_Name_2	LicenseSeason_Luxury_Info_2	set:bedwar_licensereward.json image:display_image1	5#10#15#20#25#30#35#40#45#50#55#60#65#70#75#80#85#90#95#100#105#110#115#120#125#130#135#140#145#150#155#160#165#170#175#180#185#190#195#200	g1008_pet_60.actor	CustomShopGoods_Name_3060	2988	300	120	60	270	-5	80	show	taunt	g1008_haojiaorukou_10.effect	set:bed_war_3_indie_main.json image:img_0_shop	5010017#5010013#5010015#5010016
34	2024,08,24,08,00,00	2024,09,07,07,59,59	set:bedwar_licensereward.json image:buy_license	set:game_activity_lobby.json image:btn_0_soulstone_pass_battle	set:game_activity_lobby.json image:btn_0_soulstone_pass	2024,06,29,08,00,00	2024,07,13,07,59,59	20	299	299	2011	4001	100110	1000010	100111	700	11500	34	LicenseSeason_License_Name_1	LicenseSeason_License_Info_1	LicenseSeason_Luxury_Name_2	LicenseSeason_Luxury_Info_2	set:bedwar_licensereward.json image:display_image1	5#10#15#20#25#30#35#40#45#50#55#60#65#70#75#80#85#90#95#100#105#110#115#120#125#130#135#140#145#150#155#160#165#170#175#180#185#190#195#200	g1008_pet_60.actor	CustomShopGoods_Name_3060	2988	300	120	60	270	-5	80	show	taunt	g1008_haojiaorukou_10.effect	set:bed_war_3_indie_main.json image:img_0_shop	5010017#5010013#5010015#5010016
35	2024,09,07,08,00,00	2024,09,21,07,59,59	set:bedwar_licensereward.json image:buy_license	set:game_activity_lobby.json image:btn_0_soulstone_pass_battle	set:game_activity_lobby.json image:btn_0_soulstone_pass	2024,06,29,08,00,00	2024,07,13,07,59,59	20	299	299	2011	4001	100110	1000010	100111	700	11500	35	LicenseSeason_License_Name_1	LicenseSeason_License_Info_1	LicenseSeason_Luxury_Name_2	LicenseSeason_Luxury_Info_2	set:bedwar_licensereward.json image:display_image1	5#10#15#20#25#30#35#40#45#50#55#60#65#70#75#80#85#90#95#100#105#110#115#120#125#130#135#140#145#150#155#160#165#170#175#180#185#190#195#200	g1008_pet_60.actor	CustomShopGoods_Name_3060	2988	300	120	60	270	-5	80	show	taunt	g1008_haojiaorukou_10.effect	set:bed_war_3_indie_main.json image:img_0_shop	5010017#5010013#5010015#5010016
36	2024,09,21,08,00,00	2024,10,05,07,59,59	set:bedwar_licensereward.json image:buy_license	set:game_activity_lobby.json image:btn_0_soulstone_pass_battle	set:game_activity_lobby.json image:btn_0_soulstone_pass	2024,06,29,08,00,00	2024,07,13,07,59,59	20	299	299	2011	4001	100110	1000010	100111	700	11500	36	LicenseSeason_License_Name_1	LicenseSeason_License_Info_1	LicenseSeason_Luxury_Name_2	LicenseSeason_Luxury_Info_2	set:bedwar_licensereward.json image:display_image1	5#10#15#20#25#30#35#40#45#50#55#60#65#70#75#80#85#90#95#100#105#110#115#120#125#130#135#140#145#150#155#160#165#170#175#180#185#190#195#200	g1008_pet_60.actor	CustomShopGoods_Name_3060	2988	300	120	60	270	-5	80	show	taunt	g1008_haojiaorukou_10.effect	set:bed_war_3_indie_main.json image:img_0_shop	5010017#5010013#5010015#5010016
37	2024,10,05,08,00,00	2024,10,19,07,59,59	set:bedwar_licensereward.json image:buy_license	set:game_activity_lobby.json image:btn_0_soulstone_pass_battle	set:game_activity_lobby.json image:btn_0_soulstone_pass	2024,06,29,08,00,00	2024,07,13,07,59,59	20	299	299	2011	4001	100110	1000010	100111	700	11500	37	LicenseSeason_License_Name_1	LicenseSeason_License_Info_1	LicenseSeason_Luxury_Name_2	LicenseSeason_Luxury_Info_2	set:bedwar_licensereward.json image:display_image1	5#10#15#20#25#30#35#40#45#50#55#60#65#70#75#80#85#90#95#100#105#110#115#120#125#130#135#140#145#150#155#160#165#170#175#180#185#190#195#200	g1008_pet_60.actor	CustomShopGoods_Name_3060	2988	300	120	60	270	-5	80	show	taunt	g1008_haojiaorukou_10.effect	set:bed_war_3_indie_main.json image:img_0_shop	5010017#5010013#5010015#5010016
38	2024,10,19,08,00,00	2024,11,02,07,59,59	set:bedwar_licensereward.json image:buy_license	set:game_activity_lobby.json image:btn_0_soulstone_pass_battle	set:game_activity_lobby.json image:btn_0_soulstone_pass	2024,06,29,08,00,00	2024,07,13,07,59,59	20	299	299	2011	4001	100110	1000010	100111	700	11500	38	LicenseSeason_License_Name_1	LicenseSeason_License_Info_1	LicenseSeason_Luxury_Name_2	LicenseSeason_Luxury_Info_2	set:bedwar_licensereward.json image:display_image1	5#10#15#20#25#30#35#40#45#50#55#60#65#70#75#80#85#90#95#100#105#110#115#120#125#130#135#140#145#150#155#160#165#170#175#180#185#190#195#200	g1008_pet_60.actor	CustomShopGoods_Name_3060	2988	300	120	60	270	-5	80	show	taunt	g1008_haojiaorukou_10.effect	set:bed_war_3_indie_main.json image:img_0_shop	5010017#5010013#5010015#5010016
39	2024,11,02,08,00,00	2024,11,16,07,59,59	set:bedwar_licensereward.json image:buy_license	set:game_activity_lobby.json image:btn_0_soulstone_pass_battle	set:game_activity_lobby.json image:btn_0_soulstone_pass	2024,06,29,08,00,00	2024,07,13,07,59,59	20	299	299	2011	4001	100110	1000010	100111	700	11500	39	LicenseSeason_License_Name_1	LicenseSeason_License_Info_1	LicenseSeason_Luxury_Name_2	LicenseSeason_Luxury_Info_2	set:bedwar_licensereward.json image:display_image1	5#10#15#20#25#30#35#40#45#50#55#60#65#70#75#80#85#90#95#100#105#110#115#120#125#130#135#140#145#150#155#160#165#170#175#180#185#190#195#200	g1008_pet_60.actor	CustomShopGoods_Name_3060	2988	300	120	60	270	-5	80	show	taunt	g1008_haojiaorukou_10.effect	set:bed_war_3_indie_main.json image:img_0_shop	5010017#5010013#5010015#5010016
40	2024,11,16,08,00,00	2024,11,30,07,59,59	set:bedwar_licensereward.json image:buy_license	set:game_activity_lobby.json image:btn_0_soulstone_pass_battle	set:game_activity_lobby.json image:btn_0_soulstone_pass	2024,06,29,08,00,00	2024,07,13,07,59,59	20	299	299	2011	4001	100110	1000010	100111	700	11500	40	LicenseSeason_License_Name_1	LicenseSeason_License_Info_1	LicenseSeason_Luxury_Name_2	LicenseSeason_Luxury_Info_2	set:bedwar_licensereward.json image:display_image1	5#10#15#20#25#30#35#40#45#50#55#60#65#70#75#80#85#90#95#100#105#110#115#120#125#130#135#140#145#150#155#160#165#170#175#180#185#190#195#200	g1008_pet_60.actor	CustomShopGoods_Name_3060	2988	300	120	60	270	-5	80	show	taunt	g1008_haojiaorukou_10.effect	set:bed_war_3_indie_main.json image:img_0_shop	5010017#5010013#5010015#5010016
