Season	SeasonStartDate	SeasonEndDate	SeasonAdImage	SeasonMainImage	ExchangeStartDate	ExchangeEndDate	buyLV_Up	License_Pay	Luxury_Pay	SeasonTaskGrop	DailyTaskGrop	LicenseId	LuxuryId	BuyLevelId	LuxuryExtraReward	LuxuryRewardEXP	WeekEXPLimit	SeasonLang	License_Name	License_Info	Luxury_Name	Luxury_Info	SeasonMenuImage	SeasonImage	ShowBuyLevel	PetActorName	PetName	PetValue	PetSize1	PetOffsetX1	PetOffsetY1	PetSize2	PetOffsetX2	PetOffsetY2	PetShowSkillName	PetSkillName	ShowHornEffect	ShowCustomImage	ShowCustomGoods
赛季	赛季开始	赛季结束	赛季宣传图	赛季大厅主界面切页	兑换物品开始	兑换物品结束	购买1级需要的金魔方	通行证金魔方价格	豪华通行证金魔方价格	赛季任务组	每日任务组	通行证商品Id	豪华通行证商品Id	买等级商品Id	豪华通行证奖励号角	豪华通行证奖励经验	周经验上限	赛季多语言	通行证名称	通行证介绍	豪华通行证名称	豪华通行证介绍	赛季战斗界面切页	赛季宣传图	弹出购买页面的等级	赛季大奖宠物模型名	赛季宣传宠物名称多语言	赛季宣传宠物价值	通行证购买宠物大小	通行证购买界面左右偏移	通行证购买界面上下偏移	宣传界面宠物大小	宣传界面左右偏移	宣传界面上下偏移	宠物出场动作	宠物动作	分包展示号角入口	分包展示商品图片	分包展示商品
Season	SeasonStartDate	SeasonEndDate	SeasonAdImage	SeasonMainImage	ExchangeStartDate	ExchangeEndDate	BuyLevel	LicensePrice	LuxuryPrice	SeasonTaskGroup	DailyTaskGroup	LicenseId	LuxuryId	BuyLevelId	LuxuryExtraReward	LuxuryRewardEXP	WeekEXPLimit	SeasonLang	License_Name	License_Info	Luxury_Name	Luxury_Info	SeasonMenuImage	SeasonImage	ShowBuyLevel	PetActorName	PetName	PetValue	PetSize1	PetOffsetX1	PetOffsetY1	PetSize2	PetOffsetX2	PetOffsetY2	PetShowSkillName	PetSkillName	ShowHornEffect	ShowCustomImage	ShowCustomGoods
1	2020,08,27,00,00,00	2020,09,28,23,59,59	set:bedwar_licensereward.json image:buy_license	#	2020,08,27,00,00,00	2020,09,28,23,59,59	20	288	688	2011	2002	100100	1000000	100111	300	50000	11500	1	LicenseSeason_License_Name_1	LicenseSeason_License_Info_1	LicenseSeason_Luxury_Name_1	LicenseSeason_Luxury_Info_1	set:game_activity_lobby.json image:btn_0_soulstone_pass	set:bedwar_licensereward.json image:display_image1	5#10#15#20#25#30#35#40#45#50#55#60#65#70#75#80#85#90#95#100#105#110#115#120#125#130#135#140#145#150#155#160#165#170#175#180#185#190#195#200	g1008_pet_16.actor	CustomShopGoods_Name_3016	2988	700	-160	500	500	-10	170	#	taunt	#	#	#
2	2020,09,29,00,00,00	2020,10,26,23,59,59	set:bedwar_licensereward.json image:buy_license	#	2020,09,29,00,00,00	2020,10,26,23,59,59	20	288	688	2011	2002	100101	1000001	100111	300	50000	11500	2	LicenseSeason_License_Name_1	LicenseSeason_License_Info_1	LicenseSeason_Luxury_Name_2	LicenseSeason_Luxury_Info_2	set:game_activity_lobby.json image:btn_0_soulstone_pass	set:bedwar_licensereward.json image:display_image1	5#10#15#20#25#30#35#40#45#50#55#60#65#70#75#80#85#90#95#100#105#110#115#120#125#130#135#140#145#150#155#160#165#170#175#180#185#190#195#200	g1008_pet_17.actor	CustomShopGoods_Name_3017	2988	700	-160	500	500	-10	170	#	taunt	#	#	#
3	2020,10,27,00,00,00	2020,11,23,23,59,59	set:bedwar_licensereward.json image:buy_license	#	2020,10,27,00,00,00	2020,11,23,23,59,59	20	288	688	2011	2002	100102	1000002	100111	300	50000	11500	3	LicenseSeason_License_Name_1	LicenseSeason_License_Info_1	LicenseSeason_Luxury_Name_2	LicenseSeason_Luxury_Info_2	set:game_activity_lobby.json image:btn_0_soulstone_pass	set:bedwar_licensereward.json image:display_image1	5#10#15#20#25#30#35#40#45#50#55#60#65#70#75#80#85#90#95#100#105#110#115#120#125#130#135#140#145#150#155#160#165#170#175#180#185#190#195#200	g1008_pet_12.actor	CustomShopGoods_Name_3012	2988	700	-160	500	500	-10	170	#	taunt	#	#	#
4	2020,11,24,00,00,00	2020,12,21,23,59,59	set:bedwar_licensereward.json image:buy_license	#	2020,11,24,00,00,00	2020,12,21,23,59,59	20	288	688	2011	2002	100103	1000003	100111	300	50000	11500	4	LicenseSeason_License_Name_1	LicenseSeason_License_Info_1	LicenseSeason_Luxury_Name_2	LicenseSeason_Luxury_Info_2	set:game_activity_lobby.json image:btn_0_soulstone_pass	set:bedwar_licensereward.json image:display_image1	5#10#15#20#25#30#35#40#45#50#55#60#65#70#75#80#85#90#95#100#105#110#115#120#125#130#135#140#145#150#155#160#165#170#175#180#185#190#195#200	g1008_pet_19.actor	CustomShopGoods_Name_3019	2988	700	-160	640	500	-10	250	#	taunt	#	#	#
5	2020,12,22,00,00,00	2021,01,25,23,59,59	set:bedwar_licensereward.json image:buy_license	#	2020,12,22,00,00,00	2021,01,25,23,59,59	20	288	688	2011	2002	100103	1000003	100111	300	50000	11500	5	LicenseSeason_License_Name_1	LicenseSeason_License_Info_1	LicenseSeason_Luxury_Name_2	LicenseSeason_Luxury_Info_2	set:game_activity_lobby.json image:btn_0_soulstone_pass	set:bedwar_licensereward.json image:display_image1	5#10#15#20#25#30#35#40#45#50#55#60#65#70#75#80#85#90#95#100#105#110#115#120#125#130#135#140#145#150#155#160#165#170#175#180#185#190#195#200	g1008_pet_18.actor	CustomShopGoods_Name_3018	2988	700	-160	500	500	-10	170	#	taunt	#	#	#
6	2021,01,26,00,00,00	2021,02,22,23,59,59	set:bedwar_licensereward.json image:buy_license	#	2021,01,26,00,00,00	2021,02,22,23,59,59	20	288	688	2011	2002	100103	1000003	100111	300	50000	11500	6	LicenseSeason_License_Name_1	LicenseSeason_License_Info_1	LicenseSeason_Luxury_Name_2	LicenseSeason_Luxury_Info_2	set:game_activity_lobby.json image:btn_0_soulstone_pass	set:bedwar_licensereward.json image:display_image1	5#10#15#20#25#30#35#40#45#50#55#60#65#70#75#80#85#90#95#100#105#110#115#120#125#130#135#140#145#150#155#160#165#170#175#180#185#190#195#200	g1008_pet_21.actor	CustomShopGoods_Name_3021	2988	700	-160	460	500	-10	140	#	run	#	#	#
7	2021,02,23,00,00,00	2021,03,29,23,59,59	set:bedwar_licensereward.json image:buy_license	#	2021,02,23,00,00,00	2021,03,29,23,59,59	20	288	688	2011	2002	100107	1000007	100111	300	50000	11500	7	LicenseSeason_License_Name_1	LicenseSeason_License_Info_1	LicenseSeason_Luxury_Name_2	LicenseSeason_Luxury_Info_2	set:game_activity_lobby.json image:btn_0_soulstone_pass	set:bedwar_licensereward.json image:display_image1	5#10#15#20#25#30#35#40#45#50#55#60#65#70#75#80#85#90#95#100#105#110#115#120#125#130#135#140#145#150#155#160#165#170#175#180#185#190#195#200	g1008_pet_22.actor	CustomShopGoods_Name_3022	2988	200	110	460	180	-10	180	#	run	#	#	#
8	2021,03,30,00,00,00	2021,04,26,23,59,59	set:bedwar_licensereward.json image:buy_license	#	2021,03,30,00,00,00	2021,04,26,23,59,59	20	288	688	2011	2002	100108	1000008	100111	300	50000	11500	8	LicenseSeason_License_Name_1	LicenseSeason_License_Info_1	LicenseSeason_Luxury_Name_2	LicenseSeason_Luxury_Info_2	set:game_activity_lobby.json image:btn_0_soulstone_pass	set:bedwar_licensereward.json image:display_image1	5#10#15#20#25#30#35#40#45#50#55#60#65#70#75#80#85#90#95#100#105#110#115#120#125#130#135#140#145#150#155#160#165#170#175#180#185#190#195#200	g1008_pet_23.actor	CustomShopGoods_Name_3023	2988	200	120	410	180	0	160	#	run	#	#	#
9	2021,04,27,00,00,00	2021,06,04,07,59,59	set:bedwar_licensereward.json image:buy_license	#	2021,04,27,00,00,00	2021,06,04,07,59,59	20	288	688	2011	2002	100108	1000008	100111	300	50000	11500	9	LicenseSeason_License_Name_1	LicenseSeason_License_Info_1	LicenseSeason_Luxury_Name_2	LicenseSeason_Luxury_Info_2	set:game_activity_lobby.json image:btn_0_soulstone_pass	set:bedwar_licensereward.json image:display_image1	5#10#15#20#25#30#35#40#45#50#55#60#65#70#75#80#85#90#95#100#105#110#115#120#125#130#135#140#145#150#155#160#165#170#175#180#185#190#195#200	g1008_pet_24.actor	CustomShopGoods_Name_3024	2988	240	125	410	220	22	100	#	taunt	#	#	#
10	2021,06,04,08,00,00	2021,07,06,07,59,59	set:bedwar_licensereward.json image:buy_license	#	2021,06,04,08,00,00	2021,07,06,07,59,59	20	288	688	2011	2002	100108	1000008	100111	300	50000	11500	10	LicenseSeason_License_Name_1	LicenseSeason_License_Info_1	LicenseSeason_Luxury_Name_2	LicenseSeason_Luxury_Info_2	set:game_activity_lobby.json image:btn_0_soulstone_pass	set:bedwar_licensereward.json image:display_image1	5#10#15#20#25#30#35#40#45#50#55#60#65#70#75#80#85#90#95#100#105#110#115#120#125#130#135#140#145#150#155#160#165#170#175#180#185#190#195#200	g1008_pet_26.actor	CustomShopGoods_Name_3026	2988	240	125	410	220	22	100	#	taunt	g1008_haojiaorukou_10.effect	set:bed_war_3_indie_main.json image:img_0_shop	10077#10073#10075#10076
11	2021,07,06,08,00,00	2021,08,03,07,59,59	set:bedwar_licensereward.json image:buy_license	#	2021,07,06,08,00,00	2021,08,03,07,59,59	20	288	688	2011	2002	100108	1000008	100111	300	50000	11500	11	LicenseSeason_License_Name_1	LicenseSeason_License_Info_1	LicenseSeason_Luxury_Name_2	LicenseSeason_Luxury_Info_2	set:game_activity_lobby.json image:btn_0_soulstone_pass	set:bedwar_licensereward.json image:display_image1	5#10#15#20#25#30#35#40#45#50#55#60#65#70#75#80#85#90#95#100#105#110#115#120#125#130#135#140#145#150#155#160#165#170#175#180#185#190#195#200	g1008_pet_28.actor	CustomShopGoods_Name_3028	2988	240	90	410	220	-2	90	#	taunt	g1008_haojiaorukou_10.effect	set:bed_war_3_indie_main.json image:img_0_shop	5010017#5010013#5010015#5010016
12	2021,08,03,08,00,00	2021,09,07,07,59,59	set:bedwar_licensereward.json image:buy_license	#	2021,08,03,08,00,00	2021,09,07,07,59,59	20	288	688	2011	2002	100108	1000008	100111	300	50000	11500	12	LicenseSeason_License_Name_1	LicenseSeason_License_Info_1	LicenseSeason_Luxury_Name_2	LicenseSeason_Luxury_Info_2	set:game_activity_lobby.json image:btn_0_soulstone_pass	set:bedwar_licensereward.json image:display_image1	5#10#15#20#25#30#35#40#45#50#55#60#65#70#75#80#85#90#95#100#105#110#115#120#125#130#135#140#145#150#155#160#165#170#175#180#185#190#195#200	g1008_pet_33.actor	CustomShopGoods_Name_3033	2988	400	20	410	400	5	90	#	taunt	g1008_haojiaorukou_10.effect	set:bed_war_3_indie_main.json image:img_0_shop	5010017#5010013#5010015#5010016
13	2021,09,07,08,00,00	2021,10,05,07,59,59	set:bedwar_licensereward.json image:buy_license	#	2021,09,07,08,00,00	2021,10,05,07,59,59	20	288	688	2011	2002	100108	1000008	100111	300	50000	11500	13	LicenseSeason_License_Name_1	LicenseSeason_License_Info_1	LicenseSeason_Luxury_Name_2	LicenseSeason_Luxury_Info_2	set:game_activity_lobby.json image:btn_0_soulstone_pass	set:bedwar_licensereward.json image:display_image1	5#10#15#20#25#30#35#40#45#50#55#60#65#70#75#80#85#90#95#100#105#110#115#120#125#130#135#140#145#150#155#160#165#170#175#180#185#190#195#200	g1008_pet_35.actor	CustomShopGoods_Name_3035	2988	400	20	410	400	5	90	#	taunt	g1008_haojiaorukou_10.effect	set:bed_war_3_indie_main.json image:img_0_shop	5010017#5010013#5010015#5010016
14	2021,10,05,08,00,00	2021,11,01,07,59,59	set:bedwar_licensereward.json image:buy_license	#	2021,10,05,08,00,00	2021,11,01,07,59,59	20	288	688	2011	2002	100108	1000008	100111	300	50000	11500	14	LicenseSeason_License_Name_1	LicenseSeason_License_Info_1	LicenseSeason_Luxury_Name_2	LicenseSeason_Luxury_Info_2	set:game_activity_lobby.json image:btn_0_soulstone_pass	set:bedwar_licensereward.json image:display_image1	5#10#15#20#25#30#35#40#45#50#55#60#65#70#75#80#85#90#95#100#105#110#115#120#125#130#135#140#145#150#155#160#165#170#175#180#185#190#195#200	g1008_pet_36.actor	CustomShopGoods_Name_3036	2988	400	20	410	400	5	90	#	taunt	g1008_haojiaorukou_10.effect	set:bed_war_3_indie_main.json image:img_0_shop	5010017#5010013#5010015#5010016
15	2021,11,01,08,00,00	2021,12,01,07,59,59	set:bedwar_licensereward.json image:buy_license	#	2021,11,01,08,00,00	2021,12,01,07,59,59	20	288	688	2011	2002	100108	1000008	100111	300	50000	11500	15	LicenseSeason_License_Name_1	LicenseSeason_License_Info_1	LicenseSeason_Luxury_Name_2	LicenseSeason_Luxury_Info_2	set:game_activity_lobby.json image:btn_0_soulstone_pass	set:bedwar_licensereward.json image:display_image1	5#10#15#20#25#30#35#40#45#50#55#60#65#70#75#80#85#90#95#100#105#110#115#120#125#130#135#140#145#150#155#160#165#170#175#180#185#190#195#200	g1008_pet_37.actor	CustomShopGoods_Name_3037	2988	400	-5	460	400	-5	150	#	taunt	g1008_haojiaorukou_10.effect	set:bed_war_3_indie_main.json image:img_0_shop	5010017#5010013#5010015#5010016
16	2021,12,01,08,00,00	2022,01,01,07,59,59	set:bedwar_licensereward.json image:buy_license	#	2021,12,01,08,00,00	2022,01,01,07,59,59	20	288	688	2011	2002	100108	1000008	100111	300	50000	11500	16	LicenseSeason_License_Name_1	LicenseSeason_License_Info_1	LicenseSeason_Luxury_Name_2	LicenseSeason_Luxury_Info_2	set:game_activity_lobby.json image:btn_0_soulstone_pass	set:bedwar_licensereward.json image:display_image1	5#10#15#20#25#30#35#40#45#50#55#60#65#70#75#80#85#90#95#100#105#110#115#120#125#130#135#140#145#150#155#160#165#170#175#180#185#190#195#200	g1008_pet_38.actor	CustomShopGoods_Name_3038	2988	240	180	86	200	-5	100	#	taunt	g1008_haojiaorukou_10.effect	set:bed_war_3_indie_main.json image:img_0_shop	5010017#5010013#5010015#5010016
17	2022,01,01,08,00,00	2022,02,01,07,59,59	set:bedwar_licensereward.json image:buy_license	#	2022,01,01,08,00,00	2022,02,01,07,59,59	20	288	688	2011	2002	100108	1000008	100111	300	50000	11500	17	LicenseSeason_License_Name_1	LicenseSeason_License_Info_1	LicenseSeason_Luxury_Name_2	LicenseSeason_Luxury_Info_2	set:game_activity_lobby.json image:btn_0_soulstone_pass	set:bedwar_licensereward.json image:display_image1	5#10#15#20#25#30#35#40#45#50#55#60#65#70#75#80#85#90#95#100#105#110#115#120#125#130#135#140#145#150#155#160#165#170#175#180#185#190#195#200	g1008_pet_32.actor	CustomShopGoods_Name_3032	2988	385	100	70	350	-5	100	show	taunt	g1008_haojiaorukou_10.effect	set:bed_war_3_indie_main.json image:img_0_shop	5010017#5010013#5010015#5010016
18	2022,02,01,08,00,00	2022,03,01,07,59,59	set:bedwar_licensereward.json image:buy_license	#	2022,02,01,08,00,00	2022,03,01,07,59,59	20	288	688	2011	2002	100108	1000008	100111	300	50000	11500	18	LicenseSeason_License_Name_1	LicenseSeason_License_Info_1	LicenseSeason_Luxury_Name_2	LicenseSeason_Luxury_Info_2	set:game_activity_lobby.json image:btn_0_soulstone_pass	set:bedwar_licensereward.json image:display_image1	5#10#15#20#25#30#35#40#45#50#55#60#65#70#75#80#85#90#95#100#105#110#115#120#125#130#135#140#145#150#155#160#165#170#175#180#185#190#195#200	g1008_pet_40.actor	CustomShopGoods_Name_3040	2988	330	100	70	300	-5	100	show	taunt	g1008_haojiaorukou_10.effect	set:bed_war_3_indie_main.json image:img_0_shop	5010017#5010013#5010015#5010016
19	2022,03,01,08,00,00	2022,04,01,07,59,59	set:bedwar_licensereward.json image:buy_license	#	2022,03,01,08,00,00	2022,04,01,07,59,59	20	288	688	2011	2002	100108	1000008	100111	300	50000	11500	19	LicenseSeason_License_Name_1	LicenseSeason_License_Info_1	LicenseSeason_Luxury_Name_2	LicenseSeason_Luxury_Info_2	set:game_activity_lobby.json image:btn_0_soulstone_pass	set:bedwar_licensereward.json image:display_image1	5#10#15#20#25#30#35#40#45#50#55#60#65#70#75#80#85#90#95#100#105#110#115#120#125#130#135#140#145#150#155#160#165#170#175#180#185#190#195#200	g1008_pet_41.actor	CustomShopGoods_Name_3041	2988	330	100	70	300	-5	100	show	taunt	g1008_haojiaorukou_10.effect	set:bed_war_3_indie_main.json image:img_0_shop	5010017#5010013#5010015#5010016
20	2022,04,01,08,00,00	2022,05,01,07,59,59	set:bedwar_licensereward.json image:buy_license	#	2022,04,01,08,00,00	2022,05,01,07,59,59	20	288	688	2011	2002	100108	1000008	100111	300	50000	11500	20	LicenseSeason_License_Name_1	LicenseSeason_License_Info_1	LicenseSeason_Luxury_Name_2	LicenseSeason_Luxury_Info_2	set:game_activity_lobby.json image:btn_0_soulstone_pass	set:bedwar_licensereward.json image:display_image1	5#10#15#20#25#30#35#40#45#50#55#60#65#70#75#80#85#90#95#100#105#110#115#120#125#130#135#140#145#150#155#160#165#170#175#180#185#190#195#200	g1008_pet_43.actor	CustomShopGoods_Name_3043	2988	330	100	70	300	-5	100	show	taunt	g1008_haojiaorukou_10.effect	set:bed_war_3_indie_main.json image:img_0_shop	5010017#5010013#5010015#5010016
21	2022,05,01,08,00,00	2022,06,01,07,59,59	set:bedwar_licensereward.json image:buy_license	#	2022,05,01,08,00,00	2022,06,01,07,59,59	20	288	688	2011	2002	100108	1000008	100111	300	50000	11500	21	LicenseSeason_License_Name_1	LicenseSeason_License_Info_1	LicenseSeason_Luxury_Name_2	LicenseSeason_Luxury_Info_2	set:game_activity_lobby.json image:btn_0_soulstone_pass	set:bedwar_licensereward.json image:display_image1	5#10#15#20#25#30#35#40#45#50#55#60#65#70#75#80#85#90#95#100#105#110#115#120#125#130#135#140#145#150#155#160#165#170#175#180#185#190#195#200	g1008_pet_45.actor	CustomShopGoods_Name_3045	2988	220	180	60	220	-5	80	show	taunt	g1008_haojiaorukou_10.effect	set:bed_war_3_indie_main.json image:img_0_shop	5010017#5010013#5010015#5010016
22	2022,06,01,08,00,00	2022,07,01,07,59,59	set:bedwar_licensereward.json image:buy_license	#	2022,06,01,08,00,00	2022,07,01,07,59,59	20	288	688	2011	2002	100108	1000008	100111	300	50000	11500	22	LicenseSeason_License_Name_1	LicenseSeason_License_Info_1	LicenseSeason_Luxury_Name_2	LicenseSeason_Luxury_Info_2	set:game_activity_lobby.json image:btn_0_soulstone_pass	set:bedwar_licensereward.json image:display_image1	5#10#15#20#25#30#35#40#45#50#55#60#65#70#75#80#85#90#95#100#105#110#115#120#125#130#135#140#145#150#155#160#165#170#175#180#185#190#195#200	g1008_pet_46.actor	CustomShopGoods_Name_3046	2988	220	180	60	220	-5	80	show	taunt	g1008_haojiaorukou_10.effect	set:bed_war_3_indie_main.json image:img_0_shop	5010017#5010013#5010015#5010016
23	2022,07,01,08,00,00	2022,08,01,07,59,59	set:bedwar_licensereward.json image:buy_license	#	2022,07,01,08,00,00	2022,08,01,07,59,59	20	288	688	2011	2002	100108	1000008	100111	300	50000	11500	23	LicenseSeason_License_Name_1	LicenseSeason_License_Info_1	LicenseSeason_Luxury_Name_2	LicenseSeason_Luxury_Info_2	set:game_activity_lobby.json image:btn_0_soulstone_pass	set:bedwar_licensereward.json image:display_image1	5#10#15#20#25#30#35#40#45#50#55#60#65#70#75#80#85#90#95#100#105#110#115#120#125#130#135#140#145#150#155#160#165#170#175#180#185#190#195#200	g1008_pet_47.actor	CustomShopGoods_Name_3047	2988	330	120	60	360	-5	80	show	taunt	g1008_haojiaorukou_10.effect	set:bed_war_3_indie_main.json image:img_0_shop	5010017#5010013#5010015#5010016
24	2022,08,01,08,00,00	2022,09,01,07,59,59	set:bedwar_licensereward.json image:buy_license	#	2022,08,01,08,00,00	2022,09,01,07,59,59	20	288	688	2011	2002	100108	1000008	100111	300	50000	11500	24	LicenseSeason_License_Name_1	LicenseSeason_License_Info_1	LicenseSeason_Luxury_Name_2	LicenseSeason_Luxury_Info_2	set:game_activity_lobby.json image:btn_0_soulstone_pass	set:bedwar_licensereward.json image:display_image1	5#10#15#20#25#30#35#40#45#50#55#60#65#70#75#80#85#90#95#100#105#110#115#120#125#130#135#140#145#150#155#160#165#170#175#180#185#190#195#200	g1008_pet_48.actor	CustomShopGoods_Name_3048	2988	260	180	60	260	-5	80	show2	taunt2	g1008_haojiaorukou_10.effect	set:bed_war_3_indie_main.json image:img_0_shop	5010017#5010013#5010015#5010016
25	2022,09,01,08,00,00	2022,10,01,07,59,59	set:bedwar_licensereward.json image:buy_license	#	2022,09,01,08,00,00	2022,10,01,07,59,59	20	288	688	2011	2002	100108	1000008	100111	300	50000	11500	25	LicenseSeason_License_Name_1	LicenseSeason_License_Info_1	LicenseSeason_Luxury_Name_2	LicenseSeason_Luxury_Info_2	set:game_activity_lobby.json image:btn_0_soulstone_pass	set:bedwar_licensereward.json image:display_image1	5#10#15#20#25#30#35#40#45#50#55#60#65#70#75#80#85#90#95#100#105#110#115#120#125#130#135#140#145#150#155#160#165#170#175#180#185#190#195#200	g1008_pet_49.actor	CustomShopGoods_Name_3049	2988	330	120	60	300	-5	80	show	taunt	g1008_haojiaorukou_10.effect	set:bed_war_3_indie_main.json image:img_0_shop	5010017#5010013#5010015#5010016
26	2022,10,01,08,00,00	2022,11,01,07,59,59	set:bedwar_licensereward.json image:buy_license	#	2022,10,01,08,00,00	2022,11,01,07,59,59	20	288	688	2011	2002	100108	1000008	100111	300	50000	11500	26	LicenseSeason_License_Name_1	LicenseSeason_License_Info_1	LicenseSeason_Luxury_Name_2	LicenseSeason_Luxury_Info_2	set:game_activity_lobby.json image:btn_0_soulstone_pass	set:bedwar_licensereward.json image:display_image1	5#10#15#20#25#30#35#40#45#50#55#60#65#70#75#80#85#90#95#100#105#110#115#120#125#130#135#140#145#150#155#160#165#170#175#180#185#190#195#200	g1008_pet_50.actor	CustomShopGoods_Name_3050	2988	330	120	60	300	-5	80	show	taunt	g1008_haojiaorukou_10.effect	set:bed_war_3_indie_main.json image:img_0_shop	5010017#5010013#5010015#5010016
27	2022,11,01,08,00,00	2022,12,01,07,59,59	set:bedwar_licensereward.json image:buy_license	#	2022,11,01,08,00,00	2022,12,01,07,59,59	20	288	688	2011	2002	100108	1000008	100111	300	50000	11500	27	LicenseSeason_License_Name_1	LicenseSeason_License_Info_1	LicenseSeason_Luxury_Name_2	LicenseSeason_Luxury_Info_2	set:game_activity_lobby.json image:btn_0_soulstone_pass	set:bedwar_licensereward.json image:display_image1	5#10#15#20#25#30#35#40#45#50#55#60#65#70#75#80#85#90#95#100#105#110#115#120#125#130#135#140#145#150#155#160#165#170#175#180#185#190#195#200	g1008_pet_51.actor	CustomShopGoods_Name_3051	2988	330	120	60	300	-5	80	show	taunt	g1008_haojiaorukou_10.effect	set:bed_war_3_indie_main.json image:img_0_shop	5010017#5010013#5010015#5010016
28	2022,12,01,08,00,00	2023,01,01,07,59,59	set:bedwar_licensereward.json image:buy_license	set:game_activity_lobby.json image:btn_0_horn_28	2022,12,01,08,00,00	2023,01,01,07,59,59	20	288	688	2011	2002	100108	1000008	100111	300	50000	11500	28	LicenseSeason_License_Name_1	LicenseSeason_License_Info_1	LicenseSeason_Luxury_Name_2	LicenseSeason_Luxury_Info_2	set:game_activity_lobby.json image:btn_0_soulstone_pass	set:bedwar_licensereward.json image:display_image1	5#10#15#20#25#30#35#40#45#50#55#60#65#70#75#80#85#90#95#100#105#110#115#120#125#130#135#140#145#150#155#160#165#170#175#180#185#190#195#200	g1008_pet_53.actor	CustomShopGoods_Name_3053	2988	330	120	60	300	-5	80	show	taunt	g1008_haojiaorukou_10.effect	set:bed_war_3_indie_main.json image:img_0_shop	5010017#5010013#5010015#5010016
29	2023,01,01,08,00,00	2023,02,01,07,59,59	set:bedwar_licensereward.json image:buy_license	set:game_activity_lobby.json image:btn_0_horn_29	2023,01,01,08,00,00	2023,02,01,07,59,59	20	288	688	2011	2002	100108	1000008	100111	300	50000	11500	29	LicenseSeason_License_Name_1	LicenseSeason_License_Info_1	LicenseSeason_Luxury_Name_2	LicenseSeason_Luxury_Info_2	set:game_activity_lobby.json image:btn_0_soulstone_pass	set:bedwar_licensereward.json image:display_image1	5#10#15#20#25#30#35#40#45#50#55#60#65#70#75#80#85#90#95#100#105#110#115#120#125#130#135#140#145#150#155#160#165#170#175#180#185#190#195#200	g1008_pet_57.actor	CustomShopGoods_Name_3057	2988	180	220	60	180	-5	80	show	taunt	g1008_haojiaorukou_10.effect	set:bed_war_3_indie_main.json image:img_0_shop	5010017#5010013#5010015#5010016
30	2023,02,01,08,00,00	2023,03,01,07,59,59	set:bedwar_licensereward.json image:buy_license	set:game_activity_lobby.json image:btn_0_horn_30	2023,02,01,08,00,00	2023,03,01,07,59,59	20	288	688	2011	2002	100108	1000008	100111	300	50000	11500	30	LicenseSeason_License_Name_1	LicenseSeason_License_Info_1	LicenseSeason_Luxury_Name_2	LicenseSeason_Luxury_Info_2	set:game_activity_lobby.json image:btn_0_soulstone_pass	set:bedwar_licensereward.json image:display_image1	5#10#15#20#25#30#35#40#45#50#55#60#65#70#75#80#85#90#95#100#105#110#115#120#125#130#135#140#145#150#155#160#165#170#175#180#185#190#195#200	g1008_pet_58.actor	CustomShopGoods_Name_3058	2988	300	120	60	270	-5	80	show	taunt	g1008_haojiaorukou_10.effect	set:bed_war_3_indie_main.json image:img_0_shop	5010017#5010013#5010015#5010016
31	2023,03,01,08,00,00	2023,04,01,07,59,59	set:bedwar_licensereward.json image:buy_license	set:game_activity_lobby.json image:btn_0_horn_31	2023,03,01,08,00,00	2023,04,01,07,59,59	20	288	688	2011	2002	100108	1000008	100111	300	50000	11500	31	LicenseSeason_License_Name_1	LicenseSeason_License_Info_1	LicenseSeason_Luxury_Name_2	LicenseSeason_Luxury_Info_2	set:game_activity_lobby.json image:btn_0_soulstone_pass	set:bedwar_licensereward.json image:display_image1	5#10#15#20#25#30#35#40#45#50#55#60#65#70#75#80#85#90#95#100#105#110#115#120#125#130#135#140#145#150#155#160#165#170#175#180#185#190#195#200	suit_wood_05.actor	DressSetting_name_6010005	3000	240	180	60	240	-5	140	show	idle	g1008_haojiaorukou_10.effect	set:bed_war_3_indie_main.json image:img_0_shop	5010017#5010013#5010015#5010016
32	2023,04,01,08,00,00	2023,05,01,07,59,59	set:bedwar_licensereward.json image:buy_license	set:game_activity_lobby.json image:btn_0_horn_32	2023,04,01,08,00,00	2023,05,01,07,59,59	20	288	688	2011	2002	100108	1000008	100111	300	50000	11500	32	LicenseSeason_License_Name_1	LicenseSeason_License_Info_1	LicenseSeason_Luxury_Name_2	LicenseSeason_Luxury_Info_2	set:game_activity_lobby.json image:btn_0_soulstone_pass	set:bedwar_licensereward.json image:display_image1	5#10#15#20#25#30#35#40#45#50#55#60#65#70#75#80#85#90#95#100#105#110#115#120#125#130#135#140#145#150#155#160#165#170#175#180#185#190#195#200	g1008_pet_61.actor	CustomShopGoods_Name_3061	2988	300	120	60	270	-5	80	show	taunt	g1008_haojiaorukou_10.effect	set:bed_war_3_indie_main.json image:img_0_shop	5010017#5010013#5010015#5010016
33	2023,05,01,08,00,00	2023,06,01,07,59,59	set:bedwar_licensereward.json image:buy_license	set:game_activity_lobby.json image:btn_0_horn_33	2023,05,01,08,00,00	2023,06,01,07,59,59	20	288	688	2011	2002	100108	1000008	100111	300	50000	11500	33	LicenseSeason_License_Name_1	LicenseSeason_License_Info_1	LicenseSeason_Luxury_Name_2	LicenseSeason_Luxury_Info_2	set:game_activity_lobby.json image:btn_0_soulstone_pass	set:bedwar_licensereward.json image:display_image1	5#10#15#20#25#30#35#40#45#50#55#60#65#70#75#80#85#90#95#100#105#110#115#120#125#130#135#140#145#150#155#160#165#170#175#180#185#190#195#200	g1008_pet_60.actor	CustomShopGoods_Name_3060	2988	300	120	60	270	-5	80	show	taunt	g1008_haojiaorukou_10.effect	set:bed_war_3_indie_main.json image:img_0_shop	5010017#5010013#5010015#5010016
34	2023,06,01,08,00,00	2023,07,01,07,59,59	set:bedwar_licensereward.json image:buy_license	set:game_activity_lobby.json image:btn_0_horn_34	2023,06,01,08,00,00	2023,07,01,07,59,59	20	288	688	2011	2002	100108	1000008	100111	300	50000	11500	34	LicenseSeason_License_Name_1	LicenseSeason_License_Info_1	LicenseSeason_Luxury_Name_2	LicenseSeason_Luxury_Info_2	set:game_activity_lobby.json image:btn_0_soulstone_pass	set:bedwar_licensereward.json image:display_image1	5#10#15#20#25#30#35#40#45#50#55#60#65#70#75#80#85#90#95#100#105#110#115#120#125#130#135#140#145#150#155#160#165#170#175#180#185#190#195#200	g1008_pet_62.actor	CustomShopGoods_Name_3062	3888	300	120	60	270	-5	80	show	taunt	g1008_haojiaorukou_10.effect	set:bed_war_3_indie_main.json image:img_0_shop	5010017#5010013#5010015#5010016
35	2023,07,01,08,00,00	2023,08,01,07,59,59	set:bedwar_licensereward.json image:buy_license	set:game_activity_lobby.json image:btn_0_horn_35	2023,07,01,08,00,00	2023,08,01,07,59,59	20	288	688	2011	2002	100108	1000008	100111	300	50000	11500	35	LicenseSeason_License_Name_1	LicenseSeason_License_Info_1	LicenseSeason_Luxury_Name_2	LicenseSeason_Luxury_Info_2	set:game_activity_lobby.json image:btn_0_soulstone_pass	set:bedwar_licensereward.json image:display_image1	5#10#15#20#25#30#35#40#45#50#55#60#65#70#75#80#85#90#95#100#105#110#115#120#125#130#135#140#145#150#155#160#165#170#175#180#185#190#195#200	g1008_pet_67.actor	CustomShopGoods_Name_3067	2988	300	120	60	270	-5	80	show	taunt	g1008_haojiaorukou_10.effect	set:bed_war_3_indie_main.json image:img_0_shop	5010017#5010013#5010015#5010016
36	2023,08,01,08,00,00	2023,09,01,07,59,59	set:bedwar_licensereward.json image:buy_license	set:game_activity_lobby.json image:btn_0_horn_36	2023,08,01,08,00,00	2023,09,01,07,59,59	20	288	688	2011	2002	100108	1000008	100111	300	50000	11500	36	LicenseSeason_License_Name_1	LicenseSeason_License_Info_1	LicenseSeason_Luxury_Name_2	LicenseSeason_Luxury_Info_2	set:game_activity_lobby.json image:btn_0_horn_36_battle	set:bedwar_licensereward.json image:display_image1	5#10#15#20#25#30#35#40#45#50#55#60#65#70#75#80#85#90#95#100#105#110#115#120#125#130#135#140#145#150#155#160#165#170#175#180#185#190#195#200	g1008_pet_70.actor	CustomShopGoods_Name_3070	2988	300	120	60	270	-5	80	show	taunt	g1008_haojiaorukou_10.effect	set:bed_war_3_indie_main.json image:img_0_shop	5010017#5010013#5010015#5010016
37	2023,09,01,08,00,00	2023,10,01,07,59,59	set:bedwar_licensereward.json image:buy_license	set:game_activity_lobby.json image:btn_0_horn_37	2023,09,01,08,00,00	2023,10,01,07,59,59	20	288	688	2011	2002	100108	1000008	100111	300	50000	11500	37	LicenseSeason_License_Name_1	LicenseSeason_License_Info_1	LicenseSeason_Luxury_Name_2	LicenseSeason_Luxury_Info_2	set:game_activity_lobby.json image:btn_0_horn_37_battle	set:bedwar_licensereward.json image:display_image1	5#10#15#20#25#30#35#40#45#50#55#60#65#70#75#80#85#90#95#100#105#110#115#120#125#130#135#140#145#150#155#160#165#170#175#180#185#190#195#200	g1008_pet_74.actor	CustomShopGoods_Name_3074	2988	300	120	60	270	-5	80	show	taunt	g1008_haojiaorukou_10.effect	set:bed_war_3_indie_main.json image:img_0_shop	5010017#5010013#5010015#5010016
38	2023,10,01,08,00,00	2023,11,01,07,59,59	set:bedwar_licensereward.json image:buy_license	set:game_activity_lobby.json image:btn_0_horn_38	2023,10,01,08,00,00	2023,11,01,07,59,59	20	288	688	2011	2002	100108	1000008	100111	300	50000	11500	38	LicenseSeason_License_Name_1	LicenseSeason_License_Info_1	LicenseSeason_Luxury_Name_2	LicenseSeason_Luxury_Info_2	set:game_activity_lobby.json image:btn_0_horn_38_battle	set:bedwar_licensereward.json image:display_image1	5#10#15#20#25#30#35#40#45#50#55#60#65#70#75#80#85#90#95#100#105#110#115#120#125#130#135#140#145#150#155#160#165#170#175#180#185#190#195#200	g1008_pet_68.actor	CustomShopGoods_Name_3068	2988	300	120	60	270	-5	80	show	taunt	g1008_haojiaorukou_10.effect	set:bed_war_3_indie_main.json image:img_0_shop	5010017#5010013#5010015#5010016
39	2023,11,01,08,00,00	2023,12,01,07,59,59	set:bedwar_licensereward.json image:buy_license	set:game_activity_lobby.json image:btn_0_horn_39	2023,11,01,08,00,00	2023,12,01,07,59,59	20	288	688	2011	2002	100108	1000008	100111	50001	50000	11500	39	LicenseSeason_License_Name_1	LicenseSeason_License_Info_1	LicenseSeason_Luxury_Name_2	LicenseSeason_Luxury_Info_2	set:game_activity_lobby.json image:btn_0_horn_39_battle	set:bedwar_licensereward.json image:display_image1	5#10#15#20#25#30#35#40#45#50#55#60#65#70#75#80#85#90#95#100#105#110#115#120#125#130#135#140#145#150#155#160#165#170#175#180#185#190#195#200	g1008_pet_78.actor	CustomShopGoods_Name_3078	2988	300	120	60	270	-5	80	show	taunt	g1008_haojiaorukou_10.effect	set:bed_war_3_indie_main.json image:img_0_shop	5010017#5010013#5010015#5010016
40	2023,12,01,08,00,00	2024,01,01,07,59,59	set:bedwar_licensereward.json image:buy_license	set:game_activity_lobby.json image:btn_0_horn_40	2023,12,01,08,00,00	2024,01,01,07,59,59	20	288	999	2011	2002	100108	1000008	100111	3079#4013#7096#50001	50000	11500	40	LicenseSeason_License_Name_1	LicenseSeason_License_Info_1	LicenseSeason_Luxury_Name_2	LicenseSeason_Luxury_Info_2	set:game_activity_lobby.json image:btn_0_horn_40_battle	set:bedwar_licensereward.json image:display_image1	5#10#15#20#25#30#35#40#45#50#55#60#65#70#75#80#85#90#95#100#105#110#115#120#125#130#135#140#145#150#155#160#165#170#175#180#185#190#195#200	g1008_pet_79_1.actor	CustomShopGoods_Name_3080	2988	300	120	60	270	-5	80	show	taunt	g1008_haojiaorukou_10.effect	set:bed_war_3_indie_main.json image:img_0_shop	5010017#5010013#5010015#5010016
41	2024,01,01,08,00,00	2024,02,01,07,59,59	set:bedwar_licensereward.json image:buy_license	set:game_activity_lobby.json image:btn_0_horn_41	2024,01,01,08,00,00	2024,02,01,07,59,59	20	288	688	2011	2002	100108	1000008	100111	4015#50001	50000	11500	41	LicenseSeason_License_Name_1	LicenseSeason_License_Info_1	LicenseSeason_Luxury_Name_2	LicenseSeason_Luxury_Info_2	set:game_activity_lobby.json image:btn_0_horn_41_battle	set:bedwar_licensereward.json image:display_image1	5#10#15#20#25#30#35#40#45#50#55#60#65#70#75#80#85#90#95#100#105#110#115#120#125#130#135#140#145#150#155#160#165#170#175#180#185#190#195#200	g1008_pet_81.actor	CustomShopGoods_Name_3081	2988	300	120	60	270	-5	80	show	taunt	g1008_haojiaorukou_10.effect	set:bed_war_3_indie_main.json image:img_0_shop	5010017#5010013#5010015#5010016
42	2024,02,01,08,00,00	2024,03,01,07,59,59	set:bedwar_licensereward.json image:buy_license	set:game_activity_lobby.json image:btn_0_horn_42	2024,02,01,08,00,00	2024,03,01,07,59,59	20	288	688	2011	2002	100108	1000008	100111	50001	50000	11500	42	LicenseSeason_License_Name_1	LicenseSeason_License_Info_1	LicenseSeason_Luxury_Name_2	LicenseSeason_Luxury_Info_2	set:game_activity_lobby.json image:btn_0_horn_42_battle	set:bedwar_licensereward.json image:display_image1	5#10#15#20#25#30#35#40#45#50#55#60#65#70#75#80#85#90#95#100#105#110#115#120#125#130#135#140#145#150#155#160#165#170#175#180#185#190#195#200	g1008_pet_82.actor	CustomShopGoods_Name_3082	2988	300	120	60	270	-5	80	show	idle	g1008_haojiaorukou_10.effect	set:bed_war_3_indie_main.json image:img_0_shop	5010017#5010013#5010015#5010016
43	2024,03,01,08,00,00	2024,04,01,07,59,59	set:bedwar_licensereward.json image:buy_license	set:game_activity_lobby.json image:btn_0_horn_43	2024,03,01,08,00,00	2024,04,01,07,59,59	20	288	688	2011	2002	100108	1000008	100111	50001	50000	11500	43	LicenseSeason_License_Name_1	LicenseSeason_License_Info_1	LicenseSeason_Luxury_Name_2	LicenseSeason_Luxury_Info_2	set:game_activity_lobby.json image:btn_0_horn_43_battle	set:bedwar_licensereward.json image:display_image1	5#10#15#20#25#30#35#40#45#50#55#60#65#70#75#80#85#90#95#100#105#110#115#120#125#130#135#140#145#150#155#160#165#170#175#180#185#190#195#200	g1008_pet_83.actor	CustomShopGoods_Name_3083	2988	300	120	60	270	-5	80	show	idle	g1008_haojiaorukou_10.effect	set:bed_war_3_indie_main.json image:img_0_shop	5010017#5010013#5010015#5010016
44	2024,04,01,08,00,00	2024,05,01,07,59,59	set:bedwar_licensereward.json image:buy_license	set:game_activity_lobby.json image:btn_0_horn_44	2024,04,01,08,00,00	2024,05,01,07,59,59	20	288	688	2011	2002	100108	1000008	100111	50001	50000	11500	44	LicenseSeason_License_Name_1	LicenseSeason_License_Info_1	LicenseSeason_Luxury_Name_2	LicenseSeason_Luxury_Info_2	set:game_activity_lobby.json image:btn_0_horn_44_battle	set:bedwar_licensereward.json image:display_image1	5#10#15#20#25#30#35#40#45#50#55#60#65#70#75#80#85#90#95#100#105#110#115#120#125#130#135#140#145#150#155#160#165#170#175#180#185#190#195#200	g1008_pet_84.actor	CustomShopGoods_Name_3084	2988	300	120	60	270	-5	80	show	idle	g1008_haojiaorukou_10.effect	set:bed_war_3_indie_main.json image:img_0_shop	5010017#5010013#5010015#5010016
45	2024,05,01,08,00,00	2024,06,01,07,59,59	set:bedwar_licensereward.json image:buy_license	set:game_activity_lobby.json image:btn_0_horn_45	2024,05,01,08,00,00	2024,06,01,07,59,59	20	288	688	2011	2002	100108	1000008	100111	50001	50000	11500	45	LicenseSeason_License_Name_1	LicenseSeason_License_Info_1	LicenseSeason_Luxury_Name_2	LicenseSeason_Luxury_Info_2	set:game_activity_lobby.json image:btn_0_horn_45_battle	set:bedwar_licensereward.json image:display_image1	5#10#15#20#25#30#35#40#45#50#55#60#65#70#75#80#85#90#95#100#105#110#115#120#125#130#135#140#145#150#155#160#165#170#175#180#185#190#195#200	g1008_pet_85.actor	CustomShopGoods_Name_3085	2988	300	120	60	270	-5	80	show	idle	g1008_haojiaorukou_10.effect	set:bed_war_3_indie_main.json image:img_0_shop	5010017#5010013#5010015#5010016
46	2024,06,01,08,00,00	2024,07,01,07,59,59	set:bedwar_licensereward.json image:buy_license	set:game_activity_lobby.json image:btn_0_horn_46	2024,06,01,08,00,00	2024,07,01,07,59,59	20	288	688	2011	2002	100108	1000008	100111	50001	50000	11500	46	LicenseSeason_License_Name_1	LicenseSeason_License_Info_1	LicenseSeason_Luxury_Name_2	LicenseSeason_Luxury_Info_2	set:game_activity_lobby.json image:btn_0_horn_46_battle	set:bedwar_licensereward.json image:display_image1	5#10#15#20#25#30#35#40#45#50#55#60#65#70#75#80#85#90#95#100#105#110#115#120#125#130#135#140#145#150#155#160#165#170#175#180#185#190#195#200	g1008_pet_86.actor	CustomShopGoods_Name_3086	3888	300	120	60	270	-5	80	show	idle	g1008_haojiaorukou_10.effect	set:bed_war_3_indie_main.json image:img_0_shop	5010017#5010013#5010015#5010016
47	2024,07,01,08,00,00	2024,08,01,07,59,59	set:bedwar_licensereward.json image:buy_license	set:game_activity_lobby.json image:btn_0_horn_47	2024,07,01,08,00,00	2024,08,01,07,59,59	20	288	688	2011	2002	100108	1000008	100111	50001	50000	11500	47	LicenseSeason_License_Name_1	LicenseSeason_License_Info_1	LicenseSeason_Luxury_Name_2	LicenseSeason_Luxury_Info_2	set:game_activity_lobby.json image:btn_0_horn_47_battle	set:bedwar_licensereward.json image:display_image1	5#10#15#20#25#30#35#40#45#50#55#60#65#70#75#80#85#90#95#100#105#110#115#120#125#130#135#140#145#150#155#160#165#170#175#180#185#190#195#200	g1008_pet_88.actor	CustomShopGoods_Name_3088	3888	300	120	60	270	-5	80	show	idle	g1008_haojiaorukou_10.effect	set:bed_war_3_indie_main.json image:img_0_shop	5010017#5010013#5010015#5010016
