{
    "frames": {
        "slot": {
            "frame": {
                "y": 0, 
                "x": 318, 
                "w": 62, 
                "h": 62
            }, 
            "sourceSize": {
                "h": 62, 
                "w": 62
            }, 
            "offset": {
                "y": 0, 
                "x": 0, 
                "w": 62, 
                "h": 62
            }
        }, 
        "bg": {
            "frame": {
                "y": 0, 
                "x": 0, 
                "w": 256, 
                "h": 77
            }, 
            "sourceSize": {
                "h": 77, 
                "w": 256
            }, 
            "offset": {
                "y": 0, 
                "x": 0, 
                "w": 256, 
                "h": 77
            }
        }, 
        "select": {
            "frame": {
                "y": 0, 
                "x": 256, 
                "w": 62, 
                "h": 62
            }, 
            "sourceSize": {
                "h": 62, 
                "w": 62
            }, 
            "offset": {
                "y": 0, 
                "x": 0, 
                "w": 62, 
                "h": 62
            }
        }
    }, 
    "meta": {
        "scale": "1", 
        "format": "RGBA8888", 
        "app": "https://www.codeandweb.com/texturepacker", 
        "version": "1.0", 
        "type": "frame", 
        "image": "pixel_gun_item_slot.png", 
        "size": {
            "h": 77, 
            "w": 380
        }
    }
}