id	mainShowImage	uiJson	rewardGroupId	priceGroupId	valueGroupId	ticketTipType	ticketTipParam	limit	bgColor	topColor	bottomColor	effectColor	exchangeStoreGroup		Unnamed: 8			
活动ID	展示的大图	ui文件	奖励组	价格组	幸运值组	券缺少时类型（传送：1）	券缺少时参数	抽奖次数限制	背景颜色	上半部分颜色	下半部分颜色	特效颜色	兑换商店商品组					
id	mainShowImage	uiJson	rewardGroupId	priceGroupId	valueGroupId	ticketTipType	ticketTipParam	limit	bgColor	topColor	bottomColor	effectColor	exchangeStoreGroup					
901	set:game_activity_luck_3.json image:img_0_events_map03	#	901	1	1	0	#	-1	#	#	#	#	0		活动类型			
902	set:game_activity_luck_4.json image:img_0_events_map04	#	902	2	2	0	#	-1	#	#	#	#	0		活动类型			
905	set:game_activity_luck_5.json image:img_0_events_map05	#	903	3	3	1	246.02	28.62	#	#	#	#	0		1656.75	-95	100	活动类型
907	set:game_activity_luck_7.json image:bg	GameLuckyTurntablePanel3.json	907	1	1	0	#	-1	#	#	#	#	0		活动类型			
908	set:game_activity_luck_6.json image:bg	GameLuckyTurntablePanel4.json	908	2	1	0	#	-1	#	#	#	#	0		活动类型			
909	set:game_activity_luck_9.json image:game_activity_luck_9	GameLuckyTurntablePanel3.json	909	1	4	0	#	-1	59#48#96#255	24#26#80#255	119#62#133#255	211#59#195#255	0		活动类型			
910	set:game_activity_luck_10.json image:game_activity_luck_10	GameLuckyTurntablePanel4.json	910	2	2	0	#	-1	66#53#81#255	 41#25#41#255	82#69#114#255	93#89#218#255	0		活动类型			
912	set:game_activity_luck_12.json image:game_activity_luck_12 	GameLuckyTurntablePanel3.json	912	1	2	0	#	-1	59#48#96#255	24#26#80#255	119#62#133#255	211#59#195#255	0		活动类型			
914	set:game_activity_luck_14.json image:game_activity_luck_14	GameLuckyTurntablePanel3.json	914	1	2	0	#	-1	82#21#19#255	65#23#40#255	114#56#44#255	175#52#23#255	0		活动类型			
915	set:game_activity_luck_15.json image:game_activity_luck_15	GameLuckyTurntablePanel3.json	915	1	2	0	#	-1	118#82#57#255	118#82#57#255	118#82#57#255	222#199#91#255	0		活动类型			
916	set:ActivityLayout_68.json image:bg	GameLuckyTurntablePanel4.json	916	2	2	0	#	-1	103#177#205#255	12#80#118#255	116#193#216#255	183#240#252#255	0		活动类型			
917	set:ActivityLayout_67.json image:bg	GameLuckyTurntablePanel4.json	917	1	2	0	#	-1	82#21#19#255	65#23#40#255	114#56#44#255	175#52#23#255	1		活动类型			
918	set:game_activity_luck_16.json image:game_activity_luck_16	GameLuckyTurntablePanel4.json	918	1	2	0	#	-1	41#75#153#255	23#39#79#255	48#116#179#255	99#223#237#255	1		活动类型			
919	set:game_activity_luck_17.json image:game_activity_luck_17	GameLuckyTurntablePanel4.json	919	2	2	0	#	-1	103#177#205#255	12#80#118#255	116#193#216#255	183#240#252#255	0		活动类型			
921	set:game_activity_luck_7.json image:bg	GameLuckyTurntablePanel4.json	921	1	2	0	#	-1	59#48#96#255	24#26#80#255	119#62#133#255	211#59#195#255	1		活动类型			
922	set:game_activity_luck_18.json image:game_activity_luck_18	GameLuckyTurntablePanel3.json	922	1	2	0	#	-1	48#60#74#255	36#40#60#255	70#58#66#255	108#71#67#255	2		活动类型			
923	set:game_activity_luck_20.json image:game_activity_luck_20	GameLuckyTurntablePanel4.json	923	2	2	0	#	-1	45#57#94#255	28#27#64#255	83#70#150#255	72#156#197#255	0		活动类型			
924	set:game_activity_luck_19.json image:game_activity_luck_19	GameLuckyTurntablePanel3.json	924	3	2	0	#	-1	28#40#64#255	35#30#59#255	66#92#131#255	152#107#155#255	2		活动类型			
925	set:game_activity_luck_21.json image:game_activity_luck_21	GameLuckyTurntablePanel3.json	925	3	2	0	#	-1	49#15#10#255	16#7#5#255	97#41#27#255	204#103#41#255	3		活动类型			
926	set:game_activity_luck_22.json image:game_activity_luck_22	GameLuckyTurntablePanel3.json	926	3	2	0	#	-1	209#150#255#255	25#0#60#255	25#25#112#255	72#37#137#255	3		活动类型			
927	set:game_activity_luck_23.json image:game_activity_luck_23	GameLuckyTurntablePanel3.json	927	3	2	0	#	-1	118#82#57#255	118#82#57#255	118#82#57#255	222#199#91#255	3		金恶魔			
929	set:game_activity_luck_24.json image:game_activity_luck_24	GameLuckyTurntablePanel3.json	929	1	2	0	#	-1	82#21#19#255	65#23#40#255	114#56#44#255	175#52#23#255	1		黑崎一护			
930	set:game_activity_luck_25.json image:game_activity_luck_25	GameLuckyTurntablePanel3.json	930	1	2	0	#	-1	49#15#10#255	16#7#5#255	97#41#27#255	204#103#41#255	1		天使			
931	set:game_activity_luck_26.json image:game_activity_luck_26	GameLuckyTurntablePanel3.json	931	1	2	0	#	-1	59#48#96#255	24#26#80#255	119#62#133#255	211#59#195#255	1		魔龙			
932	set:game_activity_luck_27.json image:game_activity_luck_27	GameLuckyTurntablePanel4.json	932	2	2	0	#	-1	89#2#15#255	29#1#2#255	136#10#25#255	255#64#82#255	0		剪刀钥匙抽奖			
933	set:game_activity_luck_28.json image:game_activity_luck_28	GameLuckyTurntablePanel4.json	933	1	2	0	#	-1	82#21#19#255	65#23#40#255	114#56#44#255	175#52#23#255	2		烈焰马坐骑			
934	set:game_activity_luck_29.json image:game_activity_luck_29	GameLuckyTurntablePanel4.json	934	1	2	0	#	-1	103#177#205#255	12#80#118#255	116#193#216#255	183#240#252#255	3		龙狐			
935	set:game_activity_luck_30.json image:game_activity_luck_30	GameLuckyTurntablePanel4.json	935	1	2	0	#	-1	41#75#153#255	23#39#79#255	48#116#179#255	99#223#237#255	4		兔子			
936	set:game_activity_luck_31.json image:game_activity_luck_31	GameLuckyTurntablePanel3.json	936	1	2	0	#	-1	59#48#96#255	24#26#80#255	119#62#133#255	211#59#195#255	4		獠牙			
937	set:game_activity_luck_32.json image:game_activity_luck_32	GameLuckyTurntablePanel4.json	937	2	2	0	#	-1	82#21#19#255	65#23#40#255	114#56#44#255	175#52#23#255	0		宠物钥匙抽奖			
938	set:game_activity_luck_33.json image:game_activity_luck_33	GameLuckyTurntablePanel4.json	938	1	2	0	#	-1	103#177#205#255	12#80#118#255	116#193#216#255	183#240#252#255	4		宫庭骑士抽奖			
939	set:game_activity_luck_34.json image:game_activity_luck_34	GameLuckyTurntablePanel3.json	939	1	2	0	#	-1	82#21#19#255	65#23#40#255	114#56#44#255	175#52#23#255	3		骨龙坐骑			
940	set:game_activity_luck_34.json image:game_activity_luck_34	GameLuckyTurntablePanel5.json	940	1	2	0	#	-1	82#21#19#255	65#23#40#255	114#56#44#255	175#52#23#255	5		武士铠甲大抽奖			
941	set:game_activity_luck_35.json image:game_activity_luck_35	GameLuckyTurntablePanel4.json	941	1	2	0	#	-1	82#21#19#255	65#23#40#255	114#56#44#255	175#52#23#255	4		圣诞摩托			
942	set:game_activity_luck_36.json image:game_activity_luck_36	GameLuckyTurntablePanel4.json	942	1	5	0	#	-1	59#48#96#255	24#26#80#255	119#62#133#255	211#59#195#255	6		赛博铠甲			
943	set:game_activity_luck_37.json image:game_activity_luck_37	GameLuckyTurntablePanel4.json	943	1	5	0	#	-1	118#82#57#255	118#82#57#255	118#82#57#255	222#199#91#255	7		斋月铠甲			
944	set:game_activity_luck_38.json image:game_activity_luck_38	GameLuckyTurntablePanel4.json	944	2	6	0	#	-1	103#177#205#255	12#80#118#255	116#193#216#255	183#240#252#255	0		斧头钥匙抽奖			
945	set:game_activity_luck_39.json image:game_activity_luck_39	GameLuckyTurntablePanel4.json	945	1	5	0	#	-1	32#47#39#255	8#16#13#255	45#89#56#255	54#183#54#255	8		洛基铠甲			
946	set:game_activity_luck_40.json image:game_activity_luck_40	GameLuckyTurntablePanel4.json	946	1	5	0	#	-1	118#82#57#255	118#82#57#255	118#82#57#255	222#199#91#255	9		奥丁铠甲			
947	set:game_activity_luck_41.json image:game_activity_luck_41	GameLuckyTurntablePanel4.json	947	1	5	0	#	-1	103#177#205#255	12#80#118#255	116#193#216#255	183#240#252#255	9		妖狐铠甲			
948	set:game_activity_luck_42.json image:game_activity_luck_42	GameLuckyTurntablePanel4.json	948	1	5	0	#	-1	48#60#74#255	36#40#60#255	70#58#66#255	108#71#67#255	9		活动类型			
949	set:game_activity_luck_43.json image:game_activity_luck_43	GameLuckyTurntablePanel4.json	949	1	5	0	#	-1	41#75#153#255	23#39#79#255	48#116#179#255	99#223#237#255	9		海龙铠甲			
