id	groupId	groupSeq	moneyType	price	ticketType	ticketPrice	times	priceLang	discountPrice	discountType	discountCycle	uniqueId	tipLang
序号	价格组id	组内序号	货币类型（魔方1，钥匙5）	价格	代金券ID	价格	抽取次数	价格多语言	折扣	折扣类型	折扣周期（秒）	订单ID	按钮上方提示多语言
id	groupId	groupSeq	moneyType	price	ticketType	ticketPrice	times	priceLang	discountPrice	discountType	discountCycle	uniqueId	tipLang
9061	1	1	1	30	907	1	1	lucky.lottery.turn1	15	1	86400	990111	#
9062	1	2	1	300	907	10	11	lucky.lottery.turn10	300	0	0	990112	lucky.lottery.desc
9071	2	1	5	20	908	1	1	lucky.lottery.turn1	10	1	86400	990211	#
9072	2	2	5	200	908	10	11	lucky.lottery.turn10	200	0	0	990212	#
9081	3	1	1	20	907	1	1	lucky.lottery.turn1	10	1	86400	990111	#
9082	3	2	1	200	907	10	11	lucky.lottery.turn10	200	0	0	990112	lucky.lottery.desc
9083	4	1	1	20	907	1	1	lucky.lottery.turn1	10	1	86400	990111	#
9084	4	2	1	200	907	10	11	lucky.lottery.turn10	200	0	0	990112	lucky.lottery.desc
