id	sort	activityId	currency	price	icon	lang	rewardId	limitCount	uniqueId
礼包lid	排序	活动id	货币 (1金魔方)	价格	图标	多语言	奖励组	限购次数	订单id
id	sort	activityId	currency	price	icon	lang	rewardId	limitCount	uniqueId
94501	1	945	1	199	set:bed_war_3_icon.json image:img_0_icon_lucky_128	CommonActivityMoney_94501	12210	1	94501
94601	1	946	1	199	set:bed_war_3_icon.json image:img_0_icon_lucky_128	CommonActivityMoney_94501	12210	1	94601
94701	1	947	1	199	set:bed_war_3_icon.json image:img_0_icon_lucky_128	CommonActivityMoney_94501	12210	1	94601
94801	1	948	1	199	set:bed_war_3_icon.json image:img_0_icon_lucky_128	CommonActivityMoney_94501	12210	1	94601
94901	1	949	1	199	set:bed_war_3_icon.json image:img_0_icon_lucky_128	CommonActivityMoney_94501	12210	1	94601
