模型Id	模型名称	初始位置x	初始位置y	初始位置z	落地点位置x	落地点位置y	落地点位置z	Unnamed: 8	Unnamed: 9
Id	ActorName	ActorBeginPosX	ActorBeginPosY	ActorBeginPosZ	FallOnPosX	FallOnPosY	FallOnPosZ		
1	g1008_wsj_cj_model_cannon01.mesh	416.5	51.5	57.5	450.5	51.5	55.5		沙漠大炮
2	g1008_wsj_cj_model_cannon01.mesh	500.5	51.5	59.5	467.5	50.5	61.5		沙漠大炮
3	g1008_wsj_cj_model_cannon01.mesh	500.5	51.5	26.5	471.5	50.5	48.5		沙漠大炮
4	g1008_wsj_cj_model_cannon01.mesh	490.5	51.5	100.5	469.5	50.5	69.5		沙漠大炮
5	g1008_wsj_cj_model_cannon01.mesh	416.5	51.5	90.5	447.5	50.5	70.5		沙漠大炮
6	g1008_wsj_cj_model_cannon01.mesh	426.5	51.5	16.5	447.5	51.5	46.5		沙漠大炮
7	g1008_wsj_cj_model_cannon01.mesh	451.5	52.5	9.5	449.5	51.5	52.5		沙漠大炮
8	g1008_wsj_cj_model_cannon01.mesh	462.5	52.5	7.5	462.5	50.5	51.5		沙漠大炮
9	g1008_wsj_cj_model_cannon01.mesh	465.5	52.5	107.5	462.5	51.5	65.5		沙漠大炮
10	g1008_wsj_cj_model_cannon01.mesh	454.5	52.5	109.5	455.5	51.5	66.5		沙漠大炮
11	g1008_wsj_cj_model_cannon01.mesh	5145.5	80.5	86.5	5105.5	80.5	86.5		气球大炮
12	g1008_wsj_cj_model_cannon01.mesh	5086.5	80.5	27.5	5086.5	80.5	67.5		气球大炮
13	g1008_wsj_cj_model_cannon01.mesh	5027.5	80.5	86.5	5067.5	80.5	86.5		气球大炮
14	g1008_wsj_cj_model_cannon01.mesh	5086.5	80.5	145.5	5086.5	80.5	105.5		气球大炮
15	g1008_wsj_cj_model_cannon01.mesh	5123.5	81.5	123.5	5097.5	85.5	97.5		气球大炮
16	g1008_wsj_cj_model_cannon01.mesh	5049.5	81.5	49.5	5074.5	85.5	77.5		气球大炮
17	g1008_wsj_cj_model_cannon01.mesh	5127.5	79.5	59.5	5097.5	81.5	86.5		气球大炮
18	g1008_wsj_cj_model_cannon01.mesh	5113.5	79.5	45.5	5086.5	81.5	76.5		气球大炮
19	g1008_wsj_cj_model_cannon01.mesh	5045.5	79.5	113.5	5076.5	81.5	86.5		气球大炮
20	g1008_wsj_cj_model_cannon01.mesh	7312.5	80.5	84.5	7285.5	80.5	58.5		气球大炮
21	g1008_wsj_cj_model_cannon01.mesh	5059.5	79.5	127.5	5081.5	81.5	96.5		气球大炮
22	g1008_wsj_cj_model_cannon01.mesh	7312.5	80.5	29.5	7285.5	80.5	56.5		现代大炮
23	g1008_wsj_cj_model_cannon01.mesh	7226.5	80.5	30.5	7253.5	80.5	56.5		现代大炮
24	g1008_wsj_cj_model_cannon01.mesh	7226.5	80.5	85.5	7253.5	80.5	58.5		现代大炮
25	g1008_wsj_cj_model_cannon01.mesh	7229.5	80.5	51.5	7261.5	80.5	53.5		现代大炮
26	g1008_wsj_cj_model_cannon01.mesh	7229.5	80.5	65.5	7261.5	80.5	61.5		现代大炮
27	g1008_wsj_cj_model_cannon01.mesh	7309.5	80.5	63.5	7278.5	80.5	61.5		现代大炮
28	g1008_wsj_cj_model_cannon01.mesh	7309.5	80.5	49.5	7278.5	80.5	53.5		现代大炮
