Index(读表用)	标签ID（对应StoreGoods表）	排序	商店ID	标签多语言	开启时间	关闭时间	标签图标( 老UI专用)	标签背景(新UI专用)	商品列数(新UI专用)	显示类型	Unnamed: 4	Unnamed: 5	Unnamed: 6	Unnamed: 11
Index	Id	Sort	StoreId	Lang	OpenDate	CloseDate	Icon	Bg	Column	ShowType				
1	1	1	1	bed_war_commodity_page7	#	#	set:bed_war_store.json image:ic_arm	#	0	1			StoreId	
2	2	2	1	bed_war_commodity_page4	#	#	set:bed_war_store.json image:ic_block	#	0	1			1：物品商店	
3	3	3	1	bed_war_commodity_page5	#	#	set:bed_war_store.json image:ic_other	#	0	1			2：升级商店	
8	7	5	3	gui.shop.tab.others	#	#	set:bed_war_store.json image:ic_other	set:bed_war_3_store.json image:chb_0_tool	3	1			3：商品商店	
9	8	4	3	shop_key	#	#	set:bed_war_store.json image:ic_other	set:bed_war_3_store.json image:chb_0_other	3	1			4：大厅魔方商店	
10	9	6	3	shop_privilege	#	#	set:bed_war_store.json image:ic_other	set:bed_war_3_store.json image:chb_0_privilige	0	4				
11	10	2	4	gui.shop.tab.others	#	#	set:bed_war_store.json image:ic_other	set:bed_war_3_store.json image:chb_0_tool	3	1		道具商店		道具
12	11	1	4	shop_key	#	#	set:bed_war_store.json image:ic_other	set:bed_war_3_store.json image:chb_0_other	3	1		钥匙商店		钥匙
13	12	4	4	bed_war_NewStore_page4	#	#	set:bed_war_store.json image:ic_other	set:bed_war_3_store.json image:chb_0_freegift	2	1		游戏特权		特权
14	13	3	4	shop_privilege	#	#	set:bed_war_store.json image:ic_other	set:bed_war_3_store.json image:chb_0_privilige	0	4				
15	15	1	3	bed.war.store.week_limit	2023-01-28-08-00-00	2023-06-17-07-59-59	set:bed_war_store.json image:ic_other	set:bed_war_3_store.json image:btn_0_gift_week	1	2				
16	16	2	3	bed.war.store.month_limit	2023-01-28-08-00-00	2023-06-17-07-59-59	set:bed_war_store.json image:ic_other	set:bed_war_3_store.json image:btn_0_gift_month	1	2				
17	17	3	3	ber_war_store_month_card	#	#	set:bed_war_store.json image:ic_other	set:bed_war_3_store.json image:btn_0_month_card	0	3				
18	18	7	3	common.activity.tab.2301	#	#	set:bed_war_store.json image:ic_other	set:bed_war_3_store.json image:btn_0_activity_merchant 	0	5				
19	19	6	2	bed_war_commodity_page8	#	#	#	#	0	1			3：商品商店	
