Id	预览挂点名	预览Mash	缩放	Y坐标	预览动作	真实物品ItemId	装扮ItemId	若不为0则展示detailld	脸部是否隐藏（1隐藏，0不隐藏）	Unnamed: 10
Id	PartName	MeshName	WidthScale	YPos	Action	OldItemId	ItemId	ShowDetailId	IsHideFace	
1010001	gun	g1008_sword_01.mesh	1.7	-20	g1008_show_sword	268	2077	0	0	勇士木剑
1010002	gun	g1008_sword_02.mesh	1.7	-15	g1008_show_sword	268	2078	0	0	流浪者之剑
1010003	gun	g1008_sword_03.mesh	1.6	-20	g1008_show_sword	268	2079	0	0	毒刺木剑
1010004	gun	g1008_sword_13.mesh	1.7	-20	g1008_show_sword	268	2089	0	0	红缎带木剑
1010005	gun	g1008_sword_14.mesh	1.7	-20	g1008_show_sword	268	2090	0	0	鲨鱼之刃
1010006	gun	g1008_sword_15.mesh	1.7	-20	g1008_show_sword	268	2091	0	0	刺客木刃
1010007	gun	g1008_sword_22.mesh	1.75	-20	g1008_show_sword	268	2282	0	0	剑鱼
1010008	gun	g1008_sword_35.mesh	1.7	-20	g1008_show_sword	268	3900	0	0	姜饼
1010009	gun	g1008_sword_36.mesh	1.7	-20	g1008_show_sword	268	3901	0	0	水气球
1010010	gun	g1008_sword_37.mesh	1.7	-20	g1008_show_sword	268	3902	0	0	烧烤
1010014	gun	g1008_sword_41.mesh	1.7	-20	g1008_show_sword	268	3906	0	0	血夜
1010015	gun	g1008_sword_42.mesh	1.7	-20	g1008_show_sword	268	3907	0	0	飞叶
1010016	gun	g1008_sword_43.mesh	1.7	-20	g1008_show_sword	268	3908	0	0	1010016
1010017	gun	g1008_sword_44.mesh	1.7	-20	g1008_show_sword	268	3909	0	0	1010017
1010018	gun	g1008_sword_45.mesh	1.7	-20	g1008_show_sword_02	268	3910	0	0	1010018
1010019	gun	g1008_sword_46.mesh	1.7	-20	g1008_show_sword	268	3911	0	0	1010019
1010021	gun	g1008_sword_48.mesh	1.7	-20	g1008_show_sword	268	3913	0	0	木妖
1010022	gun	g1008_sword_49.mesh	1.7	-20	g1008_show_sword	268	3914	0	0	黄刺
1010024	gun	g1008_sword_51.mesh	1.7	-20	g1008_show_sword	268	3916	0	0	龙翼
1010025	gun	g1008_sword_52.mesh	1.7	-20	g1008_show_sword	268	3917	0	0	圣诞木剑
1010026	gun	g1008_sword_53.mesh	1.7	-20	g1008_show_sword	268	3918	0	0	毛笔木剑
1010027	gun	g1008_sword_169.mesh	1.7	-20	g1008_show_sword	268	3919	0	0	水枪木剑
1010028	gun	g1008_sword_168.mesh	1.7	-20	g1008_show_sword	268	3920	0	0	棒球木剑
1010029	gun	g1008_sword_170.mesh	1.7	-20	g1008_show_sword	268	3921	0	0	雷电法杖
1010030	gun	g1008_sword_171.mesh	1.7	-20	g1008_show_sword	268	3922	0	0	狼牙棒
1020001	gun	g1008_sword_04.mesh	1.75	-20	g1008_show_sword	267	2080	0	0	巨刃
1020002	gun	g1008_sword_05.mesh	1.75	-20	g1008_show_sword	267	2081	0	0	锯齿
1020003	gun	g1008_sword_06.mesh	1.75	-20	g1008_show_sword	267	2082	0	0	斩首刀
1020004	gun	g1008_sword_16.mesh	1.65	-20	g1008_show_sword	267	2092	0	0	合金大剑
1020005	gun	g1008_sword_17.mesh	1.65	-20	g1008_show_sword	267	2093	0	0	幽灵剑
1020006	gun	g1008_sword_18.mesh	1.7	-20	g1008_show_sword	267	2094	0	0	蔚蓝陨石剑
1020008	gun	g1008_sword_26.mesh	1.7	-20	g1008_show_sword	267	2299	0	0	像素铁剑
1020009	gun	g1008_sword_30.mesh	1.7	-20	g1008_show_sword	267	4000	0	0	光剑
1020010	gun	g1008_sword_54.mesh	1.7	-20	g1008_show_sword	267	4009	0	0	1020010
1020011	gun	g1008_sword_55.mesh	1.7	-20	g1008_show_sword	267	4010	0	0	1020011
1020012	gun	g1008_sword_56.mesh	1.7	-20	g1008_show_sword	267	4011	0	0	1020012
1020013	gun	g1008_sword_57.mesh	1.7	-20	g1008_show_sword	267	4012	0	0	diy铁剑
1020014	gun	g1008_sword_58.mesh	1.7	-20	g1008_show_sword	267	4013	0	0	1020014
1020016	gun	g1008_sword_60.mesh	1.7	-20	g1008_show_sword	267	4015	0	0	斩月
1020017	gun	g1008_sword_61.mesh	1.7	-20	g1008_show_sword	267	4016	0	0	干将莫邪
1020018	gun	g1008_sword_62.mesh	1.7	-20	g1008_show_sword	267	4017	0	0	1020018
1020019	gun	g1008_sword_63.mesh	1.7	-20	g1008_show_sword	267	4018	0	0	黑魔刃
1020020	gun	g1008_sword_64.mesh	1.7	-20	g1008_show_sword	267	4019	0	0	星光铁剑
1020021	gun	g1008_sword_65.mesh	1.7	-20	g1008_show_sword	267	4020	0	0	魔瞳
1020022	gun	g1008_sword_66.mesh	1.7	-20	g1008_show_sword	267	4021	0	0	邪能剑
1020023	gun	g1008_sword_67.mesh	1.7	-20	g1008_show_sword	267	4022	0	0	西部左轮枪剑
1020024	gun	g1008_sword_68.mesh	1.7	-20	g1008_show_sword	267	4023	0	0	居合
1020025	gun	g1008_sword_69.mesh	1.7	-20	g1008_show_sword	267	4024	0	0	银针
1020026	gun	g1008_sword_126.mesh	1.7	-20	g1008_show_sword	267	4025	0	0	黑钢剑
1020027	gun	g1008_sword_127.mesh	1.7	-20	g1008_show_sword	267	4026	0	0	羽毛
1020028	gun	g1008_sword_128.mesh	1.7	-20	g1008_show_sword	267	4027	0	0	电锯
1020029	gun	g1008_sword_129.mesh	1.7	-20	g1008_show_sword	267	4028	0	0	青蔷薇
1020030	gun	g1008_sword_130.mesh	1.7	-20	g1008_show_sword	267	4029	0	0	白虎剑
1020031	gun	g1008_sword_131.mesh	1.7	-20	g1008_show_sword	267	4030	0	0	裁决
1020032	gun	g1008_sword_132.mesh	1.7	-20	g1008_show_sword	267	4031	0	0	春雨u
1020033	gun	g1008_sword_133.mesh	1.7	-20	g1008_show_sword	267	4032	0	0	酋长
1020034	gun	g1008_sword_134.mesh	1.7	-20	g1008_show_sword	267	4033	0	0	鲨鱼鳍
1030001	gun	g1008_sword_07.mesh	1.75	-20	g1008_show_sword	283	2083	0	0	金色荣耀
1030002	gun	g1008_sword_08.mesh	1.75	-20	g1008_show_sword	283	2084	0	0	黄金斩首刀
1030003	gun	g1008_sword_09.mesh	1.75	-20	g1008_show_sword	283	2085	0	0	誓约胜利之剑
1030004	gun	g1008_sword_19.mesh	1.7	-20	g1008_show_sword	283	2095	0	0	沙皇弯刀
1030005	gun	g1008_sword_20.mesh	1.7	-20	g1008_show_sword	283	2096	0	0	充能战刃
1030006	gun	g1008_sword_21.mesh	1.7	-20	g1008_show_sword	283	2076	0	0	流氓皇帝
1030007	gun	g1008_sword_25.mesh	1.75	-20	g1008_show_sword	283	2285	0	0	熔岩金剑
1030008	gun	g1008_sword_23.mesh	1.7	-20	g1008_show_sword	283	2283	0	0	教会之枪
1030009	gun	g1008_sword_34.mesh	1.7	-20	g1008_show_sword	283	4100	0	0	日冕
1030010	gun	g1008_sword_70.mesh	1.7	-20	g1008_show_sword	283	4101	0	0	1030010
1030011	gun	g1008_sword_71.mesh	1.7	-20	g1008_show_sword	283	4102	0	0	1030011
1030012	gun	g1008_sword_72.mesh	1.7	-20	g1008_show_sword	283	4103	0	0	1030012
1030013	gun	g1008_sword_73.mesh	1.7	-20	g1008_show_sword	283	4104	0	0	1030013
1030014	gun	g1008_sword_74.mesh	1.7	-20	g1008_show_sword	283	4105	0	0	1030014
1030017	gun	g1008_sword_77.mesh	1.7	-20	g1008_show_sword	283	4108	0	0	1030017
1030019	gun	g1008_sword_79.mesh	1.7	-20	g1008_show_sword	283	4110	0	0	1030019
1030020	gun	g1008_sword_80.mesh	1.7	-20	g1008_show_sword_02	283	4111	0	0	1030020
1030021	gun	g1008_sword_81.mesh	1.7	-20	g1008_show_sword	283	4112	0	0	1030021
1030022	gun	g1008_sword_82.mesh	1.7	-20	g1008_show_sword	283	4113	0	0	闪光
1030023	gun	g1008_sword_83.mesh	1.7	-20	g1008_show_sword	283	4114	0	0	乖离剑
1030024	gun	g1008_sword_84.mesh	1.7	-20	g1008_show_sword	283	4115	0	0	科学光剑
1030025	gun	g1008_sword_85.mesh	1.7	-20	g1008_show_sword	283	4116	0	0	妖刀村正
1030026	gun	g1008_sword_86.mesh	1.7	-20	g1008_show_sword	283	4117	0	0	炽热大剑
1030027	gun	g1008_sword_111.mesh	1.7	-20	g1008_show_sword	283	4118	0	0	王者权杖
1030028	gun	g1008_sword_112.mesh	1.7	-20	g1008_show_sword	283	4119	0	0	黄金乡
1030029	gun	g1008_sword_113.mesh	1.7	-20	g1008_show_sword	283	4120	0	0	太阳风
1030031	gun	g1008_sword_115.mesh	1.7	-20	g1008_show_sword	283	4122	0	0	橄榄枝
1030032	gun	g1008_sword_116_r.mesh	1.7	-20	g1008_show_sword_02	283	4123	0	0	月牙匕首
1030033	gun	g1008_sword_117.mesh	1.7	-20	g1008_show_sword	283	4124	0	0	圣光
1030034	gun	g1008_sword_118.mesh	1.7	-20	g1008_show_sword	283	4125	0	0	凤凰
1030035	gun	g1008_sword_119.mesh	1.7	-20	g1008_show_sword	283	4126	0	0	猎头者·改
1030036	gun	g1008_sword_120.mesh	1.7	-20	g1008_show_sword	283	4127	0	0	封魔剑
1030037	gun	g1008_sword_121.mesh	1.7	-20	g1008_show_sword	283	4128	0	0	斋月弯刀
1030038	gun	g1008_sword_122.mesh	1.7	-20	g1008_show_sword	283	4129	0	0	倒吊者
1030039	gun	g1008_sword_123.mesh	1.7	-20	g1008_show_sword	283	4130	0	0	心灵权杖
1030040	gun	g1008_sword_124.mesh	1.7	-20	g1008_show_sword	283	4131	0	0	妖狐金剑
1030041	gun	g1008_sword_125.mesh	1.7	-20	g1008_show_sword	283	4132	0	0	光能武器/剑
1040001	gun	g1008_sword_10.mesh	1.75	-20	g1008_show_sword	276	2086	0	0	圣骑士枪
1040002	gun	g1008_sword_11.mesh	1.7	-20	g1008_show_sword	276	2087	0	0	璀璨水晶
1040003	gun	g1008_sword_12.mesh	1.7	-20	g1008_show_sword	276	2088	0	0	钻石星辰剑
1040004	gun	g1008_sword_24.mesh	1.7	-20	g1008_show_sword	276	2284	0	0	胡萝卜
1040005	gun	g1008_sword_27.mesh	1.7	-20	g1008_show_sword	276	4200	0	0	鲨鱼
1040007	gun	g1008_sword_29.mesh	1.7	-20	g1008_show_sword	276	4201	0	0	冰息
1040008	gun	g1008_sword_31.mesh	1.7	-20	g1008_show_sword	276	4202	0	0	雷切
1040009	gun	g1008_sword_33.mesh	1.7	-20	g1008_show_sword	276	4203	0	0	龙魂
1040010	gun	g1008_sword_38.mesh	1.7	-20	g1008_show_sword	276	4204	0	0	1040010
1040011	gun	g1008_sword_87.mesh	1.7	-20	g1008_show_sword	276	4205	0	0	1040011
1040012	gun	g1008_sword_88.mesh	1.7	-20	g1008_show_sword	276	4206	0	0	1040012
1040013	gun	g1008_sword_89.mesh	1.7	-20	g1008_show_sword	276	4207	0	0	1040013
1040014	gun	g1008_sword_90.mesh	1.7	-20	g1008_show_sword	276	4208	0	0	1040014
1040015	gun	g1008_sword_91.mesh	1.7	-20	g1008_show_sword	276	4209	0	0	宝库钥匙
1040016	gun	g1008_sword_92.mesh	1.7	-20	g1008_show_sword	276	4210	0	0	1040016
1040017	gun	g1008_sword_93.mesh	1.7	-20	g1008_show_sword	276	4211	0	0	1040017
1040018	gun	g1008_sword_94.mesh	1.7	-20	g1008_show_sword_02	276	4212	0	0	1040018
1040019	gun	g1008_sword_95.mesh	1.7	-20	g1008_show_sword	276	4213	0	0	1040019
1040020	gun	g1008_sword_96.mesh	1.7	-20	g1008_show_sword	276	4214	0	0	契约之剑
1040021	gun	g1008_sword_97.mesh	1.7	-20	g1008_show_sword	276	4215	0	0	冥王星
1040022	gun	g1008_sword_98.mesh	1.7	-20	g1008_show_sword	276	4216	0	0	水晶剑
1040023	gun	g1008_sword_99.mesh	1.7	-20	g1008_show_sword	276	4217	0	0	冰晶大剑
1040024	gun	g1008_sword_100.mesh	1.7	-20	g1008_show_sword	276	4218	0	0	孵化之刃
1040025	gun	g1008_sword_148.mesh	1.7	-20	g1008_show_sword	276	4219	0	0	深海
1040027	gun	g1008_sword_150.mesh	1.7	-20	g1008_show_sword	276	4221	0	0	蓝色传说
1040028	gun	g1008_sword_151.mesh	1.7	-20	g1008_show_sword	276	4222	0	0	魔眼剑
1040029	gun	g1008_sword_152.mesh	1.7	-20	g1008_show_sword	276	4223	0	0	电光剑
1040030	gun	g1008_sword_153.mesh	1.7	-20	g1008_show_sword	276	4224	0	0	永恒之枪
1040031	gun	g1008_sword_154.mesh	1.7	-20	g1008_show_sword	276	4225	0	0	精粹钻剑
1040032	gun	g1008_sword_155.mesh	1.7	-20	g1008_show_sword	276	4226	0	0	三叉戟钻剑
2010001	gun	g1008_axe_01.mesh	1.65	-20	g1008_show_sword	271	2097	0	0	流浪者之斧
2010002	gun	g1008_axe_02.mesh	1.65	-20	g1008_show_sword	271	2098	0	0	角斗者之斧
2010003	gun	g1008_axe_03.mesh	1.65	-20	g1008_show_sword	271	2099	0	0	双刃斧
2010004	gun	g1008_axe_22.mesh	1.7	-20	g1008_show_sword	271	2287	0	0	吉他
2010005	gun	g1008_axe_24.mesh	1.65	-20	g1008_show_sword	271	2289	0	0	原始人
2010006	gun	g1008_axe_29.mesh	1.65	-20	g1008_show_sword	271	3500	0	0	古纹
2010007	gun	g1008_axe_32.mesh	1.7	-20	g1008_show_sword	271	3501	0	0	篮球框
2010008	gun	g1008_axe_33.mesh	1.7	-20	g1008_show_sword	271	3503	0	0	木吉他
2010010	gun	g1008_axe_35.mesh	1.7	-20	g1008_show_sword	271	3505	0	0	旗帜斧
2020001	gun	g1008_axe_04.mesh	1.65	-20	g1008_show_sword	258	2100	0	0	铁碎牙
2020002	gun	g1008_axe_05.mesh	1.65	-20	g1008_show_sword	258	2101	0	0	碎颅者
2020003	gun	g1008_axe_06.mesh	1.65	-20	g1008_show_sword	258	2102	0	0	豪杰大斧
2020004	gun	g1008_axe_16.mesh	1.65	-20	g1008_show_sword	258	2109	0	0	贵族铁斧
2020005	gun	g1008_axe_17.mesh	1.8	-20	g1008_show_sword	258	2110	0	0	权杖
2020006	gun	g1008_axe_18.mesh	1.8	-20	g1008_show_sword	258	2111	0	0	小恶魔之斧
2020007	gun	g1008_axe_26.mesh	1.7	-20	g1008_show_sword	258	2298	0	0	像素铁斧
2020008	gun	g1008_axe_30.mesh	1.7	-20	g1008_show_sword	258	3600	0	0	光斧
2020009	gun	g1008_axe_51.mesh	1.7	-20	g1008_show_sword	258	3601	0	0	2020009
2020010	gun	g1008_axe_52.mesh	1.7	-20	g1008_show_sword	258	3602	0	0	2020010
2020011	gun	g1008_axe_53.mesh	1.7	-20	g1008_show_sword	258	3603	0	0	2020011
2020012	gun	g1008_axe_54.mesh	1.7	-20	g1008_show_sword	258	3604	0	0	2020012
2020013	gun	g1008_axe_55.mesh	1.7	-20	g1008_show_sword	258	3605	0	0	符文斧
2020014	gun	g1008_axe_56.mesh	1.7	-20	g1008_show_sword	258	3606	0	0	狂战斧
2020015	gun	g1008_axe_57.mesh	1.7	-20	g1008_show_sword	258	3607	0	0	骸骨
2020016	gun	g1008_axe_58.mesh	1.7	-20	g1008_show_sword	258	3608	0	0	制裁
2020017	gun	g1008_axe_59.mesh	1.7	-20	g1008_show_sword	258	3609	0	0	民族
2030001	gun	g1008_axe_10.mesh	1.7	-20	g1008_show_sword	286	2106	0	0	黄金大赏
2030002	gun	g1008_axe_11.mesh	1.7	-20	g1008_show_sword	286	2107	0	0	国王之斧
2030003	gun	g1008_axe_12.mesh	1.7	-20	g1008_show_sword	286	2108	0	0	荣耀战斧
2030004	gun	g1008_axe_23.mesh	1.7	-20	g1008_show_sword	286	2288	0	0	仙人掌
2030005	gun	g1008_axe_25.mesh	1.7	-15	g1008_show_sword	286	2290	0	0	熔岩金斧
2030006	gun	g1008_axe_68.mesh	1.7	-20	g1008_show_sword	286	3700	0	0	2030006
2030007	gun	g1008_axe_69.mesh	1.7	-20	g1008_show_sword	286	3701	0	0	2030007
2030008	gun	g1008_axe_70.mesh	1.7	-20	g1008_show_sword	286	3702	0	0	2030008
2030009	gun	g1008_axe_71.mesh	1.7	-20	g1008_show_sword	286	3703	0	0	2030009
2030010	gun	g1008_axe_72.mesh	1.7	-20	g1008_show_sword	286	3704	0	0	金矿
2030011	gun	g1008_axe_73.mesh	1.7	-20	g1008_show_sword	286	3705	0	0	冠军斧
2030012	gun	g1008_axe_74.mesh	1.7	-20	g1008_show_sword	286	3706	0	0	圣诞斧
2030013	gun	g1008_axe_75.mesh	1.7	-20	g1008_show_sword	286	3707	0	0	巨神
2030014	gun	g1008_axe_76.mesh	1.7	-20	g1008_show_sword	286	3708	0	0	光能武器/斧
2040001	gun	g1008_axe_07.mesh	1.75	-20	g1008_show_sword	279	2103	0	0	女武神之斧
2040002	gun	g1008_axe_08.mesh	1.8	-20	g1008_show_sword	279	2104	0	0	巨灵
2040003	gun	g1008_axe_09.mesh	1.75	-20	g1008_show_sword	279	2105	0	0	诸神黄昏
2040004	gun	g1008_axe_19.mesh	1.75	-20	g1008_show_sword	279	2112	0	0	圣洁大斧
2040005	gun	g1008_axe_20.mesh	1.75	-20	g1008_show_sword	279	2113	0	0	神圣独角兽
2040006	gun	g1008_axe_21.mesh	1.7	-20	g1008_show_sword	279	2286	0	0	幽镰
2040007	gun	g1008_axe_88.mesh	1.7	-20	g1008_show_sword	279	3800	0	0	2040007
2040008	gun	g1008_axe_89.mesh	1.7	-20	g1008_show_sword	279	3801	0	0	2040008
2040009	gun	g1008_axe_90.mesh	1.7	-20	g1008_show_sword	279	3802	0	0	2040009
2040010	gun	g1008_axe_91.mesh	1.7	-20	g1008_show_sword	279	3803	0	0	冰河斧
2040011	gun	g1008_axe_92.mesh	1.7	-20	g1008_show_sword	279	3804	0	0	蓝宝石斧
2040012	gun	g1008_axe_93.mesh	1.7	-20	g1008_show_sword	279	3805	0	0	龙纹斧
2040013	gun	g1008_axe_94.mesh	1.7	-20	g1008_show_sword	279	3806	0	0	魔眼斧
2040014	gun	g1008_axe_95.mesh	1.7	-20	g1008_show_sword	279	3807	0	0	电光斧
3010001	gun	g1008_pickaxe_01.mesh	1.75	-20	g1008_show_sword	270	2117	0	0	鹤嘴锄
3010002	gun	g1008_pickaxe_02.mesh	1.75	-20	g1008_show_sword	270	2118	0	0	铁柄锄
3010003	gun	g1008_pickaxe_03.mesh	1.75	-20	g1008_show_sword	270	2119	0	0	流浪者之锄
3010004	gun	g1008_pickaxe_13.mesh	1.7	-20	g1008_show_sword	270	2129	0	0	啄木鸟
3010005	gun	g1008_pickaxe_14.mesh	1.7	-20	g1008_show_sword	270	2130	0	0	指路者
3010006	gun	g1008_pickaxe_15.mesh	1.7	-20	g1008_show_sword	270	2131	0	0	木锚
3010007	gun	g1008_pickaxe_21.mesh	1.8	-20	g1008_show_sword	270	2292	0	0	马桶塞
3010008	gun	g1008_pickaxe_31.mesh	1.7	-20	g1008_show_sword	270	3100	0	0	糖果
3010009	gun	g1008_pickaxe_33.mesh	1.7	-20	g1008_show_sword	270	3101	0	0	海螺
3010010	gun	g1008_pickaxe_34.mesh	1.7	-20	g1008_show_sword	270	3102	0	0	3010010
3010012	gun	g1008_pickaxe_36.mesh	1.7	-20	g1008_show_sword	270	3104	0	0	3010012
3010013	gun	g1008_pickaxe_37.mesh	1.7	-20	g1008_show_sword	270	3105	0	0	3010013
3010014	gun	g1008_pickaxe_38.mesh	1.7	-20	g1008_show_sword	270	3106	0	0	棒棒糖
3010015	gun	g1008_pickaxe_39.mesh	1.7	-20	g1008_show_sword	270	3107	0	0	圣诞镐
3010016	gun	g1008_pickaxe_40.mesh	1.7	-20	g1008_show_sword	270	3108	0	0	化石镐
3020001	gun	g1008_pickaxe_04.mesh	1.75	-20	g1008_show_sword	257	2120	0	0	部落铁镐
3020002	gun	g1008_pickaxe_05.mesh	1.8	-15	g1008_show_sword	257	2121	0	0	铁钩
3020003	gun	g1008_pickaxe_06.mesh	1.75	-20	g1008_show_sword	257	2122	0	0	噬铁
3020004	gun	g1008_pickaxe_16.mesh	1.7	-20	g1008_show_sword	257	2132	0	0	铁制啄木鸟
3020005	gun	g1008_pickaxe_17.mesh	1.75	-20	g1008_show_sword	257	2133	0	0	绿嘴铁镐
3020006	gun	g1008_pickaxe_18.mesh	1.75	-20	g1008_show_sword	257	2134	0	0	铁镰刀
3020007	gun	g1008_pickaxe_20.mesh	1.7	-20	g1008_show_sword	257	2291	0	0	机械镐
3020008	gun	g1008_pickaxe_24.mesh	1.7	-20	g1008_show_sword	257	2297	0	0	像素铁镐
3020009	gun	g1008_pickaxe_30.mesh	1.7	-20	g1008_show_sword	257	3200	0	0	光镐
3020010	gun	g1008_pickaxe_32.mesh	1.7	-20	g1008_show_sword	257	3202	0	0	战斗机
3020011	gun	g1008_pickaxe_52.mesh	1.7	-20	g1008_show_sword	257	3203	0	0	3020011
3020012	gun	g1008_pickaxe_55.mesh	1.7	-20	g1008_show_sword	257	3204	0	0	3020012
3020013	gun	g1008_pickaxe_56.mesh	1.7	-20	g1008_show_sword	257	3205	0	0	独角兽
3020014	gun	g1008_pickaxe_57.mesh	1.7	-20	g1008_show_sword	257	3206	0	0	骷髅铁镐
3020015	gun	g1008_pickaxe_58.mesh	1.7	-20	g1008_show_sword	257	3207	0	0	奉献
3020016	gun	g1008_pickaxe_59.mesh	1.7	-20	g1008_show_sword	257	3208	0	0	先驱者铁镐
3020017	gun	g1008_pickaxe_60.mesh	1.7	-20	g1008_show_sword	257	3209	0	0	卡南之眼
3030001	gun	g1008_pickaxe_10.mesh	1.75	-20	g1008_show_sword	285	2126	0	0	黄金矿工
3030002	gun	g1008_pickaxe_11.mesh	1.75	-20	g1008_show_sword	285	2127	0	0	粉碎者
3030003	gun	g1008_pickaxe_12.mesh	1.75	-20	g1008_show_sword	285	2128	0	0	破坏者
3030004	gun	g1008_pickaxe_23.mesh	1.7	-20	g1008_show_sword	285	2294	0	0	熔岩金镐
3030006	gun	g1008_pickaxe_69.mesh	1.7	-20	g1008_show_sword	285	3300	0	0	3030006
3030007	gun	g1008_pickaxe_70.mesh	1.7	-20	g1008_show_sword	285	3301	0	0	3030007
3030008	gun	g1008_pickaxe_71.mesh	1.7	-20	g1008_show_sword	285	3302	0	0	3030008
3030009	gun	g1008_pickaxe_72.mesh	1.7	-20	g1008_show_sword	285	3303	0	0	3030009
3030010	gun	g1008_pickaxe_73.mesh	1.7	-20	g1008_show_sword	285	3304	0	0	黄金机械龙
3030011	gun	g1008_pickaxe_74.mesh	1.7	-20	g1008_show_sword	285	3305	0	0	霓虹灯球镐
3030012	gun	g1008_pickaxe_75.mesh	1.7	-20	g1008_show_sword	285	3306	0	0	金鳍
3030013	gun	g1008_pickaxe_76.mesh	1.7	-20	g1008_show_sword	285	3307	0	0	石林
3030014	gun	g1008_pickaxe_77.mesh	1.7	-20	g1008_show_sword	285	3308	0	0	提灯
3030015	gun	g1008_pickaxe_78.mesh	1.7	-20	g1008_show_sword	285	3309	0	0	光能武器
3040001	gun	g1008_pickaxe_07.mesh	1.8	-20	g1008_show_sword	278	2123	0	0	圣痕
3040002	gun	g1008_pickaxe_08.mesh	1.8	-20	g1008_show_sword	278	2124	0	0	流光
3040003	gun	g1008_pickaxe_09.mesh	1.8	-20	g1008_show_sword	278	2125	0	0	逐月
3040004	gun	g1008_pickaxe_19.mesh	1.8	-20	g1008_show_sword	278	2135	0	0	水晶组合剑
3040005	gun	g1008_pickaxe_22.mesh	1.7	-20	g1008_show_sword	278	2293	0	0	心翼
3040006	gun	g1008_pickaxe_25.mesh	1.7	-20	g1008_show_sword	278	3400	0	0	晶鲨
3040007	gun	g1008_pickaxe_89.mesh	1.7	-20	g1008_show_sword	278	3401	0	0	3040007
3040008	gun	g1008_pickaxe_90.mesh	1.7	-20	g1008_show_sword	278	3402	0	0	3040008
3040009	gun	g1008_pickaxe_91.mesh	1.7	-20	g1008_show_sword	278	3403	0	0	3040009
3040010	gun	g1008_pickaxe_92.mesh	1.7	-20	g1008_show_sword	278	3404	0	0	3040010
3040011	gun	g1008_pickaxe_93.mesh	1.7	-20	g1008_show_sword	278	3405	0	0	3040011
3040013	gun	g1008_pickaxe_95.mesh	1.7	-20	g1008_show_sword	278	3407	0	0	黑狼
3040014	gun	g1008_pickaxe_96.mesh	1.7	-20	g1008_show_sword	278	3408	0	0	魔眼镐
3040015	gun	g1008_pickaxe_97.mesh	1.7	-20	g1008_show_sword	278	3409	0	0	电光镐
4010001	gun	g1008_bow_01.mesh	1.3	-20	g1008_show_sword	261	2137	0	0	黄金战弓
4010002	gun	g1008_bow_02.mesh	1	-20	g1008_show_sword	261	2138	0	0	钻石圣弓
4010003	gun	g1008_bow_03.mesh	1	10	g1008_show_sword	261	2139	0	0	地狱烈焰弓
4010004	gun	g1008_bow_04.mesh	1.4	40	g1008_show_sword	261	2296	0	0	熔岩圣弓
4010005	gun	g1008_bow_05.mesh	1.4	70	g1008_show_sword	261	2300	0	0	像素弓
4010006	gun	g1008_bow_06.mesh	1.4	40	g1008_show_sword	261	3000	0	0	光弓
4010007	gun	g1008_bow_07.mesh	1.4	40	g1008_show_sword	261	3001	0	0	裂变
4010008	gun	g1008_bow_08.mesh	1.4	40	g1008_show_sword	261	3002	0	0	4010008
4010009	gun	g1008_bow_09.mesh	1.4	40	g1008_show_sword	261	3009	0	0	4010009
4010010	gun	g1008_bow_10.mesh	1.4	40	g1008_show_sword	261	3010	0	0	4010010
4010012	gun	g1008_bow_12.mesh	1.4	40	g1008_show_sword	261	3012	0	0	4010012
4010013	gun	g1008_bow_13.mesh	1.4	40	g1008_show_sword	261	3013	0	0	4010013
4010015	gun	g1008_bow_15.mesh	1.4	40	g1008_show_sword	261	3015	0	0	荣耀弓
4010016	gun	g1008_bow_16.mesh	1.4	40	g1008_show_sword	261	3016	0	0	日轮弓
4010018	gun	g1008_bow_18.mesh	1.4	40	g1008_show_sword	261	3018	0	0	凤凰
4010019	gun	g1008_bow_19.mesh	1.4	40	g1008_show_sword	261	3019	0	0	冰晶大弓
4010020	gun	g1008_bow_20.mesh	1.4	40	g1008_show_sword	261	3020	0	0	弓龙骨
4010022	gun	g1008_bow_22.mesh	1.4	40	g1008_show_sword	261	3022	0	0	羽毛弓
4010023	gun	g1008_bow_23.mesh	1.4	40	g1008_show_sword	261	3023	0	0	白虎弓
4010024	gun	g1008_bow_24.mesh	1.4	40	g1008_show_sword	261	3024	0	0	教廷圣弓
4010025	gun	g1008_bow_25.mesh	1.4	40	g1008_show_sword	261	3025	0	0	封魔轮
4010026	gun	g1008_bow_26.mesh	1.4	40	g1008_show_sword	261	3026	0	0	魔眼弓
4010027	gun	g1008_bow_27.mesh	1.4	40	g1008_show_sword	261	3027	0	0	电光镐
5010001	armor_head	g1008_helmet_1_rainbow.mesh	1.2	-10	idle	298	2265	0	0	七彩铁盔
5010002	armor_head	g1008_helmet_2_rainbow.mesh	1.2	-10	idle	298	2266	0	0	彩虹兽
5010003	armor_head	g1008_helmet_3_rainbow.mesh	1.2	-10	idle	298	2271	0	0	机器战士
5010004	armor_head	g1008_helmet_5_rainbow.mesh	1.2	-10	idle	298	2276	0	0	恐惧头盔
5010005	armor_head	g1008_helmet_6_rainbow.mesh	1.2	-10	idle	298	2281	0	0	部落勇士
5010006	armor_head	g1008_helmet_7_rainbow.mesh	1.2	-10	idle	298	901	0	0	电视机
5010007	armor_head	g1008_helmet_8_rainbow.mesh	1.2	-10	idle	298	902	0	0	床霸
5010008	armor_head	g1008_helmet_9_rainbow.mesh	1.2	-10	idle	298	903	0	0	食人花
5010009	armor_head	g1008_helmet_10_rainbow.mesh	1.2	-10	idle	298	904	0	0	圣诞
5010010	armor_head	g1008_helmet_11_rainbow.mesh	1.2	-10	idle	298	905	0	0	鲨鱼
5010011	armor_head	g1008_helmet_12_rainbow.mesh	1.2	-10	idle	298	906	0	0	法老头盔
5010012	armor_head	g1008_helmet_14_rainbow.mesh	1.2	-10	idle	298	907	0	0	气泡头盔
5010013	armor_head	g1008_helmet_15_rainbow.mesh	1.2	-10	idle	298	908	0	0	蒲公英
5010015	armor_head	g1008_helmet_17_rainbow.mesh	1.2	-10	idle	298	910	0	0	羽箭
5010016	armor_head	g1008_helmet_18_rainbow.mesh	1.2	-10	idle	298	911	0	0	斧头
5010017	armor_head	g1008_helmet_19_rainbow.mesh	1.2	-10	idle	298	912	0	0	变色龙
5010018	armor_head	g1008_helmet_20_rainbow.mesh	1.2	-10	idle	298	913	0	0	薯条
5010019	armor_head	g1008_helmet_21_rainbow.mesh	1.2	-10	idle	298	914	0	0	小丑
5010020	armor_head	g1008_helmet_22_rainbow.mesh	1.2	-10	idle	298	915	0	0	飞行帽
5010021	armor_head	g1008_helmet_23_rainbow.mesh	1.2	-10	idle	298	916	0	0	IQ
5010022	armor_head	g1008_helmet_24_rainbow.mesh	1.2	-20	idle	298	917	0	0	喷气式
5010023	armor_head	g1008_helmet_25_rainbow.mesh	1.2	0	idle	298	918	0	0	皇冠
5010024	armor_head	g1008_helmet_26_rainbow.mesh	1.2	-10	idle	298	919	0	0	雪糕
5010025	armor_head	g1008_helmet_27_rainbow.mesh	1.2	-10	idle	298	920	0	0	黄金勇士
5010027	armor_head	g1008_helmet_29_rainbow.mesh	1.2	-10	idle	298	922	0	0	BM-17
5010029	armor_head	g1008_helmet_31_rainbow.mesh	1.2	-10	idle	298	924	0	0	南瓜
5010030	armor_head	g1008_helmet_32_rainbow.mesh	1.2	-10	idle	298	925	0	0	圆形守卫
5010031	armor_head	g1008_helmet_33_rainbow.mesh	1.2	-10	idle	298	926	0	0	四角守卫
5010032	armor_head	g1008_helmet_34_rainbow.mesh	1.2	-10	idle	298	927	0	0	守卫长
5010033	armor_head	g1008_helmet_35_rainbow.mesh	1.2	-10	idle	298	928	0	0	三角守卫
5010035	armor_head	g1008_helmet_37_rainbow.mesh	1.2	-10	idle	298	930	0	0	战术目镜
5010036	armor_head	g1008_helmet_38_rainbow.mesh	1.2	-10	idle	298	931	0	0	房子
5010038	armor_head	g1008_helmet_40_rainbow.mesh	1.2	-10	idle	298	933	0	0	灯笼鱼
5010039	armor_head	g1008_helmet_41_rainbow.mesh	1.2	-10	idle	298	934	0	0	5010039
5010042	armor_head	g1008_helmet_42_rainbow.mesh	1.2	-10	idle	298	935	0	0	5010042
5010043	armor_head	g1008_helmet_43_rainbow.mesh	1.2	-10	idle	298	936	0	0	5010043
5010044	armor_head	g1008_helmet_44_rainbow.mesh	1.2	-10	idle	298	937	0	0	5010044
5010045	armor_head	g1008_helmet_45_rainbow.mesh	1.2	-10	idle	298	938	0	0	5010045
5010046	armor_head	g1008_helmet_46_rainbow.mesh	1.2	-10	idle	298	939	0	0	5010046
5010047	armor_head	g1008_helmet_47_rainbow.mesh	1.2	-10	idle	298	940	0	0	5010047
5010048	armor_head	g1008_helmet_48_rainbow.mesh	1.2	-10	idle	298	941	0	0	5010048
5010049	armor_head	g1008_helmet_49_rainbow.mesh	1.2	-10	idle	298	942	0	0	5010049
5010050	armor_head	g1008_helmet_50_rainbow.mesh	1.2	-10	idle	298	943	0	0	5010050
5010051	armor_head	g1008_helmet_51_rainbow.mesh	1.2	-10	idle	298	944	0	0	5010051
5010052	armor_head	g1008_helmet_52_rainbow.mesh	1.2	-10	idle	298	945	0	0	5010052
5010054	armor_head	g1008_helmet_54_rainbow.mesh	1.2	-10	idle	298	947	0	0	5010054
5010055	armor_head	g1008_helmet_55_rainbow.mesh	1.2	-10	idle	298	948	0	0	5010055
5010056	armor_head	g1008_helmet_56_rainbow.mesh	1.2	-10	idle	298	949	0	0	5010056
5010057	armor_head	g1008_helmet_57_rainbow.mesh	1.2	-10	idle	298	950	0	1	5010057
5010058	armor_head	g1008_helmet_58_rainbow.mesh	1.2	-10	idle	298	951	0	0	5010058
5010059	armor_head	g1008_helmet_59_rainbow.mesh	1.2	-10	idle	298	952	0	0	电锯人头盔
5010060	armor_head	g1008_helmet_60_rainbow.mesh	1.2	-10	idle	298	953	0	0	5010060
5010061	armor_head	g1008_helmet_61_rainbow.mesh	1.2	-10	idle	298	954	0	1	米奇头盔
5010062	armor_head	g1008_helmet_62_rainbow.mesh	1.2	-10	idle	298	955	0	1	士官长
5010063	armor_head	g1008_helmet_63_rainbow.mesh	1.2	-10	idle	298	956	0	1	钢炼头盔
5010064	armor_head	g1008_helmet_64_rainbow.mesh	1.2	-10	idle	298	957	0	0	幽冥狼头盔
5010065	armor_head	g1008_helmet_65_rainbow.mesh	1.2	-10	idle	298	958	0	1	科学头盔
5010066	armor_head	g1008_helmet_66_rainbow.mesh	1.2	-10	idle	298	959	0	0	迪斯科头套
5010067	armor_head	g1008_helmet_67_rainbow.mesh	1.2	-10	idle	298	960	0	1	高达头盔
5010068	armor_head	g1008_helmet_68_rainbow.mesh	1.2	-10	idle	298	961	0	1	哥布林杀手
5010069	armor_head	g1008_helmet_69_rainbow.mesh	1.2	-10	idle	298	962	0	1	黎明
5010070	armor_head	g1008_helmet_70_rainbow.mesh	1.2	-10	idle	298	963	0	1	鬼火头盔
5010071	armor_head	g1008_helmet_71_rainbow.mesh	1.2	-10	idle	298	964	0	1	西部牛仔头盔
5010072	armor_head	g1008_helmet_72_rainbow.mesh	1.2	-10	idle	298	965	0	1	黑崎一护头盔
5010073	armor_head	g1008_helmet_73_rainbow.mesh	1.2	-10	idle	298	966	0	1	刺客头盔
5010074	armor_head	g1008_helmet_74_rainbow.mesh	1.2	-10	idle	298	967	0	1	蒙面超人头盔
5010075	armor_head	g1008_helmet_75_rainbow.mesh	1.2	-10	idle	298	968	0	1	五条悟头盔
5010076	armor_head	g1008_helmet_76_rainbow.mesh	1.2	-10	idle	298	969	0	1	猫猫头盔
5010077	armor_head	g1008_helmet_77_rainbow.mesh	1.2	-10	idle	298	970	0	1	TV-man
5010078	armor_head	g1008_helmet_78_rainbow.mesh	1.2	-10	idle	298	971	0	1	火麒麟
5010079	armor_head	g1008_helmet_79_rainbow.mesh	1.2	-10	idle	298	972	0	1	兔子
5010080	armor_head	g1008_helmet_80_rainbow.mesh	1.2	-10	idle	298	973	0	1	女武神头盔
5010081	armor_head	g1008_helmet_81_rainbow.mesh	1.2	-10	idle	298	974	0	1	X头盔
5010082	armor_head	g1008_helmet_82_rainbow.mesh	1.2	-10	idle	298	975	0	1	白虎头盔
5010083	armor_head	g1008_helmet_83_rainbow.mesh	1.2	-10	idle	298	976	0	1	舞狮头盔
5010084	armor_head	g1008_helmet_84_rainbow.mesh	1.2	-10	idle	298	977	0	1	头盔-追猎面具
5010085	armor_head	g1008_helmet_85_rainbow.mesh	1.2	-10	idle	298	978	0	0	头盔-蓝发
5010086	armor_head	g1008_helmet_86_rainbow.mesh	1.2	-10	idle	298	979	0	1	科技牛角
5010087	armor_head	g1008_helmet_87_rainbow.mesh	1.2	-10	idle	298	980	0	0	伊斯兰头巾
5010088	armor_head	g1008_helmet_88_rainbow.mesh	1.2	-10	idle	298	981	0	1	刺客头盔
5010089	armor_head	g1008_helmet_89_rainbow.mesh	1.2	-10	idle	298	982	0	0	魔法师
5010090	armor_head	g1008_helmet_90_rainbow.mesh	1.2	-10	idle	298	983	0	0	潜水
5010091	armor_head	g1008_helmet_91_rainbow.mesh	1.2	-10	idle	298	984	0	0	骷髅法师
6010101	armor_head	g1008_head_01_rainbow_wood.mesh	1.2	0	idle	298	1200	0	0	
6010102	armor_head	g1008_head_02_rainbow_wood.mesh	1.2	0	idle	298	1201	0	0	
6010103	armor_head	g1008_head_03_rainbow_wood.mesh	1.2	0	idle	298	1202	0	1	
6010104	armor_head	g1008_head_04_rainbow_wood.mesh	1.2	0	idle	298	1203	0	1	流浪骑士
6010105	armor_head	g1008_head_05_rainbow_wood.mesh	1.2	0	idle	298	1204	0	1	
6010106	armor_head	g1008_head_06_rainbow_wood.mesh	1.2	0	idle	298	1205	0	1	恶魔-皮
6010107	armor_head	g1008_head_07_rainbow_wood.mesh	1.2	0	idle	298	1206	0	1	宫庭骑士-皮
6010108	armor_head	g1008_head_08_rainbow_wood.mesh	1.2	0	idle	298	1207	0	1	武士铠甲-皮
6010109	armor_head	g1008_head_09_rainbow_wood.mesh	1.2	0	idle	298	1208	0	1	赛博铠甲-皮
6010110	armor_head	g1008_head_10_rainbow_wood.mesh	1.2	0	idle	298	1209	0	1	斋月铠甲-皮
6010111	armor_head	g1008_head_11_rainbow_wood.mesh	1.2	0	idle	298	1210	0	1	小丑铠甲-皮
6010112	armor_head	g1008_head_12_rainbow_wood.mesh	1.2	0	idle	298	1211	0	1	洛基铠甲-皮
6010113	armor_head	g1008_head_13_rainbow_wood.mesh	1.2	0	idle	298	1212	0	1	奥丁铠甲-皮
6010114	armor_head	g1008_head_14_rainbow_wood.mesh	1.2	0	idle	298	1213	0	1	狂战士铠甲-皮
6010115	armor_head	g1008_head_15_rainbow_wood.mesh	1.2	0	idle	298	1214	0	1	妖狐铠甲-皮
6010116	armor_head	g1008_head_16_rainbow_wood.mesh	1.2	0	idle	298	1215	0	1	火男铠甲-皮
6010117	armor_head	g1008_head_17_rainbow_wood.mesh	1.2	0	idle	298	1216	0	1	海龙铠甲-皮
6010201	armor_chest	g1008_chest_01_rainbow_wood.mesh	1.2	0	idle	299	1225	0	0	
6010202	armor_chest	g1008_chest_02_rainbow_wood.mesh	1.2	0	idle	299	1226	0	0	
6010203	armor_chest	g1008_chest_03_rainbow_wood.mesh	1.2	0	idle	299	1227	0	0	
6010204	armor_chest	g1008_chest_04_rainbow_wood.mesh	1.2	0	idle	299	1228	0	0	流浪骑士
6010205	armor_chest	g1008_chest_05_rainbow_wood.mesh	1.2	0	idle	299	1229	0	0	
6010206	armor_chest	g1008_chest_06_rainbow_wood.mesh	1.2	0	idle	299	1230	0	0	恶魔-皮
6010207	armor_chest	g1008_chest_07_rainbow_wood.mesh	1.2	0	idle	299	1231	0	0	宫庭骑士-皮
6010208	armor_chest	g1008_chest_08_rainbow_wood.mesh	1.2	0	idle	299	1232	0	0	武士铠甲-皮
6010209	armor_chest	g1008_chest_09_rainbow_wood.mesh	1.2	0	idle	299	1233	0	0	赛博铠甲-皮
6010210	armor_chest	g1008_chest_10_rainbow_wood.mesh	1.2	0	idle	299	1234	0	0	斋月铠甲-皮
6010211	armor_chest	g1008_chest_11_rainbow_wood.mesh	1.2	0	idle	299	1235	0	0	小丑铠甲-皮
6010212	armor_chest	g1008_chest_12_rainbow_wood.mesh	1.2	0	idle	299	1236	0	0	洛基铠甲-皮
6010213	armor_chest	g1008_chest_13_rainbow_wood.mesh	1.2	0	idle	299	1237	0	0	奥丁铠甲-皮
6010214	armor_chest	g1008_chest_14_rainbow_wood.mesh	1.2	0	idle	299	1238	0	0	狂战士铠甲-皮
6010215	armor_chest	g1008_chest_15_rainbow_wood.mesh	1.2	0	idle	299	1239	0	0	妖狐铠甲-皮
6010216	armor_chest	g1008_chest_16_rainbow_wood.mesh	1.2	0	idle	299	1240	0	0	火男铠甲-皮
6010217	armor_chest	g1008_chest_17_rainbow_wood.mesh	1.2	0	idle	299	1241	0	0	海龙铠甲-皮
6010301	armor_thigh	g1008_thigh_01_rainbow_wood.mesh	1.2	0	idle	300	1250	0	0	
6010302	armor_thigh	g1008_thigh_02_rainbow_wood.mesh	1.2	0	idle	300	1251	0	0	
6010303	armor_thigh	g1008_thigh_03_rainbow_wood.mesh	1.2	0	idle	300	1252	0	0	
6010304	armor_thigh	g1008_thigh_04_rainbow_wood.mesh	1.2	0	idle	300	1253	0	0	流浪骑士
6010305	armor_thigh	g1008_thigh_05_rainbow_wood.mesh	1.2	0	idle	300	1254	0	0	
6010306	armor_thigh	g1008_thigh_06_rainbow_wood.mesh	1.2	0	idle	300	1255	0	0	恶魔-皮
6010307	armor_thigh	g1008_thigh_07_rainbow_wood.mesh	1.2	0	idle	300	1256	0	0	宫庭骑士-皮
6010308	armor_thigh	g1008_thigh_08_rainbow_wood.mesh	1.2	0	idle	300	1257	0	0	武士铠甲-皮
6010309	armor_thigh	g1008_thigh_09_rainbow_wood.mesh	1.2	0	idle	300	1258	0	0	赛博铠甲-皮
6010310	armor_thigh	g1008_thigh_10_rainbow_wood.mesh	1.2	0	idle	300	1259	0	0	斋月铠甲-皮
6010311	armor_thigh	g1008_thigh_11_rainbow_wood.mesh	1.2	0	idle	300	1260	0	0	小丑铠甲-皮
6010312	armor_thigh	g1008_thigh_12_rainbow_wood.mesh	1.2	0	idle	300	1261	0	0	洛基铠甲-皮
6010313	armor_thigh	g1008_thigh_13_rainbow_wood.mesh	1.2	0	idle	300	1262	0	0	奥丁铠甲-皮
6010314	armor_thigh	g1008_thigh_14_rainbow_wood.mesh	1.2	0	idle	300	1263	0	0	狂战士铠甲-皮
6010315	armor_thigh	g1008_thigh_15_rainbow_wood.mesh	1.2	0	idle	300	1264	0	0	妖狐铠甲-皮
6010316	armor_thigh	g1008_thigh_16_rainbow_wood.mesh	1.2	0	idle	300	1265	0	0	火男铠甲-皮
6010317	armor_thigh	g1008_thigh_17_rainbow_wood.mesh	1.2	0	idle	300	1266	0	0	海龙铠甲-皮
6010401	armor_foot	g1008_foot_01_rainbow_wood.mesh	1.2	0	idle	301	1275	0	0	
6010402	armor_foot	g1008_foot_02_rainbow_wood.mesh	1.2	0	idle	301	1276	0	0	
6010403	armor_foot	g1008_foot_03_rainbow_wood.mesh	1.2	0	idle	301	1277	0	0	
6010404	armor_foot	g1008_foot_04_rainbow_wood.mesh	1.2	0	idle	301	1278	0	0	流浪骑士
6010405	armor_foot	g1008_foot_05_rainbow_wood.mesh	1.2	0	idle	301	1279	0	0	
6010406	armor_foot	g1008_foot_06_rainbow_wood.mesh	1.2	0	idle	301	1280	0	0	恶魔-皮
6010407	armor_foot	g1008_foot_07_rainbow_wood.mesh	1.2	0	idle	301	1281	0	0	宫庭骑士-皮
6010408	armor_foot	g1008_foot_08_rainbow_wood.mesh	1.2	0	idle	301	1282	0	0	武士铠甲-皮
6010409	armor_foot	g1008_foot_09_rainbow_wood.mesh	1.2	0	idle	301	1283	0	0	赛博铠甲-皮
6010410	armor_foot	g1008_foot_10_rainbow_wood.mesh	1.2	0	idle	301	1284	0	0	斋月铠甲-皮
6010411	armor_foot	g1008_foot_11_rainbow_wood.mesh	1.2	0	idle	301	1285	0	0	小丑铠甲-皮
6010412	armor_foot	g1008_foot_12_rainbow_wood.mesh	1.2	0	idle	301	1286	0	0	洛基铠甲-皮
6010413	armor_foot	g1008_foot_13_rainbow_wood.mesh	1.2	0	idle	301	1287	0	0	奥丁铠甲-皮
6010414	armor_foot	g1008_foot_14_rainbow_wood.mesh	1.2	0	idle	301	1288	0	0	狂战士铠甲-皮
6010415	armor_foot	g1008_foot_15_rainbow_wood.mesh	1.2	0	idle	301	1289	0	0	妖狐铠甲-皮
6010416	armor_foot	g1008_foot_16_rainbow_wood.mesh	1.2	0	idle	301	1290	0	0	火男铠甲-皮
6010417	armor_foot	g1008_foot_17_rainbow_wood.mesh	1.2	0	idle	301	1291	0	0	海龙铠甲-皮
6020101	armor_head	g1008_head_01_rainbow_iron.mesh	1.2	0	idle	306	1300	0	1	
6020102	armor_head	g1008_head_02_rainbow_iron.mesh	1.2	0	idle	306	1301	0	1	
6020103	armor_head	g1008_head_03_rainbow_iron.mesh	1.2	0	idle	306	1302	0	1	
6020104	armor_head	g1008_head_04_rainbow_iron.mesh	1.2	0	idle	306	1303	0	1	
6020105	armor_head	g1008_head_05_rainbow_iron.mesh	1.2	0	idle	306	1304	0	1	
6020106	armor_head	g1008_head_06_rainbow_iron.mesh	1.2	0	idle	306	1305	0	1	
6020107	armor_head	g1008_head_07_rainbow_iron.mesh	1.2	0	idle	306	1306	0	1	恶魔铁
6020108	armor_head	g1008_head_08_rainbow_iron.mesh	1.2	0	idle	306	1307	0	1	宫庭骑士铁
6020109	armor_head	g1008_head_09_rainbow_iron.mesh	1.2	0	idle	306	1308	0	1	武士铠甲铁
6020110	armor_head	g1008_head_10_rainbow_iron.mesh	1.2	0	idle	306	1309	0	1	圣诞铠甲铁
6020111	armor_head	g1008_head_11_rainbow_iron.mesh	1.2	0	idle	306	1310	0	1	赛博铠甲铁
6020112	armor_head	g1008_head_12_rainbow_iron.mesh	1.2	0	idle	306	1311	0	1	斋月铠甲铁
6020113	armor_head	g1008_head_13_rainbow_iron.mesh	1.2	0	idle	306	1312	0	1	洛基铠甲铁
6020114	armor_head	g1008_head_14_rainbow_iron.mesh	1.2	0	idle	306	1313	0	1	奥丁铠甲铁
6020115	armor_head	g1008_head_15_rainbow_iron.mesh	1.2	0	idle	306	1314	0	1	妖狐铠甲铁
6020116	armor_head	g1008_head_16_rainbow_iron.mesh	1.2	0	idle	306	1315	0	1	矿工铁
6020117	armor_head	g1008_head_17_rainbow_iron.mesh	1.2	0	idle	306	1316	0	1	海龙铠甲铁
6020201	armor_chest	g1008_chest_01_rainbow_iron	1.2	0	idle	307	1325	0	0	
6020202	armor_chest	g1008_chest_02_rainbow_iron	1.2	0	idle	307	1326	0	0	
6020203	armor_chest	g1008_chest_03_rainbow_iron	1.2	0	idle	307	1327	0	0	
6020204	armor_chest	g1008_chest_04_rainbow_iron	1.2	0	idle	307	1328	0	0	
6020205	armor_chest	g1008_chest_05_rainbow_iron	1.2	0	idle	307	1329	0	0	
6020206	armor_chest	g1008_chest_06_rainbow_iron	1.2	0	idle	307	1330	0	0	
6020207	armor_chest	g1008_chest_07_rainbow_iron	1.2	0	idle	307	1331	0	0	恶魔铁
6020208	armor_chest	g1008_chest_08_rainbow_iron	1.2	0	idle	307	1332	0	0	宫庭骑士铁
6020209	armor_chest	g1008_chest_09_rainbow_iron	1.2	0	idle	307	1333	0	0	武士铠甲铁
6020210	armor_chest	g1008_chest_10_rainbow_iron	1.2	0	idle	307	1334	0	0	圣诞铠甲铁
6020211	armor_chest	g1008_chest_11_rainbow_iron	1.2	0	idle	307	1335	0	0	赛博铠甲铁
6020212	armor_chest	g1008_chest_12_rainbow_iron	1.2	0	idle	307	1336	0	0	斋月铠甲铁
6020213	armor_chest	g1008_chest_13_rainbow_iron	1.2	0	idle	307	1337	0	0	洛基铠甲铁
6020214	armor_chest	g1008_chest_14_rainbow_iron	1.2	0	idle	307	1338	0	0	奥丁铠甲铁
6020215	armor_chest	g1008_chest_15_rainbow_iron	1.2	0	idle	307	1339	0	0	妖狐铠甲铁
6020216	armor_chest	g1008_chest_16_rainbow_iron	1.2	0	idle	307	1340	0	0	矿工铁
6020217	armor_chest	g1008_chest_17_rainbow_iron	1.2	0	idle	307	1341	0	0	海龙铠甲铁
6020301	armor_thigh	g1008_thigh_01_rainbow_iron	1.2	0	idle	308	1350	0	0	
6020302	armor_thigh	g1008_thigh_02_rainbow_iron	1.2	0	idle	308	1351	0	0	
6020303	armor_thigh	g1008_thigh_03_rainbow_iron	1.2	0	idle	308	1352	0	0	
6020304	armor_thigh	g1008_thigh_04_rainbow_iron	1.2	0	idle	308	1353	0	0	
6020305	armor_thigh	g1008_thigh_05_rainbow_iron	1.2	0	idle	308	1354	0	0	
6020306	armor_thigh	g1008_thigh_06_rainbow_iron	1.2	0	idle	308	1355	0	0	
6020307	armor_thigh	g1008_thigh_07_rainbow_iron	1.2	0	idle	308	1356	0	0	恶魔铁
6020308	armor_thigh	g1008_thigh_08_rainbow_iron	1.2	0	idle	308	1357	0	0	宫庭骑士铁
6020309	armor_thigh	g1008_thigh_09_rainbow_iron	1.2	0	idle	308	1358	0	0	武士铠甲铁
6020310	armor_thigh	g1008_thigh_10_rainbow_iron	1.2	0	idle	308	1359	0	0	圣诞铠甲铁
6020311	armor_thigh	g1008_thigh_11_rainbow_iron	1.2	0	idle	308	1360	0	0	赛博铠甲铁
6020312	armor_thigh	g1008_thigh_12_rainbow_iron	1.2	0	idle	308	1361	0	0	斋月铠甲铁
6020313	armor_thigh	g1008_thigh_13_rainbow_iron	1.2	0	idle	308	1362	0	0	洛基铠甲铁
6020314	armor_thigh	g1008_thigh_14_rainbow_iron	1.2	0	idle	308	1363	0	0	奥丁铠甲铁
6020315	armor_thigh	g1008_thigh_15_rainbow_iron	1.2	0	idle	308	1364	0	0	妖狐铠甲铁
6020316	armor_thigh	g1008_thigh_16_rainbow_iron	1.2	0	idle	308	1365	0	0	矿工铁
6020317	armor_thigh	g1008_thigh_17_rainbow_iron	1.2	0	idle	308	1366	0	0	海龙铠甲铁
6020401	armor_foot	g1008_foot_01_rainbow_iron.mesh	1.2	0	idle	309	1375	0	0	
6020402	armor_foot	g1008_foot_02_rainbow_iron.mesh	1.2	0	idle	309	1376	0	0	
6020403	armor_foot	g1008_foot_03_rainbow_iron.mesh	1.2	0	idle	309	1377	0	0	
6020404	armor_foot	g1008_foot_04_rainbow_iron.mesh	1.2	0	idle	309	1378	0	0	
6020405	armor_foot	g1008_foot_05_rainbow_iron.mesh	1.2	0	idle	309	1379	0	0	
6020406	armor_foot	g1008_foot_06_rainbow_iron.mesh	1.2	0	idle	309	1380	0	0	
6020407	armor_foot	g1008_foot_07_rainbow_iron.mesh	1.2	0	idle	309	1381	0	0	恶魔铁
6020408	armor_foot	g1008_foot_08_rainbow_iron.mesh	1.2	0	idle	309	1382	0	0	宫庭骑士铁
6020409	armor_foot	g1008_foot_09_rainbow_iron.mesh	1.2	0	idle	309	1383	0	0	武士铠甲铁
6020410	armor_foot	g1008_foot_10_rainbow_iron.mesh	1.2	0	idle	309	1384	0	0	圣诞铠甲铁
6020411	armor_foot	g1008_foot_11_rainbow_iron.mesh	1.2	0	idle	309	1385	0	0	赛博铠甲铁
6020412	armor_foot	g1008_foot_12_rainbow_iron.mesh	1.2	0	idle	309	1386	0	0	斋月铠甲铁
6020413	armor_foot	g1008_foot_13_rainbow_iron.mesh	1.2	0	idle	309	1387	0	0	洛基铠甲铁
6020414	armor_foot	g1008_foot_14_rainbow_iron.mesh	1.2	0	idle	309	1388	0	0	奥丁铠甲铁
6020415	armor_foot	g1008_foot_15_rainbow_iron.mesh	1.2	0	idle	309	1389	0	0	妖狐铠甲铁
6020416	armor_foot	g1008_foot_16_rainbow_iron.mesh	1.2	0	idle	309	1390	0	0	矿工铁
6020417	armor_foot	g1008_foot_17_rainbow_iron.mesh	1.2	0	idle	309	1391	0	0	海龙铠甲铁
6030101	armor_head	g1008_head_01_rainbow_gold.mesh	1.2	0	idle	314	1400	0	1	
6030102	armor_head	g1008_head_02_rainbow_gold.mesh	1.2	0	idle	314	1401	0	1	
6030104	armor_head	g1008_head_04_rainbow_gold.mesh	1.2	0	idle	314	1403	0	1	
6030105	armor_head	g1008_head_05_rainbow_gold.mesh	1.2	0	idle	314	1404	0	1	
6030106	armor_head	g1008_head_06_rainbow_gold.mesh	1.2	0	idle	314	1405	0	1	
6030107	armor_head	g1008_head_07_rainbow_gold.mesh	1.2	0	idle	314	1406	0	1	
6030108	armor_head	g1008_head_08_rainbow_gold.mesh	1.2	0	idle	314	1407	0	1	恶魔金
6030109	armor_head	g1008_head_09_rainbow_gold.mesh	1.2	0	idle	314	1408	0	1	宫庭骑士金
6030110	armor_head	g1008_head_10_rainbow_gold.mesh	1.2	0	idle	314	1409	0	1	武士铠甲金
6030111	armor_head	g1008_head_11_rainbow_gold.mesh	1.2	0	idle	314	1410	0	1	摇滚铠甲金
6030112	armor_head	g1008_head_12_rainbow_gold.mesh	1.2	0	idle	314	1411	0	1	赛博铠甲金
6030113	armor_head	g1008_head_13_rainbow_gold.mesh	1.2	0	idle	314	1412	0	1	斋月铠甲金
6030114	armor_head	g1008_head_14_rainbow_gold.mesh	1.2	0	idle	314	1413	0	1	洛基铠甲金
6030115	armor_head	g1008_head_15_rainbow_gold.mesh	1.2	0	idle	314	1414	0	1	奥丁铠甲金
6030116	armor_head	g1008_head_16_rainbow_gold.mesh	1.2	0	idle	314	1415	0	1	妖狐铠甲金
6030117	armor_head	g1008_head_17_rainbow_gold.mesh	1.2	0	idle	314	1416	0	1	海龙铠甲金
6030201	armor_chest	g1008_chest_01_rainbow_gold	1.2	0	idle	315	1425	0	0	
6030202	armor_chest	g1008_chest_02_rainbow_gold	1.2	0	idle	315	1426	0	0	
6030204	armor_chest	g1008_chest_04_rainbow_gold	1.2	0	idle	315	1428	0	0	
6030205	armor_chest	g1008_chest_05_rainbow_gold	1.2	0	idle	315	1429	0	0	
6030206	armor_chest	g1008_chest_06_rainbow_gold	1.2	0	idle	315	1430	0	0	
6030207	armor_chest	g1008_chest_07_rainbow_gold	1.2	0	idle	315	1431	0	0	
6030208	armor_chest	g1008_chest_08_rainbow_gold	1.2	0	idle	315	1432	0	0	恶魔金
6030209	armor_chest	g1008_chest_09_rainbow_gold	1.2	0	idle	315	1433	0	0	宫庭骑士金
6030210	armor_chest	g1008_chest_10_rainbow_gold	1.2	0	idle	315	1434	0	0	武士铠甲金
6030211	armor_chest	g1008_chest_11_rainbow_gold	1.2	0	idle	315	1435	0	0	摇滚铠甲金
6030212	armor_chest	g1008_chest_12_rainbow_gold	1.2	0	idle	315	1436	0	0	赛博铠甲金
6030213	armor_chest	g1008_chest_13_rainbow_gold	1.2	0	idle	315	1437	0	0	斋月铠甲金
6030214	armor_chest	g1008_chest_14_rainbow_gold	1.2	0	idle	315	1438	0	0	洛基铠甲金
6030215	armor_chest	g1008_chest_15_rainbow_gold	1.2	0	idle	315	1439	0	0	奥丁铠甲金
6030216	armor_chest	g1008_chest_16_rainbow_gold	1.2	0	idle	315	1440	0	0	妖狐铠甲金
6030217	armor_chest	g1008_chest_17_rainbow_gold	1.2	0	idle	315	5441	0	0	海龙铠甲金
6030301	armor_thigh	g1008_thigh_01_rainbow_gold	1.2	0	idle	316	1450	0	0	
6030302	armor_thigh	g1008_thigh_02_rainbow_gold	1.2	0	idle	316	1451	0	0	
6030304	armor_thigh	g1008_thigh_04_rainbow_gold	1.2	0	idle	316	1453	0	0	
6030305	armor_thigh	g1008_thigh_05_rainbow_gold	1.2	0	idle	316	1454	0	0	
6030306	armor_thigh	g1008_thigh_06_rainbow_gold	1.2	0	idle	316	1455	0	0	
6030307	armor_thigh	g1008_thigh_07_rainbow_gold	1.2	0	idle	316	1456	0	0	
6030308	armor_thigh	g1008_thigh_08_rainbow_gold	1.2	0	idle	316	1457	0	0	恶魔金
6030309	armor_thigh	g1008_thigh_09_rainbow_gold	1.2	0	idle	316	1458	0	0	宫庭骑士金
6030310	armor_thigh	g1008_thigh_10_rainbow_gold	1.2	0	idle	316	1459	0	0	武士铠甲金
6030311	armor_thigh	g1008_thigh_11_rainbow_gold	1.2	0	idle	316	1460	0	0	摇滚铠甲金
6030312	armor_thigh	g1008_thigh_12_rainbow_gold	1.2	0	idle	316	1461	0	0	赛博铠甲金
6030313	armor_thigh	g1008_thigh_13_rainbow_gold	1.2	0	idle	316	1462	0	0	斋月铠甲金
6030314	armor_thigh	g1008_thigh_14_rainbow_gold	1.2	0	idle	316	1463	0	0	洛基铠甲金
6030315	armor_thigh	g1008_thigh_15_rainbow_gold	1.2	0	idle	316	1464	0	0	奥丁铠甲金
6030316	armor_thigh	g1008_thigh_16_rainbow_gold	1.2	0	idle	316	1465	0	0	妖狐铠甲金
6030317	armor_thigh	g1008_thigh_17_rainbow_gold	1.2	0	idle	316	1466	0	0	海龙铠甲金
6030401	armor_foot	g1008_foot_01_rainbow_gold.mesh	1.2	0	idle	317	1475	0	0	
6030402	armor_foot	g1008_foot_02_rainbow_gold.mesh	1.2	0	idle	317	1476	0	0	
6030404	armor_foot	g1008_foot_04_rainbow_gold.mesh	1.2	0	idle	317	1478	0	0	
6030405	armor_foot	g1008_foot_05_rainbow_gold.mesh	1.2	0	idle	317	1479	0	0	
6030406	armor_foot	g1008_foot_06_rainbow_gold.mesh	1.2	0	idle	317	1480	0	0	
6030407	armor_foot	g1008_foot_07_rainbow_gold.mesh	1.2	0	idle	317	1481	0	0	
6030408	armor_foot	g1008_foot_08_rainbow_gold.mesh	1.2	0	idle	317	1482	0	0	恶魔金
6030409	armor_foot	g1008_foot_09_rainbow_gold.mesh	1.2	0	idle	317	1483	0	0	宫庭骑士金
6030410	armor_foot	g1008_foot_10_rainbow_gold.mesh	1.2	0	idle	317	1484	0	0	武士铠甲金
6030411	armor_foot	g1008_foot_11_rainbow_gold.mesh	1.2	0	idle	317	1485	0	0	摇滚铠甲金
6030412	armor_foot	g1008_foot_12_rainbow_gold.mesh	1.2	0	idle	317	1486	0	0	赛博铠甲金
6030413	armor_foot	g1008_foot_13_rainbow_gold.mesh	1.2	0	idle	317	1487	0	0	斋月铠甲金
6030414	armor_foot	g1008_foot_14_rainbow_gold.mesh	1.2	0	idle	317	1488	0	0	洛基铠甲金
6030415	armor_foot	g1008_foot_15_rainbow_gold.mesh	1.2	0	idle	317	1489	0	0	奥丁铠甲金
6030416	armor_foot	g1008_foot_16_rainbow_gold.mesh	1.2	0	idle	317	1490	0	0	妖狐铠甲金
6030417	armor_foot	g1008_foot_17_rainbow_gold.mesh	1.2	0	idle	317	1491	0	0	海龙铠甲金
6040101	armor_head	g1008_head_01_rainbow_emerald.mesh	1.2	0	idle	310	1500	0	1	
6040102	armor_head	g1008_head_02_rainbow_emerald.mesh	1.2	0	idle	310	1501	0	1	
6040103	armor_head	g1008_head_03_rainbow_emerald.mesh	1.2	0	idle	310	1502	0	0	
6040104	armor_head	g1008_head_04_rainbow_emerald.mesh	1.2	0	idle	310	1503	0	1	
6040105	armor_head	g1008_head_05_rainbow_emerald.mesh	1.2	0	idle	310	1504	0	1	
6040106	armor_head	g1008_head_06_rainbow_emerald.mesh	1.2	0	idle	310	1505	0	1	
6040107	armor_head	g1008_head_07_rainbow_emerald.mesh	1.2	0	idle	310	1506	0	1	恶魔钻
6040108	armor_head	g1008_head_08_rainbow_emerald.mesh	1.2	0	idle	310	1507	0	1	宫庭骑士钻
6040109	armor_head	g1008_head_09_rainbow_emerald.mesh	1.2	0	idle	310	1508	0	1	武士铠甲钻
6040110	armor_head	g1008_head_10_rainbow_emerald.mesh	1.2	0	idle	310	1509	0	1	赛博铠甲钻
6040111	armor_head	g1008_head_11_rainbow_emerald.mesh	1.2	0	idle	310	1510	0	1	斋月铠甲钻
6040112	armor_head	g1008_head_12_rainbow_emerald.mesh	1.2	0	idle	310	1511	0	1	洛基铠甲钻
6040113	armor_head	g1008_head_13_rainbow_emerald.mesh	1.2	0	idle	310	1512	0	1	奥丁铠甲钻
6040114	armor_head	g1008_head_14_rainbow_emerald.mesh	1.2	0	idle	310	1513	0	1	妖狐铠甲钻
6040115	armor_head	g1008_head_15_rainbow_emerald.mesh	1.2	0	idle	310	1514	0	1	海龙铠甲钻
6040201	armor_chest	g1008_chest_01_rainbow_emerald	1.2	0	idle	311	1525	0	0	
6040202	armor_chest	g1008_chest_02_rainbow_emerald	1.2	0	idle	311	1526	0	0	
6040203	armor_chest	g1008_chest_03_rainbow_emerald	1.2	0	idle	311	1527	0	0	
6040204	armor_chest	g1008_chest_04_rainbow_emerald	1.2	0	idle	311	1528	0	0	
6040205	armor_chest	g1008_chest_05_rainbow_emerald	1.2	0	idle	311	1529	0	0	
6040206	armor_chest	g1008_chest_06_rainbow_emerald	1.2	0	idle	311	1530	0	0	
6040207	armor_chest	g1008_chest_07_rainbow_emerald	1.2	0	idle	311	1531	0	0	恶魔钻
6040208	armor_chest	g1008_chest_08_rainbow_emerald	1.2	0	idle	311	1532	0	0	宫庭骑士钻
6040209	armor_chest	g1008_chest_09_rainbow_emerald	1.2	0	idle	311	1533	0	0	武士铠甲钻
6040210	armor_chest	g1008_chest_10_rainbow_emerald	1.2	0	idle	311	1534	0	0	赛博铠甲钻
6040211	armor_chest	g1008_chest_11_rainbow_emerald	1.2	0	idle	311	1535	0	0	斋月铠甲钻
6040212	armor_chest	g1008_chest_12_rainbow_emerald	1.2	0	idle	311	1536	0	0	洛基铠甲钻
6040213	armor_chest	g1008_chest_13_rainbow_emerald	1.2	0	idle	311	1537	0	0	奥丁铠甲钻
6040214	armor_chest	g1008_chest_14_rainbow_emerald	1.2	0	idle	311	1538	0	0	妖狐铠甲钻
6040215	armor_chest	g1008_chest_15_rainbow_emerald	1.2	0	idle	311	1539	0	0	海龙铠甲钻
6040301	armor_thigh	g1008_thigh_01_rainbow_emerald	1.2	0	idle	312	1550	0	0	
6040302	armor_thigh	g1008_thigh_02_rainbow_emerald	1.2	0	idle	312	1551	0	0	
6040303	armor_thigh	g1008_thigh_03_rainbow_emerald	1.2	0	idle	312	1552	0	0	
6040304	armor_thigh	g1008_thigh_04_rainbow_emerald	1.2	0	idle	312	1553	0	0	
6040305	armor_thigh	g1008_thigh_05_rainbow_emerald	1.2	0	idle	312	1554	0	0	
6040306	armor_thigh	g1008_thigh_06_rainbow_emerald	1.2	0	idle	312	1555	0	0	
6040307	armor_thigh	g1008_thigh_07_rainbow_emerald	1.2	0	idle	312	1556	0	0	恶魔钻
6040308	armor_thigh	g1008_thigh_08_rainbow_emerald	1.2	0	idle	312	1557	0	0	宫庭骑士钻
6040309	armor_thigh	g1008_thigh_09_rainbow_emerald	1.2	0	idle	312	1558	0	0	武士铠甲钻
6040310	armor_thigh	g1008_thigh_10_rainbow_emerald	1.2	0	idle	312	1559	0	0	赛博铠甲钻
6040311	armor_thigh	g1008_thigh_11_rainbow_emerald	1.2	0	idle	312	1560	0	0	斋月铠甲钻
6040312	armor_thigh	g1008_thigh_12_rainbow_emerald	1.2	0	idle	312	1561	0	0	洛基铠甲钻
6040313	armor_thigh	g1008_thigh_13_rainbow_emerald	1.2	0	idle	312	1562	0	0	奥丁铠甲钻
6040314	armor_thigh	g1008_thigh_14_rainbow_emerald	1.2	0	idle	312	1563	0	0	妖狐铠甲钻
6040315	armor_thigh	g1008_thigh_15_rainbow_emerald	1.2	0	idle	312	1564	0	0	海龙铠甲钻
6040401	armor_foot	g1008_foot_01_rainbow_emerald.mesh	1.2	0	idle	313	1575	0	0	
6040402	armor_foot	g1008_foot_02_rainbow_emerald.mesh	1.2	0	idle	313	1576	0	0	
6040403	armor_foot	g1008_foot_03_rainbow_emerald.mesh	1.2	0	idle	313	1577	0	0	
6040404	armor_foot	g1008_foot_04_rainbow_emerald.mesh	1.2	0	idle	313	1578	0	0	
6040405	armor_foot	g1008_foot_05_rainbow_emerald.mesh	1.2	0	idle	313	1579	0	0	
6040406	armor_foot	g1008_foot_06_rainbow_emerald.mesh	1.2	0	idle	313	1580	0	0	
6040407	armor_foot	g1008_foot_07_rainbow_emerald.mesh	1.2	0	idle	313	1581	0	0	恶魔钻
6040408	armor_foot	g1008_foot_08_rainbow_emerald.mesh	1.2	0	idle	313	1582	0	0	宫庭骑士钻
6040409	armor_foot	g1008_foot_09_rainbow_emerald.mesh	1.2	0	idle	313	1583	0	0	武士铠甲钻
6040410	armor_foot	g1008_foot_10_rainbow_emerald.mesh	1.2	0	idle	313	1584	0	0	赛博铠甲钻
6040411	armor_foot	g1008_foot_11_rainbow_emerald.mesh	1.2	0	idle	313	1585	0	0	斋月铠甲钻
6040412	armor_foot	g1008_foot_12_rainbow_emerald.mesh	1.2	0	idle	313	1586	0	0	洛基铠甲钻
6040413	armor_foot	g1008_foot_13_rainbow_emerald.mesh	1.2	0	idle	313	1587	0	0	奥丁铠甲钻
6040414	armor_foot	g1008_foot_14_rainbow_emerald.mesh	1.2	0	idle	313	1588	0	0	妖狐铠甲钻
6040415	armor_foot	g1008_foot_15_rainbow_emerald.mesh	1.2	0	idle	313	1589	0	0	海龙铠甲钻
7010004	gun	g1008_shears_04.mesh	1.7	0	g1008_show_sword	359	3054	0	0	
7010006	gun	g1008_shears_06.mesh	1.7	0	g1008_show_sword	359	3056	0	0	
7010007	gun	g1008_shears_07.mesh	1.7	0	g1008_show_sword	359	3057	0	0	
7010008	gun	g1008_shears_08.mesh	1.7	0	g1008_show_sword	359	3058	0	0	
7010009	gun	g1008_shears_09.mesh	1.7	0	g1008_show_sword	359	3059	0	0	蝴蝶
7010010	gun	g1008_shears_10.mesh	1.7	0	g1008_show_sword	359	3060	0	0	
7010011	gun	g1008_shears_11.mesh	1.7	0	g1008_show_sword	359	3061	0	0	童话
7010012	gun	g1008_shears_12.mesh	1.7	0	g1008_show_sword	359	3062	0	0	
7010013	gun	g1008_shears_13.mesh	1.7	0	g1008_show_sword	359	3063	0	0	
7010014	gun	g1008_shears_14.mesh	1.7	0	g1008_show_sword	359	3064	0	0	女巫
7010015	gun	g1008_shears_15.mesh	1.7	0	g1008_show_sword	359	3065	0	0	植物符文
7010017	gun	g1008_shears_17.mesh	1.7	0	g1008_show_sword	359	3067	0	0	蝎尾剪
7010018	gun	g1008_shears_18.mesh	1.7	0	g1008_show_sword	359	3068	0	0	剪刀手
7010019	gun	g1008_shears_19.mesh	1.7	0	g1008_show_sword	359	3069	0	0	雀眼
7010020	gun	g1008_shears_20.mesh	1.7	0	g1008_show_sword	359	3070	0	0	光能武器
