配置ID	模型名字	槽位1相对玩家的位置	槽位2相对玩家的位置	玩家模型动作	出场动作	UI上播的动作	装备后动作列表	UI显示的位置	动作冷却	缩放倍数	模型旋转	模型角度偏转	Unnamed: 15
Id	ActorName	offset1	offset2	uiPlayerSkill	uiShowSkillName	uiSkillName	sceneSkills	uiOffset	skillCD	scale	uiActorRotate	uiActorXRotate	
3001	g1008_pet_1.actor	-0.2,0.2,-1.5	-0.2,0.2,1.5	taunt_03	#	taunt	taunt	0,-0.45	6500	0.96	#	#	羊咩咩
3002	g1008_pet_2.actor	-0.2,0,-1.5	-0.2,0,1.5	taunt_03	#	taunt	taunt	0,-0.36	6500	0.96	#	#	木头人
3003	g1008_pet_3.actor	-0.2,-0.1,-1.5	-0.2,-0.1,1.5	taunt_03	#	taunt	taunt	0,-0.36	6500	0.96	#	#	石头人
3004	g1008_pet_4.actor	-0.2,0,-1.5	-0.2,0,1.5	taunt_03	#	taunt	taunt	0,-0.36	6500	0.96	#	#	曜石守卫
3005	g1008_pet_5.actor	-0.2,0,-1.5	-0.2,0,1.5	taunt_03	#	taunt	taunt	0,-0.4	6500	1.44	#	#	宝石守卫
3006	g1008_pet_6.actor	-0.2,0,-1.5	-0.2,0,1.5	taunt_03	#	taunt	taunt	0,-0.37	6500	1.44	#	#	烈焰人
3007	g1008_pet_7.actor	-0.2,0,-1.5	-0.2,0,1.5	taunt_03	#	taunt	taunt	0,-0.35	6500	1.44	#	#	影子人
3008	g1008_pet_8.actor	-0.2,0,-1.5	-0.2,0,1.5	taunt_03	show	taunt	taunt	0,-0.4	6500	1.44	#	#	宝宝龙
3009	g1008_pet_9.actor	-0.2,0,-1.5	-0.2,0,1.5	taunt_03	#	taunt	taunt	0,-0.37	6500	1.36	#	#	宝石游侠
3010	g1008_pet_10.actor	-0.15,-0.15,-1.5	-0.15,-0.15,1.5	taunt_03	#	taunt	taunt	0,-0.4	6500	1.36	#	#	魔法猫咪
3011	g1008_pet_11.actor	-0.2,0.1,-1.5	-0.2,0.1,1.5	taunt_03	#	taunt	taunt	0,-0.4	6500	1.28	#	#	柯基
3012	g1008_pet_12.actor	-0.2,0,-1.5	-0.2,0,1.5	taunt_03	#	taunt	taunt	0,-0.37	6500	1.28	#	#	王牌飞行猪
3013	g1008_pet_13.actor	-0.2,0,-1.5	-0.2,0,1.5	taunt_03	#	taunt	taunt	0,-0.38	6500	1.36	#	#	恐龙猫
3014	g1008_pet_14.actor	-0.2,0.1,-1.5	-0.2,0.1,1.5	taunt_03	#	taunt	taunt	0,-0.4	6500	1.36	#	#	炸弹人
3015	g1008_pet_15.actor	-0.2,0.1,-1.5	-0.2,0.1,1.5	taunt_03	#	taunt	taunt	0,-0.31	6500	1.36	#	#	拳击手
3016	g1008_pet_16.actor	-0.2,0,-1.5	-0.2,0,1.5	taunt_03	#	taunt	taunt	0,-0.38	6500	1.36	#	#	床霸
3017	g1008_pet_17.actor	-0.2,0,-1.5	-0.2,0,1.5	taunt_03	#	taunt	taunt	0,-0.38	6500	1.28	#	#	恶魔
3018	g1008_pet_18.actor	-0.2,0,-1.35	-0.2,0,1.35	taunt_03	#	taunt	taunt	0,-0.4	6500	1.36	#	#	驯鹿
3019	g1008_pet_19.actor	-0.2,-0.1,-1.35	-0.2,-0.1,1.35	taunt_03	#	taunt	taunt	0,-0.3	6500	1.36	#	#	雷龙
3020	g1008_pet_20.actor	-0.2,0.4,-1.6	0.2,0.4,1.6	taunt_03	show	taunt2	taunt	0,-0.5	6500	0.085	#	#	黑影
3021	g1008_pet_21.actor	-0.2,0.15,-1.5	-0.2,0.15,1.5	taunt_03	#	taunt	taunt	0,-0.4	6500	1.36	#	#	雪人
3022	g1008_pet_22.actor	-0.2,-0.1,-1.35	-0.2,-0.1,1.35	taunt_03	#	taunt	taunt	0,-0.3	6500	0.48	#	#	人鱼公主
3023	g1008_pet_23.actor	-0.2,-0.1,-1.35	-0.2,-0.1,1.35	taunt_03	#	taunt	taunt	0,-0.4	6500	0.4	#	#	摇滚兔
3024	g1008_pet_24.actor	-0.2,0.5,-1.5	-0.2,0.5,1.5	taunt_03	#	taunt	taunt	0,-0.44	6500	0.56	#	#	火狐
3025	g1008_pet_25.actor	-0.2,-0.4,-1.8	-0.2,-0.4,1.8	taunt_03	#	taunt	taunt	0,-0.24	6500	1.12	#	#	精灵
3026	g1008_pet_26.actor	-0.2,0.1,-1.5	-0.2,0.1,1.5	taunt_03	#	taunt	taunt	0,-0.4	6500	0.56	#	#	王牌鸵鸟
3027	g1008_pet_27.actor	-0.2,0.2,-1.5	-0.2,0.2,1.5	taunt_03	#	taunt	taunt	0,-0.4	6500	0.72	#	#	雷霆领主
3028	g1008_pet_28.actor	-0.2,0.2,-1.5	-0.2,0.2,1.5	taunt_03	#	taunt	taunt	0,-0.42	6500	0.72	#	#	烈焰猪
3029	g1008_pet_29.actor	-0.2,0.2,-1.5	-0.2,0.2,1.5	taunt_03	#	taunt	taunt	0,-0.4	6500	0.72	#	#	炼狱马
3030	g1008_pet_30.actor	-0.2,0.2,-1.5	-0.2,0.2,1.5	taunt_03	#	taunt	taunt	0,-0.4	6500	0.72	#	#	独角兽
3031	g1008_pet_31.actor	-0.2,0.2,-1.5	-0.2,0.2,1.5	taunt_03	#	taunt	taunt	0,-0.4	6500	0.72	#	#	肥牛卷
3032	g1008_pet_32.actor	-0.2,0.2,-1.5	-0.2,0.2,1.5	taunt_03	show	taunt	taunt#taunt#show	0,-0.4	6500	1.36	#	#	瓦尔基里
3033	g1008_pet_33.actor	-0.2,0.2,-1.5	-0.2,0.2,1.5	taunt_03	#	taunt	taunt	0,-0.42	6500	1.28	#	#	符文恶魔
3034	g1008_pet_34.actor	-0.2,0.2,-1.5	-0.2,0.2,1.5	taunt_03	taunt2	taunt	taunt	0,-0.4	6500	1.36	#	#	像素勇士
3035	g1008_pet_35.actor	-0.2,0.2,-1.5	-0.2,0.2,1.5	taunt_03	show	taunt	taunt	0,-0.4	6500	1.28	#	#	BM-XVII
3036	g1008_pet_36.actor	-0.2,0.2,-1.5	-0.2,0.2,1.5	taunt_03	show	taunt	taunt	0,-0.4	6500	1.28	#	#	科学丧尸
3037	g1008_pet_37.actor	-0.2,0.2,-1.5	-0.2,0.2,1.5	taunt_03	show	taunt	taunt	0,-0.35	6500	1.28	#	#	南瓜巫师
3038	g1008_pet_38.actor	-0.2,0.2,-1.5	-0.2,0.2,1.5	taunt_03	show	taunt	taunt	0,-0.4	6500	0.72	#	#	风暴
3039	g1008_pet_39.actor	-0.2,0.2,-1.5	-0.2,0.2,1.5	taunt_03	show	taunt	taunt	0,-0.38	6500	0.72	#	#	波比
3040	g1008_pet_40.actor	-0.2,0.2,-1.5	-0.2,0.2,1.5	taunt_03	show	taunt	taunt	0,-0.4	6500	1	#	#	琥珀
3041	g1008_pet_41.actor	-0.2,0.2,-1.5	-0.2,0.2,1.5	taunt_03	show	taunt	taunt#taunt2#taunt	0,-0.3	7000	1	#	#	星界勇者
3043	g1008_pet_43.actor	-0.2,0.2,-1.5	-0.2,0.2,1.5	taunt_03	show	taunt	taunt	0,-0.4	7000	0.92	#	#	克拉肯
3044	g1008_pet_44.actor	-0.2,0.2,-1.5	-0.2,0.2,1.5	taunt_03	show	taunt	taunt	0,-0.4	7000	0.8	#	#	格林团长
3045	g1008_pet_45.actor	-0.2,0.2,-1.5	-0.2,0.2,1.5	taunt_03	show	taunt	taunt	0,-0.4	7000	0.6	#	#	雷神
3046	g1008_pet_46.actor	-0.2,0.4,-1.6	-0.3,0.4,1.6	taunt_03	show	taunt	taunt	0,-0.3	7000	0.88	#	#	格里芬
3047	g1008_pet_47.actor	-0.2,0.2,-1.5	-0.2,0.2,1.5	taunt_03	show	taunt	taunt	0,-0.4	7000	1	#	#	吵闹
3048	g1008_pet_48.actor	-0.2,0.2,-1.5	-0.2,0.2,1.5	taunt_03	show2	taunt2	taunt	0,-0.4	7000	0.8	#	#	鳄霸
3049	g1008_pet_49.actor	-0.2,0.2,-1.5	-0.2,0.2,1.5	taunt_03	show	taunt	taunt	0,-0.4	7000	0.88	#	#	机械暴龙
3050	g1008_pet_50.actor	-0.2,0.2,-1.5	-0.2,0.2,1.5	taunt_03	show	taunt	taunt	0,-0.4	7000	0.8	#	#	狸奇
3051	g1008_pet_51.actor	-0.2,0.2,-1.5	-0.2,0.2,1.5	taunt_03	show	taunt	taunt	0,-0.4	7000	0.8	#	#	鬼面鹰
3052	g1008_pet_52.actor	-0.2,0.2,-1.5	-0.2,0.2,1.5	taunt_03	show	taunt	taunt	0,-0.4	7000	0.8	#	#	影子骑士
3053	g1008_pet_53.actor	-0.2,0.2,-1.5	-0.2,0.2,1.5	taunt_03	show	taunt	taunt	0,-0.4	7000	0.8	#	#	雷神
3054	g1008_pet_54.actor	-0.2,0.2,-1.5	-0.2,0.2,1.5	taunt_03	show	taunt	taunt	0,-0.4	7000	0.8	#	#	喷火龙
3055	g1008_pet_55.actor	-0.2,0.2,-1.5	-0.2,0.2,1.5	taunt_03	show	taunt	taunt	0,-0.4	7000	1.2	-10	10	九尾
3056	g1008_pet_56.actor	-0.2,0.2,-1.5	-0.2,0.2,1.5	taunt_03	show	taunt	taunt#taunt#show	0,-0.4	7000	0.8	-10	10	仙人
3057	g1008_pet_57.actor	-0.2,0.2,-1.5	-0.2,0.2,1.5	taunt_03	show	taunt	taunt	0,-0.3	7000	0.6	#	#	掠食机器龙
3058	g1008_pet_58.actor	-0.2,0.2,-1.5	-0.2,0.2,1.5	taunt_03	show	taunt	taunt	0,-0.4	7000	0.8	-10	10	忍狼
3059	g1008_pet_59.actor	-0.2,0.2,-1.5	-0.2,0.2,1.5	taunt_03	show	taunt	taunt	0,-0.4	7000	0.8	-10	10	机械鲨鱼
3060	g1008_pet_60.actor	-0.2,0.2,-1.5	-0.2,0.2,1.5	taunt_03	show	taunt	taunt	0,-0.38	7000	0.88	10	-10	科学机器人
3061	g1008_pet_61.actor	-0.2,0.2,-1.5	-0.2,0.2,1.5	taunt_03	show	taunt	taunt	0,-0.4	7000	0.88	-10	10	幽冥狼
3062	g1008_pet_62.actor	-0.2,0.2,-1.5	-0.2,0.2,1.5	taunt_03	show	taunt	taunt	0,-0.4	7000	1	-10	10	猫女
3063	g1008_pet_63.actor	-0.2,0.2,-1.5	-0.2,0.2,1.5	taunt_03	show	taunt	taunt	0,-0.4	7000	0.88	-10	10	恶魔之子
3064	g1008_pet_64.actor	-0.2,0.2,-1.5	-0.2,0.2,1.5	taunt_03	show	taunt	taunt	0,-0.4	7000	0.88	-10	10	鬼助
3065	g1008_pet_65.actor	-0.2,0.2,-1.5	-0.2,0.2,1.5	taunt_03	show	taunt	taunt	0,-0.4	7000	0.88	-10	10	蜘蛛侠
3067	g1008_pet_67.actor	-0.2,0.2,-1.5	-0.2,0.2,1.5	taunt_03	show	taunt	taunt	0,-0.4	7000	0.88	-10	10	死灵龙
3068	g1008_pet_68.actor	-0.2,0.2,-1.5	-0.2,0.2,1.5	taunt_03	show	taunt	taunt	0,-0.4	7000	1.05	-10	10	火麒麟
3069	g1008_pet_69.actor	-0.2,0.2,-1.5	-0.2,0.2,1.5	taunt_03	show	taunt	taunt	0,-0.4	7000	0.65	-10	10	星野爱
3070	g1008_pet_70.actor	-0.2,0.2,-1.5	-0.2,0.2,1.5	taunt_03	show	taunt	taunt	0,-0.4	7000	0.88	-10	10	左轮宠物
3071	g1008_pet_71.actor	-0.2,0.2,-1.5	-0.2,0.2,1.5	taunt_03	show	taunt	taunt	0,-0.4	7000	0.88	-10	10	黑崎一护
3072	g1008_pet_72.actor	-0.2,0.2,-1.5	-0.2,0.2,1.5	taunt_03	show	taunt	taunt	0,-0.4	7000	0.88	-10	10	魔龙
3073	g1008_pet_73.actor	-0.2,0.2,-1.5	-0.2,0.2,1.5	taunt_03	show	taunt	taunt	0,-0.4	7000	0.88	-10	10	大天使
3074	g1008_pet_74.actor	-0.2,0.2,-1.5	-0.2,0.2,1.5	taunt_03	show	taunt	taunt	0,-0.4	7000	0.88	0	0	刺客
3075	g1008_pet_75.actor	-0.2,0.2,-1.5	-0.2,0.2,1.5	taunt_03	show	taunt	taunt	0,-0.4	7000	0.88	0	0	龙狐
3076	g1008_pet_76.actor	-0.2,0.2,-1.5	-0.2,0.2,1.5	taunt_03	show	taunt	taunt	0,-0.4	7000	1.1	0	0	兔子
3077	g1008_pet_77.actor	-0.2,0.2,-1.5	-0.2,0.2,1.5	taunt_03	show	taunt	taunt	0,-0.4	7000	0.7	0	0	梦魇
3078	g1008_pet_78.actor	-0.2,0.2,-1.5	-0.2,0.2,1.5	taunt_03	show	taunt	taunt	0,-0.4	7000	1.1	0	0	吸血鬼
3079	g1008_pet_79.actor	-0.2,0.2,-1.5	-0.2,0.2,1.5	taunt_03	show	taunt	taunt	0,-0.4	7000	1.1	0	0	三色凤凰
3080	g1008_pet_79_1.actor	-0.2,0.2,-1.5	-0.2,0.2,1.5	taunt_03	show	taunt	taunt	0,-0.4	7000	1.1	0	0	凤凰
3081	g1008_pet_81.actor	-0.2,0.2,-1.5	-0.2,0.2,1.5	taunt_03	show	taunt	taunt	0,-0.4	7000	1.1	0	0	白虎
3082	g1008_pet_82.actor	-0.2,0.2,-1.5	-0.2,0.2,1.5	taunt_03	show	idle	taunt	0,-0.4	7000	1.1	0	0	年兽
3083	g1008_pet_83.actor	-0.2,0.2,-1.5	-0.2,0.2,1.5	taunt_03	show	idle	taunt	0,-0.4	7000	1.1	0	0	额弥陀丸
3084	g1008_pet_84.actor	-0.2,0.2,-1.5	-0.2,0.2,1.5	taunt_03	show	idle	taunt	0,-0.4	7000	1.1	0	0	暗影刺客
3085	g1008_pet_85.actor	-0.2,0.2,-1.5	-0.2,0.2,1.5	taunt_03	show	idle	taunt	0,-0.4	7000	1.1	0	0	元素猫
3086	g1008_pet_86.actor	-0.2,0.2,-1.5	-0.2,0.2,1.5	taunt_03	show	idle	taunt	0,-0.4	7000	1.1	0	0	鲤鱼龙
3088	g1008_pet_88.actor	-0.2,0.2,-1.5	-0.2,0.2,1.5	taunt_03	show	idle	taunt	0,-0.4	7000	0.88	0	0	骷髅法师
