配置ID	预览挂点名	预览Mash	预览动作	场景动作	额外预览动作	额外场景动作	坐骑状态下动作	坐骑状态下额外预览动作	刀光特效	刀光特效偏移参数	刀光特效缩放参数	间隔时间	Unnamed: 11
Id	PartName	MeshName	Action	SceneAction	ExtraAction	ExtraSceneAction	MountAction	MountExtraAction	Effect	OffsetParams	ScaleParams	IdleTime	
7001	gun	g1008_sword_104.mesh	g1008_show_daoguang_02	g1008_daoguang_02	#	#	g1008_show_daoguang_02_mount	#	g1008_fp_daoguang_102.effect	0.6#0.3#0.2	1.5#1.5#0.4	700	闪光
7002	gun	g1008_sword_104.mesh	g1008_show_daoguang_01	g1008_daoguang_01	#	#	g1008_show_daoguang_01_mount	#	g1008_fp_daoguang_101.effect	0.6#0.3#0.2	1.5#1.5#0.4	700	水流
7003	gun	g1008_sword_104.mesh	g1008_show_daoguang_03	g1008_daoguang_03	#	#	g1008_show_daoguang_03_mount	#	g1008_fp_daoguang_103.effect	0.6#0.3#0.2	1.5#1.5#1	700	星星
7004	gun	g1008_sword_104.mesh	g1008_show_daoguang_04	g1008_daoguang_04	#	#	g1008_show_daoguang_04_mount	#	g1008_fp_daoguang_104.effect	0.6#0.3#0.2	1.5#1.5#0.4	700	光线
7005	gun	g1008_sword_104.mesh	g1008_show_daoguang_05	g1008_daoguang_05	#	#	g1008_show_daoguang_05_mount	#	g1008_fp_daoguang_105.effect	0.6#0.3#0.2	1.5#1.5#0.4	700	火焰
7006	gun	g1008_sword_104.mesh	g1008_show_daoguang_06	g1008_daoguang_06	#	#	g1008_show_daoguang_06_mount	#	g1008_fp_daoguang_106.effect	0.6#0.3#0.2	1.5#1.5#0.4	700	科技
7007	gun	g1008_sword_104.mesh	g1008_show_daoguang_07	g1008_daoguang_07	#	#	g1008_show_daoguang_07_mount	#	g1008_fp_daoguang_107.effect	0.6#0.3#0.2	1.5#1.5#0.4	700	幻影
7008	gun	g1008_sword_104.mesh	g1008_show_daoguang_08	g1008_daoguang_08	#	#	g1008_show_daoguang_08_mount	#	g1008_fp_daoguang_108.effect	0.6#0.3#0.2	1.5#1.5#0.4	700	泡泡
7009	gun	g1008_sword_104.mesh	g1008_show_daoguang_09	g1008_daoguang_09	#	#	g1008_show_daoguang_09_mount	#	g1008_fp_daoguang_109.effect	0.6#0.3#0.2	1.5#1.5#0.4	700	幽魂
7010	gun	g1008_sword_104.mesh	g1008_show_daoguang_10	g1008_daoguang_10	#	#	g1008_show_daoguang_10_mount	#	g1008_fp_daoguang_110.effect	0.6#0.3#0.2	1.5#1.5#0.4	700	猫猫
7011	gun	g1008_sword_104.mesh	g1008_show_daoguang_11	g1008_daoguang_11	#	#	g1008_show_daoguang_11_mount	#	g1008_fp_daoguang_111.effect	0.6#0.3#0.2	1.5#1.5#0.4	700	量子
7012	gun	g1008_sword_104.mesh	g1008_show_daoguang_12	g1008_daoguang_12	#	#	g1008_show_daoguang_12_mount	#	g1008_fp_daoguang_112.effect	0.6#0.3#0.2	1.5#1.5#0.4	700	霓虹
7013	gun	g1008_sword_104.mesh	g1008_show_daoguang_13	g1008_daoguang_13	#	#	g1008_show_daoguang_13_mount	#	g1008_fp_daoguang_113.effect	0.6#0.3#0.2	1.5#1.5#1	700	黑暗
7014	gun	g1008_sword_104.mesh	g1008_show_daoguang_14	g1008_daoguang_14	#	#	g1008_show_daoguang_14_mount	#	g1008_fp_daoguang_114.effect	0.6#0.3#0.2	1.5#1.5#0.4	700	冰冻
7015	gun	g1008_sword_104.mesh	g1008_show_daoguang_15	g1008_daoguang_15	#	#	g1008_show_daoguang_15_mount	#	g1008_fp_daoguang_115.effect	0.6#0.3#0.2	1.5#1.5#0.4	700	圣诞
7016	gun	g1008_sword_104.mesh	g1008_show_daoguang_16	g1008_daoguang_16	#	#	g1008_show_daoguang_16_mount	#	g1008_fp_daoguang_116.effect	0.6#0.3#0.2	1.5#1.5#0.4	700	影子
7017	gun	g1008_sword_104.mesh	g1008_show_daoguang_17	g1008_daoguang_17	#	#	g1008_show_daoguang_17_mount	#	g1008_fp_daoguang_117.effect	0.6#0.3#0.2	1.5#1.5#0.4	700	水墨
7018	gun	g1008_sword_104.mesh	g1008_show_daoguang_18	g1008_daoguang_18_2	g1008_show_daoguang_18_1#g1008_show_daoguang_18_2	#	g1008_show_daoguang_18_mount	g1008_show_daoguang_18_1_mount#g1008_show_daoguang_18_2_mount	g1008_fp_daoguang_118.effect	0.6#0.3#0.2	1.5#1.5#0.4	700	爪痕
7019	gun	g1008_sword_104.mesh	g1008_show_daoguang_19	g1008_daoguang_19	#	#	g1008_show_daoguang_19_mount	#	g1008_fp_daoguang_119.effect	0.6#0.3#0.2	1.5#1.5#0.4	700	破碎
7020	gun	g1008_sword_104.mesh	g1008_show_daoguang_20	g1008_daoguang_20	#	#	g1008_show_daoguang_20_mount	#	g1008_fp_daoguang_120.effect	0.6#0.3#0.2	1.5#1.5#0.4	700	烟花
7021	gun	g1008_sword_104.mesh	g1008_show_daoguang_21	g1008_daoguang_21	#	#	g1008_show_daoguang_21_mount	#	g1008_fp_daoguang_121.effect	0.6#0.3#0.2	1.5#1.5#0.4	700	水波
7022	gun	g1008_sword_104.mesh	g1008_show_daoguang_22	g1008_daoguang_22	g1008_show_daoguang_22_1#g1008_show_daoguang_22_2#g1008_show_daoguang_22_3#g1008_show_daoguang_22_4#g1008_show_daoguang_22_5#g1008_show_daoguang_22_6#g1008_show_daoguang_22_7#g1008_show_daoguang_22_8	g1008_daoguang_22_1#g1008_daoguang_22_2#g1008_daoguang_22_3#g1008_daoguang_22_4#g1008_daoguang_22_5#g1008_daoguang_22_6#g1008_daoguang_22_7#g1008_daoguang_22_8	g1008_show_daoguang_22_mount	g1008_show_daoguang_22_1_mount#g1008_show_daoguang_22_2_mount#g1008_show_daoguang_22_3_mount#g1008_show_daoguang_22_4_mount#g1008_show_daoguang_22_5_mount#g1008_show_daoguang_22_6_mount#g1008_show_daoguang_22_7_mount#g1008_show_daoguang_22_8_mount	g1008_fp_daoguang_122.effect	0.6#0.3#0.2	1.5#1.5#0.4	700	真言
7023	gun	g1008_sword_104.mesh	g1008_show_daoguang_23	g1008_daoguang_23	g1008_show_daoguang_23_1#g1008_show_daoguang_23_2#g1008_show_daoguang_23_3	g1008_daoguang_23_1#g1008_daoguang_23_2#g1008_daoguang_23_3	g1008_show_daoguang_23_mount	g1008_show_daoguang_23_1_mount#g1008_show_daoguang_23_2_mount#g1008_show_daoguang_23_3_mount	g1008_fp_daoguang_123.effect	0.6#0.3#0.2	1.5#1.5#0.4	700	元素
7024	gun	g1008_sword_104.mesh	g1008_show_daoguang_24	g1008_daoguang_24	g1008_show_daoguang_24_1#g1008_show_daoguang_24_2	g1008_daoguang_24_1#g1008_daoguang_24_2	g1008_show_daoguang_24_mount	g1008_show_daoguang_24_1_mount#g1008_show_daoguang_24_2_mount	g1008_fp_daoguang_124.effect	0.6#0.3#0.2	1.5#1.5#0.4	700	赛博
7025	gun	g1008_sword_104.mesh	g1008_show_daoguang_25	g1008_daoguang_25	g1008_show_daoguang_25_1#g1008_show_daoguang_25_2	g1008_daoguang_25_1#g1008_daoguang_25_2	g1008_show_daoguang_25_mount	g1008_show_daoguang_25_1_mount#g1008_show_daoguang_25_2_mount	g1008_fp_daoguang_125.effect	0.6#0.3#0.2	1.5#1.5#0.4	700	像素萤火
7027	gun	g1008_sword_104.mesh	g1008_show_daoguang_27	g1008_daoguang_27	g1008_show_daoguang_27_1#g1008_show_daoguang_27_2#g1008_show_daoguang_27_3#g1008_show_daoguang_27_4#g1008_show_daoguang_27_5	g1008_daoguang_27_1#g1008_daoguang_27_2#g1008_daoguang_27_3#g1008_daoguang_27_4#g1008_daoguang_27_5	g1008_show_daoguang_27_mount	g1008_show_daoguang_27_1_mount#g1008_show_daoguang_27_2_mount#g1008_show_daoguang_27_3_mount#g1008_show_daoguang_27_4_mount#g1008_show_daoguang_27_5_mount	g1008_fp_daoguang_127.effect	0.6#0.3#0.2	1.5#1.5#0.4	700	源能
7028	gun	g1008_sword_104.mesh	g1008_show_daoguang_28	g1008_daoguang_28	#	#	g1008_show_daoguang_28_mount	#	g1008_fp_daoguang_128.effect	0.6#0.3#0.2	1.5#1.5#0.4	700	影蝠
7029	gun	g1008_sword_104.mesh	g1008_show_daoguang_29	g1008_daoguang_29	#	#	g1008_show_daoguang_29_mount	#	g1008_fp_daoguang_129.effect	0.6#0.3#0.2	1.5#1.5#0.4	700	迅电
7030	gun	g1008_sword_104.mesh	g1008_show_daoguang_30	g1008_daoguang_30	#	#	g1008_show_daoguang_30_mount	#	g1008_fp_daoguang_130.effect	0.6#0.3#0.2	1.5#1.5#0.4	700	淬火
7031	gun	g1008_sword_104.mesh	g1008_show_daoguang_31	g1008_daoguang_31	g1008_show_daoguang_31_1#g1008_show_daoguang_31_2#g1008_show_daoguang_31_3	g1008_daoguang_31_1#g1008_daoguang_31_2#g1008_daoguang_31_3	g1008_show_daoguang_31_mount	g1008_show_daoguang_31_1_mount#g1008_show_daoguang_31_2_mount#g1008_show_daoguang_31_3_mount	g1008_fp_daoguang_131.effect	0.6#0.3#0.2	1.5#1.5#0.4	700	鬼脸
7032	gun	g1008_sword_104.mesh	g1008_show_daoguang_32	g1008_daoguang_32	g1008_show_daoguang_32_1#g1008_show_daoguang_32_2	g1008_daoguang_32_1#g1008_daoguang_32_2	g1008_show_daoguang_32_mount	g1008_show_daoguang_32_1_mount#g1008_show_daoguang_32_2_mount	g1008_fp_daoguang_132.effect	0.6#0.3#0.2	1.5#1.5#0.4	700	音符
7033	gun	g1008_sword_104.mesh	g1008_show_daoguang_33	g1008_daoguang_33	#	#	g1008_show_daoguang_33_mount	#	g1008_fp_daoguang_133.effect	0.6#0.3#0.2	1.5#1.5#0.4	700	爱心
7034	gun	g1008_sword_104.mesh	g1008_show_daoguang_34	g1008_daoguang_34	#	#	g1008_show_daoguang_34_mount	#	g1008_fp_daoguang_134.effect	0.6#0.3#0.2	1.5#1.5#0.4	700	书页
7035	gun	g1008_sword_104.mesh	g1008_show_daoguang_35	g1008_daoguang_35	#	#	g1008_show_daoguang_35_mount	#	g1008_fp_daoguang_135.effect	0.6#0.3#0.2	1.5#1.5#0.4	700	日蚀
7036	gun	g1008_sword_104.mesh	g1008_show_daoguang_36	g1008_daoguang_36	#	#	g1008_show_daoguang_36_mount	#	g1008_fp_daoguang_136.effect	0.6#0.3#0.2	1.5#1.5#0.4	700	紫月
7037	gun	g1008_sword_104.mesh	g1008_show_daoguang_37	g1008_daoguang_37	#	#	g1008_show_daoguang_37_mount	#	g1008_fp_daoguang_137.effect	0.6#0.3#0.2	1.5#1.5#0.4	700	源码
7038	gun	g1008_sword_104.mesh	g1008_show_daoguang_38	g1008_daoguang_38	#	#	g1008_show_daoguang_38_mount	#	g1008_fp_daoguang_138.effect	0.6#0.3#0.2	1.5#1.5#0.4	700	7038
7039	gun	g1008_sword_104.mesh	g1008_show_daoguang_39	g1008_daoguang_39	#	#	g1008_show_daoguang_39_mount	#	g1008_fp_daoguang_139.effect	0.6#0.3#0.2	1.5#1.5#0.4	700	7039
7040	gun	g1008_sword_104.mesh	g1008_show_daoguang_40	g1008_daoguang_40	#	#	g1008_show_daoguang_40_mount	#	g1008_fp_daoguang_140.effect	0.6#0.3#0.2	1.5#1.5#0.4	700	7040
7041	gun	g1008_sword_104.mesh	g1008_show_daoguang_41	g1008_daoguang_41	#	#	g1008_show_daoguang_41_mount	#	g1008_fp_daoguang_141.effect	0.6#0.3#0.2	1.5#1.5#0.4	700	7041
7042	gun	g1008_sword_104.mesh	g1008_show_daoguang_42	g1008_daoguang_42	#	#	g1008_show_daoguang_42_mount	#	g1008_fp_daoguang_142.effect	0.6#0.3#0.2	1.5#1.5#0.4	700	7042
7043	gun	g1008_sword_104.mesh	g1008_show_daoguang_43	g1008_daoguang_43	#	#	g1008_show_daoguang_43_mount	#	g1008_fp_daoguang_143.effect	0.6#0.3#0.2	1.5#1.5#0.4	700	7043
7044	gun	g1008_sword_104.mesh	g1008_show_daoguang_44	g1008_daoguang_44	#	#	g1008_show_daoguang_44_mount	#	g1008_fp_daoguang_144.effect	0.6#0.3#0.2	1.5#1.5#0.4	700	7044
7045	gun	g1008_sword_104.mesh	g1008_show_daoguang_45	g1008_daoguang_45	g1008_show_daoguang_45_1#g1008_show_daoguang_45_2#g1008_show_daoguang_45_3	g1008_daoguang_45_1#g1008_daoguang_45_2#g1008_daoguang_45_3	g1008_show_daoguang_45_mount	g1008_show_daoguang_45_1_mount#g1008_show_daoguang_45_2_mount#g1008_show_daoguang_45_3_mount	g1008_fp_daoguang_145.effect	0.6#0.3#0.2	1.5#1.5#0.4	700	7045
7046	gun	g1008_sword_104.mesh	g1008_show_daoguang_46	g1008_daoguang_46	#	#	g1008_show_daoguang_46_mount	#	g1008_fp_daoguang_146.effect	0.6#0.3#0.2	1.5#1.5#0.4	700	7046
7047	gun	g1008_sword_104.mesh	g1008_show_daoguang_47	g1008_daoguang_47	#	#	g1008_show_daoguang_47_mount	#	g1008_fp_daoguang_147.effect	0.6#0.3#0.2	1.5#1.5#0.4	700	7047
7048	gun	g1008_sword_104.mesh	g1008_show_daoguang_48	g1008_daoguang_48	#	#	g1008_show_daoguang_48_mount	#	g1008_fp_daoguang_148.effect	0.6#0.3#0.2	1.5#1.5#0.4	700	7048
7049	gun	g1008_sword_104.mesh	g1008_show_daoguang_49	g1008_daoguang_49	#	#	g1008_show_daoguang_49_mount	#	g1008_fp_daoguang_149.effect	0.6#0.3#0.2	1.5#1.5#0.4	700	7049
7050	gun	g1008_sword_104.mesh	g1008_show_daoguang_50	g1008_daoguang_50	#	#	g1008_show_daoguang_50_mount	#	g1008_fp_daoguang_150.effect	0.6#0.3#0.2	1.5#1.5#0.4	700	7050
7051	gun	g1008_sword_104.mesh	g1008_show_daoguang_51	g1008_daoguang_51	#	#	g1008_show_daoguang_51_mount	#	g1008_fp_daoguang_151.effect	0.6#0.3#0.2	1.5#1.5#0.4	700	7051
7052	gun	g1008_sword_104.mesh	g1008_show_daoguang_52	g1008_daoguang_52	g1008_show_daoguang_52_1	g1008_daoguang_52_1	g1008_show_daoguang_52_mount	g1008_show_daoguang_52_1_mount	g1008_fp_daoguang_152.effect	0.6#0.3#0.2	1.5#1.5#0.4	700	7052
7053	gun	g1008_sword_104.mesh	g1008_show_daoguang_53	g1008_daoguang_53	#	#	g1008_show_daoguang_53_mount	#	g1008_fp_daoguang_153.effect	0.6#0.3#0.2	1.5#1.5#0.4	700	7053
7054	gun	g1008_sword_104.mesh	g1008_show_daoguang_54	g1008_daoguang_54	#	#	g1008_show_daoguang_54_mount	#	g1008_fp_daoguang_154.effect	0.6#0.3#0.2	1.5#1.5#0.4	700	7054
7055	gun	g1008_sword_104.mesh	g1008_show_daoguang_55	g1008_daoguang_55	#	#	g1008_show_daoguang_55_mount	#	g1008_fp_daoguang_155.effect	0.6#0.3#0.2	1.5#1.5#0.4	700	7055
7056	gun	g1008_sword_104.mesh	g1008_show_daoguang_56	g1008_daoguang_56	#	#	g1008_show_daoguang_56_mount	#	g1008_fp_daoguang_156.effect	0.6#0.3#0.2	1.5#1.5#0.4	700	7056
7057	gun	g1008_sword_104.mesh	g1008_show_daoguang_57	g1008_daoguang_57	#	#	g1008_show_daoguang_57_mount	#	g1008_fp_daoguang_157.effect	0.6#0.3#0.2	1.5#1.5#0.4	700	7057
7058	gun	g1008_sword_104.mesh	g1008_show_daoguang_58	g1008_daoguang_58	#	#	g1008_show_daoguang_58_mount	#	g1008_fp_daoguang_158.effect	0.6#0.3#0.2	1.5#1.5#0.4	700	7058
7059	gun	g1008_sword_104.mesh	g1008_show_daoguang_59	g1008_daoguang_59	#	#	g1008_show_daoguang_59_mount	#	g1008_fp_daoguang_159.effect	0.6#0.3#0.2	1.5#1.5#0.4	700	7059
7060	gun	g1008_sword_104.mesh	g1008_show_daoguang_60	g1008_daoguang_60	#	#	g1008_show_daoguang_60_mount	#	g1008_fp_daoguang_160.effect	0.6#0.3#0.2	1.5#1.5#0.4	700	7060
7061	gun	g1008_sword_104.mesh	g1008_show_daoguang_61	g1008_daoguang_61	#	#	g1008_show_daoguang_61_mount	#	g1008_fp_daoguang_161.effect	0.6#0.3#0.2	1.5#1.5#0.4	700	7061
7062	gun	g1008_sword_104.mesh	g1008_show_daoguang_62	g1008_daoguang_62	#	#	g1008_show_daoguang_62_mount	#	g1008_fp_daoguang_162.effect	0.6#0.3#0.2	1.5#1.5#0.4	700	7062
7063	gun	g1008_sword_104.mesh	g1008_show_daoguang_63	g1008_daoguang_63	#	#	g1008_show_daoguang_63_mount	#	g1008_fp_daoguang_163.effect	0.6#0.3#0.2	1.5#1.5#0.4	700	7063
7064	gun	g1008_sword_104.mesh	g1008_show_daoguang_64	g1008_daoguang_64	#	#	g1008_show_daoguang_64_mount	#	g1008_fp_daoguang_164.effect	0.6#0.3#0.2	1.5#1.5#0.4	700	7064
7065	gun	g1008_sword_104.mesh	g1008_show_daoguang_65	g1008_daoguang_65	#	#	g1008_show_daoguang_65_mount	#	g1008_fp_daoguang_165.effect	0.6#0.3#0.2	1.5#1.5#0.4	700	7065
7066	gun	g1008_sword_104.mesh	g1008_show_daoguang_66	g1008_daoguang_66	#	#	g1008_show_daoguang_66_mount	#	g1008_fp_daoguang_166.effect	0.6#0.3#0.2	1.5#1.5#0.4	700	7066
7067	gun	g1008_sword_104.mesh	g1008_show_daoguang_67_1	g1008_daoguang_67_1	g1008_show_daoguang_67_2	g1008_daoguang_67_2	g1008_show_daoguang_67_1_mount	g1008_show_daoguang_67_2_mount	g1008_fp_daoguang_167.effect	0.6#0.3#0.2	1.5#1.5#0.4	700	7067
7068	gun	g1008_sword_104.mesh	g1008_show_daoguang_68	g1008_daoguang_68	#	#	g1008_show_daoguang_68_mount	#	g1008_fp_daoguang_168.effect	0.6#0.3#0.2	1.5#1.5#0.4	700	乖离剑刀光
7069	gun	g1008_sword_104.mesh	g1008_show_daoguang_69	g1008_daoguang_69	#	#	g1008_show_daoguang_69_mount	#	g1008_fp_daoguang_169.effect	0.6#0.3#0.2	1.5#1.5#0.4	700	AT力场
7070	gun	g1008_sword_104.mesh	g1008_show_daoguang_70	g1008_daoguang_70	#	#	g1008_show_daoguang_70_mount	#	g1008_fp_daoguang_170.effect	0.6#0.3#0.2	1.5#1.5#0.4	700	利爪刀光
7071	gun	g1008_sword_104.mesh	g1008_show_daoguang_71	g1008_daoguang_71	#	#	g1008_show_daoguang_71_mount	#	g1008_fp_daoguang_171.effect	0.6#0.3#0.2	1.5#1.5#0.4	700	飞剑刀光
7072	gun	g1008_sword_104.mesh	g1008_show_daoguang_72	g1008_daoguang_72	#	#	g1008_show_daoguang_72_mount	#	g1008_fp_daoguang_172.effect	0.6#0.3#0.2	1.5#1.5#0.4	700	镭射光球
7073	gun	g1008_sword_104.mesh	g1008_show_daoguang_73	g1008_daoguang_73	#	#	g1008_show_daoguang_73_mount	#	g1008_fp_daoguang_173.effect	0.6#0.3#0.2	1.5#1.5#0.4	700	蒸汽
7074	gun	g1008_sword_104.mesh	g1008_show_daoguang_74	g1008_daoguang_74	#	#	g1008_show_daoguang_74_mount	#	g1008_fp_daoguang_174.effect	0.6#0.3#0.2	1.5#1.5#0.4	700	翠绿花园
7075	gun	g1008_sword_104.mesh	g1008_show_daoguang_75	g1008_daoguang_75	#	#	g1008_show_daoguang_75_mount	#	g1008_fp_daoguang_175.effect	0.6#0.3#0.2	1.5#1.5#0.4	700	水车
7076	gun	g1008_sword_104.mesh	g1008_show_daoguang_76	g1008_daoguang_76	#	#	g1008_show_daoguang_76_mount	#	g1008_fp_daoguang_176.effect	0.6#0.3#0.2	1.5#1.5#0.4	700	姬鱼
7077	gun	g1008_sword_104.mesh	g1008_show_daoguang_77	g1008_daoguang_77	#	#	g1008_show_daoguang_77_mount	#	g1008_fp_daoguang_177.effect	0.6#0.3#0.2	1.5#1.5#0.4	700	紫金刀光
7078	gun	g1008_sword_104.mesh	g1008_show_daoguang_78	g1008_daoguang_78	#	#	g1008_show_daoguang_78_mount	#	g1008_fp_daoguang_178.effect	0.6#0.3#0.2	1.5#1.5#0.4	700	黄金菱形
7079	gun	g1008_sword_104.mesh	g1008_show_daoguang_79	g1008_daoguang_79	#	#	g1008_show_daoguang_79_mount	#	g1008_fp_daoguang_179.effect	0.6#0.3#0.2	1.5#1.5#0.4	700	梦魇刀光
7080	gun	g1008_sword_104.mesh	g1008_show_daoguang_80	g1008_daoguang_80	#	#	g1008_show_daoguang_80_mount	#	g1008_fp_daoguang_180.effect	0.6#0.3#0.2	1.5#1.5#0.4	700	月华刀光
7081	gun	g1008_sword_104.mesh	g1008_show_daoguang_81	g1008_daoguang_81	#	#	g1008_show_daoguang_81_mount	#	g1008_fp_daoguang_181.effect	0.6#0.3#0.2	1.5#1.5#0.4	700	刀光鬼爪
7082	gun	g1008_sword_104.mesh	g1008_show_daoguang_82	g1008_daoguang_82	#	#	g1008_show_daoguang_82_mount	#	g1008_fp_daoguang_182.effect	0.6#0.3#0.2	1.5#1.5#0.4	700	魔龙爪刀光
7083	gun	g1008_sword_104.mesh	g1008_show_daoguang_83	g1008_daoguang_83	#	#	g1008_show_daoguang_83_mount	#	g1008_fp_daoguang_183.effect	0.6#0.3#0.2	1.5#1.5#0.4	700	黑影刀光
7084	gun	g1008_sword_104.mesh	g1008_show_daoguang_84	g1008_daoguang_84	#	#	g1008_show_daoguang_84_mount	#	g1008_fp_daoguang_184.effect	0.6#0.3#0.2	1.5#1.5#0.4	700	弹孔刀光
7085	gun	g1008_sword_104.mesh	g1008_show_daoguang_85	g1008_daoguang_85	#	#	g1008_show_daoguang_85_mount	#	g1008_fp_daoguang_185.effect	0.6#0.3#0.2	1.5#1.5#0.4	700	流星
7086	gun	g1008_sword_104.mesh	g1008_show_daoguang_86	g1008_daoguang_86	#	#	g1008_show_daoguang_86_mount	#	g1008_fp_daoguang_186.effect	0.6#0.3#0.2	1.5#1.5#0.4	700	疾电
7087	gun	g1008_sword_104.mesh	g1008_show_daoguang_87	g1008_daoguang_87	g1008_show_daoguang_87_1	g1008_daoguang_87_1	g1008_show_daoguang_87_mount	g1008_show_daoguang_87_1_mount	g1008_fp_daoguang_187.effect	0.6#0.3#0.2	1.5#1.5#0.4	700	月食
7088	gun	g1008_sword_104.mesh	g1008_show_daoguang_88	g1008_daoguang_88	#	#	g1008_show_daoguang_88_mount	#	g1008_fp_daoguang_188.effect	0.6#0.3#0.2	1.5#1.5#0.4	700	金蝴蝶
7089	gun	g1008_sword_104.mesh	g1008_show_daoguang_89	g1008_daoguang_89	#	#	g1008_show_daoguang_89_mount	#	g1008_fp_daoguang_189.effect	0.6#0.3#0.2	1.5#1.5#0.4	700	光年
7090	gun	g1008_sword_104.mesh	g1008_show_daoguang_90	g1008_daoguang_90	#	#	g1008_show_daoguang_90_mount	#	g1008_fp_daoguang_190.effect	0.6#0.3#0.2	1.5#1.5#0.4	700	暗物质
7091	gun	g1008_sword_104.mesh	g1008_show_daoguang_91	g1008_daoguang_91	#	#	g1008_show_daoguang_91_mount	#	g1008_fp_daoguang_191.effect	0.6#0.3#0.2	1.5#1.5#0.4	700	星空
7092	gun	g1008_sword_104.mesh	g1008_show_daoguang_92	g1008_daoguang_92	#	#	g1008_show_daoguang_92_mount	#	g1008_fp_daoguang_192.effect	0.6#0.3#0.2	1.5#1.5#0.4	700	虚空
7093	gun	g1008_sword_104.mesh	g1008_show_daoguang_93	g1008_daoguang_93	#	#	g1008_show_daoguang_93_mount	#	g1008_fp_daoguang_193.effect	0.6#0.3#0.2	1.5#1.5#0.4	700	玫瑰
7094	gun	g1008_sword_104.mesh	g1008_show_daoguang_94	g1008_daoguang_94	#	#	g1008_show_daoguang_94_mount	#	g1008_fp_daoguang_194.effect	0.6#0.3#0.2	1.5#1.5#0.4	700	血蝙蝠
7095	gun	g1008_sword_104.mesh	g1008_show_daoguang_95	g1008_daoguang_95	#	#	g1008_show_daoguang_95_mount	#	g1008_fp_daoguang_195.effect	0.6#0.3#0.2	1.5#1.5#0.4	700	凤凰羽翼
7096	gun	g1008_sword_104.mesh	g1008_show_daoguang_96	g1008_daoguang_96	g1008_show_daoguang_96_1#g1008_show_daoguang_96_2	g1008_daoguang_96_1#g1008_daoguang_96_2	g1008_show_daoguang_96_mount	g1008_show_daoguang_96_1_mount#g1008_show_daoguang_96_2_mount	g1008_fp_daoguang_196.effect	0.6#0.3#0.2	1.5#1.5#0.4	700	三色羽翼
7097	gun	g1008_sword_104.mesh	g1008_show_daoguang_97	g1008_daoguang_97	#	#	g1008_show_daoguang_97_mount	#	g1008_fp_daoguang_197.effect	0.6#0.3#0.2	1.5#1.5#0.4	700	紫影
7098	gun	g1008_sword_104.mesh	g1008_show_daoguang_98	g1008_daoguang_98	#	#	g1008_show_daoguang_98_mount	#	g1008_fp_daoguang_198.effect	0.6#0.3#0.2	1.5#1.5#0.4	700	白虎刀光
7099	gun	g1008_sword_104.mesh	g1008_show_daoguang_99	g1008_daoguang_99	#	#	g1008_show_daoguang_99_mount	#	g1008_fp_daoguang_199.effect	0.6#0.3#0.2	1.5#1.5#0.4	700	中国龙刀光
7101	gun	g1008_sword_104.mesh	g1008_show_daoguang_101	g1008_daoguang_101	#	#	g1008_show_daoguang_101_mount	#	g1008_fp_daoguang_201.effect	0.6#0.3#0.2	1.5#1.5#0.4	700	鬼火刀光
7102	gun	g1008_sword_104.mesh	g1008_show_daoguang_102	g1008_daoguang_102	#	#	g1008_show_daoguang_102_mount	#	g1008_fp_daoguang_202.effect	0.6#0.3#0.2	1.5#1.5#0.4	700	暗月刀光
7103	gun	g1008_sword_104.mesh	g1008_show_daoguang_103	g1008_daoguang_103	#	#	g1008_show_daoguang_103_mount	#	g1008_fp_daoguang_203.effect	0.6#0.3#0.2	1.5#1.5#0.4	700	马戏团刀光
7104	gun	g1008_sword_104.mesh	g1008_show_daoguang_104	g1008_daoguang_104	g1008_show_daoguang_104_1	g1008_daoguang_104_1	g1008_show_daoguang_104_mount	g1008_show_daoguang_104_1_mount	g1008_fp_daoguang_204.effect	0.6#0.3#0.2	1.5#1.5#0.4	700	颜料刀光
7106	gun	g1008_sword_104.mesh	g1008_show_daoguang_106	g1008_daoguang_106	#	#	g1008_show_daoguang_106_mount	#	g1008_fp_daoguang_206.effect	0.6#0.3#0.2	1.5#1.5#0.4	700	能量火焰刀光
7107	gun	g1008_sword_104.mesh	g1008_show_daoguang_107	g1008_daoguang_107	#	#	g1008_show_daoguang_107_mount	#	g1008_fp_daoguang_207.effect	0.6#0.3#0.2	1.5#1.5#0.4	700	电流爆炸刀光
7108	gun	g1008_sword_104.mesh	g1008_show_daoguang_108	g1008_daoguang_108	#	#	g1008_show_daoguang_108_mount	#	g1008_fp_daoguang_208.effect	0.6#0.3#0.2	1.5#1.5#0.4	700	鱼鳍
7109	gun	g1008_sword_104.mesh	g1008_show_daoguang_109	g1008_daoguang_109	#	#	g1008_show_daoguang_109_mount	#	g1008_fp_daoguang_209.effect	0.6#0.3#0.2	1.5#1.5#0.4	700	精粹
7110	gun	g1008_sword_104.mesh	g1008_show_daoguang_110	g1008_daoguang_110	#	#	g1008_show_daoguang_110_mount	#	g1008_fp_daoguang_210.effect	0.6#0.3#0.2	1.5#1.5#0.4	700	霓虹
7111	gun	g1008_sword_104.mesh	g1008_show_daoguang_111	g1008_daoguang_111	#	#	g1008_show_daoguang_111_mount	#	g1008_fp_daoguang_211.effect	0.6#0.3#0.2	1.5#1.5#0.4	700	红月
