商品ID	脚印Id	预览挂点名	预览Mash	预览动作	Unnamed: 5	Unnamed: 6	Unnamed: 7	Unnamed: 8	Unnamed: 9	Unnamed: 10
Id	FootprintId	PartName	MeshName	Action						
2001	1	effect_footprint	1	jump_special		冰晶				
2002	2	effect_footprint	2	jump_special		雷电				
2003	3	effect_footprint	3	jump_special		樱花				
2004	4	effect_footprint	4	jump_special		腾云				
2005	5	effect_footprint	5	jump_special		彩虹				
2006	6	effect_footprint	6	jump_special		赛博				
2007	7	effect_footprint	7	jump_special		量子				
2008	8	effect_footprint	8	jump_special		幽灵鬼脸				
2009	9	effect_footprint	9	jump_special		泡沫				
2010	10	effect_footprint	10	jump_special		音符				
2011	11	effect_footprint	11	jump_special		火焰				
2012	12	effect_footprint	12	jump_special		冰冻				
2013	13	effect_footprint	13	jump_special		太极				
2014	14	effect_footprint	14	jump_special		筋斗云				
2015	15	effect_footprint	15	jump_special		蝙蝠				
2016	16	effect_footprint	16	jump_special		圣诞				
2017	17	effect_footprint	17	jump_special		飞羽				
2018	18	effect_footprint	18	jump_special		生机				
2019	19	effect_footprint	19	jump_special		星辰				
2020	20	effect_footprint	20	g1008_show_footprint		浪花				
2022	22	effect_footprint	22	jump_special		晴雪				
2023	23	effect_footprint	23	jump_special		羽翼				
2024	24	effect_footprint	24	g1008_show_footprint		波痕				
2025	25	effect_footprint	25	g1008_show_footprint		鬼影				
2026	26	effect_footprint	26	jump_special		像素烈焰				
2027	27	effect_footprint	27	g1008_show_footprint		推进器				
2031	31	effect_footprint	31	g1008_show_footprint		糖果				
2032	32	effect_footprint	32	g1008_show_footprint		南瓜笑脸				
2033	33	effect_footprint	33	g1008_show_footprint		网流				
2034	34	effect_footprint	34	g1008_show_footprint		万寿菊				
2035	35	effect_footprint	35	g1008_show_footprint		死神				
2036	36	effect_footprint	36	g1008_show_footprint		代码				
2037	37	effect_footprint	37	g1008_show_footprint		霜花				
2038	38	effect_footprint	38	jump_special		星河				
2039	39	effect_footprint	39	g1008_show_footprint		心流				
2040	40	effect_footprint	40	jump_special		闪光				
2041	41	effect_footprint	41	jump_special		蒲公英				
2042	42	effect_footprint	42	jump_special		彩色气泡				
2043	43	effect_footprint	43	jump_special		闪翼				
2044	44	effect_footprint	44	g1008_show_footprint		2044				
2045	45	effect_footprint	45	jianying_special		2045				
2046	46	effect_footprint	46	jump_special		2046				
2047	47	effect_footprint	47	jump_special		2047				
2048	48	effect_footprint	48	jump_special		2048				
2049	49	effect_footprint	49	jump_special		2049				
2050	50	effect_footprint	50	jump_special		2050				
2051	51	effect_footprint	51	g1008_show_footprint		2051				
2052	52	effect_footprint	52	g1008_show_footprint		2052				
2053	53	effect_footprint	53	jianying_special		2053				`
2054	54	effect_footprint	54	jianying_special		2054				
2055	55	effect_footprint	55	jianying_special		2055				
2056	56	effect_footprint	56	jianying_special		2056				
2057	57	effect_footprint	57	jianying_special		2057				
2058	58	effect_footprint	58	g1008_show_footprint		2058				
2059	59	effect_footprint	59	g1008_show_footprint		2059				
2060	60	effect_footprint	60	g1008_show_footprint		2060				
2061	61	effect_footprint	61	jianying_special		2061				
2062	62	effect_footprint	62	g1008_show_footprint		2062				
2063	63	effect_footprint	63	jump_special		2063				
2064	64	effect_footprint	64	g1008_show_footprint		2064				
2065	65	effect_footprint	65	jianying_special		2065				
2066	66	effect_footprint	66	jump_special		2066				
2067	67	effect_footprint	67	g1008_show_footprint		2067				
2068	68	effect_footprint	68	jianying_special		幽冥狼足迹				
2069	69	effect_footprint	69	jianying_special		法阵足迹				
2070	70	effect_footprint	70	g1008_show_footprint		赛博旋风				
2071	71	effect_footprint	71	jianying_special		迪斯科足迹				
2072	72	effect_footprint	72	jianying_special		鬼火足迹				
2073	73	effect_footprint	73	g1008_show_footprint		魔眼拖尾				
2074	74	effect_footprint	74	g1008_show_footprint		光线拖尾				
2075	75	effect_footprint	75	g1008_show_footprint		烟尘				
2076	76	effect_footprint	76	g1008_show_footprint		喷毒				
2077	77	effect_footprint	77	g1008_show_footprint		西部沙尘足迹				
2078	78	effect_footprint	78	g1008_show_footprint		恶魔足迹				
2079	79	effect_footprint	79	g1008_show_footprint		月光足迹				
2080	80	effect_footprint	80	g1008_show_footprint		佳人足迹				
2081	81	effect_footprint	81	jianying_special		冲击足迹				
2082	82	effect_footprint	82	jianying_special		火精灵足迹				
2083	83	effect_footprint	83	g1008_show_footprint		跟踪				
2084	84	effect_footprint	84	g1008_show_footprint		缠绕光辉				
2085	85	effect_footprint	85	g1008_show_footprint		血蝠				
2086	86	effect_footprint	86	g1008_show_footprint		凤凰羽毛足迹				
2087	87	effect_footprint	87	g1008_show_footprint		方块音符				
2088	88	effect_footprint	88	g1008_show_footprint		虎足				
2090	90	effect_footprint	90	g1008_show_footprint		黑焰像素				
2091	91	effect_footprint	91	g1008_show_footprint		椰子				
