索引	击杀特效	击杀声音 id	持续时间 默认-1	缩放 默认1	Unnamed: 6
Id	Effect	Sound	Duration	Scale	
8101	g1008_killeffects_01.effect	503	-1	1	
8102	g1008_killeffects_02.effect	504	-1	1	
8103	g1008_killeffects_03.effect	505	-1	1	
8104	g1008_killeffects_04.effect	506	-1	1	
8105	g1008_killeffects_05.effect	507	-1	1	
8106	g1008_killeffects_06.effect	508	-1	1	
8107	g1008_killeffects_07.effect	509	-1	1	
8108	g1008_killeffects_08.effect	510	-1	1	
8109	g1008_killeffects_09.effect	510	-1	1	
8110	g1008_killeffects_10.effect	510	-1	1	
8111	g1008_killeffects_11.effect	510	-1	1	
