商品ID	动作Id	rank	预览挂点名	预览Mash	预览动作	隐藏手部mesh(隐藏:1)	Unnamed: 7	Unnamed: 8	Unnamed: 9	Unnamed: 10	Unnamed: 11
Id	ActionId	Rank	PartName	MeshName	Action	HideHoldItem					
5001	1	1	gun	1	taunt_01	1		拥抱钱雨		个性动作表	
5002	2	2	gun	g1008_sword_104.mesh	taunt_02	#		大金链子		需联表生效动作替换	
5003	3	3	gun	1	taunt_03	1		闪耀登场		ActionEmoji	
5004	4	4	gun	1	taunt_04	1		秀肌肉			
5005	5	5	gun	1	taunt_05	1		托马斯回旋			
5006	6	6	gun	g1008_sword_104.mesh	taunt_06	#		棒球手			
5007	7	7	gun	g1008_sword_104.mesh	taunt_07	#		抹杀			
5008	8	8	gun	g1008_sword_104.mesh	taunt_08	#		摇起来		专一	900.0
5009	9	9	gun	1	taunt_09	1		热身运动		专二	600.0
5010	10	10	gun	1	taunt_10	1		得意洋洋		专三	900.0
5011	11	11	gun	1	taunt_11	1		你过来啊			
5012	12	12	gun	1	taunt_12	1		倒立			
5013	13	13	gun	1	taunt_13	1		蹬腿			
5014	14	14	gun	1	taunt_14	1		你输了			
5015	15	15	gun	1	taunt_15	1		甩手舞			
5016	16	16	gun	1	taunt_16	1		摇摆			
5017	17	17	gun	1	taunt_17	1		骑马			
5018	18	18	gun	1	taunt_18	1		愉悦			
5020	20	19	gun	1	taunt_20	1		蹦迪			
5021	21	20	gun	1	taunt_21	1		远眺			
5022	22	21	gun	1	taunt_22	1		回旋踢			
5023	23	22	gun	1	taunt_23	1		气功波			
5024	24	23	gun	1	taunt_24	1		剑阵			
5025	25	24	gun	g1008_sword_104.mesh	taunt_25	#		雕刻			
5027	27	25	gun	1	taunt_27	1		升龙			
5028	28	26	gun	g1008_sword_104.mesh	taunt_28	#		凝神			
5029	29	27	gun	1	taunt_29	1		节拍			
5030	30	28	gun	1	taunt_30	1		愉快的一天			
5031	31	29	gun	1	taunt_31	1		5031			
5032	32	30	gun	1	taunt_32	1		5032			
5033	33	31	gun	1	taunt_33	1		5033			
5034	34	32	gun	1	taunt_34	1		5034			
5035	35	33	gun	1	taunt_35	1		5035			
5037	37	34	gun	1	taunt_37	1		5037			
5039	39	35	gun	1	taunt_39	1		5039			
5040	40	36	gun	1	taunt_40	1		5040			
5041	41	37	gun	1	taunt_41	1		5041			
5042	42	38	gun	1	taunt_42	1		5042			
5043	43	39	gun	1	taunt_43	1		5043			
5044	44	40	gun	1	taunt_44	1		5044			
5045	45	41	gun	1	taunt_45	1		5045			
5046	46	42	gun	1	taunt_46	1		5046			
5050	50	43	gun	1	taunt_50	1		5050			
5058	58	58	gun	1	taunt_58	1		嘲讽			
5059	59	59	gun	1	taunt_59	1		迪斯科			
5060	60	60	gun	1	taunt_60	1		摔倒			
5061	61	61	gun	1	taunt_61	1		头晕			
5064	64	64	gun	1	taunt_64	1		拳击			
5068	68	68	gun	1	taunt_68	1		派对舞蹈			
5069	69	69	gun	1	taunt_69	1		邦拉舞			
