商品ID	头盔Id	胸甲Id	裤子Id	鞋子Id	材质类型	出场隐藏body	缩放	新职业	死亡特效	出场动作	循环动作	Y坐标	若不为0则展示detailld
Id	Head	Chest	Trousers	Shoe	Type	HideBody	WidthScale	NewOccupation	EffectName	uiShowSkillName	uiSkillName	YPos	ShowDetailId
6010001	6010101	6010201	6010301	6010401	1	0	1.2	0	suit_01_dead_wood.effect	suit_01_show_wood	suit_01_idle_wood	-10	0
6010002	6010102	6010202	6010302	6010402	1	0	1.2	0	suit_02_dead_wood.effect	suit_02_show_wood	suit_02_idle_wood	-10	0
6010003	6010103	6010203	6010303	6010403	1	0	1.2	0	suit_03_dead_wood.effect	suit_03_show_wood	suit_03_idle_wood	-10	0
6010004	6010104	6010204	6010304	6010404	1	0	1.2	0	suit_04_dead_wood.effect	suit_04_show_wood	suit_04_idle_wood	-10	6010004
6010005	6010105	6010205	6010305	6010405	1	0	1.2	0	suit_05_dead_wood.effect	suit_05_show_wood	suit_05_idle_wood	-10	0
6010006	6010106	6010206	6010306	6010406	1	0	1.2	0	suit_06_dead_wood.effect	suit_06_show_wood	suit_06_idle_wood	-10	0
6010007	6010107	6010207	6010307	6010407	1	0	1.2	0	suit_07_dead_wood.effect	suit_07_show_wood	suit_07_idle_wood	-10	0
6010008	6010108	6010208	6010308	6010408	1	0	1.2	0	suit_08_dead_wood.effect	suit_08_show_wood	suit_08_idle_wood	-10	0
6010009	6010109	6010209	6010309	6010409	1	0	1.2	0	suit_09_dead_wood.effect	suit_09_show_wood	suit_09_idle_wood	-10	0
6010010	6010110	6010210	6010310	6010410	1	0	1.2	0	suit_10_dead_wood.effect	suit_10_show_wood	suit_10_idle_wood	-10	0
6010011	6010111	6010211	6010311	6010411	1	0	1.2	0	suit_11_dead_wood.effect	suit_11_show_wood	suit_11_idle_wood	-10	0
6010012	6010112	6010212	6010312	6010412	1	0	1.2	0	suit_12_dead_wood.effect	suit_12_show_wood	suit_12_idle_wood	-10	0
6010013	6010113	6010213	6010313	6010413	1	0	1.2	0	suit_13_dead_wood.effect	suit_13_show_wood	suit_13_idle_wood	-10	0
6010014	6010114	6010214	6010314	6010414	1	0	1.2	0	suit_14_dead_wood.effect	suit_14_show_wood	suit_14_idle_wood	-10	0
6010015	6010115	6010215	6010315	6010415	1	0	1.2	0	suit_15_dead_wood.effect	suit_15_show_wood	suit_15_idle_wood	-10	0
6010016	6010116	6010216	6010316	6010416	1	0	1.2	0	suit_16_dead_wood.effect	suit_16_show_wood	suit_16_idle_wood	-10	0
6010017	6010117	6010217	6010317	6010417	1	0	1.2	0	suit_17_dead_wood.effect	suit_17_show_wood	suit_17_idle_wood	-10	0
6020001	6020101	6020201	6020301	6020401	2	0	1.2	12	suit_01_dead_iron.effect	suit_01_show_iron	suit_01_idle_iron	-10	0
6020002	6020102	6020202	6020302	6020402	2	0	1.2	0	suit_02_dead_wood.effect	suit_02_show_iron	suit_02_idle_iron	-10	0
6020003	6020103	6020203	6020303	6020403	2	0	1.2	0	suit_03_dead_iron.effect	suit_03_show_iron	suit_03_idle_iron	-10	0
6020004	6020104	6020204	6020304	6020404	2	0	1.2	0	suit_04_dead_iron.effect	suit_04_show_iron	suit_04_idle_iron	-10	0
6020005	6020105	6020205	6020305	6020405	2	0	1.2	0	suit_05_dead_iron.effect	suit_05_show_iron	suit_05_idle_iron	-10	0
6020006	6020106	6020206	6020306	6020406	2	0	1.2	0	suit_06_dead_iron.effect	suit_06_show_iron	suit_06_idle_iron	-10	6020006
6020007	6020107	6020207	6020307	6020407	2	0	1.2	0	suit_07_dead_iron.effect	suit_07_show_iron	suit_07_idle_iron	-10	6020007
6020008	6020108	6020208	6020308	6020408	2	0	1.2	0	suit_08_dead_iron.effect	suit_08_show_iron	suit_08_idle_iron	-10	0
6020009	6020109	6020209	6020309	6020409	2	0	1.2	0	suit_09_dead_iron.effect	suit_09_show_iron	suit_09_idle_iron	-10	0
6020010	6020110	6020210	6020310	6020410	2	0	1.2	0	suit_10_dead_iron.effect	suit_10_show_iron	suit_10_idle_iron	-10	0
6020011	6020111	6020211	6020311	6020411	2	0	1.2	0	suit_11_dead_iron.effect	suit_11_show_iron	suit_11_idle_iron	-10	0
6020012	6020112	6020212	6020312	6020412	2	0	1.2	0	suit_12_dead_iron.effect	suit_12_show_iron	suit_12_idle_iron	-10	0
6020013	6020113	6020213	6020313	6020413	2	0	1.2	0	suit_13_dead_iron.effect	suit_13_show_iron	suit_13_idle_iron	-10	0
6020014	6020114	6020214	6020314	6020414	2	0	1.2	0	suit_14_dead_iron.effect	suit_14_show_iron	suit_14_idle_iron	-10	0
6020015	6020115	6020215	6020315	6020415	2	0	1.2	0	suit_15_dead_iron.effect	suit_15_show_iron	suit_15_idle_iron	-10	0
6020016	6020116	6020216	6020316	6020416	2	0	1.2	0	suit_16_dead_iron.effect	suit_16_show_iron	suit_16_idle_iron	-10	0
6020017	6020117	6020217	6020317	6020417	2	0	1.2	0	suit_17_dead_iron.effect	suit_17_show_iron	suit_17_idle_iron	-10	0
6030001	6030101	6030201	6030301	6030401	3	0	1.2	13	suit_01_dead_gold.effect	suit_01_show_gold	suit_01_idle_gold	-10	0
6030002	6030102	6030202	6030302	6030402	3	0	1.2	0	suit_02_dead_wood.effect	suit_02_show_gold	suit_02_idle_gold	-10	0
6030004	6030104	6030204	6030304	6030404	3	0	1.2	0	suit_04_dead_gold.effect	suit_04_show_gold	suit_04_idle_gold	-10	0
6030005	6030105	6030205	6030305	6030405	3	0	1.2	0	suit_05_dead_gold.effect	suit_05_show_gold	suit_05_idle_gold	-10	0
6030006	6030106	6030206	6030306	6030406	3	0	1.2	0	suit_06_dead_gold.effect	suit_06_show_gold	suit_06_idle_gold	-10	6030006
6030007	6030107	6030207	6030307	6030407	3	0	1.2	0	suit_07_dead_gold.effect	suit_07_show_gold	suit_07_idle_gold	-10	6030007
6030008	6030108	6030208	6030308	6030408	3	0	1.2	0	suit_08_dead_gold.effect	suit_08_show_gold	suit_08_idle_gold	-10	6030008
6030009	6030109	6030209	6030309	6030409	3	0	1.2	0	suit_09_dead_gold.effect	suit_09_show_gold	suit_09_idle_gold	-10	0
6030010	6030110	6030210	6030310	6030410	3	0	1.2	0	suit_10_dead_gold.effect	suit_10_show_gold	suit_10_idle_gold	-10	0
6030011	6030111	6030211	6030311	6030411	3	0	1.2	0	suit_11_dead_gold.effect	suit_11_show_gold	suit_11_idle_gold	-10	0
6030012	6030112	6030212	6030312	6030412	3	0	1.2	0	suit_12_dead_gold.effect	suit_12_show_gold	suit_12_idle_gold	-10	0
6030013	6030113	6030213	6030313	6030413	3	0	1.2	0	suit_13_dead_gold.effect	suit_13_show_gold	suit_13_idle_gold	-10	0
6030014	6030114	6030214	6030314	6030414	3	0	1.2	0	suit_14_dead_gold.effect	suit_14_show_gold	suit_14_idle_gold	-10	0
6030015	6030115	6030215	6030315	6030415	3	0	1.2	0	suit_15_dead_gold.effect	suit_15_show_gold	suit_15_idle_gold	-10	0
6030016	6030116	6030216	6030316	6030416	3	0	1.2	0	suit_16_dead_gold.effect	suit_16_show_gold	suit_16_idle_gold	-10	0
6030017	6030117	6030217	6030317	6030417	3	0	1.2	0	suit_17_dead_gold.effect	suit_17_show_gold	suit_17_idle_gold	-10	0
6040001	6040101	6040201	6040301	6040401	4	0	1.2	14	suit_01_dead_emerald.effect	suit_01_show_emerald	suit_01_idle_emerald	-10	0
6040002	6040102	6040202	6040302	6040402	4	0	1.2	0	suit_02_dead_wood.effect	suit_02_show_emerald	suit_02_idle_emerald	-10	0
6040003	6040103	6040203	6040303	6040403	4	0	1.2	0	suit_03_dead_emerald.effect	suit_03_show_emerald	suit_03_idle_emerald	-10	0
6040004	6040104	6040204	6040304	6040404	4	0	1.2	0	suit_04_dead_emerald.effect	suit_04_show_emerald	suit_04_idle_emerald	-10	0
6040005	6040105	6040205	6040305	6040405	4	0	1.2	0	suit_05_dead_emerald.effect	suit_05_show_emerald	suit_05_idle_emerald	-10	6040005
6040006	6040106	6040206	6040306	6040406	4	0	1.2	0	suit_06_dead_emerald.effect	suit_06_show_emerald	suit_06_idle_emerald	-10	6040006
6040007	6040107	6040207	6040307	6040407	4	0	1.2	0	suit_07_dead_emerald.effect	suit_07_show_emerald	suit_07_idle_emerald	-10	6040007
6040008	6040108	6040208	6040308	6040408	4	0	1.2	0	suit_08_dead_emerald.effect	suit_08_show_emerald	suit_08_idle_emerald	-10	0
6040009	6040109	6040209	6040309	6040409	4	0	1.2	0	suit_09_dead_emerald.effect	suit_09_show_emerald	suit_09_idle_emerald	-10	0
6040010	6040110	6040210	6040310	6040410	4	0	1.2	0	suit_10_dead_emerald.effect	suit_10_show_emerald	suit_10_idle_emerald	-10	0
6040011	6040111	6040211	6040311	6040411	4	0	1.2	0	suit_11_dead_emerald.effect	suit_11_show_emerald	suit_11_idle_emerald	-10	0
6040012	6040112	6040212	6040312	6040412	4	0	1.2	0	suit_12_dead_emerald.effect	suit_12_show_emerald	suit_12_idle_emerald	-10	0
6040013	6040113	6040213	6040313	6040413	4	0	1.2	0	suit_13_dead_emerald.effect	suit_13_show_emerald	suit_13_idle_emerald	-10	0
6040014	6040114	6040214	6040314	6040414	4	0	1.2	0	suit_14_dead_emerald.effect	suit_14_show_emerald	suit_14_idle_emerald	-10	0
6040015	6040115	6040215	6040315	6040415	4	0	1.2	0	suit_15_dead_emerald.effect	suit_15_show_emerald	suit_15_idle_emerald	-10	0
