商品ID	特效箭Id	预览挂点名	预览Mash	预览动作	Unnamed: 5
Id	EffectArrowId	PartName	MeshName	Action	
6001	601	effect_arrow	1	jianying_special	冰晶箭
6002	602	effect_arrow	2	jianying_special	飞剑
6003	603	effect_arrow	3	jianying_special	光箭
6004	604	effect_arrow	4	jianying_special	火箭
6005	605	effect_arrow	5	jianying_special	幽火箭
6006	606	effect_arrow	6	jianying_special	绿箭
6007	607	effect_arrow	7	jianying_special	魔法箭
6008	608	effect_arrow	8	jianying_special	雷电箭
6009	609	effect_arrow	9	jianying_special	能量箭
6010	610	effect_arrow	10	jianying_special	蔷薇箭
6011	611	effect_arrow	11	jianying_special	星辰箭
6012	612	effect_arrow	12	jianying_special	心箭
6013	613	effect_arrow	13	jianying_special	螺旋箭
6014	614	effect_arrow	14	jianying_special	闪电箭
6015	615	effect_arrow	15	jianying_special	红外箭
6016	616	effect_arrow	16	jianying_special	圣诞箭
6017	617	effect_arrow	17	jianying_special	暗星
6018	618	effect_arrow	18	jianying_special	等离子
6019	619	effect_arrow	19	jianying_special	导弹
6020	620	effect_arrow	20	jianying_special	风眼
6022	622	effect_arrow	22	jianying_special	烟花
6023	623	effect_arrow	23	jianying_special	像素箭
6024	624	effect_arrow	24	jianying_special	扫帚
6025	625	effect_arrow	25	jianying_special	烛火
6026	626	effect_arrow	26	jianying_special	爱神
6027	627	effect_arrow	27	jianying_special	圣诞树
6028	628	effect_arrow	28	jianying_special	纸飞机
6029	629	effect_arrow	29	jianying_special	标记
6030	630	effect_arrow	30	jianying_special	6030
6031	631	effect_arrow	31	jianying_special	6031
6032	632	effect_arrow	32	jianying_special	6032
6033	633	effect_arrow	33	jianying_special	6033
6034	634	effect_arrow	34	jianying_special	6034
6035	635	effect_arrow	35	jianying_special	6035
6036	636	effect_arrow	36	jianying_special	6036
6037	637	effect_arrow	37	jianying_special	6037
6038	638	effect_arrow	38	jianying_special	6038
6039	639	effect_arrow	39	jianying_special	6039
6040	640	effect_arrow	40	jianying_special	6040
6041	641	effect_arrow	41	jianying_special	6041
6042	642	effect_arrow	42	jianying_special	6042
6043	643	effect_arrow	43	jianying_special	6043
6044	644	effect_arrow	44	jianying_special	6044
6045	645	effect_arrow	45	jianying_special	6045
6046	646	effect_arrow	46	jianying_special	6046
6047	647	effect_arrow	47	jianying_special	6047
6048	648	effect_arrow	48	jianying_special	6048
