索引	背景	背景特效	图标特效	击杀特效	音效	Unnamed: 5	Unnamed: 6	Unnamed: 7
Id	Bg	BgEffect	IconEffect	KillEffect	SoundId			
4001	#	g1008_effect_ui_killtips_border_01.effect	#	g1008_effect_ui_killtips_border_01_killboard.effect	1201			
4002	#	g1008_effect_ui_killtips_border_02.effect	#	g1008_effect_ui_killtips_border_02_killboard.effect	1202			
4003	#	g1008_effect_ui_killtips_border_04.effect	#	g1008_effect_ui_killtips_border_04_killboard.effect	1203			
4004	#	g1008_effect_ui_killtips_border_03.effect	#	g1008_effect_ui_killtips_border_03_killboard.effect	1204			
4005	#	g1008_effect_ui_killtips_border_05.effect	#	g1008_effect_ui_killtips_border_05_killboard.effect	1205			
4006	#	g1008_effect_ui_killtips_border_06.effect	#	g1008_effect_ui_killtips_border_05_killboard.effect	1206			
4007	#	g1008_effect_ui_killtips_border_07.effect	#	g1008_effect_ui_killtips_border_04_killboard.effect	1207			
4008	#	g1008_effect_ui_killtips_border_08.effect	#	g1008_effect_ui_killtips_border_02_killboard.effect	1208			
4009	#	g1008_effect_ui_killtips_border_09.effect	#	g1008_effect_ui_killtips_border_09_killboard.effect	1209			
4010	#	g1008_effect_ui_killtips_border_10.effect	#	g1008_effect_ui_killtips_border_02_killboard.effect	1210			
4011	#	g1008_effect_ui_killtips_border_11.effect	#	g1008_effect_ui_killtips_border_02_killboard.effect	1211			
4012	#	g1008_effect_ui_killtips_border_12.effect	#	g1008_effect_ui_killtips_border_04_killboard.effect	1212			
4013	#	g1008_effect_ui_killtips_border_13.effect	#	g1008_effect_ui_killtips_border_02_killboard.effect	1212			
4014	#	g1008_effect_ui_killtips_border_14.effect	#	g1008_effect_ui_killtips_border_04_killboard.effect	1212			
4015	#	g1008_effect_ui_killtips_border_15.effect	#	g1008_effect_ui_killtips_border_05_killboard.effect	1212			
4016	#	g1008_effect_ui_killtips_border_16.effect	#	g1008_effect_ui_killtips_border_02_killboard.effect	1212			
4017	#	g1008_effect_ui_killtips_border_17.effect	#	g1008_effect_ui_killtips_border_05_killboard.effect	1212			
4018	#	g1008_effect_ui_killtips_border_18.effect	#	g1008_effect_ui_killtips_border_01_killboard.effect	1212			
4019	#	g1008_effect_ui_killtips_border_19.effect	#	g1008_effect_ui_killtips_border_05_killboard.effect	1212			
4020	#	g1008_effect_ui_killtips_border_20.effect	#	g1008_effect_ui_killtips_border_05_killboard.effect	1212			
4021	#	g1008_effect_ui_killtips_border_21.effect	#	g1008_effect_ui_killtips_border_05_killboard.effect	1212			
