场景动作	刀光特效	刀光特效偏移参数	刀光特效缩放参数	Unnamed: 4
Action	Effect	OffsetParams	ScaleParams	
g1008_daoguang_01	g1008_fp_daoguang_101.effect	0.6#0.3#0.2	1.5#1.5#0.4	水流
g1008_daoguang_02	g1008_fp_daoguang_102.effect	0.6#0.3#0.2	1.5#1.5#0.4	闪光
g1008_daoguang_03	g1008_fp_daoguang_103.effect	0.6#0.3#0.2	1.5#1.5#1	星星
g1008_daoguang_04	g1008_fp_daoguang_104.effect	0.6#0.3#0.2	1.5#1.5#0.4	光线
g1008_daoguang_05	g1008_fp_daoguang_105.effect	0.6#0.3#0.2	1.5#1.5#0.4	火焰
g1008_daoguang_06	g1008_fp_daoguang_106.effect	0.6#0.3#0.2	1.5#1.5#0.4	科技
g1008_daoguang_07	g1008_fp_daoguang_107.effect	0.6#0.3#0.2	1.5#1.5#0.4	幻影
g1008_daoguang_08	g1008_fp_daoguang_108.effect	0.6#0.3#0.2	1.5#1.5#0.4	泡泡
g1008_daoguang_09	g1008_fp_daoguang_109.effect	0.6#0.3#0.2	1.5#1.5#0.4	幽魂
g1008_daoguang_10	g1008_fp_daoguang_110.effect	0.6#0.3#0.2	1.5#1.5#0.4	猫猫
g1008_daoguang_11	g1008_fp_daoguang_111.effect	0.6#0.3#0.2	1.5#1.5#0.4	量子
g1008_daoguang_12	g1008_fp_daoguang_112.effect	0.6#0.3#0.2	1.5#1.5#0.4	霓虹
g1008_daoguang_13	g1008_fp_daoguang_113.effect	0.6#0.3#0.2	1.5#1.5#1	黑暗
g1008_daoguang_14	g1008_fp_daoguang_114.effect	0.6#0.3#0.2	1.5#1.5#0.4	冰冻
g1008_daoguang_15	g1008_fp_daoguang_115.effect	0.6#0.3#0.2	1.5#1.5#0.4	圣诞
g1008_daoguang_16	g1008_fp_daoguang_116.effect	0.6#0.3#0.2	1.5#1.5#0.4	影子
g1008_daoguang_17	g1008_fp_daoguang_117.effect	0.6#0.3#0.2	1.5#1.5#0.4	水墨
g1008_daoguang_18_2	g1008_fp_daoguang_118_2.effect	0.6#0.3#0.2	1.5#1.5#0.4	爪痕
g1008_daoguang_19	g1008_fp_daoguang_119.effect	0.6#0.3#0.2	1.5#1.5#0.4	破碎
g1008_daoguang_20	g1008_fp_daoguang_120.effect	0.6#0.3#0.2	1.5#1.5#0.4	烟花
g1008_daoguang_21	g1008_fp_daoguang_121.effect	0.6#0.3#0.2	1.5#1.5#0.4	水波
g1008_daoguang_22	g1008_fp_daoguang_122.effect	0.6#0.3#0.2	1.5#1.5#0.4	真言
g1008_daoguang_22_1	g1008_fp_daoguang_122_1.effect	0.6#0.3#0.2	1.5#1.5#0.4	真言
g1008_daoguang_22_2	g1008_fp_daoguang_122_2.effect	0.6#0.3#0.2	1.5#1.5#0.4	真言
g1008_daoguang_22_3	g1008_fp_daoguang_122_3.effect	0.6#0.3#0.2	1.5#1.5#0.4	真言
g1008_daoguang_22_4	g1008_fp_daoguang_122_4.effect	0.6#0.3#0.2	1.5#1.5#0.4	真言
g1008_daoguang_22_5	g1008_fp_daoguang_122_5.effect	0.6#0.3#0.2	1.5#1.5#0.4	真言
g1008_daoguang_22_6	g1008_fp_daoguang_122_6.effect	0.6#0.3#0.2	1.5#1.5#0.4	真言
g1008_daoguang_22_7	g1008_fp_daoguang_122_7.effect	0.6#0.3#0.2	1.5#1.5#0.4	真言
g1008_daoguang_22_8	g1008_fp_daoguang_122_8.effect	0.6#0.3#0.2	1.5#1.5#0.4	真言
g1008_daoguang_23	g1008_fp_daoguang_123.effect	0.6#0.3#0.2	1.5#1.5#0.4	元素
g1008_daoguang_23_1	g1008_fp_daoguang_123_1.effect	0.6#0.3#0.2	1.5#1.5#0.4	元素
g1008_daoguang_23_2	g1008_fp_daoguang_123_2.effect	0.6#0.3#0.2	1.5#1.5#0.4	元素
g1008_daoguang_23_3	g1008_fp_daoguang_123_3.effect	0.6#0.3#0.2	1.5#1.5#0.4	元素
g1008_daoguang_24	g1008_fp_daoguang_124.effect	0.6#0.3#0.2	1.5#1.5#0.4	赛博
g1008_daoguang_24_1	g1008_fp_daoguang_124_1.effect	0.6#0.3#0.2	1.5#1.5#0.4	赛博
g1008_daoguang_24_2	g1008_fp_daoguang_124_2.effect	0.6#0.3#0.2	1.5#1.5#0.4	赛博
g1008_daoguang_25	g1008_fp_daoguang_125.effect	0.6#0.3#0.2	1.5#1.5#0.4	像素萤火
g1008_daoguang_25_1	g1008_fp_daoguang_125_1.effect	0.6#0.3#0.2	1.5#1.5#0.4	像素萤火
g1008_daoguang_25_2	g1008_fp_daoguang_125_2.effect	0.6#0.3#0.2	1.5#1.5#0.4	像素萤火
g1008_daoguang_27	g1008_fp_daoguang_127.effect	0.6#0.3#0.2	1.5#1.5#0.4	源能
g1008_daoguang_27_1	g1008_fp_daoguang_127_1.effect	0.6#0.3#0.2	1.5#1.5#0.4	源能
g1008_daoguang_27_2	g1008_fp_daoguang_127_2.effect	0.6#0.3#0.2	1.5#1.5#0.4	源能
g1008_daoguang_27_3	g1008_fp_daoguang_127_3.effect	0.6#0.3#0.2	1.5#1.5#0.4	源能
g1008_daoguang_27_4	g1008_fp_daoguang_127_4.effect	0.6#0.3#0.2	1.5#1.5#0.4	源能
g1008_daoguang_27_5	g1008_fp_daoguang_127_5.effect	0.6#0.3#0.2	1.5#1.5#0.4	源能
g1008_daoguang_28	g1008_fp_daoguang_128.effect	0.6#0.3#0.2	1.5#1.5#0.4	影蝠
g1008_daoguang_29	g1008_fp_daoguang_129.effect	0.6#0.3#0.2	1.5#1.5#0.4	迅电
g1008_daoguang_30	g1008_fp_daoguang_130.effect	0.6#0.3#0.2	1.5#1.5#0.4	淬火
g1008_daoguang_31	g1008_fp_daoguang_131.effect	0.6#0.3#0.2	1.5#1.5#0.4	鬼脸
g1008_daoguang_31_1	g1008_fp_daoguang_131_1.effect	0.6#0.3#0.2	1.5#1.5#0.4	鬼脸
g1008_daoguang_31_2	g1008_fp_daoguang_131_2.effect	0.6#0.3#0.2	1.5#1.5#0.4	鬼脸
g1008_daoguang_31_3	g1008_fp_daoguang_131_3.effect	0.6#0.3#0.2	1.5#1.5#0.4	鬼脸
g1008_daoguang_32	g1008_fp_daoguang_132.effect	0.6#0.3#0.2	1.5#1.5#0.4	音符
g1008_daoguang_32_1	g1008_fp_daoguang_132_1.effect	0.6#0.3#0.2	1.5#1.5#0.4	音符
g1008_daoguang_32_2	g1008_fp_daoguang_132_2.effect	0.6#0.3#0.2	1.5#1.5#0.4	音符
g1008_daoguang_33	g1008_fp_daoguang_133.effect	0.6#0.3#0.2	1.5#1.5#0.4	爱心
g1008_daoguang_34	g1008_fp_daoguang_134.effect	0.6#0.3#0.2	1.5#1.5#0.4	书页
g1008_daoguang_35	g1008_fp_daoguang_135.effect	0.6#0.3#0.2	1.5#1.5#0.4	日蚀
g1008_daoguang_36	g1008_fp_daoguang_136.effect	0.6#0.3#0.2	1.5#1.5#0.4	紫月
g1008_daoguang_37	g1008_fp_daoguang_137.effect	0.6#0.3#0.2	1.5#1.5#0.4	源码
g1008_daoguang_38	g1008_fp_daoguang_138.effect	0.6#0.3#0.2	1.5#1.5#0.4	7038
g1008_daoguang_39	g1008_fp_daoguang_139.effect	0.6#0.3#0.2	1.5#1.5#0.4	7039
g1008_daoguang_40	g1008_fp_daoguang_140.effect	0.6#0.3#0.2	1.5#1.5#0.4	7040
g1008_daoguang_41	g1008_fp_daoguang_141.effect	0.6#0.3#0.2	1.5#1.5#0.4	7041
g1008_daoguang_42	g1008_fp_daoguang_142.effect	0.6#0.3#0.2	1.5#1.5#0.4	7042
g1008_daoguang_43	g1008_fp_daoguang_143.effect	0.6#0.3#0.2	1.5#1.5#0.4	7043
g1008_daoguang_44	g1008_fp_daoguang_144.effect	0.6#0.3#0.2	1.5#1.5#0.4	7044
g1008_daoguang_45	g1008_fp_daoguang_145.effect	0.6#0.3#0.2	1.5#1.5#0.4	7045
g1008_daoguang_45_1	g1008_fp_daoguang_145_1.effect	0.6#0.3#0.2	1.5#1.5#0.4	7045
g1008_daoguang_45_2	g1008_fp_daoguang_145_2.effect	0.6#0.3#0.2	1.5#1.5#0.4	7045
g1008_daoguang_45_3	g1008_fp_daoguang_145_3.effect	0.6#0.3#0.2	1.5#1.5#0.4	7045
g1008_daoguang_46	g1008_fp_daoguang_146.effect	0.6#0.3#0.2	1.5#1.5#0.4	7046
g1008_daoguang_47	g1008_fp_daoguang_147.effect	0.6#0.3#0.2	1.5#1.5#0.4	7047
g1008_daoguang_48	g1008_fp_daoguang_148.effect	0.6#0.3#0.2	1.5#1.5#0.4	7048
g1008_daoguang_49	g1008_fp_daoguang_149.effect	0.6#0.3#0.2	1.5#1.5#0.4	7049
g1008_daoguang_50	g1008_fp_daoguang_150.effect	0.6#0.3#0.2	1.5#1.5#0.4	7050
g1008_daoguang_51	g1008_fp_daoguang_151.effect	0.6#0.3#0.2	1.5#1.5#0.4	7051
g1008_daoguang_52	g1008_fp_daoguang_152.effect	0.6#0.3#0.2	1.5#1.5#0.4	7052
g1008_daoguang_52_1	g1008_fp_daoguang_152_1.effect	0.6#0.3#0.2	1.5#1.5#0.4	7052
g1008_daoguang_53	g1008_fp_daoguang_153.effect	0.6#0.3#0.2	1.5#1.5#0.4	7053
g1008_daoguang_54	g1008_fp_daoguang_154.effect	0.6#0.3#0.2	1.5#1.5#0.4	7054
g1008_daoguang_55	g1008_fp_daoguang_155.effect	0.6#0.3#0.2	1.5#1.5#0.4	7055
g1008_daoguang_56	g1008_fp_daoguang_156.effect	0.6#0.3#0.2	1.5#1.5#0.4	7056
g1008_daoguang_57	g1008_fp_daoguang_157.effect	0.6#0.3#0.2	1.5#1.5#0.4	7057
g1008_daoguang_58	g1008_fp_daoguang_158.effect	0.6#0.3#0.2	1.5#1.5#0.4	7058
g1008_daoguang_59	g1008_fp_daoguang_159.effect	0.6#0.3#0.2	1.5#1.5#0.4	7059
g1008_daoguang_60	g1008_fp_daoguang_160.effect	0.6#0.3#0.2	1.5#1.5#0.4	7060
g1008_daoguang_61	g1008_fp_daoguang_161.effect	0.6#0.3#0.2	1.5#1.5#0.4	7061
g1008_daoguang_62	g1008_fp_daoguang_162.effect	0.6#0.3#0.2	1.5#1.5#0.4	7062
g1008_daoguang_63	g1008_fp_daoguang_163.effect	0.6#0.3#0.2	1.5#1.5#0.4	7063
g1008_daoguang_64	g1008_fp_daoguang_164.effect	0.6#0.3#0.2	1.5#1.5#0.4	7064
g1008_daoguang_65	g1008_fp_daoguang_165.effect	0.6#0.3#0.2	1.5#1.5#0.4	7065
g1008_daoguang_66	g1008_fp_daoguang_166.effect	0.6#0.3#0.2	1.5#1.5#0.4	7066
g1008_daoguang_67_1	g1008_fp_daoguang_167_1.effect	0.6#0.3#0.2	1.5#1.5#0.4	7067
g1008_daoguang_67_2	g1008_fp_daoguang_167_2.effect	0.6#0.3#0.2	1.5#1.5#0.4	7067
g1008_daoguang_68	g1008_fp_daoguang_168.effect	0.6#0.3#0.2	1.5#1.5#0.4	乖离剑刀光
g1008_daoguang_69	g1008_fp_daoguang_169.effect	0.6#0.3#0.2	1.5#1.5#0.4	AT力场
g1008_daoguang_70	g1008_fp_daoguang_170.effect	0.6#0.3#0.2	1.5#1.5#0.4	利爪刀光
g1008_daoguang_71	g1008_fp_daoguang_171.effect	0.6#0.3#0.2	1.5#1.5#0.4	飞剑刀光
g1008_daoguang_72	g1008_fp_daoguang_172.effect	0.6#0.3#0.2	1.5#1.5#0.4	镭射光球
g1008_daoguang_73	g1008_fp_daoguang_173.effect	0.6#0.3#0.2	1.5#1.5#0.4	蒸汽
g1008_daoguang_74	g1008_fp_daoguang_174.effect	0.6#0.3#0.2	1.5#1.5#0.4	翠绿花园
g1008_daoguang_75	g1008_fp_daoguang_175.effect	0.6#0.3#0.2	1.5#1.5#0.4	水车
g1008_daoguang_76	g1008_fp_daoguang_176.effect	0.6#0.3#0.2	1.5#1.5#0.4	紫金刀光
g1008_daoguang_77	g1008_fp_daoguang_177.effect	0.6#0.3#0.2	1.5#1.5#0.4	姬鱼
g1008_daoguang_78	g1008_fp_daoguang_178.effect	0.6#0.3#0.2	1.5#1.5#0.4	黄金菱形
g1008_daoguang_79	g1008_fp_daoguang_179.effect	0.6#0.3#0.2	1.5#1.5#0.4	梦魇刀光
g1008_daoguang_80	g1008_fp_daoguang_180.effect	0.6#0.3#0.2	1.5#1.5#0.4	月华刀光
g1008_daoguang_81	g1008_fp_daoguang_181.effect	0.6#0.3#0.2	1.5#1.5#0.4	刀光鬼爪
g1008_daoguang_82	g1008_fp_daoguang_182.effect	0.6#0.3#0.2	1.5#1.5#0.4	魔龙爪
g1008_daoguang_83	g1008_fp_daoguang_183.effect	0.6#0.3#0.2	1.5#1.5#0.4	黑影刀光
g1008_daoguang_84	g1008_fp_daoguang_184.effect	0.6#0.3#0.2	1.5#1.5#0.4	弹孔刀光
g1008_daoguang_85	g1008_fp_daoguang_185.effect	0.6#0.3#0.2	1.5#1.5#0.4	流星
g1008_daoguang_86	g1008_fp_daoguang_186.effect	0.6#0.3#0.2	1.5#1.5#0.4	疾电
g1008_daoguang_87	g1008_fp_daoguang_187.effect	0.6#0.3#0.2	1.5#1.5#0.4	月食
g1008_daoguang_87_1	g1008_fp_daoguang_187_1.effect	0.6#0.3#0.2	1.5#1.5#0.4	月食_1
g1008_daoguang_88	g1008_fp_daoguang_188.effect	0.6#0.3#0.2	1.5#1.5#0.4	金蝴蝶
g1008_daoguang_89	g1008_fp_daoguang_189.effect	0.6#0.3#0.2	1.5#1.5#0.4	光年
g1008_daoguang_90	g1008_fp_daoguang_190.effect	0.6#0.3#0.2	1.5#1.5#0.4	暗物质
g1008_daoguang_91	g1008_fp_daoguang_191.effect	0.6#0.3#0.2	1.5#1.5#0.4	星空
g1008_daoguang_92	g1008_fp_daoguang_192.effect	0.6#0.3#0.2	1.5#1.5#0.4	虚空
g1008_daoguang_93	g1008_fp_daoguang_193.effect	0.6#0.3#0.2	1.5#1.5#0.4	玫瑰
g1008_daoguang_94	g1008_fp_daoguang_194.effect	0.6#0.3#0.2	1.5#1.5#0.4	血蝙蝠
g1008_daoguang_95	g1008_fp_daoguang_195.effect	0.6#0.3#0.2	1.5#1.5#0.4	凤凰羽翼
g1008_daoguang_96	g1008_fp_daoguang_195.effect	0.6#0.3#0.2	1.5#1.5#0.4	三色羽翼
g1008_daoguang_96_1	g1008_fp_daoguang_195_01.effect	0.6#0.3#0.2	1.5#1.5#0.4	三色羽翼
g1008_daoguang_96_2	g1008_fp_daoguang_195_02.effect	0.6#0.3#0.2	1.5#1.5#0.4	三色羽翼
g1008_daoguang_97	g1008_fp_daoguang_197.effect	0.6#0.3#0.2	1.5#1.5#0.4	紫影
g1008_daoguang_98	g1008_fp_daoguang_198.effect	0.6#0.3#0.2	1.5#1.5#0.4	白虎刀光
g1008_daoguang_99	g1008_fp_daoguang_199.effect	0.6#0.3#0.2	1.5#1.5#0.4	中国龙刀光
g1008_daoguang_101	g1008_fp_daoguang_201.effect	0.6#0.3#0.2	1.5#1.5#0.4	鬼魂刀光
g1008_daoguang_102	g1008_fp_daoguang_202.effect	0.6#0.3#0.2	1.5#1.5#0.4	暗月刀光
g1008_daoguang_103	g1008_fp_daoguang_203.effect	0.6#0.3#0.2	1.5#1.5#0.4	马戏团刀光
g1008_daoguang_104	g1008_fp_daoguang_204.effect	0.6#0.3#0.2	1.5#1.5#0.4	颜料刀光
g1008_daoguang_104_1	g1008_fp_daoguang_204_1.effect	0.6#0.3#0.2	1.5#1.5#0.4	颜料刀光
g1008_daoguang_106	g1008_fp_daoguang_206.effect	0.6#0.3#0.2	1.5#1.5#0.4	能量火焰刀光
g1008_daoguang_107	g1008_fp_daoguang_207.effect	0.6#0.3#0.2	1.5#1.5#0.4	电流爆炸刀光
g1008_daoguang_108	g1008_fp_daoguang_208.effect	0.6#0.3#0.2	1.5#1.5#0.4	鱼鳍刀光
g1008_daoguang_109	g1008_fp_daoguang_209.effect	0.6#0.3#0.2	1.5#1.5#0.4	精粹
g1008_daoguang_110	g1008_fp_daoguang_210.effect	0.6#0.3#0.2	1.5#1.5#0.4	霓虹
g1008_daoguang_111	g1008_fp_daoguang_211.effect	0.6#0.3#0.2	1.5#1.5#0.4	红月
