{
  "说明文档": {
    "BattleName": "战场名(battle/PkBattleField.json)",
    "Group": "战场组",
    "BattlePos": "战场坐标",
    "InitBuffIds": "初始化Buff",
    "MapChestTags": "地图箱子标签组(item_chest/MapChest.csv)",
    "MapChestRefreshTip": "地图箱子刷新提示坐标",
    "MapChestRefreshTime": "地图箱子刷新时间(数组，单位“秒”)",
    "ScoreRule": "计分规则",
    "计分规则": {
      "Flag": "夺旗",
      "Kill": "击杀",
      "Dead": "死亡",
      "Assist": "助攻",
      "Win": "胜利"
    }
  },
  "g1072": [
    {
      "BattleName": "ClanWar_1",
      "Group": "ClanWar",
      "BattlePos": {
        "x": 52.5,
        "y": 66,
        "z": -52.5
      },
      "InitBuffIds": [
        20
      ],
      "MapChestTags": [
        "clan_war_red",
        "clan_war_blue"
      ],
      "MapChestRefreshTip": [
        "-165,70,-16.5,0",
        "53,70,-61.5,180"
      ],
      "MapChestRefreshTime": [
        240,
        480
      ],
      "ScoreRule": {
        "Flag": [50, 150],
        "Kill": [5, 100],
        "Dead": [0, 0],
        "Assist": [0, 0],
        "Win": [80, 80]
      }
    },
    {
      "BattleName": "ClanWar_2",
      "Group": "LimitedTimeClanWar",
      "BattlePos": {
        "x": 52.5,
        "y": 66,
        "z": -52.5
      },
      "InitBuffIds": [
        20
      ],
      "MapChestTags": [
        "clan_war_red",
        "clan_war_blue"
      ],
      "MapChestRefreshTip": [
        "-165,70,-16.5,0",
        "53,70,-61.5,180"
      ],
      "MapChestRefreshTime": [
        240,
        480
      ],
      "ScoreRule": {
        "Flag": [50, 150],
        "Kill": [5, 100],
        "Dead": [0, 0],
        "Assist": [0, 0],
        "Win": [80, 80]
      }
    }
  ]
}