活动id	商品Id	任务组	原价	最低折扣	订单id	奖励大图	背景图
id	rewardId	taskGroup	price	minDiscount	orderId	mainRewardImage	bg
4001	6010014	8001	2000	0	400101	set:special_activity_big_icon_3.json image:img_show_3	set:special_activity_bg.json image:bg1
4002	9006	8002	2999	0.12	400201	set:special_activity_big_icon_2.json image:img_show2	set:special_activity_bg.json image:bg12
4003	6010016	8003	2000	0	400301	set:special_activity_big_icon_1.json image:img_show_1	set:special_activity_bg.json image:bg1
