debrisId	groupId	groupSeq	rewardId	image	light_image	extends
碎片ID	碎片组ID	组内排序	奖品Id	碎片图	点亮	扩展比例（上&右&下&左)
debrisId	groupId	groupSeq	rewardId	image	light_image	extends
101	1501	1	50001	set:war_sword_activity.json image:img_0_chips_a	set:war_sword_activity.json image:img_0_chips_a	0&0.17808&0&0
102	1501	2	50002	set:war_sword_activity.json image:img_0_chips_b	set:war_sword_activity.json image:img_0_chips_b	0&0.17808&0&0
103	1501	3	50003	set:war_sword_activity.json image:img_0_chips_c	set:war_sword_activity.json image:img_0_chips_c	0&0&0&0
104	1501	4	50004	set:war_sword_activity.json image:img_0_chips_d	set:war_sword_activity.json image:img_0_chips_d	0.17889&0&0&0
105	1501	5	50005	set:war_sword_activity.json image:img_0_chips_e	set:war_sword_activity.json image:img_0_chips_e	0.15175&0.15116&0.15175&0.15116
106	1501	6	50006	set:war_sword_activity.json image:img_0_chips_f	set:war_sword_activity.json image:img_0_chips_f	0.1789&0&0&0
107	1501	7	50007	set:war_sword_activity.json image:img_0_chips_g	set:war_sword_activity.json image:img_0_chips_g	0.1797&0.1789&0&0
108	1501	8	50008	set:war_sword_activity.json image:img_0_chips_h	set:war_sword_activity.json image:img_0_chips_h	0&0.17808&0&0
109	1501	9	50009	set:war_sword_activity.json image:img_0_chips_i	set:war_sword_activity.json image:img_0_chips_i	0.1797&0&0&0
110	1502	1	50010	set:war_sword_activity.json image:img_0_chips_a	set:war_sword_activity.json image:img_0_chips_a	0&0.17808&0&0
111	1502	2	50011	set:war_sword_activity.json image:img_0_chips_b	set:war_sword_activity.json image:img_0_chips_b	0&0.17808&0&0
112	1502	3	50012	set:war_sword_activity.json image:img_0_chips_c	set:war_sword_activity.json image:img_0_chips_c	0&0&0&0
113	1502	4	50013	set:war_sword_activity.json image:img_0_chips_d	set:war_sword_activity.json image:img_0_chips_d	0.17889&0&0&0
114	1502	5	50014	set:war_sword_activity.json image:img_0_chips_e	set:war_sword_activity.json image:img_0_chips_e	0.15175&0.15116&0.15175&0.15116
115	1502	6	50015	set:war_sword_activity.json image:img_0_chips_f	set:war_sword_activity.json image:img_0_chips_f	0.1789&0&0&0
116	1502	7	50016	set:war_sword_activity.json image:img_0_chips_g	set:war_sword_activity.json image:img_0_chips_g	0.1797&0.1789&0&0
117	1502	8	50017	set:war_sword_activity.json image:img_0_chips_h	set:war_sword_activity.json image:img_0_chips_h	0&0.17808&0&0
118	1502	9	50018	set:war_sword_activity.json image:img_0_chips_i	set:war_sword_activity.json image:img_0_chips_i	0.1797&0&0&0
119	1503	1	50019	set:war_sword_activity.json image:img_0_chips_a	set:war_sword_activity.json image:img_0_chips_a	0&0.17808&0&0
120	1503	2	50020	set:war_sword_activity.json image:img_0_chips_b	set:war_sword_activity.json image:img_0_chips_b	0&0.17808&0&0
121	1503	3	50021	set:war_sword_activity.json image:img_0_chips_c	set:war_sword_activity.json image:img_0_chips_c	0&0&0&0
122	1503	4	50022	set:war_sword_activity.json image:img_0_chips_d	set:war_sword_activity.json image:img_0_chips_d	0.17889&0&0&0
123	1503	5	50023	set:war_sword_activity.json image:img_0_chips_e	set:war_sword_activity.json image:img_0_chips_e	0.15175&0.15116&0.15175&0.15116
124	1503	6	50024	set:war_sword_activity.json image:img_0_chips_f	set:war_sword_activity.json image:img_0_chips_f	0.1789&0&0&0
125	1503	7	50025	set:war_sword_activity.json image:img_0_chips_g	set:war_sword_activity.json image:img_0_chips_g	0.1797&0.1789&0&0
126	1503	8	50026	set:war_sword_activity.json image:img_0_chips_h	set:war_sword_activity.json image:img_0_chips_h	0&0.17808&0&0
127	1503	9	50027	set:war_sword_activity.json image:img_0_chips_i	set:war_sword_activity.json image:img_0_chips_i	0.1797&0&0&0
128	1504	1	50028	set:war_sword_activity.json image:img_0_chips_a	set:war_sword_activity.json image:img_0_chips_a	0&0.17808&0&0
129	1504	2	50029	set:war_sword_activity.json image:img_0_chips_b	set:war_sword_activity.json image:img_0_chips_b	0&0.17808&0&0
130	1504	3	50030	set:war_sword_activity.json image:img_0_chips_c	set:war_sword_activity.json image:img_0_chips_c	0&0&0&0
131	1504	4	50031	set:war_sword_activity.json image:img_0_chips_d	set:war_sword_activity.json image:img_0_chips_d	0.17889&0&0&0
132	1504	5	50032	set:war_sword_activity.json image:img_0_chips_e	set:war_sword_activity.json image:img_0_chips_e	0.15175&0.15116&0.15175&0.15116
133	1504	6	50033	set:war_sword_activity.json image:img_0_chips_f	set:war_sword_activity.json image:img_0_chips_f	0.1789&0&0&0
134	1504	7	50034	set:war_sword_activity.json image:img_0_chips_g	set:war_sword_activity.json image:img_0_chips_g	0.1797&0.1789&0&0
135	1504	8	50035	set:war_sword_activity.json image:img_0_chips_h	set:war_sword_activity.json image:img_0_chips_h	0&0.17808&0&0
136	1504	9	50036	set:war_sword_activity.json image:img_0_chips_i	set:war_sword_activity.json image:img_0_chips_i	0.1797&0&0&0
137	1505	1	50037	set:game_activity_puzzle_icon.json image:img_0_chips_a	set:game_activity_puzzle_icon_light.json image:img_0_chips_a_light	0&0.17808&0&0
138	1505	2	50038	set:game_activity_puzzle_icon.json image:img_0_chips_b	set:game_activity_puzzle_icon_light.json image:img_0_chips_b_light	0&0.17808&0&0
139	1505	3	50039	set:game_activity_puzzle_icon.json image:img_0_chips_c	set:game_activity_puzzle_icon_light.json image:img_0_chips_c_light	0&0&0&0
140	1505	4	50040	set:game_activity_puzzle_icon.json image:img_0_chips_d	set:game_activity_puzzle_icon_light.json image:img_0_chips_d_light	0.17889&0&0&0
141	1505	5	50041	set:game_activity_puzzle_icon.json image:img_0_chips_e	set:game_activity_puzzle_icon_light.json image:img_0_chips_e_light	0.15175&0.15116&0.15175&0.15116
142	1505	6	50042	set:game_activity_puzzle_icon.json image:img_0_chips_f	set:game_activity_puzzle_icon_light.json image:img_0_chips_f_light	0.1789&0&0&0
143	1505	7	50043	set:game_activity_puzzle_icon.json image:img_0_chips_g	set:game_activity_puzzle_icon_light.json image:img_0_chips_g_light	0.1797&0.1789&0&0
144	1505	8	50044	set:game_activity_puzzle_icon.json image:img_0_chips_h	set:game_activity_puzzle_icon_light.json image:img_0_chips_h_light	0&0.17808&0&0
145	1505	9	50045	set:game_activity_puzzle_icon.json image:img_0_chips_i	set:game_activity_puzzle_icon_light.json image:img_0_chips_i_light	0.1797&0&0&0
146	1506	1	50046	set:game_activity_puzzle_icon.json image:img_0_chips_a	set:game_activity_puzzle_icon_light.json image:img_0_chips_a_light	0&0.17808&0&0
147	1506	2	50047	set:game_activity_puzzle_icon.json image:img_0_chips_b	set:game_activity_puzzle_icon_light.json image:img_0_chips_b_light	0&0.17808&0&0
148	1506	3	50048	set:game_activity_puzzle_icon.json image:img_0_chips_c	set:game_activity_puzzle_icon_light.json image:img_0_chips_c_light	0&0&0&0
149	1506	4	50049	set:game_activity_puzzle_icon.json image:img_0_chips_d	set:game_activity_puzzle_icon_light.json image:img_0_chips_d_light	0.17889&0&0&0
150	1506	5	50050	set:game_activity_puzzle_icon.json image:img_0_chips_e	set:game_activity_puzzle_icon_light.json image:img_0_chips_e_light	0.15175&0.15116&0.15175&0.15116
151	1506	6	50051	set:game_activity_puzzle_icon.json image:img_0_chips_f	set:game_activity_puzzle_icon_light.json image:img_0_chips_f_light	0.1789&0&0&0
152	1506	7	50052	set:game_activity_puzzle_icon.json image:img_0_chips_g	set:game_activity_puzzle_icon_light.json image:img_0_chips_g_light	0.1797&0.1789&0&0
153	1506	8	50053	set:game_activity_puzzle_icon.json image:img_0_chips_h	set:game_activity_puzzle_icon_light.json image:img_0_chips_h_light	0&0.17808&0&0
154	1506	9	50054	set:game_activity_puzzle_icon.json image:img_0_chips_i	set:game_activity_puzzle_icon_light.json image:img_0_chips_i_light	0.1797&0&0&0
155	1507	1	50055	set:game_activity_puzzle_icon.json image:img_0_chips_a	set:game_activity_puzzle_icon_light.json image:img_0_chips_a_light	0&0.17808&0&0
156	1507	2	50056	set:game_activity_puzzle_icon.json image:img_0_chips_b	set:game_activity_puzzle_icon_light.json image:img_0_chips_b_light	0&0.17808&0&0
157	1507	3	50057	set:game_activity_puzzle_icon.json image:img_0_chips_c	set:game_activity_puzzle_icon_light.json image:img_0_chips_c_light	0&0&0&0
158	1507	4	50058	set:game_activity_puzzle_icon.json image:img_0_chips_d	set:game_activity_puzzle_icon_light.json image:img_0_chips_d_light	0.17889&0&0&0
159	1507	5	50059	set:game_activity_puzzle_icon.json image:img_0_chips_e	set:game_activity_puzzle_icon_light.json image:img_0_chips_e_light	0.15175&0.15116&0.15175&0.15116
160	1507	6	50060	set:game_activity_puzzle_icon.json image:img_0_chips_f	set:game_activity_puzzle_icon_light.json image:img_0_chips_f_light	0.1789&0&0&0
161	1507	7	50061	set:game_activity_puzzle_icon.json image:img_0_chips_g	set:game_activity_puzzle_icon_light.json image:img_0_chips_g_light	0.1797&0.1789&0&0
162	1507	8	50062	set:game_activity_puzzle_icon.json image:img_0_chips_h	set:game_activity_puzzle_icon_light.json image:img_0_chips_h_light	0&0.17808&0&0
163	1507	9	50063	set:game_activity_puzzle_icon.json image:img_0_chips_i	set:game_activity_puzzle_icon_light.json image:img_0_chips_i_light	0.1797&0&0&0
164	1508	1	50064	set:game_activity_puzzle_icon.json image:img_0_chips_a	set:game_activity_puzzle_icon_light.json image:img_0_chips_a_light	0&0.17808&0&0
165	1508	2	50065	set:game_activity_puzzle_icon.json image:img_0_chips_b	set:game_activity_puzzle_icon_light.json image:img_0_chips_b_light	0&0.17808&0&0
166	1508	3	50066	set:game_activity_puzzle_icon.json image:img_0_chips_c	set:game_activity_puzzle_icon_light.json image:img_0_chips_c_light	0&0&0&0
167	1508	4	50067	set:game_activity_puzzle_icon.json image:img_0_chips_d	set:game_activity_puzzle_icon_light.json image:img_0_chips_d_light	0.17889&0&0&0
168	1508	5	50068	set:game_activity_puzzle_icon.json image:img_0_chips_e	set:game_activity_puzzle_icon_light.json image:img_0_chips_e_light	0.15175&0.15116&0.15175&0.15116
169	1508	6	50069	set:game_activity_puzzle_icon.json image:img_0_chips_f	set:game_activity_puzzle_icon_light.json image:img_0_chips_f_light	0.1789&0&0&0
170	1508	7	50070	set:game_activity_puzzle_icon.json image:img_0_chips_g	set:game_activity_puzzle_icon_light.json image:img_0_chips_g_light	0.1797&0.1789&0&0
171	1508	8	50071	set:game_activity_puzzle_icon.json image:img_0_chips_h	set:game_activity_puzzle_icon_light.json image:img_0_chips_h_light	0&0.17808&0&0
172	1508	9	50072	set:game_activity_puzzle_icon.json image:img_0_chips_i	set:game_activity_puzzle_icon_light.json image:img_0_chips_i_light	0.1797&0&0&0
