id	debrisGroupId	mainRewardId	backGroundImage	bgColor	topColor	bottomColor	goPosition	taskGroupId	exchangeGroupId	lotteryConsume	Unnamed: 6
活动ID	碎片组ID	奖品组ID	背景图片	背景颜色	上半部分颜色	下半部分颜色	传送坐标（x&y&z&朝向）	任务组	兑换奖励组	碎片抽奖消耗	
id	debrisGroupId	mainRewardId	backGroundImage	bgColor	topColor	bottomColor	goPosition	taskGroupId	exchangeGroupId	lotteryConsume	
1501	1501	20507	set:war_sword_activity.json image:img_0_bg	59#48#96#255	24#26#80#255	119#62#133#255	50.71&122.00&914.54&180	0	0	#	愚人节-宠物
1502	1502	20522	set:war_sword_activity.json image:img_0_bg	66#53#81#255	 41#25#41#255	82#69#114#255	#	3015	0	#	虎狩-弓
1503	1503	4010015	set:war_sword_activity.json image:img_0_bg	59#48#96#255	24#26#80#255	119#62#133#255	#	3015	0	#	荣耀-弓
1504	1504	3030010	set:war_sword_activity.json image:img_0_bg	82#21#19#255	65#23#40#255	114#56#44#255	#	1001	1001	917#1	黄金机械龙-镐
1505	1505	7010018	set:war_sword_activity.json image:img_0_bg	41#75#153#255	23#39#79#255	48#116#179#255	#	1505	1001	917#10	剪刀手
1506	1506	1020026	set:war_sword_activity.json image:img_0_bg	59#34#34#255	21#10#10#255	45#11#9#255	#	1506	1002	921#10	黑钢剑
1507	1507	3010016	set:war_sword_activity.json image:img_0_bg	59#34#34#255	21#10#10#255	45#11#9#255	#	1507	1003	923#10	化石镐
1508	1508	1010030	set:war_sword_activity.json image:img_0_bg	59#34#34#255	21#10#10#255	45#11#9#255	#	1508	1004	926#10	狼牙棒
