Id	Type	SubType	Level	Name	Des	DesPro	DesWithoutPro	Image	CanSell	SellKey	Pro	MaxPro	StackMaxPro	RandomId	Weight	Unnamed: 13	Unnamed: 14	Unnamed: 15
符文id	符文类型	符文子类型	符文等级	符文名称多语言	符文描述多语言	符文属性描述多语言	符文描述多语言（不带属性）	符文图片	能否卖出（1能卖，-1不能卖）	回收获得钥匙数量	属性加成	属性加成上限（0为无限制），专门用于勇者符文叠加最大值		随机2级符文，有ID就进池子	随机符文的权值			
Id	Type	SubType	Level	Name	Des	DesPro	DesWithoutPro	Image	CanSell	SellKey	Pro	MaxPro	StackMaxPro	RandomId	Weight			
10101	1	1	1	RuneSetting_name_10101	RuneSetting_des_10101	RuneSetting_attrdes_10101	RuneSetting_simple_des_10101	set:runeIcon.json image:rune_10101	1	1	0.15	0	0	101001	100	剑刃Ⅰ	剑伤害+0.15	剑伤害+0.15
10102	1	1	2	RuneSetting_name_10102	RuneSetting_des_10102	RuneSetting_attrdes_10102	RuneSetting_simple_des_10102	set:runeIcon.json image:rune_10102	1	2	0.19	0	0	101021	100	剑刃Ⅱ	剑伤害+0.19	剑伤害+0.19
10103	1	1	3	RuneSetting_name_10103	RuneSetting_des_10103	RuneSetting_attrdes_10103	RuneSetting_simple_des_10103	set:runeIcon.json image:rune_10103	1	5	0.25	0	0	60342	5	剑刃Ⅲ	剑伤害+0.25	剑伤害+0.25
10201	1	2	1	RuneSetting_name_10201	RuneSetting_des_10201	RuneSetting_attrdes_10201	RuneSetting_simple_des_10201	set:runeIcon.json image:rune_10201	1	1	0.15	0	0	101002	100	弓箭Ⅰ	弓箭伤害+0.15	弓箭伤害+0.15
10202	1	2	2	RuneSetting_name_10202	RuneSetting_des_10202	RuneSetting_attrdes_10202	RuneSetting_simple_des_10202	set:runeIcon.json image:rune_10202	1	2	0.19	0	0	101022	100	弓箭Ⅱ	弓箭伤害+0.19	弓箭伤害+0.19
10203	1	2	3	RuneSetting_name_10203	RuneSetting_des_10203	RuneSetting_attrdes_10203	RuneSetting_simple_des_10203	set:runeIcon.json image:rune_10203	1	5	0.25	0	0	60343	5	弓箭Ⅲ	弓箭伤害+0.25	弓箭伤害+0.25
10301	1	3	1	RuneSetting_name_10301	RuneSetting_des_10301	RuneSetting_attrdes_10301	RuneSetting_simple_des_10301	set:runeIcon.json image:rune_10301	1	1	0.08	0	0	101003	100	击退Ⅰ	击退距离+0.08	击退距离+0.08
10302	1	3	2	RuneSetting_name_10302	RuneSetting_des_10302	RuneSetting_attrdes_10302	RuneSetting_simple_des_10302	set:runeIcon.json image:rune_10302	1	2	0.12	0	0	101023	100	击退Ⅱ	击退距离+0.12	击退距离+0.12
10303	1	3	3	RuneSetting_name_10303	RuneSetting_des_10303	RuneSetting_attrdes_10303	RuneSetting_simple_des_10303	set:runeIcon.json image:rune_10303	1	5	0.16	0	0	60354	5	击退Ⅲ	击退距离+0.16	击退距离+0.16
10401	1	4	1	RuneSetting_name_10401	RuneSetting_des_10401	RuneSetting_attrdes_10401	RuneSetting_simple_des_10401	set:runeIcon.json image:rune_10401	1	1	1.9	0	0	101004	100	吸血Ⅰ	吸血1.9%	吸血1.9%
10402	1	4	2	RuneSetting_name_10402	RuneSetting_des_10402	RuneSetting_attrdes_10402	RuneSetting_simple_des_10402	set:runeIcon.json image:rune_10402	1	2	2.6	0	0	101024	30	吸血Ⅱ	吸血2.6%	吸血2.6%
10403	1	4	3	RuneSetting_name_10403	RuneSetting_des_10403	RuneSetting_attrdes_10403	RuneSetting_simple_des_10403	set:runeIcon.json image:rune_10403	1	5	3.5	0	0	0	0	吸血Ⅲ	吸血3.5%	吸血3.5%
10501	1	5	1	RuneSetting_name_10501	RuneSetting_des_10501	RuneSetting_attrdes_10501	RuneSetting_simple_des_10501	set:runeIcon.json image:rune_10501	1	1	2.2	0	0	101005	100	暴击Ⅰ	暴击几率+2.2%	暴击几率+2.2%
10502	1	5	2	RuneSetting_name_10502	RuneSetting_des_10502	RuneSetting_attrdes_10502	RuneSetting_simple_des_10502	set:runeIcon.json image:rune_10502	1	2	2.8	0	0	101025	100	暴击Ⅱ	暴击几率+2.8%	暴击几率+2.8%
10503	1	5	3	RuneSetting_name_10503	RuneSetting_des_10503	RuneSetting_attrdes_10503	RuneSetting_simple_des_10503	set:runeIcon.json image:rune_10503	1	5	3.5	0	0	60349	5	暴击Ⅲ	暴击几率+3.5%	暴击几率+3.5%
10601	1	6	1	RuneSetting_name_10601	RuneSetting_des_10601	RuneSetting_attrdes_10601	RuneSetting_simple_des_10601	set:runeIcon.json image:rune_10601	1	1	2.5	0	0	101006	100	火剑Ⅰ	剑攻击2.5%燃烧敌人	剑攻击2.5%燃烧敌人
10602	1	6	2	RuneSetting_name_10602	RuneSetting_des_10602	RuneSetting_attrdes_10602	RuneSetting_simple_des_10602	set:runeIcon.json image:rune_10602	1	2	3.1	0	0	101026	100	火剑Ⅱ	剑攻击3.1%燃烧敌人	剑攻击3.1%燃烧敌人
10603	1	6	3	RuneSetting_name_10603	RuneSetting_des_10603	RuneSetting_attrdes_10603	RuneSetting_simple_des_10603	set:runeIcon.json image:rune_10603	1	5	4.3	0	0	60355	5	火剑Ⅲ	剑攻击4.3%燃烧敌人	剑攻击4.3%燃烧敌人
10701	2	7	1	RuneSetting_name_10701	RuneSetting_des_10701	RuneSetting_attrdes_10701	RuneSetting_simple_des_10701	set:runeIcon.json image:rune_10701	1	1	0.3	0	0	101007	100	强壮Ⅰ	最大生命值+0.3	最大生命值+0.3
10702	2	7	2	RuneSetting_name_10702	RuneSetting_des_10702	RuneSetting_attrdes_10702	RuneSetting_simple_des_10702	set:runeIcon.json image:rune_10702	1	2	0.5	0	0	101027	100	强壮Ⅱ	最大生命值+0.5	最大生命值+0.5
10703	2	7	3	RuneSetting_name_10703	RuneSetting_des_10703	RuneSetting_attrdes_10703	RuneSetting_simple_des_10703	set:runeIcon.json image:rune_10703	1	5	0.7	0	0	60344	5	强壮Ⅲ	最大生命值+0.7	最大生命值+0.7
10801	2	8	1	RuneSetting_name_10801	RuneSetting_des_10801	RuneSetting_attrdes_10801	RuneSetting_simple_des_10801	set:runeIcon.json image:rune_10801	1	1	0.15	0	0	101008	100	恢复Ⅰ	生命恢复+0.15/5秒	生命恢复+0.15/5秒
10802	2	8	2	RuneSetting_name_10802	RuneSetting_des_10802	RuneSetting_attrdes_10802	RuneSetting_simple_des_10802	set:runeIcon.json image:rune_10802	1	2	0.2	0	0	101028	100	恢复Ⅱ	生命恢复+0.2/5秒	生命恢复+0.2/5秒
10803	2	8	3	RuneSetting_name_10803	RuneSetting_des_10803	RuneSetting_attrdes_10803	RuneSetting_simple_des_10803	set:runeIcon.json image:rune_10803	1	5	0.25	0	0	60345	5	恢复Ⅲ	生命恢复+0.25/5秒	生命恢复+0.25/5秒
10901	2	9	1	RuneSetting_name_10901	RuneSetting_des_10901	RuneSetting_attrdes_10901	RuneSetting_simple_des_10901	set:runeIcon.json image:rune_10901	1	1	1.5	0	0	101009	100	保护Ⅰ	伤害减免+1.5%	伤害减免+1.5%
10902	2	9	2	RuneSetting_name_10902	RuneSetting_des_10902	RuneSetting_attrdes_10902	RuneSetting_simple_des_10902	set:runeIcon.json image:rune_10902	1	2	2.5	0	0	101029	100	保护Ⅱ	伤害减免+2.5%	伤害减免+2.5%
10903	2	9	3	RuneSetting_name_10903	RuneSetting_des_10903	RuneSetting_attrdes_10903	RuneSetting_simple_des_10903	set:runeIcon.json image:rune_10903	1	5	3.5	0	0	0	0	保护Ⅲ	伤害减免+3.5%	伤害减免+3.5%
11001	2	10	1	RuneSetting_name_11001	RuneSetting_des_11001	RuneSetting_attrdes_11001	RuneSetting_simple_des_11001	set:runeIcon.json image:rune_11001	1	1	0.06	0	0	101010	100	壮大Ⅰ	每180秒增加0.06点最大生命值	每180秒增加0.06点最大生命值
11002	2	10	2	RuneSetting_name_11002	RuneSetting_des_11002	RuneSetting_attrdes_11002	RuneSetting_simple_des_11002	set:runeIcon.json image:rune_11002	1	2	0.1	0	0	101030	100	壮大Ⅱ	每180秒增加0.1点最大生命值	每180秒增加0.1点最大生命值
11003	2	10	3	RuneSetting_name_11003	RuneSetting_des_11003	RuneSetting_attrdes_11003	RuneSetting_simple_des_11003	set:runeIcon.json image:rune_11003	1	5	0.14	0	0	60350	5	壮大Ⅲ	每180秒增加0.14点最大生命值	每180秒增加0.14点最大生命值
11101	2	11	1	RuneSetting_name_11101	RuneSetting_des_11101	RuneSetting_attrdes_11101	RuneSetting_simple_des_11101	set:runeIcon.json image:rune_11101	1	1	0.48	0	0	101011	100	成长Ⅰ	前15分钟增加0.48点最大生命值	前15分钟增加0.48点最大生命值
11102	2	11	2	RuneSetting_name_11102	RuneSetting_des_11102	RuneSetting_attrdes_11102	RuneSetting_simple_des_11102	set:runeIcon.json image:rune_11102	1	2	0.8	0	0	101031	100	成长Ⅱ	前15分钟增加0.8点最大生命值	前15分钟增加0.8点最大生命值
11103	2	11	3	RuneSetting_name_11103	RuneSetting_des_11103	RuneSetting_attrdes_11103	RuneSetting_simple_des_11103	set:runeIcon.json image:rune_11103	1	5	1.12	0	0	60357	5	成长Ⅲ	前15分钟增加1.12点最大生命值	前15分钟增加1.12点最大生命值
11201	3	12	1	RuneSetting_name_11201	RuneSetting_des_11201	RuneSetting_attrdes_11201	RuneSetting_simple_des_11201	set:runeIcon.json image:rune_11201	1	1	4	0	0	101012	100	修罗Ⅰ	击杀4%概恢复20血量	击杀4%概恢复20血量
11202	3	12	2	RuneSetting_name_11202	RuneSetting_des_11202	RuneSetting_attrdes_11202	RuneSetting_simple_des_11202	set:runeIcon.json image:rune_11202	1	2	5.5	0	0	101032	100	修罗Ⅱ	击杀5.5%概恢复20血量	击杀5.5%概恢复20血量
11203	3	12	3	RuneSetting_name_11203	RuneSetting_des_11203	RuneSetting_attrdes_11203	RuneSetting_simple_des_11203	set:runeIcon.json image:rune_11203	1	5	7	0	0	0	0	修罗Ⅲ	击杀7%概恢复20血量	击杀7%概恢复20血量
11301	3	13	1	RuneSetting_name_11301	RuneSetting_des_11301	RuneSetting_attrdes_11301	RuneSetting_simple_des_11301	set:runeIcon.json image:rune_11301	1	1	4	0	0	101013	100	丰收Ⅰ	击杀4%概率获5金锭	击杀4%概率获5金锭
11302	3	13	2	RuneSetting_name_11302	RuneSetting_des_11302	RuneSetting_attrdes_11302	RuneSetting_simple_des_11302	set:runeIcon.json image:rune_11302	1	2	5.5	0	0	101033	100	丰收Ⅱ	击杀5.5%概率获5金锭	击杀5.5%概率获5金锭
11303	3	13	3	RuneSetting_name_11303	RuneSetting_des_11303	RuneSetting_attrdes_11303	RuneSetting_simple_des_11303	set:runeIcon.json image:rune_11303	1	5	7	0	0	60351	5	丰收Ⅲ	击杀7%概率获5金锭	击杀7%概率获5金锭
11401	3	14	1	RuneSetting_name_11401	RuneSetting_des_11401	RuneSetting_attrdes_11401	RuneSetting_simple_des_11401	set:runeIcon.json image:rune_11401	1	1	4	0	0	0	0	祝福Ⅰ	击杀4%概率获20铁锭	击杀4%概率获20铁锭
11402	3	14	2	RuneSetting_name_11402	RuneSetting_des_11402	RuneSetting_attrdes_11402	RuneSetting_simple_des_11402	set:runeIcon.json image:rune_11402	1	2	5.5	0	0	0	0	祝福Ⅱ	击杀5.5%概率获20铁锭	击杀5.5%概率获20铁锭
11403	3	14	3	RuneSetting_name_11403	RuneSetting_des_11403	RuneSetting_attrdes_11403	RuneSetting_simple_des_11403	set:runeIcon.json image:rune_11403	1	5	7	0	0	0	0	祝福Ⅲ	击杀7%概率获20铁锭	击杀7%概率获20铁锭
11501	3	15	1	RuneSetting_name_11501	RuneSetting_des_11501	RuneSetting_attrdes_11501	RuneSetting_simple_des_11501	set:runeIcon.json image:rune_11501	1	1	4	0	0	101015	100	幸运Ⅰ	击杀4%概率获64羊毛	击杀4%概率获64羊毛
11502	3	15	2	RuneSetting_name_11502	RuneSetting_des_11502	RuneSetting_attrdes_11502	RuneSetting_simple_des_11502	set:runeIcon.json image:rune_11502	1	2	5.5	0	0	101035	100	幸运Ⅱ	击杀5.5%概率获64羊毛	击杀5.5%概率获64羊毛
11503	3	15	3	RuneSetting_name_11503	RuneSetting_des_11503	RuneSetting_attrdes_11503	RuneSetting_simple_des_11503	set:runeIcon.json image:rune_11503	1	5	7	0	0	0	0	幸运Ⅲ	击杀7%概率获64羊毛	击杀7%概率获64羊毛
11601	3	16	1	RuneSetting_name_11601	RuneSetting_des_11601	RuneSetting_attrdes_11601	RuneSetting_simple_des_11601	set:runeIcon.json image:rune_11601	1	1	0.25	0	0	101016	100	复活Ⅰ	死亡减复活时间0.25秒	死亡减复活时间0.25秒
11602	3	16	2	RuneSetting_name_11602	RuneSetting_des_11602	RuneSetting_attrdes_11602	RuneSetting_simple_des_11602	set:runeIcon.json image:rune_11602	1	2	0.35	0	0	101036	100	复活Ⅱ	死亡减复活时间0.35秒	死亡减复活时间0.35秒
11603	3	16	3	RuneSetting_name_11603	RuneSetting_des_11603	RuneSetting_attrdes_11603	RuneSetting_simple_des_11603	set:runeIcon.json image:rune_11603	1	5	0.45	0	0	0	0	复活Ⅲ	死亡减复活时间0.45秒	死亡减复活时间0.45秒
11701	4	17	1	RuneSetting_name_11701	RuneSetting_des_11701	RuneSetting_attrdes_11701	RuneSetting_simple_des_11701	set:runeIcon.json image:rune_11701	1	1	2	0	0	0	0	铁锭Ⅰ	开局铁锭+2	开局铁锭+2
11702	4	17	2	RuneSetting_name_11702	RuneSetting_des_11702	RuneSetting_attrdes_11702	RuneSetting_simple_des_11702	set:runeIcon.json image:rune_11702	1	2	3	0	0	0	0	铁锭Ⅱ	开局铁锭+3	开局铁锭+3
11703	4	17	3	RuneSetting_name_11703	RuneSetting_des_11703	RuneSetting_attrdes_11703	RuneSetting_simple_des_11703	set:runeIcon.json image:rune_11703	1	5	4	0	0	0	0	铁锭Ⅲ	开局铁锭+4	开局铁锭+4
11801	4	18	1	RuneSetting_name_11801	RuneSetting_des_11801	RuneSetting_attrdes_11801	RuneSetting_simple_des_11801	set:runeIcon.json image:rune_11801	1	1	0.5	0	0	0	0	金锭Ⅰ	开局金锭+0.5	开局金锭+0.5
11802	4	18	2	RuneSetting_name_11802	RuneSetting_des_11802	RuneSetting_attrdes_11802	RuneSetting_simple_des_11802	set:runeIcon.json image:rune_11802	1	2	1	0	0	101038	100	金锭Ⅱ	开局金锭+1	开局金锭+1
11803	4	18	3	RuneSetting_name_11803	RuneSetting_des_11803	RuneSetting_attrdes_11803	RuneSetting_simple_des_11803	set:runeIcon.json image:rune_11803	1	5	2	0	0	0	0	金锭Ⅲ	开局金锭+2	开局金锭+2
11901	4	19	1	RuneSetting_name_11901	RuneSetting_des_11901	RuneSetting_attrdes_11901	RuneSetting_simple_des_11901	set:runeIcon.json image:rune_11901	1	1	4	0	0	101018	100	羊毛Ⅰ	开局羊毛+4	开局羊毛+4
11902	4	19	2	RuneSetting_name_11902	RuneSetting_des_11902	RuneSetting_attrdes_11902	RuneSetting_simple_des_11902	set:runeIcon.json image:rune_11902	1	2	6	0	0	101039	100	羊毛Ⅱ	开局羊毛+6	开局羊毛+6
11903	4	19	3	RuneSetting_name_11903	RuneSetting_des_11903	RuneSetting_attrdes_11903	RuneSetting_simple_des_11903	set:runeIcon.json image:rune_11903	1	5	9	0	0	0	0	羊毛Ⅲ	开局羊毛+9	开局羊毛+9
12001	4	20	1	RuneSetting_name_12001	RuneSetting_des_12001	RuneSetting_attrdes_12001	RuneSetting_simple_des_12001	set:runeIcon.json image:rune_12001	1	1	1	1	0	0	0	木镐Ⅰ	开局木镐+1	开局木镐+1
12002	4	20	2	RuneSetting_name_12002	RuneSetting_des_12002	RuneSetting_attrdes_12002	RuneSetting_simple_des_12002	set:runeIcon.json image:rune_12002	1	2	1	1	0	0	0	木镐Ⅱ	开局木镐+1	开局木镐+1
12003	4	20	3	RuneSetting_name_12003	RuneSetting_des_12003	RuneSetting_attrdes_12003	RuneSetting_simple_des_12003	set:runeIcon.json image:rune_12003	1	5	1	1	0	0	0	木镐Ⅲ	开局木镐+1	开局木镐+1
12101	4	21	1	RuneSetting_name_12101	RuneSetting_des_12101	RuneSetting_attrdes_12101	RuneSetting_simple_des_12101	set:runeIcon.json image:rune_12101	1	1	1	1	0	0	0	木斧Ⅰ	开局木斧+1	开局木斧+1
12102	4	21	2	RuneSetting_name_12102	RuneSetting_des_12102	RuneSetting_attrdes_12102	RuneSetting_simple_des_12102	set:runeIcon.json image:rune_12102	1	2	1	1	0	0	0	木斧Ⅱ	开局木斧+1	开局木斧+1
12103	4	21	3	RuneSetting_name_12103	RuneSetting_des_12103	RuneSetting_attrdes_12103	RuneSetting_simple_des_12103	set:runeIcon.json image:rune_12103	1	5	1	1	0	0	0	木斧Ⅲ	开局木斧+1	开局木斧+1
12201	4	22	1	RuneSetting_name_12201	RuneSetting_des_12201	RuneSetting_attrdes_12201	RuneSetting_simple_des_12201	set:runeIcon.json image:rune_12201	1	1	1	1	0	0	0	剪刀Ⅰ	开局剪刀+1	开局剪刀+1
12202	4	22	2	RuneSetting_name_12202	RuneSetting_des_12202	RuneSetting_attrdes_12202	RuneSetting_simple_des_12202	set:runeIcon.json image:rune_12202	1	2	1	1	0	0	0	剪刀Ⅱ	开局剪刀+1	开局剪刀+1
12203	4	22	3	RuneSetting_name_12203	RuneSetting_des_12203	RuneSetting_attrdes_12203	RuneSetting_simple_des_12203	set:runeIcon.json image:rune_12203	1	5	1	1	0	0	0	剪刀Ⅲ	开局剪刀+1	开局剪刀+1
12301	4	23	1	RuneSetting_name_12301	RuneSetting_des_12301	RuneSetting_attrdes_12301	RuneSetting_simple_des_12301	set:runeIcon.json image:rune_12301	1	1	1	0	0	0	0	铁墓Ⅰ	复活获得铁锭+1	复活获得铁锭+1
12302	4	23	2	RuneSetting_name_12302	RuneSetting_des_12302	RuneSetting_attrdes_12302	RuneSetting_simple_des_12302	set:runeIcon.json image:rune_12302	1	2	2	0	0	0	0	铁墓Ⅱ	复活获得铁锭+2	复活获得铁锭+2
12303	4	23	3	RuneSetting_name_12303	RuneSetting_des_12303	RuneSetting_attrdes_12303	RuneSetting_simple_des_12303	set:runeIcon.json image:rune_12303	1	5	3	0	0	0	0	铁墓Ⅲ	复活获得铁锭+3	复活获得铁锭+3
12401	4	24	1	RuneSetting_name_12401	RuneSetting_des_12401	RuneSetting_attrdes_12401	RuneSetting_simple_des_12401	set:runeIcon.json image:rune_12401	1	1	0.25	0	0	0	0	金墓Ⅰ	复活获得金锭+0.25	复活获得金锭+0.25
12402	4	24	2	RuneSetting_name_12402	RuneSetting_des_12402	RuneSetting_attrdes_12402	RuneSetting_simple_des_12402	set:runeIcon.json image:rune_12402	1	2	0.5	0	0	0	0	金墓Ⅱ	复活获得金锭+0.5	复活获得金锭+0.5
12403	4	24	3	RuneSetting_name_12403	RuneSetting_des_12403	RuneSetting_attrdes_12403	RuneSetting_simple_des_12403	set:runeIcon.json image:rune_12403	1	5	1	0	0	0	0	金墓Ⅲ	复活获得金锭+1	复活获得金锭+1
12501	4	25	1	RuneSetting_name_12501	RuneSetting_des_12501	RuneSetting_attrdes_12501	RuneSetting_simple_des_12501	set:runeIcon.json image:rune_12501	1	1	2	0	0	0	0	毛堆Ⅰ	复活获得羊毛+2	复活获得羊毛+2
12502	4	25	2	RuneSetting_name_12502	RuneSetting_des_12502	RuneSetting_attrdes_12502	RuneSetting_simple_des_12502	set:runeIcon.json image:rune_12502	1	2	3	0	0	101041	100	毛堆Ⅱ	复活获得羊毛+3	复活获得羊毛+3
12503	4	25	3	RuneSetting_name_12503	RuneSetting_des_12503	RuneSetting_attrdes_12503	RuneSetting_simple_des_12503	set:runeIcon.json image:rune_12503	1	5	4	0	0	0	0	毛堆Ⅲ	复活获得羊毛+4	复活获得羊毛+4
12601	2	26#261	1	RuneSetting_name_12601	RuneSetting_des_all_12601	RuneSetting_attrdes_12601#RuneSetting_attrdes_12601	RuneSetting_simple_des_10901#RuneSetting_simple_desc_12601	set:runeIcon.json image:rune_12601	1	1	0.8#4	0#0	0#0	101042	100	荆棘Ⅰ	伤害减免+0.8%	治疗效果降低4%
12602	2	26#261	2	RuneSetting_name_12602	RuneSetting_des_all_12602	RuneSetting_attrdes_12602#RuneSetting_attrdes_12602	RuneSetting_simple_des_10902#RuneSetting_simple_desc_12602	set:runeIcon.json image:rune_12602	1	2	1.3#5.5	0#0	0#0	101043	100	荆棘Ⅱ	伤害减免+1.3%	治疗效果降低5.5%
12603	2	26#261	3	RuneSetting_name_12603	RuneSetting_des_all_12603	RuneSetting_attrdes_12603#RuneSetting_attrdes_12603	RuneSetting_simple_des_10903#RuneSetting_simple_desc_12603	set:runeIcon.json image:rune_12603	1	5	1.8#7	0#0	0#0	0	0	荆棘Ⅲ	伤害减免+1.8%	治疗效果降低7%
12701	1	27	1	RuneSetting_name_12701	RuneSetting_desc_12701	RuneSetting_attrdes_12701	RuneSetting_simple_des_12701	set:runeIcon.json image:rune_12701	1	1	4	0	0	101044	100	破甲Ⅰ	无视4%护甲	无视4%护甲
12702	1	27	2	RuneSetting_name_12702	RuneSetting_desc_12702	RuneSetting_attrdes_12702	RuneSetting_simple_des_12702	set:runeIcon.json image:rune_12702	1	2	5	0	0	101045	100	破甲Ⅱ	无视5%护甲	无视5%护甲
12703	1	27	3	RuneSetting_name_12703	RuneSetting_desc_12703	RuneSetting_attrdes_12703	RuneSetting_simple_des_12703	set:runeIcon.json image:rune_12703	1	5	6	0	0	0	0	破甲Ⅲ	无视6%护甲	无视6%护甲
12801	3	28	1	RuneSetting_name_12801	RuneSetting_des_all_12801	RuneSetting_attrdes_12801	RuneSetting_simple_des_12801	set:runeIcon.json image:rune_12801	1	1	0.1	0	0.4	101046	100	勇者Ⅰ	击杀一个人增加0.1生命值，最多0.4	击杀一个人增加0.1生命值，最多0.4
12802	3	28	2	RuneSetting_name_12802	RuneSetting_des_all_12802	RuneSetting_attrdes_12802	RuneSetting_simple_des_12802	set:runeIcon.json image:rune_12802	1	2	0.15	0	0.6	101047	100	勇者Ⅱ	击杀一个人增加0.15生命值，最多0.6	击杀一个人增加0.15生命值，最多0.6
12803	3	28	3	RuneSetting_name_12803	RuneSetting_des_all_12803	RuneSetting_attrdes_12803	RuneSetting_simple_des_12803	set:runeIcon.json image:rune_12803	1	5	0.2	0	0.8	0	0	勇者Ⅲ	击杀一个人增加0.2生命值，最多0.8	击杀一个人增加0.2生命值，最多0.8
12901	3	29	1	RuneSetting_name_12901	RuneSetting_desc_12901	RuneSetting_attrdes_12901	RuneSetting_simple_des_12901	set:runeIcon.json image:rune_12901	1	1	0.05	0	0.2	101048	100	武神Ⅰ	击杀一个人增加0.05近战伤害，最多0.2	击杀一个人增加0.05近战伤害，最多0.2
12902	3	29	2	RuneSetting_name_12902	RuneSetting_desc_12902	RuneSetting_attrdes_12902	RuneSetting_simple_des_12902	set:runeIcon.json image:rune_12902	1	2	0.06	0	0.3	101049	100	武神Ⅱ	击杀一个人增加0.06近战伤害，最多0.3	击杀一个人增加0.06近战伤害，最多0.3
12903	3	29	3	RuneSetting_name_12903	RuneSetting_desc_12903	RuneSetting_attrdes_12903	RuneSetting_simple_des_12903	set:runeIcon.json image:rune_12903	1	5	0.1	0	0.4	0	0	武神Ⅲ	击杀一个人增加0.1近战伤害，最多0.4	击杀一个人增加0.1近战伤害，最多0.4
13001	4	30	1	RuneSetting_name_13001	RuneSetting_desc_13001	RuneSetting_attrdes_13001	RuneSetting_simple_des_13001	set:runeIcon.json image:rune_13001	1	1	1	0	0	101050	100	坚盾Ⅰ	开局获得1点护盾	开局获得1点护盾
13002	4	30	2	RuneSetting_name_13002	RuneSetting_desc_13002	RuneSetting_attrdes_13002	RuneSetting_simple_des_13002	set:runeIcon.json image:rune_13002	1	2	2	0	0	101051	100	坚盾Ⅱ	开局获得2点护盾	开局获得2点护盾
13003	4	30	3	RuneSetting_name_13003	RuneSetting_desc_13003	RuneSetting_attrdes_13003	RuneSetting_simple_des_13003	set:runeIcon.json image:rune_13003	1	5	3	0	0	0	0	坚盾Ⅲ	开局获得3点护盾	开局获得3点护盾
13101	4	31	1	RuneSetting_name_13101	RuneSetting_desc_13101	RuneSetting_attrdes_13101	RuneSetting_simple_des_13101	set:runeIcon.json image:rune_13101	1	1	2	0	0	101052	100	挖掘Ⅰ	挖掘速度提升2%	挖掘速度提升2%
13102	4	31	2	RuneSetting_name_13102	RuneSetting_desc_13102	RuneSetting_attrdes_13102	RuneSetting_simple_des_13102	set:runeIcon.json image:rune_13102	1	2	4	0	0	101053	100	挖掘Ⅱ	挖掘速度提升4%	挖掘速度提升4%
13103	4	31	3	RuneSetting_name_13103	RuneSetting_desc_13103	RuneSetting_attrdes_13103	RuneSetting_simple_des_13103	set:runeIcon.json image:rune_13103	1	5	6	0	0	0	0	挖掘Ⅲ	挖掘速度提升6%	挖掘速度提升6%
13201	2	32	1	RuneSetting_name_13201	RuneSetting_desc_13201	RuneSetting_attrdes_13201	RuneSetting_simple_des_13201	set:runeIcon_1.json image:rune_13201	1	1	2	0	0	101054	100	反伤Ⅰ	反伤2%	
13202	2	32	2	RuneSetting_name_13202	RuneSetting_desc_13202	RuneSetting_attrdes_13202	RuneSetting_simple_des_13202	set:runeIcon_1.json image:rune_13202	1	2	3	0	0	101055	100	反伤Ⅱ	反伤3%	
13203	2	32	3	RuneSetting_name_13203	RuneSetting_desc_13203	RuneSetting_attrdes_13203	RuneSetting_simple_des_13203	set:runeIcon_1.json image:rune_13203	1	5	4	0	0	0	0	反伤Ⅲ	反伤4%	
13301	2	33	1	RuneSetting_name_13301	RuneSetting_desc_13301	RuneSetting_attrdes_13301	RuneSetting_simple_des_13301	set:runeIcon_1.json image:rune_13301	1	1	1	0	0	101056	100	喷墨Ⅰ	1%概率墨汁，持续2s	
13302	2	33	2	RuneSetting_name_13302	RuneSetting_desc_13302	RuneSetting_attrdes_13302	RuneSetting_simple_des_13302	set:runeIcon_1.json image:rune_13302	1	2	2	0	0	101057	100	喷墨Ⅱ	2%概率墨汁，持续2s	
13303	2	33	3	RuneSetting_name_13303	RuneSetting_desc_13303	RuneSetting_attrdes_13303	RuneSetting_simple_des_13303	set:runeIcon_1.json image:rune_13303	1	5	3	0	0	0	0	喷墨Ⅲ	3%概率墨汁，持续2s	
13401	1	34	1	RuneSetting_name_13401	RuneSetting_desc_13401	RuneSetting_attrdes_13401	RuneSetting_simple_des_13401	set:runeIcon_1.json image:rune_13401	1	1	0.2	0	0	101058	100	破釜Ⅰ	全套皮甲时加0.2攻	
13402	1	34	2	RuneSetting_name_13402	RuneSetting_desc_13402	RuneSetting_attrdes_13402	RuneSetting_simple_des_13402	set:runeIcon_1.json image:rune_13402	1	2	0.3	0	0	101059	100	破釜Ⅱ	全套皮甲时加0.3攻	
13403	1	34	3	RuneSetting_name_13403	RuneSetting_desc_13403	RuneSetting_attrdes_13403	RuneSetting_simple_des_13403	set:runeIcon_1.json image:rune_13403	1	5	0.4	0	0	0	0	破釜Ⅲ	全套皮甲时加0.4攻	
20101	1	1	1	RuneSetting_name_10101	RuneSetting_des_10101	RuneSetting_attrdes_10101	RuneSetting_simple_des_10101	set:bedwar_license_reward.json image:rune_20101	-1	0	0.15	0	0	0	0	剑刃Ⅰ	剑伤害+0.15	剑伤害+0.15
20102	1	1	2	RuneSetting_name_10102	RuneSetting_des_10102	RuneSetting_attrdes_10102	RuneSetting_simple_des_10102	set:runeIcon.json image:rune_10102	-1	0	0.19	0	0	0	0	剑刃Ⅱ	剑伤害+0.19	剑伤害+0.19
20103	1	1	3	RuneSetting_name_10103	RuneSetting_des_10103	RuneSetting_attrdes_10103	RuneSetting_simple_des_10103	set:runeIcon.json image:rune_10103	-1	0	0.25	0	0	0	0	剑刃Ⅲ	剑伤害+0.25	剑伤害+0.25
20201	1	2	1	RuneSetting_name_10201	RuneSetting_des_10201	RuneSetting_attrdes_10201	RuneSetting_simple_des_10201	set:runeIcon.json image:rune_10201	-1	0	0.15	0	0	0	0	弓箭Ⅰ	弓箭伤害+0.15	弓箭伤害+0.15
20202	1	2	2	RuneSetting_name_10202	RuneSetting_des_10202	RuneSetting_attrdes_10202	RuneSetting_simple_des_10202	set:runeIcon.json image:rune_10202	-1	0	0.19	0	0	0	0	弓箭Ⅱ	弓箭伤害+0.19	弓箭伤害+0.19
20203	1	2	3	RuneSetting_name_10203	RuneSetting_des_10203	RuneSetting_attrdes_10203	RuneSetting_simple_des_10203	set:runeIcon.json image:rune_10203	-1	0	0.25	0	0	0	0	弓箭Ⅲ	弓箭伤害+0.25	弓箭伤害+0.25
20301	1	3	1	RuneSetting_name_10301	RuneSetting_des_10301	RuneSetting_attrdes_10301	RuneSetting_simple_des_10301	set:runeIcon.json image:rune_10301	-1	0	0.08	0	0	0	0	击退Ⅰ	击退距离+0.08	击退距离+0.08
20302	1	3	2	RuneSetting_name_10302	RuneSetting_des_10302	RuneSetting_attrdes_10302	RuneSetting_simple_des_10302	set:runeIcon.json image:rune_10302	-1	0	0.12	0	0	0	0	击退Ⅱ	击退距离+0.12	击退距离+0.12
20303	1	3	3	RuneSetting_name_10303	RuneSetting_des_10303	RuneSetting_attrdes_10303	RuneSetting_simple_des_10303	set:runeIcon.json image:rune_10303	-1	0	0.16	0	0	0	0	击退Ⅲ	击退距离+0.16	击退距离+0.16
20401	1	4	1	RuneSetting_name_10401	RuneSetting_des_10401	RuneSetting_attrdes_10401	RuneSetting_simple_des_10401	set:runeIcon.json image:rune_10401	-1	0	1.9	0	0	0	0	吸血Ⅰ	吸血1.9%	吸血1.9%
20402	1	4	2	RuneSetting_name_10402	RuneSetting_des_10402	RuneSetting_attrdes_10402	RuneSetting_simple_des_10402	set:treasure_runeIcon.json image:runeIcon_1	-1	0	2.6	0	0	0	0	吸血Ⅱ	吸血2.6%	吸血2.6%
20403	1	4	3	RuneSetting_name_10403	RuneSetting_des_10403	RuneSetting_attrdes_10403	RuneSetting_simple_des_10403	set:runeIcon.json image:rune_10403	-1	0	3.5	0	0	0	0	吸血Ⅲ	吸血3.5%	吸血3.5%
20501	1	5	1	RuneSetting_name_10501	RuneSetting_des_10501	RuneSetting_attrdes_10501	RuneSetting_simple_des_10501	set:runeIcon.json image:rune_10501	-1	0	2.2	0	0	0	0	暴击Ⅰ	暴击几率+2.2%	暴击几率+2.2%
20502	1	5	2	RuneSetting_name_10502	RuneSetting_des_10502	RuneSetting_attrdes_10502	RuneSetting_simple_des_10502	set:runeIcon.json image:rune_10502	-1	0	2.8	0	0	0	0	暴击Ⅱ	暴击几率+2.8%	暴击几率+2.8%
20503	1	5	3	RuneSetting_name_10503	RuneSetting_des_10503	RuneSetting_attrdes_10503	RuneSetting_simple_des_10503	set:runeIcon.json image:rune_10503	-1	0	3.5	0	0	0	0	暴击Ⅲ	暴击几率+3.5%	暴击几率+3.5%
20601	1	6	1	RuneSetting_name_10601	RuneSetting_des_10601	RuneSetting_attrdes_10601	RuneSetting_simple_des_10601	set:runeIcon.json image:rune_10601	-1	0	2.5	0	0	0	0	火剑Ⅰ	剑攻击2.5%燃烧敌人	剑攻击2.5%燃烧敌人
20602	1	6	2	RuneSetting_name_10602	RuneSetting_des_10602	RuneSetting_attrdes_10602	RuneSetting_simple_des_10602	set:runeIcon.json image:rune_10602	-1	0	3.1	0	0	0	0	火剑Ⅱ	剑攻击3.1%燃烧敌人	剑攻击3.1%燃烧敌人
20603	1	6	3	RuneSetting_name_10603	RuneSetting_des_10603	RuneSetting_attrdes_10603	RuneSetting_simple_des_10603	set:runeIcon.json image:rune_10603	-1	0	4.3	0	0	0	0	火剑Ⅲ	剑攻击4.3%燃烧敌人	剑攻击4.3%燃烧敌人
20701	2	7	1	RuneSetting_name_10701	RuneSetting_des_10701	RuneSetting_attrdes_10701	RuneSetting_simple_des_10701	set:runeIcon.json image:rune_10701	-1	0	0.3	0	0	0	0	强壮Ⅰ	最大生命值+0.3	最大生命值+0.3
20702	2	7	2	RuneSetting_name_10702	RuneSetting_des_10702	RuneSetting_attrdes_10702	RuneSetting_simple_des_10702	set:treasure_runeIcon.json image:runeIcon_2	-1	0	0.5	0	0	0	0	强壮Ⅱ	最大生命值+0.5	最大生命值+0.5
20703	2	7	3	RuneSetting_name_10703	RuneSetting_des_10703	RuneSetting_attrdes_10703	RuneSetting_simple_des_10703	set:runeIcon.json image:rune_10703	-1	0	0.7	0	0	0	0	强壮Ⅲ	最大生命值+0.7	最大生命值+0.7
20801	2	8	1	RuneSetting_name_10801	RuneSetting_des_10801	RuneSetting_attrdes_10801	RuneSetting_simple_des_10801	set:runeIcon.json image:rune_10801	-1	0	0.15	0	0	0	0	恢复Ⅰ	生命恢复+0.15/5秒	生命恢复+0.15/5秒
20802	2	8	2	RuneSetting_name_10802	RuneSetting_des_10802	RuneSetting_attrdes_10802	RuneSetting_simple_des_10802	set:runeIcon.json image:rune_10802	-1	0	0.2	0	0	0	0	恢复Ⅱ	生命恢复+0.2/5秒	生命恢复+0.2/5秒
20803	2	8	3	RuneSetting_name_10803	RuneSetting_des_10803	RuneSetting_attrdes_10803	RuneSetting_simple_des_10803	set:runeIcon.json image:rune_10803	-1	0	0.25	0	0	0	0	恢复Ⅲ	生命恢复+0.25/5秒	生命恢复+0.25/5秒
20901	2	9	1	RuneSetting_name_10901	RuneSetting_des_10901	RuneSetting_attrdes_10901	RuneSetting_simple_des_10901	set:runeIcon.json image:rune_10901	-1	0	1.5	0	0	0	0	保护Ⅰ	伤害减免+1.5%	伤害减免+1.5%
20902	2	9	2	RuneSetting_name_10902	RuneSetting_des_10902	RuneSetting_attrdes_10902	RuneSetting_simple_des_10902	set:runeIcon.json image:rune_10902	-1	0	2.5	0	0	0	0	保护Ⅱ	伤害减免+2.5%	伤害减免+2.5%
20903	2	9	3	RuneSetting_name_10903	RuneSetting_des_10903	RuneSetting_attrdes_10903	RuneSetting_simple_des_10903	set:runeIcon.json image:rune_10903	-1	0	3.5	0	0	0	0	保护Ⅲ	伤害减免+3.5%	伤害减免+3.5%
21001	2	10	1	RuneSetting_name_11001	RuneSetting_des_11001	RuneSetting_attrdes_11001	RuneSetting_simple_des_11001	set:runeIcon.json image:rune_11001	-1	0	0.06	0	0	0	0	壮大Ⅰ	每180秒增加0.06点最大生命值	每180秒增加0.06点最大生命值
21002	2	10	2	RuneSetting_name_11002	RuneSetting_des_11002	RuneSetting_attrdes_11002	RuneSetting_simple_des_11002	set:runeIcon.json image:rune_11002	-1	0	0.1	0	0	0	0	壮大Ⅱ	每180秒增加0.1点最大生命值	每180秒增加0.1点最大生命值
21003	2	10	3	RuneSetting_name_11003	RuneSetting_des_11003	RuneSetting_attrdes_11003	RuneSetting_simple_des_11003	set:runeIcon.json image:rune_11003	-1	0	0.14	0	0	0	0	壮大Ⅲ	每180秒增加0.14点最大生命值	每180秒增加0.14点最大生命值
21101	2	11	1	RuneSetting_name_11101	RuneSetting_des_11101	RuneSetting_attrdes_11101	RuneSetting_simple_des_11101	set:runeIcon.json image:rune_11101	-1	0	0.48	0	0	0	0	成长Ⅰ	前15分钟增加0.48点最大生命值	前15分钟增加0.48点最大生命值
21102	2	11	2	RuneSetting_name_11102	RuneSetting_des_11102	RuneSetting_attrdes_11102	RuneSetting_simple_des_11102	set:runeIcon.json image:rune_11102	-1	0	0.8	0	0	0	0	成长Ⅱ	前15分钟增加0.8点最大生命值	前15分钟增加0.8点最大生命值
21103	2	11	3	RuneSetting_name_11103	RuneSetting_des_11103	RuneSetting_attrdes_11103	RuneSetting_simple_des_11103	set:runeIcon.json image:rune_11103	-1	0	1.12	0	0	0	0	成长Ⅲ	前15分钟增加1.12点最大生命值	前15分钟增加1.12点最大生命值
21201	3	12	1	RuneSetting_name_11201	RuneSetting_des_11201	RuneSetting_attrdes_11201	RuneSetting_simple_des_11201	set:runeIcon.json image:rune_11201	-1	0	4	0	0	0	0	修罗Ⅰ	击杀4%概恢复20血量	击杀4%概恢复20血量
21202	3	12	2	RuneSetting_name_11202	RuneSetting_des_11202	RuneSetting_attrdes_11202	RuneSetting_simple_des_11202	set:runeIcon.json image:rune_11202	-1	0	5.5	0	0	0	0	修罗Ⅱ	击杀5.5%概恢复20血量	击杀5.5%概恢复20血量
21203	3	12	3	RuneSetting_name_11203	RuneSetting_des_11203	RuneSetting_attrdes_11203	RuneSetting_simple_des_11203	set:runeIcon.json image:rune_11203	-1	0	7	0	0	0	0	修罗Ⅲ	击杀7%概恢复20血量	击杀7%概恢复20血量
21301	3	13	1	RuneSetting_name_11301	RuneSetting_des_11301	RuneSetting_attrdes_11301	RuneSetting_simple_des_11301	set:runeIcon.json image:rune_11301	-1	0	4	0	0	0	0	丰收Ⅰ	击杀4%概率获5金锭	击杀4%概率获5金锭
21302	3	13	2	RuneSetting_name_11302	RuneSetting_des_11302	RuneSetting_attrdes_11302	RuneSetting_simple_des_11302	set:runeIcon.json image:rune_11302	-1	0	5.5	0	0	0	0	丰收Ⅱ	击杀5.5%概率获5金锭	击杀5.5%概率获5金锭
21303	3	13	3	RuneSetting_name_11303	RuneSetting_des_11303	RuneSetting_attrdes_11303	RuneSetting_simple_des_11303	set:runeIcon.json image:rune_11303	-1	0	7	0	0	0	0	丰收Ⅲ	击杀7%概率获5金锭	击杀7%概率获5金锭
21401	3	14	1	RuneSetting_name_11401	RuneSetting_des_11401	RuneSetting_attrdes_11401	RuneSetting_simple_des_11401	set:runeIcon.json image:rune_11401	-1	0	4	0	0	0	0	祝福Ⅰ	击杀4%概率获20铁锭	击杀4%概率获20铁锭
21402	3	14	2	RuneSetting_name_11402	RuneSetting_des_11402	RuneSetting_attrdes_11402	RuneSetting_simple_des_11402	set:runeIcon.json image:rune_11402	-1	0	5.5	0	0	0	0	祝福Ⅱ	击杀5.5%概率获20铁锭	击杀5.5%概率获20铁锭
21403	3	14	3	RuneSetting_name_11403	RuneSetting_des_11403	RuneSetting_attrdes_11403	RuneSetting_simple_des_11403	set:runeIcon.json image:rune_11403	-1	0	7	0	0	0	0	祝福Ⅲ	击杀7%概率获20铁锭	击杀7%概率获20铁锭
21501	3	15	1	RuneSetting_name_11501	RuneSetting_des_11501	RuneSetting_attrdes_11501	RuneSetting_simple_des_11501	set:runeIcon.json image:rune_11501	-1	0	4	0	0	0	0	幸运Ⅰ	击杀4%概率获64羊毛	击杀4%概率获64羊毛
21502	3	15	2	RuneSetting_name_11502	RuneSetting_des_11502	RuneSetting_attrdes_11502	RuneSetting_simple_des_11502	set:runeIcon.json image:rune_11502	-1	0	5.5	0	0	0	0	幸运Ⅱ	击杀5.5%概率获64羊毛	击杀5.5%概率获64羊毛
21503	3	15	3	RuneSetting_name_11503	RuneSetting_des_11503	RuneSetting_attrdes_11503	RuneSetting_simple_des_11503	set:runeIcon.json image:rune_11503	-1	0	7	0	0	0	0	幸运Ⅲ	击杀7%概率获64羊毛	击杀7%概率获64羊毛
21601	3	16	1	RuneSetting_name_11601	RuneSetting_des_11601	RuneSetting_attrdes_11601	RuneSetting_simple_des_11601	set:runeIcon.json image:rune_11601	-1	0	0.25	0	0	0	0	复活Ⅰ	死亡减复活时间0.25秒	死亡减复活时间0.25秒
21602	3	16	2	RuneSetting_name_11602	RuneSetting_des_11602	RuneSetting_attrdes_11602	RuneSetting_simple_des_11602	set:runeIcon.json image:rune_11602	-1	0	0.35	0	0	0	0	复活Ⅱ	死亡减复活时间0.35秒	死亡减复活时间0.35秒
21603	3	16	3	RuneSetting_name_11603	RuneSetting_des_11603	RuneSetting_attrdes_11603	RuneSetting_simple_des_11603	set:runeIcon.json image:rune_11603	-1	0	0.45	0	0	0	0	复活Ⅲ	死亡减复活时间0.45秒	死亡减复活时间0.45秒
21701	4	17	1	RuneSetting_name_11701	RuneSetting_des_11701	RuneSetting_attrdes_11701	RuneSetting_simple_des_11701	set:treasure_runeIcon.json image:runeIcon_2	-1	0	2	0	0	0	0	铁锭Ⅰ	开局铁锭+2	开局铁锭+2
21702	4	17	2	RuneSetting_name_11702	RuneSetting_des_11702	RuneSetting_attrdes_11702	RuneSetting_simple_des_11702	set:treasure_runeIcon.json image:runeIcon_3	-1	0	3	0	0	0	0	铁锭Ⅱ	开局铁锭+3	开局铁锭+3
21703	4	17	3	RuneSetting_name_11703	RuneSetting_des_11703	RuneSetting_attrdes_11703	RuneSetting_simple_des_11703	set:runeIcon.json image:rune_11703	-1	0	4	0	0	0	0	铁锭Ⅲ	开局铁锭+4	开局铁锭+4
21801	4	18	1	RuneSetting_name_11801	RuneSetting_des_11801	RuneSetting_attrdes_11801	RuneSetting_simple_des_11801	set:runeIcon.json image:rune_11801	-1	0	0.5	0	0	0	0	金锭Ⅰ	开局金锭+0.5	开局金锭+0.5
21802	4	18	2	RuneSetting_name_11802	RuneSetting_des_11802	RuneSetting_attrdes_11802	RuneSetting_simple_des_11802	set:runeIcon.json image:rune_11802	-1	0	1	0	0	0	0	金锭Ⅱ	开局金锭+1	开局金锭+1
21803	4	18	3	RuneSetting_name_11803	RuneSetting_des_11803	RuneSetting_attrdes_11803	RuneSetting_simple_des_11803	set:runeIcon.json image:rune_11803	-1	0	2	0	0	0	0	金锭Ⅲ	开局金锭+2	开局金锭+2
21901	4	19	1	RuneSetting_name_11901	RuneSetting_des_11901	RuneSetting_attrdes_11901	RuneSetting_simple_des_11901	set:runeIcon.json image:rune_11901	-1	0	4	0	0	0	0	羊毛Ⅰ	开局羊毛+4	开局羊毛+4
21902	4	19	2	RuneSetting_name_11902	RuneSetting_des_11902	RuneSetting_attrdes_11902	RuneSetting_simple_des_11902	set:runeIcon.json image:rune_11902	-1	0	6	0	0	0	0	羊毛Ⅱ	开局羊毛+6	开局羊毛+6
21903	4	19	3	RuneSetting_name_11903	RuneSetting_des_11903	RuneSetting_attrdes_11903	RuneSetting_simple_des_11903	set:runeIcon.json image:rune_11903	-1	0	9	0	0	0	0	羊毛Ⅲ	开局羊毛+9	开局羊毛+9
22001	4	20	1	RuneSetting_name_12001	RuneSetting_des_12001	RuneSetting_attrdes_12001	RuneSetting_simple_des_12001	set:runeIcon.json image:rune_12001	-1	0	1	1	0	0	0	木镐Ⅰ	开局木镐+1	开局木镐+1
22002	4	20	2	RuneSetting_name_12002	RuneSetting_des_12002	RuneSetting_attrdes_12002	RuneSetting_simple_des_12002	set:runeIcon.json image:rune_12002	-1	0	1	1	0	0	0	木镐Ⅱ	开局木镐+1	开局木镐+1
22003	4	20	3	RuneSetting_name_12003	RuneSetting_des_12003	RuneSetting_attrdes_12003	RuneSetting_simple_des_12003	set:runeIcon.json image:rune_12003	-1	0	1	1	0	0	0	木镐Ⅲ	开局木镐+1	开局木镐+1
22101	4	21	1	RuneSetting_name_12101	RuneSetting_des_12101	RuneSetting_attrdes_12101	RuneSetting_simple_des_12101	set:runeIcon.json image:rune_12101	-1	0	1	1	0	0	0	木斧Ⅰ	开局木斧+1	开局木斧+1
22102	4	21	2	RuneSetting_name_12102	RuneSetting_des_12102	RuneSetting_attrdes_12102	RuneSetting_simple_des_12102	set:runeIcon.json image:rune_12102	-1	0	1	1	0	0	0	木斧Ⅱ	开局木斧+1	开局木斧+1
22103	4	21	3	RuneSetting_name_12103	RuneSetting_des_12103	RuneSetting_attrdes_12103	RuneSetting_simple_des_12103	set:runeIcon.json image:rune_12103	-1	0	1	1	0	0	0	木斧Ⅲ	开局木斧+1	开局木斧+1
22201	4	22	1	RuneSetting_name_12201	RuneSetting_des_12201	RuneSetting_attrdes_12201	RuneSetting_simple_des_12201	set:runeIcon.json image:rune_12201	-1	0	1	1	0	0	0	剪刀Ⅰ	开局剪刀+1	开局剪刀+1
22202	4	22	2	RuneSetting_name_12202	RuneSetting_des_12202	RuneSetting_attrdes_12202	RuneSetting_simple_des_12202	set:runeIcon.json image:rune_12202	-1	0	1	1	0	0	0	剪刀Ⅱ	开局剪刀+1	开局剪刀+1
22203	4	22	3	RuneSetting_name_12203	RuneSetting_des_12203	RuneSetting_attrdes_12203	RuneSetting_simple_des_12203	set:runeIcon.json image:rune_12203	-1	0	1	1	0	0	0	剪刀Ⅲ	开局剪刀+1	开局剪刀+1
22301	4	23	1	RuneSetting_name_12301	RuneSetting_des_12301	RuneSetting_attrdes_12301	RuneSetting_simple_des_12301	set:runeIcon.json image:rune_12301	-1	0	1	0	0	0	0	铁墓Ⅰ	复活获得铁锭+1	复活获得铁锭+1
22302	4	23	2	RuneSetting_name_12302	RuneSetting_des_12302	RuneSetting_attrdes_12302	RuneSetting_simple_des_12302	set:runeIcon.json image:rune_12302	-1	0	2	0	0	0	0	铁墓Ⅱ	复活获得铁锭+2	复活获得铁锭+2
22303	4	23	3	RuneSetting_name_12303	RuneSetting_des_12303	RuneSetting_attrdes_12303	RuneSetting_simple_des_12303	set:runeIcon.json image:rune_12303	-1	0	3	0	0	0	0	铁墓Ⅲ	复活获得铁锭+3	复活获得铁锭+3
22401	4	24	1	RuneSetting_name_12401	RuneSetting_des_12401	RuneSetting_attrdes_12401	RuneSetting_simple_des_12401	set:runeIcon.json image:rune_12401	-1	0	0.25	0	0	0	0	金墓Ⅰ	复活获得金锭+0.25	复活获得金锭+0.25
22402	4	24	2	RuneSetting_name_12402	RuneSetting_des_12402	RuneSetting_attrdes_12402	RuneSetting_simple_des_12402	set:runeIcon.json image:rune_12402	-1	0	0.5	0	0	0	0	金墓Ⅱ	复活获得金锭+0.5	复活获得金锭+0.5
22403	4	24	3	RuneSetting_name_12403	RuneSetting_des_12403	RuneSetting_attrdes_12403	RuneSetting_simple_des_12403	set:runeIcon.json image:rune_12403	-1	0	1	0	0	0	0	金墓Ⅲ	复活获得金锭+1	复活获得金锭+1
22501	4	25	1	RuneSetting_name_12501	RuneSetting_des_12501	RuneSetting_attrdes_12501	RuneSetting_simple_des_12501	set:runeIcon.json image:rune_12501	-1	0	2	0	0	0	0	毛堆Ⅰ	复活获得羊毛+2	复活获得羊毛+2
22502	4	25	2	RuneSetting_name_12502	RuneSetting_des_12502	RuneSetting_attrdes_12502	RuneSetting_simple_des_12502	set:runeIcon.json image:rune_12502	-1	0	3	0	0	0	0	毛堆Ⅱ	复活获得羊毛+3	复活获得羊毛+3
22503	4	25	3	RuneSetting_name_12503	RuneSetting_des_12503	RuneSetting_attrdes_12503	RuneSetting_simple_des_12503	set:runeIcon.json image:rune_12503	-1	0	4	0	0	0	0	毛堆Ⅲ	复活获得羊毛+4	复活获得羊毛+4
22601	2	26#261	1	RuneSetting_name_12601	RuneSetting_des_all_12601	RuneSetting_attrdes_12601#RuneSetting_attrdes_126011	RuneSetting_simple_des_10901#RuneSetting_simple_des_126011	set:runeIcon.json image:rune_12601	-1	0	0.8#4	0#0	0#0	0	0	荆棘Ⅰ	伤害减免+0.8%	治疗效果降低4%
22602	2	26#261	2	RuneSetting_name_12602	RuneSetting_des_all_12602	RuneSetting_attrdes_12602#RuneSetting_attrdes_126021	RuneSetting_simple_des_10902#RuneSetting_simple_des_126021	set:runeIcon.json image:rune_12602	-1	0	1.3#5.5	0#0	0#0	0	0	荆棘Ⅱ	伤害减免+1.3%	治疗效果降低5.5%
22603	2	26#261	3	RuneSetting_name_12603	RuneSetting_des_all_12603	RuneSetting_attrdes_12603#RuneSetting_attrdes_126031	RuneSetting_simple_des_10903#RuneSetting_simple_des_126031	set:runeIcon.json image:rune_12603	-1	0	1.8#7	0#0	0#0	0	0	荆棘Ⅲ	伤害减免+1.8%	治疗效果降低7%
22701	1	27	1	RuneSetting_name_12701	RuneSetting_desc_12701	RuneSetting_attrdes_12701	RuneSetting_simple_des_12701	set:runeIcon.json image:rune_12701	-1	0	4	0	0	0	0	破甲Ⅰ	无视4%护甲	无视4%护甲
22702	1	27	2	RuneSetting_name_12702	RuneSetting_desc_12702	RuneSetting_attrdes_12702	RuneSetting_simple_des_12702	set:runeIcon.json image:rune_12702	-1	0	5	0	0	0	0	破甲Ⅱ	无视5%护甲	无视5%护甲
22703	1	27	3	RuneSetting_name_12703	RuneSetting_desc_12703	RuneSetting_attrdes_12703	RuneSetting_simple_des_12703	set:runeIcon.json image:rune_12703	-1	0	6	0	0	0	0	破甲Ⅲ	无视6%护甲	无视6%护甲
22801	3	28	1	RuneSetting_name_22801	RuneSetting_desc_22801	RuneSetting_attrdes_22801	RuneSetting_simple_des_22801	set:runeIcon.json image:rune_22801	-1	0	0.1	0	0.4	0	0	勇者Ⅰ	击杀一个人增加0.1生命值，最多0.4	击杀一个人增加0.1生命值，最多0.4
22802	3	28	2	RuneSetting_name_22802	RuneSetting_desc_22802	RuneSetting_attrdes_22802	RuneSetting_simple_des_22802	set:runeIcon.json image:rune_22802	-1	0	0.15	0	0.6	0	0	勇者Ⅱ	击杀一个人增加0.15生命值，最多0.6	击杀一个人增加0.15生命值，最多0.6
22803	3	28	3	RuneSetting_name_22803	RuneSetting_desc_22803	RuneSetting_attrdes_22803	RuneSetting_simple_des_22803	set:runeIcon.json image:rune_22803	-1	0	0.2	0	0.8	0	0	勇者Ⅲ	击杀一个人增加0.2生命值，最多0.8	击杀一个人增加0.2生命值，最多0.8
22901	3	29	1	RuneSetting_name_22901	RuneSetting_desc_22901	RuneSetting_attrdes_22901	RuneSetting_simple_des_22901	set:runeIcon.json image:rune_22901	-1	0	0.05	0	0.2	0	0	武神Ⅰ	击杀一个人增加0.05近战伤害，最多0.2	击杀一个人增加0.05近战伤害，最多0.2
22902	3	29	2	RuneSetting_name_22902	RuneSetting_desc_22902	RuneSetting_attrdes_22902	RuneSetting_simple_des_22902	set:runeIcon.json image:rune_22902	-1	0	0.06	0	0.3	0	0	武神Ⅱ	击杀一个人增加0.06近战伤害，最多0.3	击杀一个人增加0.06近战伤害，最多0.3
22903	3	29	3	RuneSetting_name_22903	RuneSetting_desc_22903	RuneSetting_attrdes_22903	RuneSetting_simple_des_22903	set:runeIcon.json image:rune_22903	-1	0	0.1	0	0.4	0	0	武神Ⅲ	击杀一个人增加0.1近战伤害，最多0.4	击杀一个人增加0.1近战伤害，最多0.4
23001	4	30	1	RuneSetting_name_23001	RuneSetting_desc_23001	RuneSetting_attrdes_23001	RuneSetting_simple_des_23001	set:runeIcon.json image:rune_23001	1	1	1	0	0	0	0	坚盾Ⅰ	开局获得1点护盾	开局获得1点护盾
23002	4	30	2	RuneSetting_name_23002	RuneSetting_desc_23002	RuneSetting_attrdes_23002	RuneSetting_simple_des_23002	set:runeIcon.json image:rune_23002	1	2	2	0	0	0	0	坚盾Ⅱ	开局获得2点护盾	开局获得2点护盾
23003	4	30	3	RuneSetting_name_23003	RuneSetting_desc_23003	RuneSetting_attrdes_23003	RuneSetting_simple_des_23003	set:runeIcon.json image:rune_23003	1	5	3	0	0	0	0	坚盾Ⅲ	开局获得3点护盾	开局获得3点护盾
23101	4	31	1	RuneSetting_name_23101	RuneSetting_desc_23101	RuneSetting_attrdes_23101	RuneSetting_simple_des_23101	set:runeIcon.json image:rune_23101	1	1	2	0	0	0	0	挖掘Ⅰ	挖掘速度提升2%	挖掘速度提升2%
23102	4	31	2	RuneSetting_name_23102	RuneSetting_desc_23102	RuneSetting_attrdes_23102	RuneSetting_simple_des_23102	set:runeIcon.json image:rune_23102	1	2	4	0	0	0	0	挖掘Ⅱ	挖掘速度提升4%	挖掘速度提升4%
23103	4	31	3	RuneSetting_name_23103	RuneSetting_desc_23103	RuneSetting_attrdes_23103	RuneSetting_simple_des_23103	set:runeIcon.json image:rune_23103	1	5	6	0	0	0	0	挖掘Ⅲ	挖掘速度提升6%	挖掘速度提升6%
