id	groupId	groupSeq	rewardId	num	image	level
活动ID	奖励组id	组内排序	奖励id	奖励数量	图片	所需等级
id	groupId	groupSeq	rewardId	num	image	level
1	2101	1	10101	200	set:game_activity_level_reward_item_1.json image:img_1_icon_key_1	1
2	2101	2	10101	200	set:game_activity_level_reward_item_1.json image:img_1_icon_key_1	2
3	2101	3	10101	200	set:game_activity_level_reward_item_1.json image:img_1_icon_key_1	4
4	2101	4	10101	300	set:game_activity_level_reward_item_1.json image:img_1_icon_key_2	6
5	2101	5	10101	300	set:game_activity_level_reward_item_1.json image:img_1_icon_key_2	8
6	2101	6	10101	400	set:game_activity_level_reward_item_1.json image:img_1_icon_key_2	10
7	2101	7	10101	500	set:game_activity_level_reward_item_1.json image:img_1_icon_key_3	12
8	2101	8	10101	500	set:game_activity_level_reward_item_1.json image:img_1_icon_key_3	14
9	2101	9	10101	800	set:game_activity_level_reward_item_1.json image:img_1_icon_key_4	16
10	2101	10	10101	800	set:game_activity_level_reward_item_1.json image:img_1_icon_key_4	18
11	2101	11	10101	800	set:game_activity_level_reward_item_1.json image:img_1_icon_key_4	20
12	2101	12	10101	1000	set:game_activity_level_reward_item_1.json image:img_1_icon_key_5	22
13	2101	13	10101	1000	set:game_activity_level_reward_item_1.json image:img_1_icon_key_5	24
14	2101	14	10101	1000	set:game_activity_level_reward_item_1.json image:img_1_icon_key_5	26
15	2101	15	10101	2000	set:game_activity_level_reward_item_1.json image:img_1_icon_key_6	28
16	2101	16	10101	2000	set:game_activity_level_reward_item_1.json image:img_1_icon_key_6	30
17	2102	1	10109	300	set:game_activity_level_reward_item_1.json image:icon_concise_2	1
18	2102	2	10109	200	set:game_activity_level_reward_item_1.json image:icon_concise_1	2
19	2102	3	10109	300	set:game_activity_level_reward_item_1.json image:icon_concise_2	3
20	2102	4	10109	200	set:game_activity_level_reward_item_1.json image:icon_concise_1	4
21	2102	5	10109	300	set:game_activity_level_reward_item_1.json image:icon_concise_2	5
22	2102	6	10109	200	set:game_activity_level_reward_item_1.json image:icon_concise_1	7
23	2102	7	10109	300	set:game_activity_level_reward_item_1.json image:icon_concise_2	9
24	2102	8	10109	200	set:game_activity_level_reward_item_1.json image:icon_concise_1	11
25	2102	9	10109	300	set:game_activity_level_reward_item_1.json image:icon_concise_2	13
26	2102	10	10109	200	set:game_activity_level_reward_item_1.json image:icon_concise_1	15
