ID	道具类型（1：道具；2：药水Buff ，3 ：自定义道具）	死亡复活是否重复作用	道具ID	道具meta	道具数量	道具附魔属性（ID1=LV1#ID2=LV2）	药水Buff（ID1=LV1=Time1#ID2=LV2=Time1）	增加的最大生命
id	type	isRepeat	itemId	itemMeta	itemNum	enchants	effects	extraHp
Advertisement_g1000_wooden.sword_1	1	0	268	0	1	#	#	#
Advertisement_g1000_leather.helmet_1	1	0	298	0	1	#	#	#
Advertisement_g1000_leather.chestplate_1	1	0	299	0	1	#	#	#
Advertisement_g1000_leather.leggings_1	1	0	300	0	1	#	#	#
Advertisement_g1000_leather.boots_1	1	0	301	0	1	#	#	#
Advertisement_g1002_golden.axe_1	1	0	286	0	1	#	#	#
Advertisement_g1000_chainmail.helmet_1	1	0	302	0	1	#	#	#
Advertisement_g1000_chainmail.chestplate_1	1	0	303	0	1	#	#	#
Advertisement_g1000_chainmail.leggings_1	1	0	304	0	1	#	#	#
Advertisement_g1000_chainmail.boots_1	1	0	305	0	1	#	#	#
Advertisement_g1000_silver.helmet_1	1	0	306	0	1	#	#	#
Advertisement_g1000_silver.close_1	1	0	307	0	1	#	#	#
Advertisement_g1000_silver.trousers_1	1	0	308	0	1	#	#	#
Advertisement_g1000_silver.shoe_1	1	0	309	0	1	#	#	#
