id	触发类型（符文数量：1，购买钥匙次数：2；装备符文的总等级：3）	参数			参数注释
id	type	param			
1	1	10403#less#2			符文id#匹配规则（大于：greater；小于等于：less）#比较的数量
2	1	10403#less#5			礼包等级（500档：1；1000档：2；2000档：3；5000档：4；），礼包等级多个“,“分割#数量。
3	1	10403#greater#2			
4	1	10403#greater#5			
5	1	10403#greater#2			
6	1	10403#greater#5			
7	1	10403#greater#2			
8	1	10403#greater#5			
9	1	10903#less#2			
10	1	10903#less#5			
11	1	12903#less#2			
12	1	12903#less#5			
13	1	11803#less#2			
14	1	11803#less#5			
15	2	6#1			
16	2	2#1			
17	2	3#1			
18	2	4#1			
19	2	4#2			
20	1	10403#greater#2			
21	3	less#40			
22	3	greater#40			
23	3	less#80
