礼包ID	商品id	价格	价值魔方	倍数图片后缀	奖励id	优先值	触发类型（符文1；宠物2；钥匙3；糖果不足4；点击糖果5；钥匙不足6；买钥匙失败7）	触发条件（对应）	限时	注释
id	goodId	price	GCube	ratePic	rewardIds	priority	triggerType	condition	time	
200011	game.inner.limitgift.200011	$ 9.99	3000	500%+	310021	8	1	1	86400	吸血<2
200012	game.inner.limitgift.200012	$ 4.99	1200	400%+	310017	7	1	2#20	86400	吸血<5
200013	game.inner.limitgift.200013	$ 9.99	3000	500%+	310022	6	1	3#9	86400	吸血>2,保护<2
200014	game.inner.limitgift.200014	$ 4.99	1200	400%+	310018	5	1	4#10	86400	吸血>5,保护<5
200015	game.inner.limitgift.200015	$ 9.99	3000	500%+	310023	4	1	5#11	86400	吸血>2,武神<2
200016	game.inner.limitgift.200016	$ 4.99	1200	400%+	310019	3	1	6#12	86400	吸血>5,武神<5
200017	game.inner.limitgift.200017	$ 9.99	3000	500%+	310024	2	1	7#13	86400	吸血>2,金锭<2
200018	game.inner.limitgift.200018	$ 4.99	1200	400%+	310020	1	1	8#14	86400	吸血>5,金锭<5
200019	game.inner.limitgift.200019	$ 9.99	3500	583%+	310025#310027	1	2	#	86400	买宠物弹出
200020	game.inner.limitgift.200020	$ 4.99	1000	333%+	300006	1	3	15	86400	买500档钥匙
200021	game.inner.limitgift.200021	$ 9.99	2000	333%+	300007	2	3	16	86400	买1000档钥匙
200022	game.inner.limitgift.200022	$ 24.99	5000	333%+	300008	3	3	17	86400	买2000档钥匙
200023	game.inner.limitgift.200023	$ 49.99	10000	333%+	310006	4	3	18	86400	买5000档钥匙
200024	game.inner.limitgift.200024	$ 99.99	20000	333%+	310007	5	3	19	86400	买2次5000档钥匙
200025	game.inner.limitgift.200025	$ 4.99	1900	500%+	310029#310028	1	4	#	86400	糖果不足时弹出
200026	game.inner.limitgift.200026	$ 4.99	1900	500%+	310029#310028	1	5	#	86400	点击获取糖果或者技能交换券时弹出
200027	game.inner.limitgift.200027	$ 4.99	3000	1000%+	310031	10	1	21	86400	获得2级以上符文，且符文等级低于40
200028	game.inner.limitgift.200028	$ 4.99	1800	600%+	310032#310033#310034	9	1	22#23	86400	获得2级以上符文，且符文等级高于40并低于80
200029	game.inner.limitgift.200029	$ 0.99	300	500%+	310030	1	6	#	86400	钥匙不足时弹出
200030	game.inner.limitgift.200030	$ 0.99	300	500%+	310030	1	7	#	86400	点开过钥匙商品但没成功交易
