Id	Frame	FrameEffect	Unnamed: 3	Unnamed: 4
标示	图片	特效	备注1	备注2
Id	Frame	FrameEffect		
0	#	#		大厅头像配置
108001	set:head_image.json image:g1008_profile_01	#	电玩小子	默认送的3个之一
108002	set:head_image.json image:g1008_profile_02	#	滑板	默认送的3个之一
108003	set:head_image.json image:g1008_profile_03	#	管理员	默认送的3个之一
108004	set:head_image.json image:g1008_profile_04	#	王子	
108005	set:head_image.json image:g1008_profile_05	#	公主	
108006	set:head_image.json image:g1008_profile_06	#	喷火龙	
108007	set:head_image.json image:g1008_profile_07	#	瓦尔基里	
108008	set:head_image.json image:g1008_profile_08	#	末影龙	
108009	set:head_image.json image:g1008_profile_09	#	怪人	22年12月幸运抽奖
108010	set:head_image.json image:g1008_profile_10	#	黑影	
108011	set:head_image.json image:g1008_profile_11	#	TNT	22年12月幸运抽奖活动
108012	set:head_image.json image:g1008_profile_12	#	烟花	
108013	set:head_image.json image:g1008_profile_13	#	床	23年1月矿工活动
108014	set:head_image.json image:g1008_profile_14	#	镐子	23年1月矿工活动
108015	set:head_image.json image:g1008_profile_15	#	床塌了	23年1月九尾狐幸运抽奖
108016	set:head_image.json image:g1008_profile_16	#	忍者	已上列表但未投放
108017	set:head_image.json image:g1008_profile_17	#	熊的力量	已上列表但未投放
108018	set:head_image.json image:g1008_profile_18	#	未来战士	45078
108019	set:head_image.json image:g1008_profile_19	#	士兵	已上列表但未投放
108020	set:head_image.json image:g1008_profile_20	#	恐惧	23年2月通行证赠送
108021	set:head_image.json image:g1008_profile_21	#	匪徒	未上列表
108022	set:head_image.json image:g1008_profile_22	#	雪人	未上列表
108023	set:head_image_2.json image:g1008_profile_23	#	彗星	45047
108024	set:head_image_2.json image:g1008_profile_24	#	元气少女	未上列表
108025	set:head_image.json image:g1008_profile_25	#	骇客	23年3月钥匙抽奖
108026	set:head_image.json image:g1008_profile_26	#	末日	未上列表
108027	set:head_image.json image:g1008_profile_27	#	黑影勇士	45078
108028	set:head_image.json image:g1008_profile_28	#	战争	23年3月钥匙抽奖
108029	set:head_image.json image:g1008_profile_29	#	科学怪人	未上列表
108030	set:head_image.json image:g1008_profile_30	#	阿尔法	未上列表
108031	set:head_image.json image:g1008_profile_31	#	士官长	未上列表
108032	set:head_image.json image:g1008_profile_32	#	圣堂骑士	未上列表
108033	set:head_image.json image:g1008_profile_33	#	科学家	未上列表
108034	set:head_image.json image:g1008_profile_34	#	金色闪电	未上列表
108035	set:head_image.json image:g1008_profile_35	#	万夫长	未上列表
108036	set:head_image.json image:g1008_profile_36	#	黄金黑影	未上列表
108037	set:head_image.json image:g1008_profile_37	#	虚空使者	未上列表
108038	set:head_image.json image:g1008_profile_38	#	死亡骑士	未上列表
108039	set:head_image.json image:g1008_profile_39	#	猎龙勇士	未上列表
108040	set:head_image.json image:g1008_profile_40	#	战争之王	未上列表
108041	set:head_image.json image:g1008_profile_41	#	黑影骑士	未上列表
108042	set:head_image.json image:g1008_profile_42	#	108042	season31
108043	set:head_image.json image:g1008_profile_43	#	108043	season32
108044	set:head_image.json image:g1008_profile_44	#	108044	season33
108045	set:head_image.json image:g1008_profile_45	#	猫女	season34
108046	set:head_image.json image:g1008_profile_46	#	死灵龙	season35
108047	set:head_image.json image:g1008_profile_47	#	星野爱	season35
108048	set:head_image.json image:g1008_profile_48	#	左轮宠物	season36
108049	set:head_image.json image:g1008_profile_49	#	黑崎一护	season36
108050	set:head_image.json image:g1008_profile_50	#	大天使	season36
108051	set:head_image.json image:g1008_profile_51	#	魔龙	season36
108052	set:head_image.json image:g1008_profile_52	#	刺客	season37
108053	set:head_image.json image:g1008_profile_53	#	烈焰马	season37
108054	set:head_image.json image:g1008_profile_54	#	龙狐	season37
108055	set:head_image.json image:g1008_profile_55	#	獠牙	season38
108056	set:head_image.json image:g1008_profile_56	#	火麒麟	season38
108057	set:head_image_2.json image:g1008_profile_57	#	机械兔子	season38
108058	set:head_image_2.json image:g1008_profile_58	#	宫庭骑士	season38
108059	set:head_image_2.json image:g1008_profile_59	#	宫庭骑士-铁	season38
108060	set:head_image_2.json image:g1008_profile_60	#	宫庭骑士-金	season38
108061	set:head_image_2.json image:g1008_profile_61	#	宫庭骑士-钻	season38
108062	set:head_image_2.json image:g1008_profile_62	#	吸血鬼头像	season39
108063	set:head_image_2.json image:g1008_profile_63	#	丧尸暴龙头像	season39
108068	set:head_image_2.json image:g1008_profile_68	#	凤凰头像	season40
108070	set:head_image_2.json image:g1008_profile_70	#	白虎头像	season40
108071	set:head_image_2.json image:g1008_profile_71	#	年兽头像	season42
108072	set:head_image_2.json image:g1008_profile_72	#	阿弥陀丸头像	season43
108073	set:head_image_2.json image:g1008_profile_73	#	小丑头像	season43
108074	set:head_image_2.json image:g1008_profile_74	#	闪电猫头像	season45
108075	set:head_image_2.json image:g1008_profile_75	#	鲤鱼龙头像	season46
108076	set:head_image_2.json image:g1008_profile_76	#	骷髅法师头像	season47
