Id	CoinId	IsFree	Price	RewardId	GetWayDesc	Rank	Unnamed: 5
标示	价格类型（魔方1或钥匙5,非卖品#）	免费送	价格	对应奖励ID	获取途径描述	排序值	
Id	CoinId	IsFree	Price	RewardId	GetWayDesc	Rank	
0	#	1	#	108000	#	1	
108001	#	1	#	108001	#	2	默认头像
108002	#	1	#	108002	#	3	
108003	#	1	#	108003	#	4	
108004	#	0	#	108004	get.by.activity	7	
108005	#	0	#	108005	get.by.activity	8	
108006	#	0	#	108006	get.by.activity	9	
108007	#	0	#	108007	get.by.activity	10	
108008	#	0	#	108008	get.by.activity	11	
108009	#	0	#	108009	get.by.activity	12	
108010	#	0	#	108010	get.by.activity	13	
108011	#	0	#	108011	get.by.activity	16	
108012	#	0	#	108012	get.by.activity	5	
108013	#	0	#	108013	get.by.activity	6	
108014	#	0	#	108014	get.by.activity	14	
108015	#	0	#	108015	get.by.activity	15	
108016	#	0	#	108016	get.by.activity	17	
108017	#	0	#	108017	get.by.activity	18	
108018	#	0	#	108018	get.by.activity	19	
108019	#	0	#	108019	get.by.activity	20	
108020	#	0	#	108020	get.by.activity	21	
108023	#	0	#	108023	get.by.activity	45	
108024	#	0	#	108024	get.by.activity	47	
108025	#	0	#	108025	get.by.activity	25	
108026	#	0	#	108026	get.by.activity	26	
108027	#	0	#	108027	get.by.activity	27	
108028	#	0	#	108028	get.by.activity	28	
108029	#	0	#	108029	get.by.activity	29	
108030	#	0	#	108030	get.by.activity	30	
108031	#	0	#	108031	get.by.activity	31	
108033	#	0	#	108033	get.by.activity	33	
108042	#	0	#	108042	get.by.license	42	
108043	#	0	#	108043	get.by.license	43	
108044	#	0	#	108044	get.by.license	44	
108045	#	0	#	108045	get.by.license	45	
108046	#	0	#	108046	get.by.license	46	
108047	#	0	#	108047	get.by.activity	47	
108048	#	0	#	108048	get.by.activity	48	
108049	#	0	#	108049	get.by.activity	49	
108050	#	0	#	108050	get.by.activity	50	
108051	#	0	#	108051	get.by.activity	51	
108052	#	0	#	108052	get.by.activity	52	
108053	#	0	#	108053	get.by.activity	53	
108054	#	0	#	108054	get.by.activity	54	
108055	#	0	#	108055	get.by.activity	55	
108056	#	0	#	108056	get.by.license	56	
108057	#	0	#	108057	get.by.activity	57	
108058	#	0	#	108058	get.by.activity	58	
108059	#	0	#	108059	get.by.activity	59	
108060	#	0	#	108060	get.by.activity	60	
108061	#	0	#	108061	get.by.activity	61	
108062	#	0	#	108062	get.by.activity	62	
108063	#	0	#	108063	get.by.activity	63	
108068	#	0	#	108068	get.by.activity	64	
108070	#	0	#	108070	get.by.activity	65	
108071	#	0	#	108071	get.by.license	66	
108072	#	0	#	108072	get.by.license	67	
108073	#	0	#	108073	get.by.license	68	
108074	#	0	#	108074	get.by.license	69	
108075	#	0	#	108075	get.by.license	70	
108076	#	0	#	108076	get.by.license	71	
