{
  "actionList": [ {
    "actionType": "Trigger",
    "durationTick": 0,
    "index": 1,
    "searchData": {
      "searchType": "airAttackLockPlayer"
    },
    "sourceConfigData": {
      "configName": "air_attack",
      "delayShoot": 0,
      "extraRandomPosOffset": {
        "x": 0,
        "y": 0,
        "z": 0
      },
      "playWarning": {
        "effectScale": 1,
        "innerEffectName": "g1008_pve_attack_circle_02.effect",
        "outEffectName": "g1008_pve_attack_circle_01.effect",
        "warningTime": 20
      },
      "soundData": {
        "soundId": 0,
        "soundType": "2d"
      },
      "sourceConfigType": "throwable",
      "startPosOffset": {
        "x": 0,
        "y": 20,
        "z": 0
      },
      "throwableDirData": {
        "dirType": "dynamicPos"
      }
    },
    "startTick": 1,
    "timelineName": "air_attack_track_explosion",
    "triggerData": {
      "triggerType": "once"
    }
  } ],
  "endTick": 1
}