TipType	TipTemplateId	Notice	TipTemplateId.1	zh_CN	en_US	ru_RU	de_DE	es_ES	pt_PT	vi_VN	in_ID	pl_PL	tr_TR	fr_FR	ja_JP	ko_KR	it_IT	th_TH
枚举类型	模板说明	备注	模板说明	中文	英文	俄语	德语	西语	葡萄牙语	越南语	印尼语	波兰	土耳其	法语	日语	韩语	意大利语	泰语
1048001	GameName	游戏名称	GameName	空岛生存主岛	SkyBlock	SkyBlock	SkyBlock	SkyBlock	SkyBlock	SkyBlock	SkyBlock	SkyBlock	SkyBlock	SkyBlock	SkyBlock	SkyBlock	SkyBlock	SkyBlock
1048002	msgBlockPlaceTip	禁止放方块	msgBlockPlaceTip	▢FF00FF00此区域禁止放方块	▢FF00FF00 Cannot place blocks in this area	▢FF00FF00 Нельзя размещать блоки в этой области	▢FF00FF00Block kann hier nicht platziert werden	▢FF00FF00No se pueden colocar bloques en esta área.	▢FF00FF00 Não é possível colocar blocos nesta área	▢FF00FF00 Không thể đặt khối tại đây	▢FF00FF00 Block tidak diizinkan di area ini	▢FF00FF00Nie można tutaj umieścić bloku	▢FF00FF00Buraya blok yerleştiremiyorum	▢FF00FF00Impossible de placer le bloc ici	▢FF00FF00ここにブロックを配置できません	▢FF00FF00여기에 블록을 배치 할 수 없습니다	▢FF00FF00Non riesco a posizionare il blocco qui	▢FF00FF00 ไม่สามารถวางบล็อกในพื้นที่นี้ได้
1048003	msgExtendAreaTip	扩建成功	msgExtendAreaTip	▢FFFFFFFF恭喜您，扩建成功！	▢FFFFFFFF Congratulations, the expansion was successful!	▢FFFFFFFF Поздравляем, расширение прошло успешно!	▢FFFFFFFFHerzlichen Glückwunsch, erweitern Sie erfolgreich	▢FFFFFFFF¡Felicitaciones, la expansión fue un éxito!	▢FFFFFFFF Parabéns, a expansão foi concluída!	▢FFFFFFFF Chúc mừng, mở rộng thành công!	▢FFFFFFFF Selamat, ekspansi berhasil!	▢FFFFFFFFGratulacje, pomyślnie się rozwijaj	▢FFFFFFFFTebrikler, başarıyla genişletin	▢FFFFFFFFFélicitations, développez avec succès	▢FFFFFFFFおめでとう、正常に拡張	▢FFFFFFFF축하합니다, 성공적으로 확장되었습니다	▢FFFFFFFFCongratulazioni, espandi con successo	▢FFFFFFFF ยินดีด้วย การขยายพื้นที่สำเร็จ!
1048004	msgNotEnoughMoneyTip	货币不足	msgNotEnoughMoneyTip	▢FF00FF00对不起，金钱不足！	▢FF00FF00 Sorry, insufficient money!	▢FF00FF00 Извините, недостаточно денег!	▢FF00FF00Sorry, du hast nicht genug Geld	▢FF00FF00¡Monedas insuficientes!	▢FF00FF00 Dinheiro insuficiente.	▢FF00FF00 Xin lỗi, chưa đủ tiền!	▢FF00FF00 Maaf, uang tidak cukup!	▢FF00FF00Niestety nie masz wystarczającej ilości pieniędzy	▢FF00FF00Üzgünüm, yeterli paranız yok	▢FF00FF00Désolé, tu n'as pas assez d'argent	▢FF00FF00すみません、お金が足りません	▢FF00FF00죄송합니다. 돈이 충분하지 않습니다	▢FF00FF00Scusa, non hai abbastanza soldi	▢FF00FF00 ขออภัย เงินไม่เพียงพอ!
1048005	msgIsUsingFurnace	熔炉正在使用中	msgIsUsingFurnace	▢FF00FF00熔炉正在使用中	▢FF00FF00 The furnace is in use!	▢FF00FF00 Печь используется!	▢FF00FF00Furnace wird jetzt verwendet	▢FF00FF00¡El horno está en uso!	▢FF00FF00 A fornalha está em uso.	▢FF00FF00 Lò đang sử dụng!	▢FF00FF00 Perapian sedang digunakan!	▢FF00FF00Obecnie używany jest piec	▢FF00FF00Fırın şimdi kullanılıyor	▢FF00FF00Le four est maintenant utilisé	▢FF00FF00炉は現在使用されています	▢FF00FF00용광로가 사용되고 있습니다	▢FF00FF00La fornace è ora in uso	▢FF00FF00 ใช้งานเตาหลอมอยู่!
1048006	msgForbidSetHome	设家失败，请在安全区域操作	msgForbidSetHome	▢FFFF0000设家失败，请在安全区域操作	▢FF00FF00 Failed to set up home, please try again in a safe area	▢FF00FF00 Не удалось изменить дом. Повторите попытку в безопасном месте	▢FFFF0000Einrichtung eines Hauses fehlgeschlagen, bitte im sicheren Bereich betreiben	▢FF00FF00No es posible modificar el hogar. Inténtalo de nuevo en otra área.	▢FF00FF00 Falha ao configurar casa. Tente novamente em uma área segura.	▢FF00FF00 đặt thất bại, vui lòng thao tác trong khu an toàn	▢FF00FF00 Gagal mengatur rumah, harap operasikan di area yang aman	▢FFFF0000Konfiguracja domu nie powiodła się, proszę działać w bezpiecznym obszarze	▢FFFF0000Ev kurma başarısız oldu, lütfen güvenli bir alanda çalışın	▢FFFF0000La configuration de la maison a échoué, veuillez opérer dans la zone de sécurité	▢FFFF0000家のセットアップに失敗しました。安全な場所で操作してください	▢FFFF0000집을 세우지 못했습니다. 안전 지역에서 작동하십시오	▢FFFF0000Installazione di una casa fallita, si prega di operare nell'area sicura	▢FF00FF00 ล้มเหลวในการตั้งบ้าน โปรดลองใหม่อีกครั้งในพื้นที่ปลอดภัย!
1048007	msgCannotBackHome	回家失败，请在安全区域操作	msgCannotBackHome	▢FFFF0000回家失败，请在安全区域操作	▢FFFF0000 Failed to return home, please try again in a safe area	▢FFFF0000 Не удалось вернуться домой, повторите попытку в безопасном месте	▢FFFF0000Kann nicht nach Hause gehen, bitte in einem sicheren Bereich arbeiten	▢FFFF0000No es posible regresar al hogar. Inténtalo de nuevo en otra área.	▢FFFF0000 Falha ao voltar para casa. Tente novamente em uma área segura.	▢FFFF0000 Failed to return home, please try again in a safe area	▢FFFF0000 Gagal kembali ke rumah, harap operasikan di area yang aman	▢FFFF0000Nie udało się wrócić do domu, proszę działać w bezpiecznym miejscu	▢FFFF0000Eve gidemedi, lütfen güvenli bir alanda çalışın	▢FFFF0000Échec de rentrer à la maison, veuillez travailler dans une zone sûre	▢FFFF0000帰宅できませんでした。安全な場所で操作してください	▢FFFF0000집에 가지 못했습니다. 안전한 지역에서 작동하십시오	▢FFFF0000Impossibile andare a casa, si prega di operare in un'area sicura	▢FFFF0000 คืนบ้านล้มเหลว โปรดลองอีกครั้งในพื้นที่ปลอดภัย
1048008	msgCannotOperatorVistor	访问者不能操作	msgCannotOperatorVistor	▢FFFF0000访问者不能操作	▢FFFF0000 Operation not allowed for visitors	▢FFFF0000 Операция запрещена для посетителей	▢FFFF0000Besucher haben keine Berechtigung dazu	▢FFFF0000Operación no permitida para invitados.	▢FFFF0000 Operação não permitida para visitantes.	▢FFFF0000 Khách không thể thao tác	▢FFFF0000 Operasi tidak diizinkan untuk pengunjung	▢FFFF0000Odwiedzający nie mają na to pozwolenia	▢FFFF0000Ziyaretçiler bunu yapma iznine sahip değil	▢FFFF0000Les visiteurs n'ont pas la permission de le faire	▢FFFF0000訪問者にはこれを行う権限がありません	▢FFFF0000방문자는이 작업을 수행 할 권한이 없습니다	▢FFFF0000I visitatori non hanno il permesso di farlo	▢FFFF0000 ผู้เยี่ยมชมไม่สามารถดำเนินการได้
1048010	msgSetHomeSuccess	设家成功	msgSetHomeSuccess	▢FFFF0000设家成功	▢FFFF0000 Home setup successfully	▢FFFF0000 Изменение дома успешно завершено	▢FFFF0000Setzen des Startpunkts erfolgreich	▢FFFF0000¡Modificación exitosa!	▢FFFF0000 Casa configurada com sucesso.	▢FFFF0000 Cài đặt nhà thành công	▢FFFF0000 Pengaturan rumah berhasil	▢FFFF0000Pomyślnie skonfigurowano punkt początkowy	▢FFFF0000Başlama noktasını başarıyla ayarlama	▢FFFF0000Configuration du point de départ avec succès	▢FFFF0000開始点を正常に設定しました	▢FFFF0000시작점 설정 성공	▢FFFF0000Impostazione del punto iniziale corretta	▢FFFF0000 การตั้งบ้านสำเร็จ
1048011	msgBackHomeSuccess	回家成功	msgBackHomeSuccess	▢FFFF0000回家成功	▢FFFF0000 Returned home successfully	▢FFFF0000 успешно вернулся домой	▢FFFF0000Sie sind bereits nach Hause zurückgekehrt	▢FFFF0000¡Regreso exitoso!	▢FFFF0000 Voltou para casa com sucesso.	▢FFFF0000 Về nhà thành công	▢FFFF0000 Berhasil kembali ke rumah	▢FFFF0000Wróciłeś już do domu	▢FFFF0000Çoktan eve döndün	▢FFFF0000Vous êtes déjà rentré chez vous	▢FFFF0000あなたはすでに家に帰りました	▢FFFF0000이미 집으로 돌아 왔습니다	▢FFFF0000Sei già tornato a casa	▢FFFF0000 คืนบ้านสำเร็จ
1048012	msgSetHomeFailed	浮空岛禁止设家	msgSetHomeFailed	▢FFFF0000你必须回家才能使用这个功能！	▢FFFF0000 You have to go home to use this feature!	▢FFFF0000 Чтобы использовать эту функцию, вам нужно вернуться домой!	▢FFFF0000Sie müssen nach Hause gehen, um diese Funktion zu nutzen!	▢FFFF0000¡Visita tu hogar para usar esta función!	▢FFFF0000 Você deve ir para casa para usar este recurso.	▢FFFF0000 Bạn cần về nhà để dùng tính năng này!	▢FFFF0000 Kamu herus ke rumah untuk menggunakan fitur ini!	▢FFFF0000Musisz skorzystać z tej funkcji w domu!	▢FFFF0000Bu özelliği kullanmak için eve gitmelisin!	▢FFFF0000Vous devez rentrer à la maison pour utiliser cette fonctionnalité!	▢FFFF0000この機能を使用するには家に帰らなければなりません！	▢FFFF0000이 기능을 사용하려면 집에 가야합니다!	▢FFFF0000Devi andare a casa per usare questa funzione!	▢FFFF0000 คุณต้องกลับบบ้านก่อนจึงจะใช้ฟีเจอร์นี้ได้!
1048013	msgBoxLimit	箱子数量限制	msgBoxLimit	▢FFFF0000箱子数量已达<70个>上限！	▢FFFF0000The number of chests has reached the upper limit of 70!	▢FFFF0000Количество сундуков достигло верхнего предела в 70!	▢FFFF0000Die Anzahl der Truhen hat die Obergrenze von 70 erreicht!	▢FFFF0000¡El número de cofres ha alcanzado el límite superior de 70!	▢FFFF0000O número de baús atingiu o limite máximo de 70!	▢FFFF0000Số lượng rương đã đạt đến giới hạn trên là 70!	▢FFFF0000Jumlah peti telah mencapai batas atas 70!	▢FFFF0000Liczba skrzyń osiągnęła górny limit 70!	▢FFFF0000Sandık sayısı üst sınır olan 70'e ulaştı!	▢FFFF0000Le nombre de coffres a atteint la limite supérieure de 70 !	▢FFFF0000チェストの数が上限の70個に達しました！	▢FFFF0000상자 개수가 최대 70개에 도달했습니다!	▢FFFF0000Il numero di forzieri ha raggiunto il limite massimo di 70!	▢FFFF0000จำนวนหีบถึงขีดจำกัดสูงสุดที่ 70 แล้ว!
1048014	msgFurnaceLimit	熔炉数量限制	msgFurnaceLimit	▢FFFF0000熔炉数量已达<10个>上限！	▢FFFF0000The number of furnaces has reached the upper limit of 10!	▢FFFF0000Количество печей достигло верхнего предела в 10!	▢FFFF0000Die Anzahl der Öfen hat die Obergrenze von 10 erreicht!	▢FFFF0000¡El número de hornos ha alcanzado el límite superior de 10!	▢FFFF0000O número de fornos atingiu o limite superior de 10!	▢FFFF0000Số lượng lò đã đạt đến giới hạn trên là 10!	▢FFFF0000Jumlah tungku telah mencapai batas atas 10!	▢FFFF0000Liczba pieców osiągnęła górną granicę 10!	▢FFFF0000Fırın sayısı üst sınır olan 10'a ulaştı!	▢FFFF0000Le nombre de fours a atteint la limite supérieure de 10 !	▢FFFF0000かまどが上限の10個に達しました！	▢FFFF0000로의 개수가 최대 10개에 도달했습니다!	▢FFFF0000Il numero di forni ha raggiunto il limite massimo di 10!	▢FFFF0000จำนวนเตาเผาถึงขีดจำกัดสูงสุดที่ 10 แล้ว!
1048015	msgSignPostTextLimit	留言板可编辑数量限制	msgSignPostTextLimit	▢FFFF0000最多可编辑▢FF00FF00%1s▢FFFF0000个留言板	▢FFFF0000 Up to ▢FF00FF00%1s▢FFFF0000 message boards can be edited	▢FFFF0000 Можно редактировать до ▢FF00FF00%1s▢FFFF0000 досок сообщений	▢FFFF0000Editierbare Mengenbegrenzung für das Message Board	▢FFFF0000Se pueden editar hasta ▢FF00FF00%1s▢FFFF0000 tablero(s) de mensaje.	▢FFFF0000 É possível editar no máximo ▢FF00FF00%1s▢FFFF0000 quadros de mensagens.	▢FFFF0000 Tối đa có thể viết ▢FF00FF00%1s▢FFFF0000 bảng thông báo	▢FFFF0000 hingga ▢FF00FF00%1s▢FFFF0000 papan pesan bisa diedit	▢FFFF0000Edytowalny limit ilościowy na tablicy dyskusyjnej	▢FFFF0000Mesaj panosu düzenlenebilir miktar sınırı	▢FFFF0000Limite de quantité modifiable sur le forum	▢FFFF0000メッセージボードの編集可能な数量制限	▢FFFF0000게시판 편집 가능 수량 제한	▢FFFF0000Limite di quantità modificabile in bacheca	▢FFFF0000 สามารถแก้ไขได้ถึง ▢FF00FF00%1s▢FFFF0000 กระดานข้อความ
1048016	msgTransmitting	传送中，请等待!	msgTransmitting	▢FFFF0000传送中，请等待!	▢FFFF0000 Teleportation is in progress, please wait!	▢FFFF0000 Идет телепортация, пожалуйста, подождите!	▢FFFF0000Senden, bitte warten!	▢FFFF0000Te estás teletransportando... ¡espera!	▢FFFF0000 Teletransporte em andamento, aguarde!	▢FFFF0000 Đang dịch chuyển, xin hãy đợi!	▢FFFF0000 Teleportasi sedang berlangsung, harap tunggu!	▢FFFF0000Wysyłanie, proszę czekać!	▢FFFF0000Gönderiliyor, lütfen bekleyin!	▢FFFF0000Envoi, veuillez patienter !	▢FFFF0000送信、お待ちください！	▢FFFF0000전송 중입니다. 잠시만 기다려 주십시오.	▢FFFF0000Invio, attendere!	▢FFFF0000 กำลังดำเนินการเทเลพอร์ต โปรดรอ!
1048017	msgGoToParty	岛主开启了派对，传送中...	msgGoToParty	▢FFFF0000岛主开启了派对，传送中…	▢FFFF0000 The island owner has started the party, teleportation in progress...	▢FFFF0000 Владелец острова начал вечеринку, идет телепортация...	▢FFFF0000Der Inselbesitzer hat eine Party gestartet und sich teleportiert...	▢FFFF0000¡El dueño de la isla comenzó una fiesta! Teletransportación en curso...	▢FFFF0000 O proprietário da ilha iniciou um grupo, teletransporte em andamento...	▢FFFF0000 Chủ đảo đã mở tiệc, đang dịch chuyển...	▢FFFF0000 Pemilik pulau telah memulai pesta, teleportasi sedang berlangsung...	▢FFFF0000Właściciel wyspy zaczął imprezę, teleportując się...	▢FFFF0000Ada sahibi bir parti başlattı, ışınlandı...	▢FFFF0000Le propriétaire de l'île a commencé une fête, se téléportant...	▢FFFF0000島の所有者はパーティーを始め、テレポートしました...	▢FFFF0000섬 주인은 파티를 열고 텔레포트...	▢FFFF0000Il proprietario dell'isola iniziò una festa, teletrasportandosi...	▢FFFF0000 เจ้าของเกาะได้สร้างปาร์ตี้ เริ่มการเทเลพอร์ต
1048018	msgEnlargeBlockPlaceTip	提示扩大岛屿	msgEnlargeBlockPlaceTip	▢FF00FF00请先扩大你的领地范围！	▢FF00FF00 Please expand your territory first!	▢FF00FF00 Пожалуйста, сначала расширьте свою территорию!	▢FF00FF00Tipps zum Ausbau der Insel	▢FF00FF00¡Primero expande tu territorio!	▢FFFF0000 Expanda seu território primeiro!	▢FF00FF00 Hãy mở rộng vùng đất của bạn trước!	▢FF00FF00 Perluas wilayahmu terlebih dahulu!	▢FF00FF00Wskazówki dotyczące rozbudowy wyspy	▢FF00FF00Adayı genişletmek için ipuçları	▢FF00FF00Conseils pour agrandir l'île	▢FF00FF00島を拡大するためのヒント	▢FF00FF00섬 확장을 위한 팁	▢FF00FF00Suggerimenti per espandere l'isola	▢FF00FF00 โปรดขยายเขตแดนของคุณก่อน!
1048019	msgNotEnlargeBlockPlaceTip	提示已经到达最大范围	msgNotEnlargeBlockPlaceTip	▢FF00FF00已到达最大边界！	▢FF00FF00 The maximum boundary has been reached!	▢FF00FF00 Достигнута максимальная граница!	▢FF00FF00Zeigt an, dass die maximale Reichweite erreicht wurde	▢FF00FF00¡Se alcanzó el límite máximo!	▢FFFF0000 O perímetro máximo foi atingido!	▢FF00FF00 Đã mở rộng hết mức!	▢FF00FF00 Batas maksimum telah tercapai!	▢FF00FF00Wskazuje, że osiągnięto maksymalny zasięg	▢FF00FF00Maksimum aralığa ulaşıldığını gösterir	▢FF00FF00Indique que la portée maximale a été atteinte	▢FF00FF00最大範囲に達したことを示します	▢FF00FF00최대 범위에 도달했음을 나타냅니다.	▢FF00FF00Indica che è stata raggiunta la portata massima	▢FF00FF00 ถึงขีดจำกัดสูงสุดแล้ว!
1048020	msgActorTextLimit	最多可放置 个装饰物 	msgActorTextLimit	▢FFFF0000最多可放置▢FF00FF00%1s▢FFFF0000个装饰物	▢FF00FF00 You can place a maximum of ▢FF00FF00%1s▢FFFF0000 decorations	▢FF00FF00 Вы можете разместить максимум ▢FF00FF00%1s▢FFFF0000 украшений	▢FF00FF00Sie können bis zu ▢FF00FF00%1s▢FFFF0000 Dekorationen platzieren	▢FF00FF00Puedes colocar un máximo de ▢FF00FF00%1s▢FFFF0000 decoraciones.	▢FFFF0000 É possível colocar no máximo ▢FF00FF00%1s▢FFFF0000 decorações.	▢FF00FF00 Tối đa có thể đặt ▢FF00FF00%1s▢FFFF0000 đồ trang trí	▢FF00FF00 Kamu dapat menempatkan maksimal ▢FF00FF00%1s▢FFFF0000 dekorasi	▢FFFF0000Możesz umieścić do ▢FF00FF00%1s▢FFFF0000 dekoracji	▢FFFF0000 en fazla ▢FF00FF00%1s▢FFFF0000 dekorasyon yerleştirebilir	▢FFFF0000Vous pouvez placer jusqu'à ▢FF00FF00%1s▢FFFF0000 décorations	▢FFFF0000最大00FF00FF00％1s▢FFFF0000の装飾を配置できます	▢FFFF0000최대 한도는 ▢FF00FF00%1s▢FFFF0000개 장식품 넣을 수 있다	▢FFFF0000È possibile posizionare fino a ▢FF00FF00%1s▢FFFF0000 decorazioni	▢FF00FF00 คุณสามารถวางของตกแต่งได้เต็มที่ ▢FF00FF00%1s▢FFFF0000 ชิ้น
