增益组	品质	图标	效果类型	描述	不允许重复装备	Unnamed: 16
id	quality	icon	imbueType	desc	noEquipSame	
101	1	set:pet_gift_icon.json image:g1008_pet_skill_icon_01	14	EnemyDistanceImbue_Desc	0	检测X范围内最近敌人的距离
102	3	set:pet_gift_icon.json image:g1008_pet_skill_icon_02	41	ParagliderImbue_Desc	0	滑翔伞 
103	1	set:pet_gift_icon.json image:g1008_pet_skill_icon_03	12	DigSpeedImbue_Desc	0	加快挖掘速度
104	3	set:pet_gift_icon.json image:g1008_pet_skill_icon_04	13	DoubleJumpImbue_Desc	1	可以二段跳
105	3	set:pet_gift_icon.json image:g1008_pet_skill_icon_05	17	ExtraFireBallImbue_Desc	1	使用火焰弹时，额外发射一颗火焰弹
106	3	set:pet_gift_icon.json image:g1008_pet_skill_icon_06	59	TranslucenceImbue_Desc	1	每隔X秒都可以进入半透明状态，持续Y秒
107	3	set:pet_gift_icon.json image:g1008_pet_skill_icon_07	18	ExtraSwordImbue_Desc	0	剑攻击敌人时，宠物有X%概率帮助攻击1下，造成少量伤害
108	3	set:pet_gift_icon.json image:g1008_pet_skill_icon_08	15	ExtraArrowImbue_Desc	0	发射弓箭时，宠物有X%概率额外发射一支箭，造成少量伤害
109	2	set:pet_gift_icon.json image:g1008_pet_skill_icon_09	47	PropEDImbue_Desc	0	道具增伤（火焰弹）
110	2	set:pet_gift_icon.json image:g1008_pet_skill_icon_10	47	PropEDImbue_Desc	0	道具增伤（伪装地雷）
111	2	set:pet_gift_icon.json image:g1008_pet_skill_icon_11	40	OutOfFightHealImbue_Desc	0	脱战回血
113	2	set:pet_gift_icon.json image:g1008_pet_skill_icon_13	22	GoldAppleShieldImbue_Desc	0	金苹果额外护盾
114	3	set:pet_gift_icon.json image:g1008_pet_skill_icon_14	21	GoldAppleImbue_Desc	1	生命低于50%时，免费触发金苹果
115	1	set:pet_gift_icon.json image:g1008_pet_skill_icon_16	25	InitShieldImbue_Desc	0	开局获得护盾
116	1	set:pet_gift_icon.json image:g1008_pet_skill_icon_18	4	BedAroundImbue_Desc	1	在我方床周围10米距离内获得伤害减免
117	1	set:pet_gift_icon.json image:g1008_pet_skill_icon_19	26	InvincibleTimeImbue_Desc	0	复活后的无敌时间增加
118	1	set:pet_gift_icon.json image:g1008_pet_skill_icon_20	30	LessFallHurtImbue_Desc	0	减少跌落伤害
120	2	set:pet_gift_icon.json image:g1008_pet_skill_icon_22	46	ProductionImbue_Desc	0	每隔一段时间获得道具（火焰弹）
121	2	set:pet_gift_icon.json image:g1008_pet_skill_icon_23	46	ProductionImbue_Desc	0	每隔一段时间获得道具（金苹果）
122	2	set:pet_gift_icon.json image:g1008_pet_skill_icon_24	46	ProductionImbue_Desc	0	每隔一段时间获得道具（铁锭）
123	1	set:pet_gift_icon.json image:g1008_pet_skill_icon_25	46	ProductionImbue_Desc	0	每隔一段时间获得道具（羊毛）
124	1	set:pet_gift_icon.json image:g1008_pet_skill_icon_27	44	PickUpRewardImbue_Desc	0	拾取物品时，有X概率获得Y个相同物品，有Cd（铁锭）
125	2	set:pet_gift_icon.json image:g1008_pet_skill_icon_28	44	PickUpRewardImbue_Desc	0	拾取物品时，有X概率获得Y个相同物品，有Cd（绿宝石）
126	2	set:pet_gift_icon.json image:g1008_pet_skill_icon_29	51	ReturnFireBallImbue_Desc	0	使用火焰弹时，有X概率返还1个火焰弹
127	3	set:pet_gift_icon.json image:g1008_pet_skill_icon_30	11	DieNoLoseImbue_Desc	1	前X次死亡不掉落物品
128	1	set:pet_gift_icon.json image:g1008_pet_skill_icon_26	23	InitEggImbue_Desc	0	开局获得特殊龙蛋
129	1	set:pet_gift_icon.json image:g1008_pet_skill_icon_17	35	OnDieCountDownImbue_Desc	0	死亡减复活时间0.25秒
130	1	set:pet_gift_icon.json image:g1008_pet_skill_icon_15	24	InitItemImbue_Desc	0	开局获得物品
131	3	set:pet_gift_icon.json image:g1008_pet_skill_icon_31	27	KnockBackImbue_Desc	0	攻击敌人附加击退效果
132	3	set:pet_gift_icon.json image:g1008_pet_skill_icon_32	75	AngerImbue_Desc	0	愤怒
133	3	set:pet_gift_icon.json image:g1008_pet_skill_icon_33	76	RevengeImbue_Desc	0	复仇
134	3	set:pet_gift_icon.json image:g1008_pet_skill_icon_34	77	护卫	0	护卫
135	3	set:pet_gift_icon.json image:g1008_pet_skill_icon_36	78	Iceleg_Desc	1	老寒腿变脚下冰块
137	3	set:pet_gift_icon.json image:g1008_pet_skill_icon_37	79	#	1	反弹光罩
138	3	set:pet_gift_icon.json image:g1008_pet_skill_icon_38	80	SelfExplosionImbue_Desc	1	自爆
139	3	set:pet_gift_icon.json image:g1008_pet_skill_icon_39	81	#	1	粘土炸弹
140	3	set:pet_gift_icon.json image:g1008_pet_skill_icon_40	82	FireRangeImbue_Desc	1	火环
141	3	set:pet_gift_icon.json image:g1008_pet_skill_icon_41	83	BloodthirstyImbue_Desc	1	嗜血
142	3	set:pet_gift_icon.json image:g1008_pet_skill_icon_06	84	StealthImbue_Desc	1	隐身
143	3	set:pet_gift_icon.json image:g1008_pet_skill_icon_42	85	WaterCannon_Desc	1	水炮
144	3	set:pet_gift_icon.json image:g1008_pet_skill_icon_43	86	RewardSoulstone_Desc	1	结算给精粹
