唯一Id	增益组Id	权重	新效果标识	Unnamed: 1	Unnamed: 2
id	imbueGroupId	weight	isNew		
1001	131	10	0	攻击敌人附加击退效果	3
1002	114	10	0	生命低于50%时，免费触发金苹果	3
1003	104	10	0	可以二段跳	3
1004	105	10	0	使用火焰弹时，额外发射一颗火焰弹	3
1005	106	10	0	每隔X秒都可以进入半透明状态，持续Y秒	3
1006	107	10	0	剑攻击敌人时，宠物有X%概率帮助攻击1下，造成少量伤害	3
1007	108	10	0	发射弓箭时，宠物有X%概率额外发射一支箭，造成少量伤害	3
1008	102	10	0	滑翔伞 	3
1009	127	10	0	前X次死亡不掉落物品	3
1010	126	12	0	使用火焰弹时，有X概率返还1个火焰弹	2
1011	125	12	0	拾取物品时，有X概率获得Y个相同物品，有Cd（绿宝石）	2
1012	109	5	0	道具增伤（火焰弹）	2
1013	110	12	0	道具增伤（伪装地雷）	2
1014	111	12	0	脱战回血	2
1015	113	12	0	金苹果额外护盾	2
1016	120	12	0	每隔一段时间获得道具（火焰弹）	2
1017	121	12	0	每隔一段时间获得道具（金苹果）	2
1018	122	12	0	每隔一段时间获得道具（铁锭）	2
1019	128	13	0	开局获得特殊龙蛋	1
1020	129	13	0	死亡减复活时间0.25秒	1
1021	130	13	0	开局获得物品	1
1022	115	13	0	开局获得护盾	1
1023	116	13	0	在我方床周围10米距离内获得伤害减免	1
1024	117	13	0	复活后的无敌时间增加	1
1025	118	13	0	减少跌落伤害	1
1026	103	13	0	加快挖掘速度	1
1027	101	13	0	检测X范围内最近敌人的距离	1
1028	123	13	0	每隔一段时间获得道具（羊毛）	1
1029	124	13	0	拾取物品时，有X概率获得Y个相同物品，有Cd（铁锭）	1
