宠物Id（CustomShopPet表Id）	增益组	最大等级	图标	名字	描述	不允许重复装备	UI宠物模型缩放	Unnamed: 15	Unnamed: 16
petId	imbueGroupId	maxLv	icon	imbueType	desc	noEquipSame	uiScale		
3060	114	20	set:pet_gift_icon.json image:g1008_pet_skill_icon_14	21	GoldAppleImbue_Desc	1	1	机械女天使	生命低于50%时，免费触发金苹果
3070	105	20	set:pet_gift_icon.json image:g1008_pet_skill_icon_05	17	ExtraFireBallImbue_Desc	1	1	左轮宠物	使用火焰弹时，额外发射一颗火焰弹
3069	113	20	set:pet_gift_icon.json image:g1008_pet_skill_icon_13	22	GoldAppleShieldImbue_Desc	0	0.9	星野爱	金苹果额外护盾
3059	108	20	set:pet_gift_icon.json image:g1008_pet_skill_icon_08	15	ExtraArrowImbue_Desc	0	1	机械鲨鱼	发射弓箭时，宠物有X%概率额外发射一支箭，造成少量伤害
3054	105	20	set:pet_gift_icon.json image:g1008_pet_skill_icon_05	17	ExtraFireBallImbue_Desc	1	1	喷火龙	使用火焰弹时，额外发射一颗火焰弹
3055	127	20	set:pet_gift_icon.json image:g1008_pet_skill_icon_30	11	DieNoLoseImbue_Desc	1	1.8	九尾	前X次死亡不掉落物品
3056	106	20	set:pet_gift_icon.json image:g1008_pet_skill_icon_06	59	TranslucenceImbue_Desc	1	1	仙人	每隔X秒都可以进入半透明状态，持续Y秒
3020	107	20	set:pet_gift_icon.json image:g1008_pet_skill_icon_07	18	ExtraSwordImbue_Desc	0	0.12	黑影	剑攻击敌人时，宠物有X%概率帮助攻击1下，造成少量伤害
3038	104	20	set:pet_gift_icon.json image:g1008_pet_skill_icon_04	13	DoubleJumpImbue_Desc	1	0.8	风暴	可以二段跳
3032	127	20	set:pet_gift_icon.json image:g1008_pet_skill_icon_30	11	DieNoLoseImbue_Desc	1	1.2	瓦尔基里	前X次死亡不掉落物品
3061	109	20	set:pet_gift_icon.json image:g1008_pet_skill_icon_09	47	PropEDImbue_Desc	0	1.1	幽冥狼	道具增伤（火焰弹）
3063	107	20	set:pet_gift_icon.json image:g1008_pet_skill_icon_07	18	ExtraSwordImbue_Desc	0	0.9	恶魔之子	剑攻击敌人时，宠物有X%概率帮助攻击1下，造成少量伤害
3064	131	20	set:pet_gift_icon.json image:g1008_pet_skill_icon_31	27	KnockBackImbue_Desc	0	1	鬼助	攻击敌人附加击退效果
3067	127	20	set:pet_gift_icon.json image:g1008_pet_skill_icon_30	11	DieNoLoseImbue_Desc	1	1	死灵龙	前X次死亡不掉落物品
3057	121	15	set:pet_gift_icon.json image:g1008_pet_skill_icon_23	46	ProductionImbue_Desc	0	0.8	掠食机器龙	每隔一段时间获得道具（金苹果）
3058	106	15	set:pet_gift_icon.json image:g1008_pet_skill_icon_06	59	TranslucenceImbue_Desc	1	0.8	忍狼	每隔X秒都可以进入半透明状态，持续Y秒
3008	105	15	set:pet_gift_icon.json image:g1008_pet_skill_icon_05	17	ExtraFireBallImbue_Desc	1	1.4	宝宝龙	使用火焰弹时，额外发射一颗火焰弹
3050	104	15	set:pet_gift_icon.json image:g1008_pet_skill_icon_04	13	DoubleJumpImbue_Desc	1	0.9	狸奇	可以二段跳
3062	111	15	set:pet_gift_icon.json image:g1008_pet_skill_icon_11	40	OutOfFightHealImbue_Desc	0	1	猫女	脱战回血
3045	108	15	set:pet_gift_icon.json image:g1008_pet_skill_icon_08	15	ExtraArrowImbue_Desc	0	0.6	雷神	发射弓箭时，宠物有X%概率额外发射一支箭，造成少量伤害
3046	114	15	set:pet_gift_icon.json image:g1008_pet_skill_icon_14	21	GoldAppleImbue_Desc	1	1	格里芬	生命低于50%时，免费触发金苹果
3034	102	15	set:pet_gift_icon.json image:g1008_pet_skill_icon_02	41	ParagliderImbue_Desc	0	1.6	像素勇士	滑翔伞 
3024	120	15	set:pet_gift_icon.json image:g1008_pet_skill_icon_22	46	ProductionImbue_Desc	0	0.8	火狐	每隔一段时间获得道具（火焰弹）
3049	120	15	set:pet_gift_icon.json image:g1008_pet_skill_icon_22	46	ProductionImbue_Desc	0	1	机械暴龙	每隔一段时间获得道具（火焰弹）
3033	109	15	set:pet_gift_icon.json image:g1008_pet_skill_icon_09	47	PropEDImbue_Desc	0	1.4	符文恶魔	道具增伤（火焰弹）
3051	116	15	set:pet_gift_icon.json image:g1008_pet_skill_icon_18	4	BedAroundImbue_Desc	1	1	鬼面鹰	在我方床周围10米距离内获得伤害减免
3052	114	15	set:pet_gift_icon.json image:g1008_pet_skill_icon_14	21	GoldAppleImbue_Desc	1	1	影子骑士	生命低于50%时，免费触发金苹果
3053	113	15	set:pet_gift_icon.json image:g1008_pet_skill_icon_13	22	GoldAppleShieldImbue_Desc	0	1	雷神	金苹果额外护盾
3047	115	15	set:pet_gift_icon.json image:g1008_pet_skill_icon_16	25	InitShieldImbue_Desc	0	1.2	吵闹	开局获得护盾
3048	111	15	set:pet_gift_icon.json image:g1008_pet_skill_icon_11	40	OutOfFightHealImbue_Desc	0	1	鳄霸	脱战回血
3039	118	15	set:pet_gift_icon.json image:g1008_pet_skill_icon_20	30	LessFallHurtImbue_Desc	0	0.8	波比	减少跌落伤害
3040	125	15	set:pet_gift_icon.json image:g1008_pet_skill_icon_28	44	PickUpRewardImbue_Desc	0	1	琥珀	拾取物品时，有X概率获得Y个相同物品，有Cd（绿宝石）
3041	102	15	set:pet_gift_icon.json image:g1008_pet_skill_icon_02	41	ParagliderImbue_Desc	0	1	星界勇者	滑翔伞 
3043	129	15	set:pet_gift_icon.json image:g1008_pet_skill_icon_17	35	OnDieCountDownImbue_Desc	0	1	克拉肯	死亡减复活时间0.25秒
3044	113	15	set:pet_gift_icon.json image:g1008_pet_skill_icon_13	22	GoldAppleShieldImbue_Desc	0	0.7	格林团长	金苹果额外护盾
3035	122	15	set:pet_gift_icon.json image:g1008_pet_skill_icon_24	46	ProductionImbue_Desc	0	1.4	BM-XVII	每隔一段时间获得道具（铁锭）
3037	128	15	set:pet_gift_icon.json image:g1008_pet_skill_icon_26	23	InitEggImbue_Desc	0	1.4	南瓜巫师	开局获得特殊龙蛋
3036	110	15	set:pet_gift_icon.json image:g1008_pet_skill_icon_10	47	PropEDImbue_Desc	0	1.4	科学丧尸	道具增伤（伪装地雷）
3023	123	15	set:pet_gift_icon.json image:g1008_pet_skill_icon_25	46	ProductionImbue_Desc	0	0.5	摇滚兔	每隔一段时间获得道具（羊毛）
3019	124	15	set:pet_gift_icon.json image:g1008_pet_skill_icon_27	44	PickUpRewardImbue_Desc	0	1.5	雷龙	拾取物品时，有X概率获得Y个相同物品，有Cd（铁锭）
3016	130	15	set:pet_gift_icon.json image:g1008_pet_skill_icon_15	24	InitItemImbue_Desc	0	1.4	床霸	开局获得物品
3017	126	15	set:pet_gift_icon.json image:g1008_pet_skill_icon_29	51	ReturnFireBallImbue_Desc	0	1.4	恶魔	使用火焰弹时，有X概率返还1个火焰弹
3065	126	15	set:pet_gift_icon.json image:g1008_pet_skill_icon_29	51	ReturnFireBallImbue_Desc	0	1.3	蜘蛛	使用火焰弹时，有X概率返还1个火焰弹
3007	117	15	set:pet_gift_icon.json image:g1008_pet_skill_icon_19	26	InvincibleTimeImbue_Desc	0	1.4	影子人	复活后的无敌时间增加
3001	123	10	set:pet_gift_icon.json image:g1008_pet_skill_icon_25	46	ProductionImbue_Desc	0	1.4	羊咩咩	每隔一段时间获得道具（羊毛）
3002	125	10	set:pet_gift_icon.json image:g1008_pet_skill_icon_28	44	PickUpRewardImbue_Desc	0	1.2	木头人	拾取物品时，有X概率获得Y个相同物品，有Cd（绿宝石）
3003	103	10	set:pet_gift_icon.json image:g1008_pet_skill_icon_03	12	DigSpeedImbue_Desc	0	1.4	石头人	加快挖掘速度
3004	110	10	set:pet_gift_icon.json image:g1008_pet_skill_icon_10	47	PropEDImbue_Desc	0	1.4	曜石守卫	道具增伤（伪装地雷）
3005	130	10	set:pet_gift_icon.json image:g1008_pet_skill_icon_15	24	InitItemImbue_Desc	0	1.4	宝石守卫	开局获得物品
3006	109	10	set:pet_gift_icon.json image:g1008_pet_skill_icon_09	47	PropEDImbue_Desc	0	1.4	烈焰人	道具增伤（火焰弹）
3009	117	10	set:pet_gift_icon.json image:g1008_pet_skill_icon_19	26	InvincibleTimeImbue_Desc	0	1.4	宝石游侠	复活后的无敌时间增加
3010	129	10	set:pet_gift_icon.json image:g1008_pet_skill_icon_17	35	OnDieCountDownImbue_Desc	0	1.4	魔法猫咪	死亡减复活时间0.25秒
3011	122	10	set:pet_gift_icon.json image:g1008_pet_skill_icon_24	46	ProductionImbue_Desc	0	1.4	柯基	每隔一段时间获得道具（铁锭）
3012	118	10	set:pet_gift_icon.json image:g1008_pet_skill_icon_20	30	LessFallHurtImbue_Desc	0	1.4	王牌飞行猪	减少跌落伤害
3013	101	10	set:pet_gift_icon.json image:g1008_pet_skill_icon_01	14	EnemyDistanceImbue_Desc	0	1.4	恐龙猫	检测X范围内最近敌人的距离
3014	126	10	set:pet_gift_icon.json image:g1008_pet_skill_icon_29	51	ReturnFireBallImbue_Desc	0	1.4	炸弹人	使用火焰弹时，有X概率返还1个火焰弹
3015	115	10	set:pet_gift_icon.json image:g1008_pet_skill_icon_16	25	InitShieldImbue_Desc	0	1.4	拳击手	开局获得护盾
3018	128	10	set:pet_gift_icon.json image:g1008_pet_skill_icon_26	23	InitEggImbue_Desc	0	1.6	驯鹿	开局获得特殊龙蛋
3021	124	10	set:pet_gift_icon.json image:g1008_pet_skill_icon_27	44	PickUpRewardImbue_Desc	0	1.8	雪人	拾取物品时，有X概率获得Y个相同物品，有Cd（铁锭）
3022	111	10	set:pet_gift_icon.json image:g1008_pet_skill_icon_11	40	OutOfFightHealImbue_Desc	0	0.5	人鱼公主	脱战回血
3025	113	10	set:pet_gift_icon.json image:g1008_pet_skill_icon_13	22	GoldAppleShieldImbue_Desc	0	2	精灵	金苹果额外护盾
3026	101	10	set:pet_gift_icon.json image:g1008_pet_skill_icon_01	14	EnemyDistanceImbue_Desc	0	0.6	王牌鸵鸟	检测X范围内最近敌人的距离
3027	121	10	set:pet_gift_icon.json image:g1008_pet_skill_icon_23	46	ProductionImbue_Desc	0	1	雷霆领主	每隔一段时间获得道具（金苹果）
3028	124	10	set:pet_gift_icon.json image:g1008_pet_skill_icon_27	44	PickUpRewardImbue_Desc	0	1	烈焰猪	拾取物品时，有X概率获得Y个相同物品，有Cd（铁锭）
3030	116	10	set:pet_gift_icon.json image:g1008_pet_skill_icon_18	4	BedAroundImbue_Desc	1	0.7	独角兽	在我方床周围10米距离内获得伤害减免
3031	103	10	set:pet_gift_icon.json image:g1008_pet_skill_icon_03	12	DigSpeedImbue_Desc	0	0.7	肥牛卷	加快挖掘速度
3071	133	20	set:pet_gift_icon.json image:g1008_pet_skill_icon_33	76	RevengeImbue_Desc	0	0.7	黑崎一护	标记上一个击杀你的凶手，并且增加对其伤害
3072	132	20	set:pet_gift_icon.json image:g1008_pet_skill_icon_32	75	AngerImbue_Desc	0	0.8	魔龙	床破坏前增加防御，床破坏后愤怒加移速和击退
3073	104	20	set:pet_gift_icon.json image:g1008_pet_skill_icon_04	13	DoubleJumpImbue_Desc	1	0.8	大天使	可以二段跳
3074	108	20	set:pet_gift_icon.json image:g1008_pet_skill_icon_08	15	ExtraArrowImbue_Desc	0	1	刺客	发射弓箭时，宠物有X%概率额外发射一支箭，造成少量伤害
3075	135	20	set:pet_gift_icon.json image:g1008_pet_skill_icon_36	78	Iceleg_Desc	0	1	龙狐	冻结脚下方块
3068	138	20	set:pet_gift_icon.json image:g1008_pet_skill_icon_38	80	SelfExplosionImbue_Desc	0	1	火麒麟	死亡时自爆
3076	140	20	set:pet_gift_icon.json image:g1008_pet_skill_icon_40	82	FireRangeImbue_Desc	0	1.2	机械朱迪	攻击时几率触发火环，点燃敌人
3077	102	20	set:pet_gift_icon.json image:g1008_pet_skill_icon_02	41	ParagliderImbue_Desc	0	0.5	梦魇	滑翔伞 
3078	141	20	set:pet_gift_icon.json image:g1008_pet_skill_icon_41	83	BloodthirstyImbue_Desc	0	1.2	吸血鬼	附近有残血敌人时嗜血加速，击杀敌人后回满生命值
3079	140	20	set:pet_gift_icon.json image:g1008_pet_skill_icon_40	82	FireRangeImbue_Desc	0	1.2	三色凤凰	攻击时几率触发火环，点燃敌人
3080	140	20	set:pet_gift_icon.json image:g1008_pet_skill_icon_40	82	FireRangeImbue_Desc	0	1.2	凤凰	攻击时几率触发火环，点燃敌人
3081	135	20	set:pet_gift_icon.json image:g1008_pet_skill_icon_36	78	Iceleg_Desc	0	1	白虎	冻结脚下方块
3082	132	20	set:pet_gift_icon.json image:g1008_pet_skill_icon_32	75	AngerImbue_Desc	0	0.8	年兽	床破坏前增加防御，床破坏后愤怒加移速和击退
3083	131	20	set:pet_gift_icon.json image:g1008_pet_skill_icon_31	27	KnockBackImbue_Desc	0	1	阿弥陀丸	攻击敌人附加击退效果
3084	142	20	set:pet_gift_icon.json image:g1008_pet_skill_icon_06	59	StealthImbue_Desc	1	0.8	刺客	每隔X秒都可以进入半透明状态，持续Y秒
3085	103	20	set:pet_gift_icon.json image:g1008_pet_skill_icon_03	12	DigSpeedImbue_Desc	0	1	闪电猫	加快挖掘速度
3086	143	20	set:pet_gift_icon.json image:g1008_pet_skill_icon_07	85	WaterCannon_Desc	0	1	鲤鱼龙	攻击敌人时，有n%几率发射水炮，造成n%的伤害
3088	144	20	set:pet_gift_icon.json image:g1008_pet_skill_icon_43	86	RewardSoulstone	0	1	骷髅	战斗结束后获得精粹
